booking_id,journey_id,pnr,booking_date,booking_status,number_of_passengers,primary_contact_passenger_id,booking_type
BK000001,J000001,1295525642,2026-09-16,CONFIRMED,4,P000001,FRIENDS
BK000002,J000001,6460391121,2026-09-15,CONFIRMED,2,P000005,FAMILY
BK000003,J000001,7646511731,2026-09-14,CONFIRMED,3,P000007,FAMILY
BK000004,J000001,4546654128,2026-09-13,CONFIRMED,5,P000010,FRIENDS
BK000005,J000001,6691444371,2026-09-12,CONFIRMED,5,P000015,FAMILY
BK000006,J000001,4663010704,2026-09-11,CONFIRMED,1,P000020,INDIVIDUAL
BK000007,J000001,6547888609,2026-09-10,CONFIRMED,2,P000021,FRIENDS
BK000008,J000001,4122229222,2026-09-09,CONFIRMED,4,P000023,FAMILY
BK000009,J000001,7001502291,2026-09-08,CONFIRMED,1,P000027,INDIVIDUAL
BK000010,J000001,6860532541,2026-09-07,CONFIRMED,1,P000028,INDIVIDUAL
BK000011,J000001,5685858294,2026-09-06,CONFIRMED,4,P000029,GROUP
BK000012,J000001,6437759668,2026-09-05,CONFIRMED,6,P000033,FAMILY
BK000013,J000001,8012984710,2026-09-04,CONFIRMED,4,P000039,FRIENDS
BK000014,J000001,1645415289,2026-09-03,CONFIRMED,1,P000043,INDIVIDUAL
BK000015,J000001,1479323227,2026-09-02,CONFIRMED,2,P000044,FRIENDS
BK000016,J000001,7530040470,2026-09-01,CONFIRMED,3,P000046,GROUP
BK000017,J000001,6640431336,2026-08-31,CONFIRMED,6,P000049,GROUP
BK000018,J000001,7077980843,2026-08-30,CONFIRMED,2,P000055,FAMILY
BK000019,J000001,6633897917,2026-08-29,CONFIRMED,3,P000057,FAMILY
BK000020,J000001,6807676296,2026-08-28,CONFIRMED,4,P000060,FAMILY
BK000021,J000001,3732428214,2026-08-27,CONFIRMED,4,P000064,FRIENDS
BK000022,J000001,9126368170,2026-08-26,CONFIRMED,1,P000068,INDIVIDUAL
BK000023,J000001,5842329532,2026-08-25,CONFIRMED,3,P000069,FAMILY
BK000024,J000001,2754261070,2026-08-24,CONFIRMED,4,P000072,FAMILY
BK000025,J000001,3954212961,2026-08-23,CONFIRMED,1,P000076,INDIVIDUAL
BK000026,J000001,2915274001,2026-08-22,CONFIRMED,3,P000077,FRIENDS
BK000027,J000001,5813243869,2026-08-21,CONFIRMED,7,P000080,FAMILY
BK000028,J000001,1512653182,2026-08-20,CONFIRMED,1,P000087,INDIVIDUAL
BK000029,J000001,8975834942,2026-08-19,CONFIRMED,4,P000088,FRIENDS
BK000030,J000001,6771025005,2026-08-18,CONFIRMED,8,P000092,FAMILY
BK000031,J000001,5575216453,2026-08-17,CONFIRMED,4,P000100,GROUP
BK000032,J000001,1456034075,2026-08-16,CONFIRMED,2,P000104,FRIENDS
BK000033,J000001,7406920139,2026-08-15,WAITLISTED,2,P000106,GROUP
BK000034,J000001,9431455196,2026-08-14,CONFIRMED,4,P000108,FAMILY
BK000035,J000001,6602446233,2026-08-13,CONFIRMED,4,P000112,GROUP
BK000036,J000001,1813904199,2026-08-12,CONFIRMED,2,P000116,FRIENDS
BK000037,J000001,4425761603,2026-08-11,CONFIRMED,4,P000118,FRIENDS
BK000038,J000001,9230669630,2026-09-17,CONFIRMED,8,P000122,CAREGIVER_COMPANION
BK000039,J000001,2818022932,2026-09-16,CONFIRMED,1,P000130,INDIVIDUAL
BK000040,J000001,2998338344,2026-09-15,RAC,1,P000131,INDIVIDUAL
BK000041,J000001,6032048885,2026-09-14,CONFIRMED,4,P000132,FRIENDS
BK000042,J000001,8244886163,2026-09-13,CONFIRMED,4,P000136,FAMILY
BK000043,J000001,9417040927,2026-09-12,CONFIRMED,2,P000140,FRIENDS
BK000044,J000001,6126636563,2026-09-11,CONFIRMED,1,P000142,INDIVIDUAL
BK000045,J000001,9502441063,2026-09-10,CONFIRMED,2,P000143,GROUP
BK000046,J000001,8236818166,2026-09-09,CONFIRMED,1,P000145,INDIVIDUAL
BK000047,J000001,2414707630,2026-09-08,CONFIRMED,6,P000146,FRIENDS
BK000048,J000001,5228068668,2026-09-07,CONFIRMED,8,P000152,FAMILY
BK000049,J000001,7495971145,2026-09-06,CONFIRMED,2,P000160,GROUP
BK000050,J000001,9943041889,2026-09-05,CONFIRMED,4,P000162,FAMILY
BK000051,J000001,2854162876,2026-09-04,CONFIRMED,8,P000166,GROUP
BK000052,J000001,4795101024,2026-09-03,CONFIRMED,2,P000174,FRIENDS
BK000053,J000001,8301967073,2026-09-02,CONFIRMED,2,P000176,GROUP
BK000054,J000001,4444540597,2026-09-01,CONFIRMED,1,P000178,INDIVIDUAL
BK000055,J000001,1794380835,2026-08-31,CONFIRMED,1,P000179,INDIVIDUAL
BK000056,J000001,3320816094,2026-08-30,CONFIRMED,5,P000180,FRIENDS
BK000057,J000001,2966292926,2026-08-29,CONFIRMED,5,P000185,CAREGIVER_COMPANION
BK000058,J000001,4442546600,2026-08-28,CONFIRMED,4,P000190,FAMILY
BK000059,J000001,2649829893,2026-08-27,CONFIRMED,4,P000194,GROUP
BK000060,J000001,8072720433,2026-08-26,CONFIRMED,1,P000198,INDIVIDUAL
BK000061,J000001,4427118528,2026-08-25,CONFIRMED,2,P000199,GROUP
BK000062,J000001,8441501843,2026-08-24,CONFIRMED,2,P000201,FAMILY
BK000063,J000001,9105130368,2026-08-23,CONFIRMED,1,P000203,INDIVIDUAL
BK000064,J000001,5231978425,2026-08-22,CONFIRMED,4,P000204,FAMILY
BK000065,J000001,4047991676,2026-08-21,CONFIRMED,2,P000208,GROUP
BK000066,J000001,5221273892,2026-08-20,WAITLISTED,4,P000210,FAMILY
BK000067,J000001,5726385481,2026-08-19,CONFIRMED,5,P000214,FAMILY
BK000068,J000002,9781318471,2026-08-25,CONFIRMED,1,P000219,INDIVIDUAL
BK000069,J000002,9341078220,2026-08-24,CONFIRMED,2,P000220,GROUP
BK000070,J000002,7282246053,2026-08-23,CONFIRMED,4,P000222,FAMILY
BK000071,J000002,3314150555,2026-08-22,CONFIRMED,1,P000226,INDIVIDUAL
BK000072,J000002,6499389156,2026-08-21,CONFIRMED,1,P000227,INDIVIDUAL
BK000073,J000002,6571678636,2026-08-20,CONFIRMED,2,P000228,GROUP
BK000074,J000002,6633073645,2026-08-19,CONFIRMED,2,P000230,FAMILY
BK000075,J000002,1315612137,2026-08-18,CONFIRMED,1,P000232,INDIVIDUAL
BK000076,J000002,4013882667,2026-09-24,CONFIRMED,2,P000233,FRIENDS
BK000077,J000002,3407900839,2026-09-23,CONFIRMED,3,P000235,FAMILY
BK000078,J000002,5858585218,2026-09-22,CONFIRMED,2,P000238,FAMILY
BK000079,J000002,4448998946,2026-09-21,CONFIRMED,5,P000240,FAMILY
BK000080,J000002,7528385015,2026-09-20,RAC,2,P000245,FRIENDS
BK000081,J000002,6196559918,2026-09-19,CONFIRMED,2,P000247,GROUP
BK000082,J000002,7418230218,2026-09-18,CONFIRMED,1,P000249,INDIVIDUAL
BK000083,J000002,3005763531,2026-09-17,CONFIRMED,1,P000250,INDIVIDUAL
BK000084,J000002,6751109830,2026-09-16,CONFIRMED,6,P000251,FAMILY
BK000085,J000002,3904261317,2026-09-15,CONFIRMED,1,P000257,INDIVIDUAL
BK000086,J000002,9341042825,2026-09-14,CONFIRMED,2,P000258,FAMILY
BK000087,J000002,2744125425,2026-09-13,CONFIRMED,4,P000260,GROUP
BK000088,J000002,7272575465,2026-09-12,CONFIRMED,6,P000264,FAMILY
BK000089,J000002,2206877869,2026-09-11,CONFIRMED,2,P000270,GROUP
BK000090,J000002,2763922589,2026-09-10,CONFIRMED,3,P000272,FRIENDS
BK000091,J000002,1564480636,2026-09-09,CONFIRMED,1,P000275,INDIVIDUAL
BK000092,J000002,2591099655,2026-09-08,CONFIRMED,2,P000276,FRIENDS
BK000093,J000002,5238030924,2026-09-07,CONFIRMED,2,P000278,GROUP
BK000094,J000002,2665148081,2026-09-06,CONFIRMED,2,P000280,FAMILY
BK000095,J000002,9819927219,2026-09-05,CONFIRMED,4,P000282,CAREGIVER_COMPANION
BK000096,J000002,7180915324,2026-09-04,CONFIRMED,1,P000286,INDIVIDUAL
BK000097,J000002,1258209464,2026-09-03,CONFIRMED,3,P000287,FAMILY
BK000098,J000002,5368728435,2026-09-02,CONFIRMED,4,P000290,FAMILY
BK000099,J000002,7686677321,2026-09-01,WAITLISTED,4,P000294,GROUP
BK000100,J000002,2965970972,2026-08-31,CANCELLED,5,P000298,FRIENDS
BK000101,J000002,6463411282,2026-08-30,CONFIRMED,3,P000303,FAMILY
BK000102,J000002,4692238662,2026-08-29,CONFIRMED,5,P000306,GROUP
BK000103,J000002,6630108695,2026-08-28,CONFIRMED,2,P000311,FRIENDS
BK000104,J000002,3038861680,2026-08-27,CONFIRMED,1,P000313,INDIVIDUAL
BK000105,J000002,4104970874,2026-08-26,CONFIRMED,1,P000314,INDIVIDUAL
BK000106,J000002,3528687612,2026-08-25,CONFIRMED,4,P000315,FAMILY
BK000107,J000002,2247756207,2026-08-24,CONFIRMED,2,P000319,FRIENDS
BK000108,J000002,8867927456,2026-08-23,CONFIRMED,4,P000321,FAMILY
BK000109,J000002,8565351095,2026-08-22,CONFIRMED,4,P000325,FRIENDS
BK000110,J000002,1287373605,2026-08-21,CONFIRMED,4,P000329,FAMILY
BK000111,J000002,8936635170,2026-08-20,CONFIRMED,2,P000333,FRIENDS
BK000112,J000002,2988904852,2026-08-19,CONFIRMED,2,P000335,FRIENDS
BK000113,J000002,3176657586,2026-08-18,CONFIRMED,4,P000337,FRIENDS
BK000114,J000002,4377161771,2026-09-24,CONFIRMED,1,P000341,INDIVIDUAL
BK000115,J000002,9716742589,2026-09-23,CONFIRMED,1,P000342,INDIVIDUAL
BK000116,J000002,4366007456,2026-09-22,CONFIRMED,4,P000343,FAMILY
BK000117,J000002,8986070858,2026-09-21,CONFIRMED,1,P000347,INDIVIDUAL
BK000118,J000002,8944021081,2026-09-20,CONFIRMED,2,P000348,FAMILY
BK000119,J000002,2621019933,2026-09-19,CONFIRMED,6,P000350,FRIENDS
BK000120,J000002,6485072341,2026-09-18,RAC,3,P000356,GROUP
BK000121,J000002,2875270094,2026-09-17,CONFIRMED,3,P000359,FAMILY
BK000122,J000002,9985108214,2026-09-16,CONFIRMED,2,P000362,FAMILY
BK000123,J000002,7690497972,2026-09-15,CONFIRMED,6,P000364,FRIENDS
BK000124,J000002,3401428433,2026-09-14,CONFIRMED,3,P000370,GROUP
BK000125,J000002,8692772764,2026-09-13,CONFIRMED,4,P000373,FRIENDS
BK000126,J000002,4144138373,2026-09-12,CONFIRMED,4,P000377,FAMILY
BK000127,J000002,8730941397,2026-09-11,CONFIRMED,2,P000381,FRIENDS
BK000128,J000002,9950195623,2026-09-10,CONFIRMED,2,P000383,FRIENDS
BK000129,J000002,3278188744,2026-09-09,CONFIRMED,6,P000385,GROUP
BK000130,J000002,2125693383,2026-09-08,CONFIRMED,3,P000391,FRIENDS
BK000131,J000002,4898042469,2026-09-07,CONFIRMED,2,P000394,FRIENDS
BK000132,J000002,8288608725,2026-09-06,WAITLISTED,1,P000396,INDIVIDUAL
BK000133,J000002,7031685120,2026-09-05,CONFIRMED,8,P000397,CAREGIVER_COMPANION
BK000134,J000002,1800364839,2026-09-04,CONFIRMED,4,P000405,FAMILY
BK000135,J000003,7658323252,2026-09-10,CONFIRMED,4,P000409,GROUP
BK000136,J000003,4234512132,2026-09-09,CONFIRMED,2,P000413,FRIENDS
BK000137,J000003,4697735028,2026-09-08,CONFIRMED,2,P000415,GROUP
BK000138,J000003,6711474284,2026-09-07,CONFIRMED,2,P000417,FAMILY
BK000139,J000003,2611666860,2026-09-06,CONFIRMED,1,P000419,INDIVIDUAL
BK000140,J000003,2929608081,2026-09-05,CONFIRMED,4,P000420,FAMILY
BK000141,J000003,4386735301,2026-09-04,CONFIRMED,1,P000424,INDIVIDUAL
BK000142,J000003,1491387589,2026-09-03,CONFIRMED,2,P000425,FAMILY
BK000143,J000003,8839555759,2026-09-02,CONFIRMED,2,P000427,FRIENDS
BK000144,J000003,5490825635,2026-09-01,CONFIRMED,1,P000429,INDIVIDUAL
BK000145,J000003,7466526253,2026-08-31,CONFIRMED,1,P000430,INDIVIDUAL
BK000146,J000003,1100735396,2026-08-30,CONFIRMED,4,P000431,FAMILY
BK000147,J000003,6220330203,2026-08-29,CONFIRMED,1,P000435,INDIVIDUAL
BK000148,J000003,9682185359,2026-08-28,CONFIRMED,4,P000436,FAMILY
BK000149,J000003,1169277777,2026-08-27,CONFIRMED,2,P000440,GROUP
BK000150,J000003,1713244094,2026-08-26,CONFIRMED,6,P000442,FAMILY
BK000151,J000003,6570396566,2026-08-25,CONFIRMED,6,P000448,FRIENDS
BK000152,J000003,4995646863,2026-10-01,CONFIRMED,6,P000454,CAREGIVER_COMPANION
BK000153,J000003,7923603247,2026-09-30,CONFIRMED,1,P000460,INDIVIDUAL
BK000154,J000003,3054820664,2026-09-29,CONFIRMED,6,P000461,FAMILY
BK000155,J000003,3019617212,2026-09-28,CONFIRMED,2,P000467,FRIENDS
BK000156,J000003,1854244258,2026-09-27,CONFIRMED,4,P000469,FAMILY
BK000157,J000003,8215613165,2026-09-26,CONFIRMED,8,P000473,FRIENDS
BK000158,J000003,4624069393,2026-09-25,CONFIRMED,3,P000481,FRIENDS
BK000159,J000003,6594473217,2026-09-24,CONFIRMED,2,P000484,FRIENDS
BK000160,J000003,7031325469,2026-09-23,RAC,4,P000486,FAMILY
BK000161,J000003,4632408164,2026-09-22,CONFIRMED,5,P000490,FAMILY
BK000162,J000003,7902635738,2026-09-21,CONFIRMED,8,P000495,FAMILY
BK000163,J000003,5713436111,2026-09-20,CONFIRMED,3,P000503,FAMILY
BK000164,J000003,8828916565,2026-09-19,CONFIRMED,4,P000506,FAMILY
BK000165,J000003,4844682662,2026-09-18,WAITLISTED,2,P000510,GROUP
BK000166,J000003,3577078405,2026-09-17,CONFIRMED,2,P000512,FAMILY
BK000167,J000003,1883835050,2026-09-16,CONFIRMED,2,P000514,FRIENDS
BK000168,J000003,5675010379,2026-09-15,CONFIRMED,4,P000516,FAMILY
BK000169,J000003,3215038594,2026-09-14,CONFIRMED,3,P000520,FAMILY
BK000170,J000003,3317037986,2026-09-13,CONFIRMED,1,P000523,INDIVIDUAL
BK000171,J000003,3040412783,2026-09-12,CONFIRMED,2,P000524,FRIENDS
BK000172,J000003,4745417943,2026-09-11,CONFIRMED,3,P000526,GROUP
BK000173,J000003,3202673845,2026-09-10,CONFIRMED,2,P000529,GROUP
BK000174,J000003,1316913085,2026-09-09,CONFIRMED,8,P000531,FAMILY
BK000175,J000003,3136216861,2026-09-08,CONFIRMED,5,P000539,FAMILY
BK000176,J000003,6680859771,2026-09-07,CONFIRMED,4,P000544,FAMILY
BK000177,J000003,5290753359,2026-09-06,CONFIRMED,2,P000548,GROUP
BK000178,J000003,9042620472,2026-09-05,CONFIRMED,1,P000550,INDIVIDUAL
BK000179,J000003,5393341179,2026-09-04,CONFIRMED,5,P000551,FAMILY
BK000180,J000003,8920883488,2026-09-03,CONFIRMED,2,P000556,FRIENDS
BK000181,J000003,6963121985,2026-09-02,CONFIRMED,2,P000558,GROUP
BK000182,J000003,3249991369,2026-09-01,CONFIRMED,1,P000560,INDIVIDUAL
BK000183,J000003,8056620487,2026-08-31,CONFIRMED,8,P000561,GROUP
BK000184,J000003,9018671789,2026-08-30,CONFIRMED,3,P000569,GROUP
BK000185,J000003,2290778361,2026-08-29,CONFIRMED,2,P000572,GROUP
BK000186,J000003,6646688317,2026-08-28,CONFIRMED,1,P000574,INDIVIDUAL
BK000187,J000003,6189294695,2026-08-27,CONFIRMED,1,P000575,INDIVIDUAL
BK000188,J000003,9989217163,2026-08-26,CONFIRMED,1,P000576,INDIVIDUAL
BK000189,J000003,7936423295,2026-08-25,CONFIRMED,1,P000577,INDIVIDUAL
BK000190,J000003,3721790870,2026-10-01,CONFIRMED,1,P000578,INDIVIDUAL
BK000191,J000003,6933939499,2026-09-30,CONFIRMED,3,P000579,FAMILY
BK000192,J000003,2418838270,2026-09-29,CONFIRMED,1,P000582,INDIVIDUAL
BK000193,J000003,4251321191,2026-09-28,CONFIRMED,2,P000583,GROUP
BK000194,J000003,8090174632,2026-09-27,CONFIRMED,4,P000585,FAMILY
BK000195,J000003,9159425480,2026-09-26,CONFIRMED,4,P000589,GROUP
BK000196,J000003,2404391832,2026-09-25,CONFIRMED,3,P000593,GROUP
BK000197,J000003,4181446055,2026-09-24,CONFIRMED,4,P000596,FRIENDS
BK000198,J000003,6001061745,2026-09-23,WAITLISTED,6,P000600,FAMILY
BK000199,J000003,2345649582,2026-09-22,CONFIRMED,2,P000606,FRIENDS
BK000200,J000003,9893889398,2026-09-21,CANCELLED,1,P000608,INDIVIDUAL
BK000201,J000003,8643951009,2026-09-20,CONFIRMED,2,P000609,GROUP
BK000202,J000004,3424126461,2026-09-26,CONFIRMED,4,P000611,FAMILY
BK000203,J000004,1882030871,2026-09-25,CONFIRMED,1,P000615,INDIVIDUAL
BK000204,J000004,5321939077,2026-09-24,CONFIRMED,4,P000616,FAMILY
BK000205,J000004,1138598673,2026-09-23,CONFIRMED,6,P000620,GROUP
BK000206,J000004,2156291236,2026-09-22,CONFIRMED,2,P000626,FAMILY
BK000207,J000004,9179119603,2026-09-21,CONFIRMED,1,P000628,INDIVIDUAL
BK000208,J000004,4888508325,2026-09-20,CONFIRMED,2,P000629,FRIENDS
BK000209,J000004,3403564140,2026-09-19,CONFIRMED,4,P000631,CAREGIVER_COMPANION
BK000210,J000004,6286570466,2026-09-18,CONFIRMED,1,P000635,INDIVIDUAL
BK000211,J000004,3074197736,2026-09-17,CONFIRMED,6,P000636,FRIENDS
BK000212,J000004,2555462694,2026-09-16,CONFIRMED,3,P000642,GROUP
BK000213,J000004,3440152161,2026-09-15,CONFIRMED,4,P000645,FRIENDS
BK000214,J000004,2905965121,2026-09-14,CONFIRMED,4,P000649,FAMILY
BK000215,J000004,7922307832,2026-09-13,CONFIRMED,3,P000653,FAMILY
BK000216,J000004,7617883178,2026-09-12,CONFIRMED,5,P000656,FRIENDS
BK000217,J000004,6316831490,2026-09-11,CONFIRMED,8,P000661,FRIENDS
BK000218,J000004,8140218051,2026-09-10,CONFIRMED,2,P000669,FAMILY
BK000219,J000004,6450132451,2026-09-09,CONFIRMED,4,P000671,GROUP
BK000220,J000004,7072659674,2026-09-08,CONFIRMED,1,P000675,INDIVIDUAL
BK000221,J000004,5898862278,2026-09-07,CONFIRMED,4,P000676,FRIENDS
BK000222,J000004,9821275545,2026-09-06,CONFIRMED,6,P000680,FAMILY
BK000223,J000004,7303620475,2026-09-05,CONFIRMED,6,P000686,FRIENDS
BK000224,J000004,3241012851,2026-09-04,CONFIRMED,4,P000692,FAMILY
BK000225,J000004,5838537076,2026-09-03,CONFIRMED,2,P000696,GROUP
BK000226,J000004,5113660890,2026-09-02,CONFIRMED,4,P000698,FAMILY
BK000227,J000004,1564593633,2026-09-01,CONFIRMED,1,P000702,INDIVIDUAL
BK000228,J000004,7915159012,2026-10-08,CONFIRMED,1,P000703,INDIVIDUAL
BK000229,J000004,9173620012,2026-10-07,CONFIRMED,5,P000704,FAMILY
BK000230,J000004,9378394815,2026-10-06,CONFIRMED,8,P000709,FAMILY
BK000231,J000004,2164297362,2026-10-05,WAITLISTED,2,P000717,FRIENDS
BK000232,J000004,3847925644,2026-10-04,CONFIRMED,3,P000719,GROUP
BK000233,J000004,6135616369,2026-10-03,CONFIRMED,3,P000722,FAMILY
BK000234,J000004,6969454225,2026-10-02,CONFIRMED,2,P000725,FAMILY
BK000235,J000004,5757369438,2026-10-01,CONFIRMED,8,P000727,GROUP
BK000236,J000004,7877406347,2026-09-30,CONFIRMED,2,P000735,FRIENDS
BK000237,J000004,6167535666,2026-09-29,CONFIRMED,1,P000737,INDIVIDUAL
BK000238,J000004,4821076337,2026-09-28,CONFIRMED,1,P000738,INDIVIDUAL
BK000239,J000004,7778278526,2026-09-27,CONFIRMED,4,P000739,GROUP
BK000240,J000004,4462110790,2026-09-26,RAC,2,P000743,FRIENDS
BK000241,J000004,2190175079,2026-09-25,CONFIRMED,2,P000745,GROUP
BK000242,J000004,9094248903,2026-09-24,CONFIRMED,2,P000747,FAMILY
BK000243,J000004,2988309629,2026-09-23,CONFIRMED,4,P000749,GROUP
BK000244,J000004,8071320817,2026-09-22,CONFIRMED,3,P000753,GROUP
BK000245,J000004,7018883155,2026-09-21,CONFIRMED,7,P000756,FAMILY
BK000246,J000004,1902137300,2026-09-20,CONFIRMED,3,P000763,FRIENDS
BK000247,J000004,1601806457,2026-09-19,CONFIRMED,2,P000766,FRIENDS
BK000248,J000004,9069026440,2026-09-18,CONFIRMED,2,P000768,FRIENDS
BK000249,J000004,7784895247,2026-09-17,CONFIRMED,5,P000770,FAMILY
BK000250,J000004,8051464813,2026-09-16,CONFIRMED,5,P000775,GROUP
BK000251,J000004,3649314224,2026-09-15,CONFIRMED,1,P000780,INDIVIDUAL
BK000252,J000004,1189600823,2026-09-14,CONFIRMED,1,P000781,INDIVIDUAL
BK000253,J000004,3467569991,2026-09-13,CONFIRMED,2,P000782,GROUP
BK000254,J000004,1970769389,2026-09-12,CONFIRMED,2,P000784,FAMILY
BK000255,J000004,7227133499,2026-09-11,CONFIRMED,2,P000786,FRIENDS
BK000256,J000004,8655354815,2026-09-10,CONFIRMED,1,P000788,INDIVIDUAL
BK000257,J000004,9899139416,2026-09-09,CONFIRMED,3,P000789,FAMILY
BK000258,J000004,9928786472,2026-09-08,CONFIRMED,1,P000792,INDIVIDUAL
BK000259,J000004,5026424278,2026-09-07,CONFIRMED,1,P000793,INDIVIDUAL
BK000260,J000004,7313174134,2026-09-06,CONFIRMED,4,P000794,FAMILY
BK000261,J000004,4165355497,2026-09-05,CONFIRMED,4,P000798,FRIENDS
BK000262,J000004,8731622263,2026-09-04,CONFIRMED,2,P000802,FAMILY
BK000263,J000004,5409283844,2026-09-03,CONFIRMED,4,P000804,GROUP
BK000264,J000004,3985089335,2026-09-02,WAITLISTED,2,P000808,FRIENDS
BK000265,J000004,8165346515,2026-09-01,CONFIRMED,2,P000810,GROUP
BK000266,J000004,1783111808,2026-10-08,CONFIRMED,4,P000812,CAREGIVER_COMPANION
BK000267,J000004,9160686593,2026-10-07,CONFIRMED,6,P000816,FRIENDS
BK000268,J000004,2109271335,2026-10-06,CONFIRMED,1,P000822,INDIVIDUAL
BK000269,J000005,4920361989,2026-10-12,CONFIRMED,1,P000823,INDIVIDUAL
BK000270,J000005,6852377325,2026-10-11,CONFIRMED,1,P000824,INDIVIDUAL
BK000271,J000005,8014437742,2026-10-10,CONFIRMED,4,P000825,GROUP
BK000272,J000005,7402102277,2026-10-09,CONFIRMED,5,P000829,FRIENDS
BK000273,J000005,9898549421,2026-10-08,CONFIRMED,4,P000834,FRIENDS
BK000274,J000005,3378064271,2026-10-07,CONFIRMED,1,P000838,INDIVIDUAL
BK000275,J000005,9118352328,2026-10-06,CONFIRMED,1,P000839,INDIVIDUAL
BK000276,J000005,6844530770,2026-10-05,CONFIRMED,1,P000840,INDIVIDUAL
BK000277,J000005,4585764468,2026-10-04,CONFIRMED,3,P000841,FAMILY
BK000278,J000005,4021256680,2026-10-03,CONFIRMED,4,P000844,FAMILY
BK000279,J000005,3193249448,2026-10-02,CONFIRMED,1,P000848,INDIVIDUAL
BK000280,J000005,2924626085,2026-10-01,RAC,3,P000849,GROUP
BK000281,J000005,4343856867,2026-09-30,CONFIRMED,1,P000852,INDIVIDUAL
BK000282,J000005,2952466241,2026-09-29,CONFIRMED,1,P000853,INDIVIDUAL
BK000283,J000005,9113945795,2026-09-28,CONFIRMED,4,P000854,GROUP
BK000284,J000005,9711380994,2026-09-27,CONFIRMED,4,P000858,FAMILY
BK000285,J000005,9192977802,2026-09-26,CONFIRMED,1,P000862,INDIVIDUAL
BK000286,J000005,1462091028,2026-09-25,CONFIRMED,3,P000863,FRIENDS
BK000287,J000005,4226280048,2026-09-24,CONFIRMED,8,P000866,GROUP
BK000288,J000005,5268672018,2026-09-23,CONFIRMED,2,P000874,FRIENDS
BK000289,J000005,7494646867,2026-09-22,CONFIRMED,1,P000876,INDIVIDUAL
BK000290,J000005,8682278796,2026-09-21,CONFIRMED,1,P000877,INDIVIDUAL
BK000291,J000005,3071299871,2026-09-20,CONFIRMED,8,P000878,GROUP
BK000292,J000005,2818807176,2026-09-19,CONFIRMED,4,P000886,FAMILY
BK000293,J000005,6400272100,2026-09-18,CONFIRMED,1,P000890,INDIVIDUAL
BK000294,J000005,1685759974,2026-09-17,CONFIRMED,2,P000891,FAMILY
BK000295,J000005,4696673321,2026-09-16,CONFIRMED,4,P000893,GROUP
BK000296,J000005,3856438209,2026-09-15,CONFIRMED,1,P000897,INDIVIDUAL
BK000297,J000005,4405459179,2026-09-14,WAITLISTED,3,P000898,FAMILY
BK000298,J000005,8242920297,2026-09-13,CONFIRMED,4,P000901,FAMILY
BK000299,J000005,3977880366,2026-09-12,CONFIRMED,4,P000905,GROUP
BK000300,J000005,5643273861,2026-09-11,CANCELLED,3,P000909,GROUP
BK000301,J000005,7506038842,2026-09-10,CONFIRMED,3,P000912,FAMILY
BK000302,J000005,3824263838,2026-09-09,CONFIRMED,1,P000915,INDIVIDUAL
BK000303,J000005,9507999360,2026-09-08,CONFIRMED,2,P000916,FRIENDS
BK000304,J000005,6416729810,2026-10-15,CONFIRMED,1,P000918,INDIVIDUAL
BK000305,J000005,2741818823,2026-10-14,CONFIRMED,6,P000919,GROUP
BK000306,J000005,9972375703,2026-10-13,CONFIRMED,1,P000925,INDIVIDUAL
BK000307,J000005,4765495595,2026-10-12,CONFIRMED,3,P000926,FAMILY
BK000308,J000005,5329408673,2026-10-11,CONFIRMED,5,P000929,FRIENDS
BK000309,J000005,5911456243,2026-10-10,CONFIRMED,4,P000934,FRIENDS
BK000310,J000005,7129811904,2026-10-09,CONFIRMED,4,P000938,FAMILY
BK000311,J000005,2492647851,2026-10-08,CONFIRMED,1,P000942,INDIVIDUAL
BK000312,J000005,3751848568,2026-10-07,CONFIRMED,1,P000943,INDIVIDUAL
BK000313,J000005,7350464955,2026-10-06,CONFIRMED,3,P000944,FAMILY
BK000314,J000005,5592540489,2026-10-05,CONFIRMED,2,P000947,FAMILY
BK000315,J000005,1442628522,2026-10-04,CONFIRMED,3,P000949,FAMILY
BK000316,J000005,6082725075,2026-10-03,CONFIRMED,2,P000952,FRIENDS
BK000317,J000005,5335007812,2026-10-02,CONFIRMED,2,P000954,GROUP
BK000318,J000005,5033596036,2026-10-01,CONFIRMED,1,P000956,INDIVIDUAL
BK000319,J000005,4421981440,2026-09-30,CONFIRMED,4,P000957,GROUP
BK000320,J000005,2954380045,2026-09-29,RAC,1,P000961,INDIVIDUAL
BK000321,J000005,5245599552,2026-09-28,CONFIRMED,2,P000962,GROUP
BK000322,J000005,7492728025,2026-09-27,CONFIRMED,1,P000964,INDIVIDUAL
BK000323,J000005,5445251172,2026-09-26,CONFIRMED,1,P000965,INDIVIDUAL
BK000324,J000005,5167486359,2026-09-25,CONFIRMED,3,P000966,GROUP
BK000325,J000005,1100570855,2026-09-24,CONFIRMED,1,P000969,INDIVIDUAL
BK000326,J000005,1063359253,2026-09-23,CONFIRMED,1,P000970,INDIVIDUAL
BK000327,J000005,1046632113,2026-09-22,CONFIRMED,4,P000971,GROUP
BK000328,J000005,2038854426,2026-09-21,CONFIRMED,1,P000975,INDIVIDUAL
BK000329,J000005,5822692822,2026-09-20,CONFIRMED,3,P000976,FAMILY
BK000330,J000005,3526785455,2026-09-19,WAITLISTED,2,P000979,FAMILY
BK000331,J000005,4690765911,2026-09-18,CONFIRMED,4,P000981,GROUP
BK000332,J000005,1066991251,2026-09-17,CONFIRMED,4,P000985,FAMILY
BK000333,J000005,6612285316,2026-09-16,CONFIRMED,2,P000989,GROUP
BK000334,J000005,7885293724,2026-09-15,CONFIRMED,6,P000991,FAMILY
BK000335,J000005,9564730641,2026-09-14,CONFIRMED,2,P000997,FRIENDS
BK000336,J000006,4751617810,2026-09-20,CONFIRMED,2,P000999,FRIENDS
BK000337,J000006,1230278929,2026-09-19,CONFIRMED,2,P001001,GROUP
BK000338,J000006,2242292787,2026-09-18,CONFIRMED,5,P001003,GROUP
BK000339,J000006,9538734764,2026-09-17,CONFIRMED,4,P001008,GROUP
BK000340,J000006,5847838862,2026-09-16,CONFIRMED,1,P001012,INDIVIDUAL
BK000341,J000006,2816084019,2026-09-15,CONFIRMED,2,P001013,GROUP
BK000342,J000006,4683657096,2026-10-22,CONFIRMED,3,P001015,FRIENDS
BK000343,J000006,2873811239,2026-10-21,CONFIRMED,4,P001018,GROUP
BK000344,J000006,5493706625,2026-10-20,CONFIRMED,3,P001022,GROUP
BK000345,J000006,4245470198,2026-10-19,CONFIRMED,2,P001025,GROUP
BK000346,J000006,5620978653,2026-10-18,CONFIRMED,1,P001027,INDIVIDUAL
BK000347,J000006,7681258855,2026-10-17,CONFIRMED,1,P001028,INDIVIDUAL
BK000348,J000006,9331492885,2026-10-16,CONFIRMED,2,P001029,FRIENDS
BK000349,J000006,1428150790,2026-10-15,CONFIRMED,2,P001031,GROUP
BK000350,J000006,3459811772,2026-10-14,CONFIRMED,2,P001033,FAMILY
BK000351,J000006,4298724409,2026-10-13,CONFIRMED,3,P001035,FAMILY
BK000352,J000006,3163194229,2026-10-12,CONFIRMED,2,P001038,FRIENDS
BK000353,J000006,4711316790,2026-10-11,CONFIRMED,7,P001040,FAMILY
BK000354,J000006,4539737661,2026-10-10,CONFIRMED,1,P001047,INDIVIDUAL
BK000355,J000006,9168784395,2026-10-09,CONFIRMED,3,P001048,FAMILY
BK000356,J000006,8003128348,2026-10-08,CONFIRMED,2,P001051,FRIENDS
BK000357,J000006,8192249049,2026-10-07,CONFIRMED,4,P001053,FRIENDS
BK000358,J000006,6117219474,2026-10-06,CONFIRMED,3,P001057,FRIENDS
BK000359,J000006,4154664113,2026-10-05,CONFIRMED,1,P001060,INDIVIDUAL
BK000360,J000006,5710752989,2026-10-04,RAC,3,P001061,GROUP
BK000361,J000006,4093608977,2026-10-03,CONFIRMED,1,P001064,INDIVIDUAL
BK000362,J000006,7995832293,2026-10-02,CONFIRMED,1,P001065,INDIVIDUAL
BK000363,J000006,8341708019,2026-10-01,WAITLISTED,1,P001066,INDIVIDUAL
BK000364,J000006,5594070834,2026-09-30,CONFIRMED,3,P001067,GROUP
BK000365,J000006,8263292995,2026-09-29,CONFIRMED,4,P001070,FRIENDS
BK000366,J000006,2520560955,2026-09-28,CONFIRMED,1,P001074,INDIVIDUAL
BK000367,J000006,7716559856,2026-09-27,CONFIRMED,4,P001075,GROUP
BK000368,J000006,9234680291,2026-09-26,CONFIRMED,1,P001079,INDIVIDUAL
BK000369,J000006,6492858371,2026-09-25,CONFIRMED,2,P001080,GROUP
BK000370,J000006,7169148226,2026-09-24,CONFIRMED,4,P001082,FAMILY
BK000371,J000006,1420244060,2026-09-23,CONFIRMED,3,P001086,FAMILY
BK000372,J000006,3576140644,2026-09-22,CONFIRMED,2,P001089,FRIENDS
BK000373,J000006,5160249560,2026-09-21,CONFIRMED,1,P001091,INDIVIDUAL
BK000374,J000006,2601304447,2026-09-20,CONFIRMED,1,P001092,INDIVIDUAL
BK000375,J000006,9904529060,2026-09-19,CONFIRMED,1,P001093,INDIVIDUAL
BK000376,J000006,5592849404,2026-09-18,CONFIRMED,2,P001094,FRIENDS
BK000377,J000006,7749013285,2026-09-17,CONFIRMED,1,P001096,INDIVIDUAL
BK000378,J000006,4732846728,2026-09-16,CONFIRMED,2,P001097,FAMILY
BK000379,J000006,3277879198,2026-09-15,CONFIRMED,7,P001099,FAMILY
BK000380,J000006,3976904103,2026-10-22,CONFIRMED,6,P001106,CAREGIVER_COMPANION
BK000381,J000006,1194893475,2026-10-21,CONFIRMED,4,P001112,FRIENDS
BK000382,J000006,6423595384,2026-10-20,CONFIRMED,2,P001116,FAMILY
BK000383,J000006,3622813416,2026-10-19,CONFIRMED,3,P001118,FAMILY
BK000384,J000006,9718348204,2026-10-18,CONFIRMED,3,P001121,GROUP
BK000385,J000006,8965170071,2026-10-17,CONFIRMED,1,P001124,INDIVIDUAL
BK000386,J000006,2913889444,2026-10-16,CONFIRMED,1,P001125,INDIVIDUAL
BK000387,J000006,3270100053,2026-10-15,CONFIRMED,3,P001126,FAMILY
BK000388,J000006,5625675396,2026-10-14,CONFIRMED,5,P001129,FRIENDS
BK000389,J000006,6586076968,2026-10-13,CONFIRMED,2,P001134,GROUP
BK000390,J000006,3161957904,2026-10-12,CONFIRMED,3,P001136,FRIENDS
BK000391,J000006,7734028203,2026-10-11,CONFIRMED,1,P001139,INDIVIDUAL
BK000392,J000006,9686000119,2026-10-10,CONFIRMED,2,P001140,FRIENDS
BK000393,J000006,5889506408,2026-10-09,CONFIRMED,1,P001142,INDIVIDUAL
BK000394,J000006,9431931961,2026-10-08,CONFIRMED,3,P001143,FRIENDS
BK000395,J000006,8085207822,2026-10-07,CONFIRMED,4,P001146,GROUP
BK000396,J000006,9545795846,2026-10-06,WAITLISTED,4,P001150,FAMILY
BK000397,J000006,3409928682,2026-10-05,CONFIRMED,4,P001154,FRIENDS
BK000398,J000006,2392638548,2026-10-04,CONFIRMED,2,P001158,FAMILY
BK000399,J000006,5420525141,2026-10-03,CONFIRMED,4,P001160,CAREGIVER_COMPANION
BK000400,J000006,1568059571,2026-10-02,CANCELLED,1,P001164,INDIVIDUAL
BK000401,J000006,9909984797,2026-10-01,CONFIRMED,4,P001165,FRIENDS
BK000402,J000006,4766085749,2026-09-30,CONFIRMED,2,P001169,FAMILY
BK000403,J000007,6525063805,2026-08-26,CONFIRMED,1,P001171,INDIVIDUAL
BK000404,J000007,7004143787,2026-08-25,CONFIRMED,6,P001172,FAMILY
BK000405,J000007,2097723525,2026-08-24,CONFIRMED,4,P001178,FRIENDS
BK000406,J000007,1523722678,2026-08-23,CONFIRMED,3,P001182,FRIENDS
BK000407,J000007,7048143943,2026-08-22,CONFIRMED,4,P001185,GROUP
BK000408,J000007,5680555227,2026-08-21,CONFIRMED,4,P001189,FAMILY
BK000409,J000007,3680831236,2026-08-20,CONFIRMED,1,P001193,INDIVIDUAL
BK000410,J000007,9117104139,2026-08-19,CONFIRMED,4,P001194,FAMILY
BK000411,J000007,1011191729,2026-08-18,CONFIRMED,4,P001198,GROUP
BK000412,J000007,5989789605,2026-08-17,CONFIRMED,3,P001202,GROUP
BK000413,J000007,4773623101,2026-08-16,CONFIRMED,3,P001205,FAMILY
BK000414,J000007,4695571505,2026-08-15,CONFIRMED,4,P001208,FAMILY
BK000415,J000007,3665366933,2026-08-14,CONFIRMED,4,P001212,GROUP
BK000416,J000007,3308931281,2026-08-13,CONFIRMED,1,P001216,INDIVIDUAL
BK000417,J000007,6475493707,2026-08-12,CONFIRMED,2,P001217,GROUP
BK000418,J000007,2173241878,2026-09-18,CONFIRMED,2,P001219,FAMILY
BK000419,J000007,3026836929,2026-09-17,CONFIRMED,4,P001221,GROUP
BK000420,J000007,7761725695,2026-09-16,CONFIRMED,2,P001225,FRIENDS
BK000421,J000007,9866115479,2026-09-15,CONFIRMED,1,P001227,INDIVIDUAL
BK000422,J000007,5820103019,2026-09-14,CONFIRMED,1,P001228,INDIVIDUAL
BK000423,J000007,2595129504,2026-09-13,CONFIRMED,1,P001229,INDIVIDUAL
BK000424,J000007,5147456103,2026-09-12,CONFIRMED,3,P001230,GROUP
BK000425,J000007,2791320736,2026-09-11,CONFIRMED,2,P001233,GROUP
BK000426,J000007,3945936355,2026-09-10,CONFIRMED,3,P001235,FRIENDS
BK000427,J000007,5591208572,2026-09-09,CONFIRMED,8,P001238,GROUP
BK000428,J000007,9215936471,2026-09-08,CONFIRMED,2,P001246,FRIENDS
BK000429,J000007,1515811909,2026-09-07,WAITLISTED,1,P001248,INDIVIDUAL
BK000430,J000007,1492522405,2026-09-06,CONFIRMED,1,P001249,INDIVIDUAL
BK000431,J000007,7513445401,2026-09-05,CONFIRMED,5,P001250,FAMILY
BK000432,J000007,9316577862,2026-09-04,CONFIRMED,5,P001255,FRIENDS
BK000433,J000007,5678966588,2026-09-03,CONFIRMED,4,P001260,FRIENDS
BK000434,J000007,2624538492,2026-09-02,CONFIRMED,1,P001264,INDIVIDUAL
BK000435,J000007,3159088933,2026-09-01,CONFIRMED,3,P001265,FAMILY
BK000436,J000007,6119081995,2026-08-31,CONFIRMED,2,P001268,FRIENDS
BK000437,J000007,3286022703,2026-08-30,CONFIRMED,1,P001270,INDIVIDUAL
BK000438,J000007,2768422449,2026-08-29,CONFIRMED,2,P001271,FAMILY
BK000439,J000007,7013347547,2026-08-28,CONFIRMED,1,P001273,INDIVIDUAL
BK000440,J000007,6940059293,2026-08-27,RAC,6,P001274,FAMILY
BK000441,J000007,1849334856,2026-08-26,CONFIRMED,1,P001280,INDIVIDUAL
BK000442,J000007,8061815973,2026-08-25,CONFIRMED,1,P001281,INDIVIDUAL
BK000443,J000007,8275121483,2026-08-24,CONFIRMED,2,P001282,FRIENDS
BK000444,J000007,6401673728,2026-08-23,CONFIRMED,3,P001284,GROUP
BK000445,J000007,5605973394,2026-08-22,CONFIRMED,7,P001287,FAMILY
BK000446,J000007,4615839316,2026-08-21,CONFIRMED,3,P001294,FRIENDS
BK000447,J000007,3573786369,2026-08-20,CONFIRMED,1,P001297,INDIVIDUAL
BK000448,J000007,7595192413,2026-08-19,CONFIRMED,4,P001298,FAMILY
BK000449,J000007,1948782292,2026-08-18,CONFIRMED,1,P001302,INDIVIDUAL
BK000450,J000007,4979488184,2026-08-17,CONFIRMED,1,P001303,INDIVIDUAL
BK000451,J000007,6004541202,2026-08-16,CONFIRMED,2,P001304,FRIENDS
BK000452,J000007,3261549592,2026-08-15,CONFIRMED,4,P001306,FAMILY
BK000453,J000007,5425495601,2026-08-14,CONFIRMED,3,P001310,FAMILY
BK000454,J000007,1078397551,2026-08-13,CONFIRMED,1,P001313,INDIVIDUAL
BK000455,J000007,5054324371,2026-08-12,CONFIRMED,6,P001314,FRIENDS
BK000456,J000007,1128446642,2026-09-18,CONFIRMED,3,P001320,GROUP
BK000457,J000007,2742828400,2026-09-17,CONFIRMED,6,P001323,GROUP
BK000458,J000007,7183339493,2026-09-16,CONFIRMED,2,P001329,FAMILY
BK000459,J000007,4005684950,2026-09-15,CONFIRMED,1,P001331,INDIVIDUAL
BK000460,J000007,6281761366,2026-09-14,CONFIRMED,5,P001332,FRIENDS
BK000461,J000007,1570439343,2026-09-13,CONFIRMED,2,P001337,GROUP
BK000462,J000007,1474738191,2026-09-12,WAITLISTED,1,P001339,INDIVIDUAL
BK000463,J000007,9645307303,2026-09-11,CONFIRMED,3,P001340,FAMILY
BK000464,J000007,8431283128,2026-09-10,CONFIRMED,2,P001343,FRIENDS
BK000465,J000007,4950558726,2026-09-09,CONFIRMED,2,P001345,GROUP
BK000466,J000007,2634122383,2026-09-08,CONFIRMED,1,P001347,INDIVIDUAL
BK000467,J000007,8052051990,2026-09-07,CONFIRMED,1,P001348,INDIVIDUAL
BK000468,J000007,2639039104,2026-09-06,CONFIRMED,2,P001349,FRIENDS
BK000469,J000007,6879297272,2026-09-05,CONFIRMED,3,P001351,FAMILY
BK000470,J000008,8246374152,2026-09-08,CONFIRMED,1,P001354,INDIVIDUAL
BK000471,J000008,9115554835,2026-09-07,CONFIRMED,1,P001355,INDIVIDUAL
BK000472,J000008,3864049668,2026-09-06,CONFIRMED,4,P001356,FAMILY
BK000473,J000008,9268231932,2026-09-05,CONFIRMED,4,P001360,FRIENDS
BK000474,J000008,1085654130,2026-09-04,CONFIRMED,5,P001364,GROUP
BK000475,J000008,4163954714,2026-09-03,CONFIRMED,2,P001369,FRIENDS
BK000476,J000008,8457761315,2026-09-02,CONFIRMED,4,P001371,FAMILY
BK000477,J000008,2554099457,2026-09-01,CONFIRMED,1,P001375,INDIVIDUAL
BK000478,J000008,2533171312,2026-08-31,CONFIRMED,2,P001376,FAMILY
BK000479,J000008,2906421263,2026-08-30,CONFIRMED,4,P001378,GROUP
BK000480,J000008,2893955227,2026-08-29,RAC,4,P001382,FAMILY
BK000481,J000008,2295331001,2026-08-28,CONFIRMED,2,P001386,GROUP
BK000482,J000008,4926519449,2026-08-27,CONFIRMED,4,P001388,FAMILY
BK000483,J000008,7159216420,2026-08-26,CONFIRMED,3,P001392,FAMILY
BK000484,J000008,1054419743,2026-08-25,CONFIRMED,1,P001395,INDIVIDUAL
BK000485,J000008,6556074003,2026-08-24,CONFIRMED,4,P001396,FRIENDS
BK000486,J000008,4278859513,2026-08-23,CONFIRMED,2,P001400,FAMILY
BK000487,J000008,8978313674,2026-08-22,CONFIRMED,4,P001402,GROUP
BK000488,J000008,8987530554,2026-08-21,CONFIRMED,3,P001406,GROUP
BK000489,J000008,1326722916,2026-08-20,CONFIRMED,2,P001409,GROUP
BK000490,J000008,3386417535,2026-08-19,CONFIRMED,1,P001411,INDIVIDUAL
BK000491,J000008,3878564208,2026-08-18,CONFIRMED,2,P001412,FRIENDS
BK000492,J000008,8033699468,2026-08-17,CONFIRMED,3,P001414,GROUP
BK000493,J000008,5912293313,2026-08-16,CONFIRMED,1,P001417,INDIVIDUAL
BK000494,J000008,9758142001,2026-09-22,CONFIRMED,1,P001418,INDIVIDUAL
BK000495,J000008,2998840973,2026-09-21,WAITLISTED,4,P001419,GROUP
BK000496,J000008,7179310447,2026-09-20,CONFIRMED,1,P001423,INDIVIDUAL
BK000497,J000008,3295708301,2026-09-19,CONFIRMED,2,P001424,GROUP
BK000498,J000008,6589077636,2026-09-18,CONFIRMED,2,P001426,FAMILY
BK000499,J000008,3750141813,2026-09-17,CONFIRMED,2,P001428,FRIENDS
BK000500,J000008,5230056967,2026-09-16,CANCELLED,4,P001430,FAMILY
BK000501,J000008,5316715449,2026-09-15,CONFIRMED,3,P001434,FAMILY
BK000502,J000008,3129617019,2026-09-14,CONFIRMED,1,P001437,INDIVIDUAL
BK000503,J000008,1917633325,2026-09-13,CONFIRMED,2,P001438,FRIENDS
BK000504,J000008,1520134011,2026-09-12,CONFIRMED,4,P001440,FAMILY
BK000505,J000008,7235560991,2026-09-11,CONFIRMED,2,P001444,GROUP
BK000506,J000008,3434071571,2026-09-10,CONFIRMED,4,P001446,FAMILY
BK000507,J000008,2406728328,2026-09-09,CONFIRMED,1,P001450,INDIVIDUAL
BK000508,J000008,6322786375,2026-09-08,CONFIRMED,4,P001451,FAMILY
BK000509,J000008,6052848667,2026-09-07,CONFIRMED,3,P001455,FAMILY
BK000510,J000008,4768077089,2026-09-06,CONFIRMED,4,P001458,FAMILY
BK000511,J000008,4202236656,2026-09-05,CONFIRMED,2,P001462,FRIENDS
BK000512,J000008,5586563940,2026-09-04,CONFIRMED,1,P001464,INDIVIDUAL
BK000513,J000008,4946154002,2026-09-03,CONFIRMED,1,P001465,INDIVIDUAL
BK000514,J000008,9868751526,2026-09-02,CONFIRMED,1,P001466,INDIVIDUAL
BK000515,J000008,7430551638,2026-09-01,CONFIRMED,8,P001467,GROUP
BK000516,J000008,2621234422,2026-08-31,CONFIRMED,1,P001475,INDIVIDUAL
BK000517,J000008,8811651399,2026-08-30,CONFIRMED,1,P001476,INDIVIDUAL
BK000518,J000008,4888861362,2026-08-29,CONFIRMED,1,P001477,INDIVIDUAL
BK000519,J000008,3599586311,2026-08-28,CONFIRMED,3,P001478,FAMILY
BK000520,J000008,8384108978,2026-08-27,RAC,1,P001481,INDIVIDUAL
BK000521,J000008,5451167423,2026-08-26,CONFIRMED,2,P001482,GROUP
BK000522,J000008,9650957510,2026-08-25,CONFIRMED,3,P001484,FRIENDS
BK000523,J000008,3361107145,2026-08-24,CONFIRMED,2,P001487,FRIENDS
BK000524,J000008,5400761070,2026-08-23,CONFIRMED,8,P001489,FAMILY
BK000525,J000008,5672764168,2026-08-22,CONFIRMED,3,P001497,FAMILY
BK000526,J000008,2429514282,2026-08-21,CONFIRMED,4,P001500,FAMILY
BK000527,J000008,8355394527,2026-08-20,CONFIRMED,3,P001504,FAMILY
BK000528,J000008,6750106807,2026-08-19,WAITLISTED,4,P001507,FAMILY
BK000529,J000008,2370606837,2026-08-18,CONFIRMED,2,P001511,GROUP
BK000530,J000008,6869774241,2026-08-17,CONFIRMED,2,P001513,FAMILY
BK000531,J000008,4736408835,2026-08-16,CONFIRMED,3,P001515,FAMILY
BK000532,J000008,7283432443,2026-09-22,CONFIRMED,1,P001518,INDIVIDUAL
BK000533,J000008,6925633647,2026-09-21,CONFIRMED,8,P001519,FRIENDS
BK000534,J000008,2810469332,2026-09-20,CONFIRMED,2,P001527,FAMILY
BK000535,J000008,5651516366,2026-09-19,CONFIRMED,4,P001529,GROUP
BK000536,J000008,7263443778,2026-09-18,CONFIRMED,5,P001533,FRIENDS
BK000537,J000009,5099258017,2026-09-20,CONFIRMED,8,P001538,FRIENDS
BK000538,J000009,1260986997,2026-09-19,CONFIRMED,2,P001546,FAMILY
BK000539,J000009,8461376106,2026-09-18,CONFIRMED,1,P001548,INDIVIDUAL
BK000540,J000009,8150819779,2026-09-17,CONFIRMED,6,P001549,FAMILY
BK000541,J000009,6532029794,2026-09-16,CONFIRMED,2,P001555,GROUP
BK000542,J000009,5681942625,2026-09-15,CONFIRMED,4,P001557,FAMILY
BK000543,J000009,9108525352,2026-09-14,CONFIRMED,6,P001561,FRIENDS
BK000544,J000009,4298882939,2026-09-13,CONFIRMED,2,P001567,FRIENDS
BK000545,J000009,7899580746,2026-09-12,CONFIRMED,1,P001569,INDIVIDUAL
BK000546,J000009,3692561991,2026-09-11,CONFIRMED,2,P001570,FAMILY
BK000547,J000009,3783093665,2026-09-10,CONFIRMED,4,P001572,GROUP
BK000548,J000009,4544183818,2026-09-09,CONFIRMED,4,P001576,FAMILY
BK000549,J000009,1591585612,2026-09-08,CONFIRMED,3,P001580,FAMILY
BK000550,J000009,6105440855,2026-09-07,CONFIRMED,2,P001583,FAMILY
BK000551,J000009,6259554932,2026-09-06,CONFIRMED,1,P001585,INDIVIDUAL
BK000552,J000009,2820635810,2026-09-05,CONFIRMED,1,P001586,INDIVIDUAL
BK000553,J000009,4853716220,2026-09-04,CONFIRMED,1,P001587,INDIVIDUAL
BK000554,J000009,7386696595,2026-09-03,CONFIRMED,4,P001588,FAMILY
BK000555,J000009,8386968674,2026-09-02,CONFIRMED,1,P001592,INDIVIDUAL
BK000556,J000009,4549157625,2026-09-01,CONFIRMED,2,P001593,FRIENDS
BK000557,J000009,8554174100,2026-08-31,CONFIRMED,2,P001595,GROUP
BK000558,J000009,7133559292,2026-08-30,CONFIRMED,3,P001597,FRIENDS
BK000559,J000009,2736948452,2026-08-29,CONFIRMED,8,P001600,GROUP
BK000560,J000009,6897603832,2026-08-28,RAC,1,P001608,INDIVIDUAL
BK000561,J000009,6226481778,2026-08-27,WAITLISTED,7,P001609,FAMILY
BK000562,J000009,7695375549,2026-08-26,CONFIRMED,6,P001616,FAMILY
BK000563,J000009,3305979485,2026-08-25,CONFIRMED,6,P001622,FRIENDS
BK000564,J000009,4548289785,2026-08-24,CONFIRMED,3,P001628,GROUP
BK000565,J000009,1487997966,2026-08-23,CONFIRMED,3,P001631,FAMILY
BK000566,J000009,8488326191,2026-08-22,CONFIRMED,2,P001634,FAMILY
BK000567,J000009,5184773651,2026-08-21,CONFIRMED,1,P001636,INDIVIDUAL
BK000568,J000009,6122712828,2026-08-20,CONFIRMED,4,P001637,FAMILY
BK000569,J000009,9654389011,2026-08-19,CONFIRMED,2,P001641,GROUP
BK000570,J000009,1955451892,2026-09-25,CONFIRMED,2,P001643,FAMILY
BK000571,J000009,2371665670,2026-09-24,CONFIRMED,2,P001645,FRIENDS
BK000572,J000009,7655080798,2026-09-23,CONFIRMED,1,P001647,INDIVIDUAL
BK000573,J000009,5193959933,2026-09-22,CONFIRMED,4,P001648,FRIENDS
BK000574,J000009,8791831525,2026-09-21,CONFIRMED,2,P001652,FAMILY
BK000575,J000009,4302864721,2026-09-20,CONFIRMED,3,P001654,FAMILY
BK000576,J000009,2255089232,2026-09-19,CONFIRMED,1,P001657,INDIVIDUAL
BK000577,J000009,2493040692,2026-09-18,CONFIRMED,2,P001658,GROUP
BK000578,J000009,6679070972,2026-09-17,CONFIRMED,1,P001660,INDIVIDUAL
BK000579,J000009,5699616643,2026-09-16,CONFIRMED,6,P001661,FRIENDS
BK000580,J000009,4793319264,2026-09-15,CONFIRMED,2,P001667,FRIENDS
BK000581,J000009,4185197077,2026-09-14,CONFIRMED,1,P001669,INDIVIDUAL
BK000582,J000009,8419792093,2026-09-13,CONFIRMED,2,P001670,FAMILY
BK000583,J000009,9298126203,2026-09-12,CONFIRMED,1,P001672,INDIVIDUAL
BK000584,J000009,8596271222,2026-09-11,CONFIRMED,7,P001673,GROUP
BK000585,J000009,6256957230,2026-09-10,CONFIRMED,2,P001680,GROUP
BK000586,J000009,9908349965,2026-09-09,CONFIRMED,1,P001682,INDIVIDUAL
BK000587,J000009,6004134415,2026-09-08,CONFIRMED,5,P001683,FAMILY
BK000588,J000009,8170095408,2026-09-07,CONFIRMED,6,P001688,FAMILY
BK000589,J000009,3566332787,2026-09-06,CONFIRMED,2,P001694,GROUP
BK000590,J000009,5328241353,2026-09-05,CONFIRMED,3,P001696,FRIENDS
BK000591,J000009,5286512492,2026-09-04,CONFIRMED,3,P001699,FAMILY
BK000592,J000009,7045485138,2026-09-03,CONFIRMED,2,P001702,FRIENDS
BK000593,J000009,2302156759,2026-09-02,CONFIRMED,2,P001704,GROUP
BK000594,J000009,6624030102,2026-09-01,WAITLISTED,3,P001706,FRIENDS
BK000595,J000009,6872339341,2026-08-31,CONFIRMED,1,P001709,INDIVIDUAL
BK000596,J000009,7784788734,2026-08-30,CONFIRMED,3,P001710,GROUP
BK000597,J000009,6536456620,2026-08-29,CONFIRMED,2,P001713,GROUP
BK000598,J000009,1930778359,2026-08-28,CONFIRMED,1,P001715,INDIVIDUAL
BK000599,J000009,1077194632,2026-08-27,CONFIRMED,3,P001716,FAMILY
BK000600,J000009,8534410774,2026-08-26,CANCELLED,1,P001719,INDIVIDUAL
BK000601,J000009,6950042743,2026-08-25,CONFIRMED,3,P001720,FAMILY
BK000602,J000009,9621463564,2026-08-24,CONFIRMED,4,P001723,FAMILY
BK000603,J000009,3579599583,2026-08-23,CONFIRMED,3,P001727,FAMILY
BK000604,J000010,5869442614,2026-08-26,CONFIRMED,2,P001730,FRIENDS
BK000605,J000010,8147521297,2026-08-25,CONFIRMED,3,P001732,FAMILY
BK000606,J000010,3850216337,2026-08-24,CONFIRMED,2,P001735,FAMILY
BK000607,J000010,5090828582,2026-08-23,CONFIRMED,4,P001737,GROUP
BK000608,J000010,4494563031,2026-09-29,CONFIRMED,3,P001741,GROUP
BK000609,J000010,7718199687,2026-09-28,CONFIRMED,2,P001744,GROUP
BK000610,J000010,2568730526,2026-09-27,CONFIRMED,8,P001746,FAMILY
BK000611,J000010,9068838700,2026-09-26,CONFIRMED,4,P001754,GROUP
BK000612,J000010,1521894786,2026-09-25,CONFIRMED,3,P001758,GROUP
BK000613,J000010,5169967615,2026-09-24,CONFIRMED,2,P001761,GROUP
BK000614,J000010,9659542358,2026-09-23,CONFIRMED,1,P001763,INDIVIDUAL
BK000615,J000010,8598002676,2026-09-22,CONFIRMED,5,P001764,FAMILY
BK000616,J000010,6078467859,2026-09-21,CONFIRMED,2,P001769,FRIENDS
BK000617,J000010,7089299892,2026-09-20,CONFIRMED,4,P001771,FRIENDS
BK000618,J000010,5741118456,2026-09-19,CONFIRMED,1,P001775,INDIVIDUAL
BK000619,J000010,7374348035,2026-09-18,CONFIRMED,2,P001776,FRIENDS
BK000620,J000010,2839456038,2026-09-17,CONFIRMED,4,P001778,FAMILY
BK000621,J000010,9448413922,2026-09-16,CONFIRMED,4,P001782,FRIENDS
BK000622,J000010,4446006868,2026-09-15,CONFIRMED,2,P001786,FAMILY
BK000623,J000010,2531399565,2026-09-14,CONFIRMED,2,P001788,FRIENDS
BK000624,J000010,8476727846,2026-09-13,CONFIRMED,2,P001790,FRIENDS
BK000625,J000010,9479044775,2026-09-12,CONFIRMED,3,P001792,FAMILY
BK000626,J000010,6182340991,2026-09-11,CONFIRMED,2,P001795,FAMILY
BK000627,J000010,6917913068,2026-09-10,WAITLISTED,3,P001797,FAMILY
BK000628,J000010,9964182911,2026-09-09,CONFIRMED,1,P001800,INDIVIDUAL
BK000629,J000010,8298522126,2026-09-08,CONFIRMED,3,P001801,FAMILY
BK000630,J000010,8792013847,2026-09-07,CONFIRMED,1,P001804,INDIVIDUAL
BK000631,J000010,5734319820,2026-09-06,CONFIRMED,1,P001805,INDIVIDUAL
BK000632,J000010,3459817094,2026-09-05,CONFIRMED,2,P001806,FRIENDS
BK000633,J000010,2418557415,2026-09-04,CONFIRMED,2,P001808,GROUP
BK000634,J000010,8895311107,2026-09-03,CONFIRMED,2,P001810,FAMILY
BK000635,J000010,8831944171,2026-09-02,CONFIRMED,5,P001812,FAMILY
BK000636,J000010,2916359308,2026-09-01,CONFIRMED,4,P001817,FAMILY
BK000637,J000010,1921551817,2026-08-31,CONFIRMED,2,P001821,GROUP
BK000638,J000010,6240527022,2026-08-30,CONFIRMED,2,P001823,FAMILY
BK000639,J000010,8947557643,2026-08-29,CONFIRMED,3,P001825,FAMILY
BK000640,J000010,3100776318,2026-08-28,RAC,1,P001828,INDIVIDUAL
BK000641,J000010,1239774709,2026-08-27,CONFIRMED,2,P001829,GROUP
BK000642,J000010,4531159393,2026-08-26,CONFIRMED,2,P001831,FAMILY
BK000643,J000010,3581187517,2026-08-25,CONFIRMED,3,P001833,FAMILY
BK000644,J000010,9561878528,2026-08-24,CONFIRMED,2,P001836,FRIENDS
BK000645,J000010,3039821840,2026-08-23,CONFIRMED,4,P001838,FRIENDS
BK000646,J000010,4565552694,2026-09-29,CONFIRMED,4,P001842,CAREGIVER_COMPANION
BK000647,J000010,5144342441,2026-09-28,CONFIRMED,1,P001846,INDIVIDUAL
BK000648,J000010,9811408573,2026-09-27,CONFIRMED,4,P001847,FAMILY
BK000649,J000010,1564324646,2026-09-26,CONFIRMED,1,P001851,INDIVIDUAL
BK000650,J000010,5840208041,2026-09-25,CONFIRMED,5,P001852,GROUP
BK000651,J000010,1393024357,2026-09-24,CONFIRMED,5,P001857,FAMILY
BK000652,J000010,8340572272,2026-09-23,CONFIRMED,3,P001862,GROUP
BK000653,J000010,9844154966,2026-09-22,CONFIRMED,2,P001865,GROUP
BK000654,J000010,4528830938,2026-09-21,CONFIRMED,3,P001867,FRIENDS
BK000655,J000010,1326362653,2026-09-20,CONFIRMED,6,P001870,FRIENDS
BK000656,J000010,6403481898,2026-09-19,CONFIRMED,1,P001876,INDIVIDUAL
BK000657,J000010,6728723974,2026-09-18,CONFIRMED,2,P001877,GROUP
BK000658,J000010,5528223820,2026-09-17,CONFIRMED,6,P001879,FAMILY
BK000659,J000010,7626403898,2026-09-16,CONFIRMED,4,P001885,GROUP
BK000660,J000010,8139624614,2026-09-15,WAITLISTED,3,P001889,GROUP
BK000661,J000010,3208153521,2026-09-14,CONFIRMED,2,P001892,GROUP
BK000662,J000010,5986938365,2026-09-13,CONFIRMED,1,P001894,INDIVIDUAL
BK000663,J000010,9975964163,2026-09-12,CONFIRMED,3,P001895,FAMILY
BK000664,J000010,5198002783,2026-09-11,CONFIRMED,6,P001898,FAMILY
BK000665,J000010,8496208433,2026-09-10,CONFIRMED,2,P001904,GROUP
BK000666,J000010,8213266575,2026-09-09,CONFIRMED,4,P001906,FAMILY
BK000667,J000010,8970879052,2026-09-08,CONFIRMED,2,P001910,FRIENDS
BK000668,J000010,9965954507,2026-09-07,CONFIRMED,8,P001912,FAMILY
BK000669,J000010,2177259697,2026-09-06,CONFIRMED,1,P001920,INDIVIDUAL
BK000670,J000010,3310990159,2026-09-05,CONFIRMED,2,P001921,FAMILY
BK000671,J000011,7465803530,2026-09-07,CONFIRMED,1,P001923,INDIVIDUAL
BK000672,J000011,2242706761,2026-09-06,CONFIRMED,2,P001924,FRIENDS
BK000673,J000011,6342228482,2026-09-05,CONFIRMED,6,P001926,GROUP
BK000674,J000011,3276228675,2026-09-04,CONFIRMED,1,P001932,INDIVIDUAL
BK000675,J000011,9962298306,2026-09-03,CONFIRMED,2,P001933,FRIENDS
BK000676,J000011,2996323709,2026-09-02,CONFIRMED,3,P001935,GROUP
BK000677,J000011,9403694118,2026-09-01,CONFIRMED,2,P001938,GROUP
BK000678,J000011,7498627657,2026-08-31,CONFIRMED,4,P001940,FAMILY
BK000679,J000011,8882505295,2026-08-30,CONFIRMED,5,P001944,FAMILY
BK000680,J000011,5764999724,2026-08-29,RAC,1,P001949,INDIVIDUAL
BK000681,J000011,7650562253,2026-08-28,CONFIRMED,3,P001950,FAMILY
BK000682,J000011,2109347411,2026-08-27,CONFIRMED,1,P001953,INDIVIDUAL
BK000683,J000011,3902415577,2026-08-26,CONFIRMED,2,P001954,FRIENDS
BK000684,J000011,6940876245,2026-10-02,CONFIRMED,3,P001956,GROUP
BK000685,J000011,5817401140,2026-10-01,CONFIRMED,1,P001959,INDIVIDUAL
BK000686,J000011,2556198155,2026-09-30,CONFIRMED,4,P001960,FAMILY
BK000687,J000011,2622448903,2026-09-29,CONFIRMED,6,P001964,FRIENDS
BK000688,J000011,8016176243,2026-09-28,CONFIRMED,2,P001970,FRIENDS
BK000689,J000011,2518699314,2026-09-27,CONFIRMED,2,P001972,GROUP
BK000690,J000011,9010329107,2026-09-26,CONFIRMED,2,P001974,FAMILY
BK000691,J000011,1199303405,2026-09-25,CONFIRMED,4,P001976,GROUP
BK000692,J000011,9879257172,2026-09-24,CONFIRMED,1,P001980,INDIVIDUAL
BK000693,J000011,2526704166,2026-09-23,WAITLISTED,3,P001981,FAMILY
BK000694,J000011,4226538545,2026-09-22,CONFIRMED,2,P001984,FAMILY
BK000695,J000011,4331789157,2026-09-21,CONFIRMED,1,P001986,INDIVIDUAL
BK000696,J000011,1954499216,2026-09-20,CONFIRMED,1,P001987,INDIVIDUAL
BK000697,J000011,3701318293,2026-09-19,CONFIRMED,2,P001988,GROUP
BK000698,J000011,8080744047,2026-09-18,CONFIRMED,4,P001990,FAMILY
BK000699,J000011,8172797422,2026-09-17,CONFIRMED,2,P001994,FRIENDS
BK000700,J000011,9181961551,2026-09-16,CANCELLED,1,P001996,INDIVIDUAL
BK000701,J000011,5055830920,2026-09-15,CONFIRMED,4,P001997,FRIENDS
BK000702,J000011,2283876777,2026-09-14,CONFIRMED,3,P002001,FRIENDS
BK000703,J000011,8898446607,2026-09-13,CONFIRMED,2,P002004,FRIENDS
BK000704,J000011,3069099026,2026-09-12,CONFIRMED,1,P002006,INDIVIDUAL
BK000705,J000011,8113804519,2026-09-11,CONFIRMED,5,P002007,FAMILY
BK000706,J000011,7884593135,2026-09-10,CONFIRMED,2,P002012,FAMILY
BK000707,J000011,4675735904,2026-09-09,CONFIRMED,2,P002014,FRIENDS
BK000708,J000011,2870620699,2026-09-08,CONFIRMED,4,P002016,FAMILY
BK000709,J000011,4246072623,2026-09-07,CONFIRMED,4,P002020,FRIENDS
BK000710,J000011,3774182009,2026-09-06,CONFIRMED,1,P002024,INDIVIDUAL
BK000711,J000011,5038131877,2026-09-05,CONFIRMED,3,P002025,FAMILY
BK000712,J000011,1716463359,2026-09-04,CONFIRMED,2,P002028,FRIENDS
BK000713,J000011,6320145879,2026-09-03,CONFIRMED,3,P002030,FAMILY
BK000714,J000011,7333570055,2026-09-02,CONFIRMED,3,P002033,FRIENDS
BK000715,J000011,7655672287,2026-09-01,CONFIRMED,2,P002036,FRIENDS
BK000716,J000011,8497312735,2026-08-31,CONFIRMED,1,P002038,INDIVIDUAL
BK000717,J000011,5999451099,2026-08-30,CONFIRMED,3,P002039,FAMILY
BK000718,J000011,1410807247,2026-08-29,CONFIRMED,1,P002042,INDIVIDUAL
BK000719,J000011,8514111309,2026-08-28,CONFIRMED,3,P002043,FAMILY
BK000720,J000011,2225384422,2026-08-27,RAC,4,P002046,FAMILY
BK000721,J000011,6758772157,2026-08-26,CONFIRMED,3,P002050,FAMILY
BK000722,J000011,9372934781,2026-10-02,CONFIRMED,1,P002053,INDIVIDUAL
BK000723,J000011,7811369471,2026-10-01,CONFIRMED,4,P002054,GROUP
BK000724,J000011,2619049348,2026-09-30,CONFIRMED,1,P002058,INDIVIDUAL
BK000725,J000011,5324351079,2026-09-29,CONFIRMED,1,P002059,INDIVIDUAL
BK000726,J000011,9791474644,2026-09-28,WAITLISTED,2,P002060,FAMILY
BK000727,J000011,9871109375,2026-09-27,CONFIRMED,2,P002062,FRIENDS
BK000728,J000011,3132382180,2026-09-26,CONFIRMED,5,P002064,FRIENDS
BK000729,J000011,2969580015,2026-09-25,CONFIRMED,3,P002069,FAMILY
BK000730,J000011,2559348669,2026-09-24,CONFIRMED,4,P002072,FAMILY
BK000731,J000011,3644812921,2026-09-23,CONFIRMED,7,P002076,FAMILY
BK000732,J000011,7383370134,2026-09-22,CONFIRMED,2,P002083,FRIENDS
BK000733,J000011,4123638308,2026-09-21,CONFIRMED,2,P002085,GROUP
BK000734,J000011,6953352579,2026-09-20,CONFIRMED,3,P002087,FRIENDS
BK000735,J000011,5337260043,2026-09-19,CONFIRMED,3,P002090,FAMILY
BK000736,J000011,1614816694,2026-09-18,CONFIRMED,1,P002093,INDIVIDUAL
BK000737,J000011,3724726008,2026-09-17,CONFIRMED,4,P002094,FRIENDS
BK000738,J000012,6362231429,2026-09-20,CONFIRMED,8,P002098,FAMILY
BK000739,J000012,2140696000,2026-09-19,CONFIRMED,3,P002106,FAMILY
BK000740,J000012,7350581888,2026-09-18,CONFIRMED,4,P002109,FAMILY
BK000741,J000012,5690487058,2026-09-17,CONFIRMED,1,P002113,INDIVIDUAL
BK000742,J000012,4426736296,2026-09-16,CONFIRMED,4,P002114,FAMILY
BK000743,J000012,9050035432,2026-09-15,CONFIRMED,3,P002118,FAMILY
BK000744,J000012,1851209056,2026-09-14,CONFIRMED,4,P002121,FAMILY
BK000745,J000012,5818854208,2026-09-13,CONFIRMED,5,P002125,FAMILY
BK000746,J000012,4245642681,2026-09-12,CONFIRMED,5,P002130,GROUP
BK000747,J000012,3401272188,2026-09-11,CONFIRMED,3,P002135,FAMILY
BK000748,J000012,8499910396,2026-09-10,CONFIRMED,4,P002138,FAMILY
BK000749,J000012,7278611679,2026-09-09,CONFIRMED,1,P002142,INDIVIDUAL
BK000750,J000012,1380503487,2026-09-08,CONFIRMED,4,P002143,FAMILY
BK000751,J000012,4638128058,2026-09-07,CONFIRMED,2,P002147,FRIENDS
BK000752,J000012,9819768824,2026-09-06,CONFIRMED,4,P002149,FAMILY
BK000753,J000012,8419236314,2026-09-05,CONFIRMED,2,P002153,GROUP
BK000754,J000012,1927890529,2026-09-04,CONFIRMED,1,P002155,INDIVIDUAL
BK000755,J000012,3841901884,2026-09-03,CONFIRMED,4,P002156,GROUP
BK000756,J000012,7995463735,2026-09-02,CONFIRMED,2,P002160,FRIENDS
BK000757,J000012,4288181974,2026-09-01,CONFIRMED,1,P002162,INDIVIDUAL
BK000758,J000012,6173226793,2026-08-31,CONFIRMED,2,P002163,FAMILY
BK000759,J000012,6411027094,2026-08-30,WAITLISTED,4,P002165,GROUP
BK000760,J000012,4413201003,2026-10-06,RAC,1,P002169,INDIVIDUAL
BK000761,J000012,7743716477,2026-10-05,CONFIRMED,1,P002170,INDIVIDUAL
BK000762,J000012,6912962626,2026-10-04,CONFIRMED,3,P002171,FRIENDS
BK000763,J000012,9685284015,2026-10-03,CONFIRMED,2,P002174,FRIENDS
BK000764,J000012,6972702017,2026-10-02,CONFIRMED,2,P002176,FRIENDS
BK000765,J000012,6818999581,2026-10-01,CONFIRMED,4,P002178,FRIENDS
BK000766,J000012,6571384581,2026-09-30,CONFIRMED,1,P002182,INDIVIDUAL
BK000767,J000012,8901888730,2026-09-29,CONFIRMED,2,P002183,FRIENDS
BK000768,J000012,3821843420,2026-09-28,CONFIRMED,4,P002185,FAMILY
BK000769,J000012,6129876412,2026-09-27,CONFIRMED,6,P002189,GROUP
BK000770,J000012,5211866803,2026-09-26,CONFIRMED,2,P002195,FAMILY
BK000771,J000012,4359342423,2026-09-25,CONFIRMED,2,P002197,FRIENDS
BK000772,J000012,1850353469,2026-09-24,CONFIRMED,2,P002199,FRIENDS
BK000773,J000012,7909648083,2026-09-23,CONFIRMED,3,P002201,FAMILY
BK000774,J000012,3137025515,2026-09-22,CONFIRMED,1,P002204,INDIVIDUAL
BK000775,J000012,1607111488,2026-09-21,CONFIRMED,5,P002205,FAMILY
BK000776,J000012,2926176918,2026-09-20,CONFIRMED,1,P002210,INDIVIDUAL
BK000777,J000012,1126887251,2026-09-19,CONFIRMED,3,P002211,FAMILY
BK000778,J000012,6049307517,2026-09-18,CONFIRMED,1,P002214,INDIVIDUAL
BK000779,J000012,8999733836,2026-09-17,CONFIRMED,4,P002215,CAREGIVER_COMPANION
BK000780,J000012,1253035683,2026-09-16,CONFIRMED,3,P002219,GROUP
BK000781,J000012,8072192288,2026-09-15,CONFIRMED,4,P002222,FRIENDS
BK000782,J000012,8438620080,2026-09-14,CONFIRMED,2,P002226,FAMILY
BK000783,J000012,9346331502,2026-09-13,CONFIRMED,4,P002228,GROUP
BK000784,J000012,5541854103,2026-09-12,CONFIRMED,4,P002232,FAMILY
BK000785,J000012,9978400225,2026-09-11,CONFIRMED,2,P002236,GROUP
BK000786,J000012,5491728643,2026-09-10,CONFIRMED,3,P002238,FRIENDS
BK000787,J000012,3968693911,2026-09-09,CONFIRMED,2,P002241,FRIENDS
BK000788,J000012,5858136042,2026-09-08,CONFIRMED,2,P002243,FRIENDS
BK000789,J000012,6448095938,2026-09-07,CONFIRMED,3,P002245,FAMILY
BK000790,J000012,6271785365,2026-09-06,CONFIRMED,2,P002248,FAMILY
BK000791,J000012,8086639438,2026-09-05,CONFIRMED,2,P002250,FRIENDS
BK000792,J000012,1260783162,2026-09-04,WAITLISTED,6,P002252,FAMILY
BK000793,J000012,6216482573,2026-09-03,CONFIRMED,1,P002258,INDIVIDUAL
BK000794,J000012,3452848313,2026-09-02,CONFIRMED,7,P002259,FRIENDS
BK000795,J000012,1922430159,2026-09-01,CONFIRMED,2,P002266,FRIENDS
BK000796,J000012,6455412258,2026-08-31,CONFIRMED,1,P002268,INDIVIDUAL
BK000797,J000012,6128495818,2026-08-30,CONFIRMED,5,P002269,FAMILY
BK000798,J000012,4879308125,2026-10-06,CONFIRMED,7,P002274,CAREGIVER_COMPANION
BK000799,J000012,1263538031,2026-10-05,CONFIRMED,4,P002281,GROUP
BK000800,J000012,2311694944,2026-10-04,CANCELLED,4,P002285,FAMILY
BK000801,J000012,4285957495,2026-10-03,CONFIRMED,6,P002289,GROUP
BK000802,J000012,1970184061,2026-10-02,CONFIRMED,7,P002295,FRIENDS
BK000803,J000012,2047512064,2026-10-01,CONFIRMED,2,P002302,FRIENDS
BK000804,J000012,9345809416,2026-09-30,CONFIRMED,2,P002304,FRIENDS
BK000805,J000013,1309347376,2026-09-13,CONFIRMED,4,P002306,FRIENDS
BK000806,J000013,8002297858,2026-09-12,CONFIRMED,3,P002310,FRIENDS
BK000807,J000013,6442443623,2026-09-11,CONFIRMED,4,P002313,GROUP
BK000808,J000013,6266606252,2026-09-10,CONFIRMED,2,P002317,FRIENDS
BK000809,J000013,4454240321,2026-09-09,CONFIRMED,4,P002319,FRIENDS
BK000810,J000013,9848659265,2026-09-08,CONFIRMED,2,P002323,FAMILY
BK000811,J000013,1204749776,2026-09-07,CONFIRMED,1,P002325,INDIVIDUAL
BK000812,J000013,8565862539,2026-09-06,CONFIRMED,4,P002326,FAMILY
BK000813,J000013,8368740710,2026-09-05,CONFIRMED,4,P002330,FRIENDS
BK000814,J000013,7613852247,2026-09-04,CONFIRMED,2,P002334,FAMILY
BK000815,J000013,5364996635,2026-09-03,CONFIRMED,2,P002336,FRIENDS
BK000816,J000013,6952150315,2026-09-02,CONFIRMED,2,P002338,FRIENDS
BK000817,J000013,8499821267,2026-09-01,CONFIRMED,1,P002340,INDIVIDUAL
BK000818,J000013,4392593326,2026-08-31,CONFIRMED,1,P002341,INDIVIDUAL
BK000819,J000013,2256983481,2026-08-30,CONFIRMED,1,P002342,INDIVIDUAL
BK000820,J000013,3015572135,2026-08-29,CONFIRMED,2,P002343,FRIENDS
BK000821,J000013,8341509189,2026-08-28,CONFIRMED,1,P002345,INDIVIDUAL
BK000822,J000013,2781259235,2026-08-27,CONFIRMED,4,P002346,FAMILY
BK000823,J000013,4993170502,2026-08-26,CONFIRMED,3,P002350,FAMILY
BK000824,J000013,2753070326,2026-08-25,CONFIRMED,6,P002353,FAMILY
BK000825,J000013,9225974531,2026-08-24,WAITLISTED,2,P002359,GROUP
BK000826,J000013,9337635467,2026-08-23,CONFIRMED,3,P002361,FRIENDS
BK000827,J000013,9682459529,2026-08-22,CONFIRMED,2,P002364,FRIENDS
BK000828,J000013,2120605696,2026-08-21,CONFIRMED,7,P002366,GROUP
BK000829,J000013,2293278540,2026-08-20,CONFIRMED,4,P002373,FRIENDS
BK000830,J000013,1737743143,2026-08-19,CONFIRMED,2,P002377,FAMILY
BK000831,J000013,8846857011,2026-08-18,CONFIRMED,2,P002379,FRIENDS
BK000832,J000013,3546298312,2026-08-17,CONFIRMED,4,P002381,FAMILY
BK000833,J000013,7064612615,2026-08-16,CONFIRMED,5,P002385,FAMILY
BK000834,J000013,1574055253,2026-08-15,CONFIRMED,1,P002390,INDIVIDUAL
BK000835,J000013,1638638320,2026-08-14,CONFIRMED,3,P002391,FAMILY
BK000836,J000013,5213970682,2026-09-20,CONFIRMED,4,P002394,CAREGIVER_COMPANION
BK000837,J000013,9103377667,2026-09-19,CONFIRMED,5,P002398,FAMILY
BK000838,J000013,6346042131,2026-09-18,CONFIRMED,7,P002403,FRIENDS
BK000839,J000013,2521146282,2026-09-17,CONFIRMED,1,P002410,INDIVIDUAL
BK000840,J000013,8504405342,2026-09-16,RAC,2,P002411,FRIENDS
BK000841,J000013,9101633197,2026-09-15,CONFIRMED,1,P002413,INDIVIDUAL
BK000842,J000013,3069081473,2026-09-14,CONFIRMED,6,P002414,FAMILY
BK000843,J000013,7273068653,2026-09-13,CONFIRMED,4,P002420,GROUP
BK000844,J000013,1473003019,2026-09-12,CONFIRMED,4,P002424,FAMILY
BK000845,J000013,5984374020,2026-09-11,CONFIRMED,4,P002428,FRIENDS
BK000846,J000013,8937589914,2026-09-10,CONFIRMED,1,P002432,INDIVIDUAL
BK000847,J000013,4871811054,2026-09-09,CONFIRMED,4,P002433,GROUP
BK000848,J000013,5618820902,2026-09-08,CONFIRMED,1,P002437,INDIVIDUAL
BK000849,J000013,5021122649,2026-09-07,CONFIRMED,1,P002438,INDIVIDUAL
BK000850,J000013,3102621938,2026-09-06,CONFIRMED,2,P002439,FAMILY
BK000851,J000013,6839752969,2026-09-05,CONFIRMED,4,P002441,GROUP
BK000852,J000013,2494765959,2026-09-04,CONFIRMED,4,P002445,FAMILY
BK000853,J000013,3559170221,2026-09-03,CONFIRMED,4,P002449,FRIENDS
BK000854,J000013,5655065331,2026-09-02,CONFIRMED,4,P002453,FAMILY
BK000855,J000013,6707492511,2026-09-01,CONFIRMED,2,P002457,FRIENDS
BK000856,J000013,4374821623,2026-08-31,CONFIRMED,4,P002459,FAMILY
BK000857,J000013,1965861746,2026-08-30,CONFIRMED,2,P002463,GROUP
BK000858,J000013,5277633757,2026-08-29,WAITLISTED,2,P002465,FAMILY
BK000859,J000013,6206484285,2026-08-28,CONFIRMED,2,P002467,FRIENDS
BK000860,J000013,2118046327,2026-08-27,CONFIRMED,5,P002469,FRIENDS
BK000861,J000013,3684986394,2026-08-26,CONFIRMED,6,P002474,GROUP
BK000862,J000013,4946244948,2026-08-25,CONFIRMED,6,P002480,FAMILY
BK000863,J000013,6554258290,2026-08-24,CONFIRMED,5,P002486,FAMILY
BK000864,J000013,2595958694,2026-08-23,CONFIRMED,2,P002491,FRIENDS
BK000865,J000013,2984102897,2026-08-22,CONFIRMED,6,P002493,GROUP
BK000866,J000013,6525066180,2026-08-21,CONFIRMED,1,P002499,INDIVIDUAL
BK000867,J000013,5289444455,2026-08-20,CONFIRMED,8,P002500,GROUP
BK000868,J000013,6418851225,2026-08-19,CONFIRMED,2,P002508,FRIENDS
BK000869,J000013,5260303061,2026-08-18,CONFIRMED,4,P002510,FRIENDS
BK000870,J000013,8111973203,2026-08-17,CONFIRMED,1,P002514,INDIVIDUAL
BK000871,J000013,3556237217,2026-08-16,CONFIRMED,3,P002515,FAMILY
BK000872,J000014,9241437969,2026-08-18,CONFIRMED,4,P002518,FAMILY
BK000873,J000014,5383683537,2026-08-17,CONFIRMED,2,P002522,GROUP
BK000874,J000014,6341866575,2026-09-23,CONFIRMED,1,P002524,INDIVIDUAL
BK000875,J000014,5349630636,2026-09-22,CONFIRMED,4,P002525,GROUP
BK000876,J000014,3808238114,2026-09-21,CONFIRMED,1,P002529,INDIVIDUAL
BK000877,J000014,7383824084,2026-09-20,CONFIRMED,4,P002530,FRIENDS
BK000878,J000014,3932194791,2026-09-19,CONFIRMED,2,P002534,FAMILY
BK000879,J000014,1318866305,2026-09-18,CONFIRMED,2,P002536,FRIENDS
BK000880,J000014,5932419097,2026-09-17,RAC,7,P002538,GROUP
BK000881,J000014,7868715806,2026-09-16,CONFIRMED,3,P002545,FAMILY
BK000882,J000014,1564086583,2026-09-15,CONFIRMED,1,P002548,INDIVIDUAL
BK000883,J000014,4685913788,2026-09-14,CONFIRMED,7,P002549,FAMILY
BK000884,J000014,3356910169,2026-09-13,CONFIRMED,2,P002556,FRIENDS
BK000885,J000014,8160342343,2026-09-12,CONFIRMED,7,P002558,FAMILY
BK000886,J000014,8823801443,2026-09-11,CONFIRMED,2,P002565,FAMILY
BK000887,J000014,1698735047,2026-09-10,CONFIRMED,5,P002567,FAMILY
BK000888,J000014,7947355051,2026-09-09,CONFIRMED,1,P002572,INDIVIDUAL
BK000889,J000014,5695843259,2026-09-08,CONFIRMED,4,P002573,FRIENDS
BK000890,J000014,1603308453,2026-09-07,CONFIRMED,1,P002577,INDIVIDUAL
BK000891,J000014,5743606404,2026-09-06,WAITLISTED,1,P002578,INDIVIDUAL
BK000892,J000014,7003450056,2026-09-05,CONFIRMED,6,P002579,FAMILY
BK000893,J000014,4893691111,2026-09-04,CONFIRMED,2,P002585,GROUP
BK000894,J000014,3355650141,2026-09-03,CONFIRMED,5,P002587,GROUP
BK000895,J000014,2246145155,2026-09-02,CONFIRMED,1,P002592,INDIVIDUAL
BK000896,J000014,1643874505,2026-09-01,CONFIRMED,5,P002593,FRIENDS
BK000897,J000014,3339081287,2026-08-31,CONFIRMED,1,P002598,INDIVIDUAL
BK000898,J000014,6403663730,2026-08-30,CONFIRMED,1,P002599,INDIVIDUAL
BK000899,J000014,7784515119,2026-08-29,CONFIRMED,4,P002600,GROUP
BK000900,J000014,5446696519,2026-08-28,CANCELLED,6,P002604,FAMILY
BK000901,J000014,6327622829,2026-08-27,CONFIRMED,3,P002610,FAMILY
BK000902,J000014,8681009734,2026-08-26,CONFIRMED,1,P002613,INDIVIDUAL
BK000903,J000014,9530529696,2026-08-25,CONFIRMED,5,P002614,FAMILY
BK000904,J000014,3613861875,2026-08-24,CONFIRMED,6,P002619,FAMILY
BK000905,J000014,9892448452,2026-08-23,CONFIRMED,3,P002625,FAMILY
BK000906,J000014,2010210175,2026-08-22,CONFIRMED,6,P002628,FAMILY
BK000907,J000014,5282579600,2026-08-21,CONFIRMED,1,P002634,INDIVIDUAL
BK000908,J000014,2098998876,2026-08-20,CONFIRMED,2,P002635,FRIENDS
BK000909,J000014,7908449655,2026-08-19,CONFIRMED,1,P002637,INDIVIDUAL
BK000910,J000014,5113063316,2026-08-18,CONFIRMED,3,P002638,FRIENDS
BK000911,J000014,9187633119,2026-08-17,CONFIRMED,4,P002641,GROUP
BK000912,J000014,3441047538,2026-09-23,CONFIRMED,3,P002645,GROUP
BK000913,J000014,6337487724,2026-09-22,CONFIRMED,6,P002648,GROUP
BK000914,J000014,6947976235,2026-09-21,CONFIRMED,1,P002654,INDIVIDUAL
BK000915,J000014,1464177614,2026-09-20,CONFIRMED,1,P002655,INDIVIDUAL
BK000916,J000014,6110053216,2026-09-19,CONFIRMED,2,P002656,FRIENDS
BK000917,J000014,8529179159,2026-09-18,CONFIRMED,2,P002658,GROUP
BK000918,J000014,4658665026,2026-09-17,CONFIRMED,3,P002660,FRIENDS
BK000919,J000014,9805733250,2026-09-16,CONFIRMED,1,P002663,INDIVIDUAL
BK000920,J000014,8957613809,2026-09-15,RAC,4,P002664,FAMILY
BK000921,J000014,3038079795,2026-09-14,CONFIRMED,2,P002668,GROUP
BK000922,J000014,8538436553,2026-09-13,CONFIRMED,1,P002670,INDIVIDUAL
BK000923,J000014,2471647356,2026-09-12,CONFIRMED,2,P002671,FRIENDS
BK000924,J000014,1026594431,2026-09-11,WAITLISTED,1,P002673,INDIVIDUAL
BK000925,J000014,6709644039,2026-09-10,CONFIRMED,2,P002674,GROUP
BK000926,J000014,6641247687,2026-09-09,CONFIRMED,1,P002676,INDIVIDUAL
BK000927,J000014,5762865582,2026-09-08,CONFIRMED,1,P002677,INDIVIDUAL
BK000928,J000014,3266215529,2026-09-07,CONFIRMED,2,P002678,FRIENDS
BK000929,J000014,6521750887,2026-09-06,CONFIRMED,6,P002680,GROUP
BK000930,J000014,9921720159,2026-09-05,CONFIRMED,2,P002686,FAMILY
BK000931,J000014,7808385055,2026-09-04,CONFIRMED,4,P002688,CAREGIVER_COMPANION
BK000932,J000014,2556812265,2026-09-03,CONFIRMED,2,P002692,FRIENDS
BK000933,J000014,9505167795,2026-09-02,CONFIRMED,5,P002694,FAMILY
BK000934,J000014,2726147381,2026-09-01,CONFIRMED,1,P002699,INDIVIDUAL
BK000935,J000014,6283922031,2026-08-31,CONFIRMED,8,P002700,GROUP
BK000936,J000014,3662027270,2026-08-30,CONFIRMED,3,P002708,GROUP
BK000937,J000014,3430438588,2026-08-29,CONFIRMED,4,P002711,FRIENDS
BK000938,J000014,9920655365,2026-08-28,CONFIRMED,4,P002715,FAMILY
BK000939,J000015,3916133042,2026-08-28,CONFIRMED,5,P002719,FAMILY
BK000940,J000015,6649026890,2026-08-27,CONFIRMED,5,P002724,FRIENDS
BK000941,J000015,2262719241,2026-08-26,CONFIRMED,4,P002729,FRIENDS
BK000942,J000015,2617859219,2026-08-25,CONFIRMED,1,P002733,INDIVIDUAL
BK000943,J000015,9599527104,2026-08-24,CONFIRMED,1,P002734,INDIVIDUAL
BK000944,J000015,1458953349,2026-08-23,CONFIRMED,1,P002735,INDIVIDUAL
BK000945,J000015,7702690697,2026-08-22,CONFIRMED,1,P002736,INDIVIDUAL
BK000946,J000015,1968856460,2026-08-21,CONFIRMED,3,P002737,FRIENDS
BK000947,J000015,6035970458,2026-08-20,CONFIRMED,2,P002740,FRIENDS
BK000948,J000015,8340373207,2026-08-19,CONFIRMED,3,P002742,GROUP
BK000949,J000015,9550978426,2026-08-18,CONFIRMED,3,P002745,FAMILY
BK000950,J000015,9461797594,2026-09-24,CONFIRMED,4,P002748,CAREGIVER_COMPANION
BK000951,J000015,2729007038,2026-09-23,CONFIRMED,1,P002752,INDIVIDUAL
BK000952,J000015,2001545222,2026-09-22,CONFIRMED,1,P002753,INDIVIDUAL
BK000953,J000015,8976379387,2026-09-21,CONFIRMED,2,P002754,GROUP
BK000954,J000015,9599076297,2026-09-20,CONFIRMED,5,P002756,GROUP
BK000955,J000015,7566779320,2026-09-19,CONFIRMED,3,P002761,FAMILY
BK000956,J000015,5350148118,2026-09-18,CONFIRMED,3,P002764,GROUP
BK000957,J000015,5844590296,2026-09-17,WAITLISTED,1,P002767,INDIVIDUAL
BK000958,J000015,9529730848,2026-09-16,CONFIRMED,6,P002768,FAMILY
BK000959,J000015,3566767504,2026-09-15,CONFIRMED,3,P002774,FAMILY
BK000960,J000015,1713604157,2026-09-14,RAC,3,P002777,GROUP
BK000961,J000015,5101166467,2026-09-13,CONFIRMED,2,P002780,GROUP
BK000962,J000015,6959834089,2026-09-12,CONFIRMED,6,P002782,FAMILY
BK000963,J000015,3098711350,2026-09-11,CONFIRMED,3,P002788,FAMILY
BK000964,J000015,9281073058,2026-09-10,CONFIRMED,4,P002791,FAMILY
BK000965,J000015,3707965863,2026-09-09,CONFIRMED,1,P002795,INDIVIDUAL
BK000966,J000015,6286600665,2026-09-08,CONFIRMED,6,P002796,FAMILY
BK000967,J000015,2519182202,2026-09-07,CONFIRMED,4,P002802,GROUP
BK000968,J000015,2115179476,2026-09-06,CONFIRMED,3,P002806,GROUP
BK000969,J000015,7179321989,2026-09-05,CONFIRMED,8,P002809,CAREGIVER_COMPANION
BK000970,J000015,8136921901,2026-09-04,CONFIRMED,2,P002817,FAMILY
BK000971,J000015,2617664198,2026-09-03,CONFIRMED,6,P002819,FRIENDS
BK000972,J000015,4461630360,2026-09-02,CONFIRMED,4,P002825,FAMILY
BK000973,J000015,4638929576,2026-09-01,CONFIRMED,4,P002829,FRIENDS
BK000974,J000015,1969837820,2026-08-31,CONFIRMED,3,P002833,FRIENDS
BK000975,J000015,8559743411,2026-08-30,CONFIRMED,1,P002836,INDIVIDUAL
BK000976,J000015,5533166571,2026-08-29,CONFIRMED,3,P002837,GROUP
BK000977,J000015,2176568354,2026-08-28,CONFIRMED,2,P002840,GROUP
BK000978,J000015,7064165688,2026-08-27,CONFIRMED,2,P002842,FAMILY
BK000979,J000015,2138503734,2026-08-26,CONFIRMED,3,P002844,FAMILY
BK000980,J000015,3631342234,2026-08-25,CONFIRMED,1,P002847,INDIVIDUAL
BK000981,J000015,1126923292,2026-08-24,CONFIRMED,5,P002848,FAMILY
BK000982,J000015,7771552749,2026-08-23,CONFIRMED,4,P002853,FAMILY
BK000983,J000015,8613265267,2026-08-22,CONFIRMED,2,P002857,FRIENDS
BK000984,J000015,2852258327,2026-08-21,CONFIRMED,6,P002859,FAMILY
BK000985,J000015,4219309403,2026-08-20,CONFIRMED,2,P002865,GROUP
BK000986,J000015,1728143711,2026-08-19,CONFIRMED,2,P002867,FAMILY
BK000987,J000015,6837256665,2026-08-18,CONFIRMED,2,P002869,FRIENDS
BK000988,J000015,1220571548,2026-09-24,CONFIRMED,6,P002871,CAREGIVER_COMPANION
BK000989,J000015,5461165570,2026-09-23,CONFIRMED,2,P002877,GROUP
BK000990,J000015,4416115215,2026-09-22,WAITLISTED,3,P002879,FRIENDS
BK000991,J000015,3071849147,2026-09-21,CONFIRMED,5,P002882,FAMILY
BK000992,J000015,3709532184,2026-09-20,CONFIRMED,2,P002887,FRIENDS
BK000993,J000015,1962641390,2026-09-19,CONFIRMED,2,P002889,GROUP
BK000994,J000015,9803624019,2026-09-18,CONFIRMED,2,P002891,FAMILY
BK000995,J000015,7042162325,2026-09-17,CONFIRMED,5,P002893,FAMILY
BK000996,J000015,6477011503,2026-09-16,CONFIRMED,5,P002898,FRIENDS
BK000997,J000015,3117881400,2026-09-15,CONFIRMED,1,P002903,INDIVIDUAL
BK000998,J000015,9437630348,2026-09-14,CONFIRMED,4,P002904,FAMILY
BK000999,J000015,2095599751,2026-09-13,CONFIRMED,1,P002908,INDIVIDUAL
BK001000,J000015,8521445256,2026-09-12,CANCELLED,4,P002909,FAMILY
BK001001,J000015,9053566958,2026-09-11,CONFIRMED,2,P002913,GROUP
BK001002,J000015,9699327252,2026-09-10,CONFIRMED,4,P002915,FAMILY
BK001003,J000015,4572725239,2026-09-09,CONFIRMED,4,P002919,GROUP
BK001004,J000015,6045991699,2026-09-08,CONFIRMED,1,P002923,INDIVIDUAL
BK001005,J000015,7569826819,2026-09-07,CONFIRMED,5,P002924,FAMILY
BK001006,J000016,8174030950,2026-09-09,CONFIRMED,1,P002929,INDIVIDUAL
BK001007,J000016,4650264924,2026-09-08,CONFIRMED,2,P002930,FRIENDS
BK001008,J000016,7490224715,2026-09-07,CONFIRMED,4,P002932,FAMILY
BK001009,J000016,6575662471,2026-09-06,CONFIRMED,1,P002936,INDIVIDUAL
BK001010,J000016,6070042276,2026-09-05,CONFIRMED,4,P002937,FAMILY
BK001011,J000016,8839801912,2026-09-04,CONFIRMED,3,P002941,FAMILY
BK001012,J000016,2536554126,2026-09-03,CONFIRMED,5,P002944,FRIENDS
BK001013,J000016,3650232483,2026-09-02,CONFIRMED,2,P002949,GROUP
BK001014,J000016,6535954651,2026-09-01,CONFIRMED,2,P002951,FAMILY
BK001015,J000016,9577448600,2026-08-31,CONFIRMED,2,P002953,FRIENDS
BK001016,J000016,9194811850,2026-08-30,CONFIRMED,3,P002955,GROUP
BK001017,J000016,6478936361,2026-08-29,CONFIRMED,5,P002958,FAMILY
BK001018,J000016,4464595000,2026-08-28,CONFIRMED,1,P002963,INDIVIDUAL
BK001019,J000016,2833208106,2026-08-27,CONFIRMED,1,P002964,INDIVIDUAL
BK001020,J000016,6800592739,2026-08-26,CONFIRMED,3,P002965,GROUP
BK001021,J000016,4132673159,2026-08-25,CONFIRMED,2,P002968,GROUP
BK001022,J000016,9647733865,2026-08-24,CONFIRMED,3,P002970,FRIENDS
BK001023,J000016,2361475699,2026-08-23,WAITLISTED,3,P002973,FAMILY
BK001024,J000016,9823227711,2026-08-22,CONFIRMED,2,P002976,FRIENDS
BK001025,J000016,2429209705,2026-08-21,CONFIRMED,2,P002978,GROUP
BK001026,J000016,5288825738,2026-09-27,CONFIRMED,1,P002980,INDIVIDUAL
BK001027,J000016,6855990641,2026-09-26,CONFIRMED,3,P002981,FAMILY
BK001028,J000016,2130954323,2026-09-25,CONFIRMED,4,P002984,FAMILY
BK001029,J000016,3413996916,2026-09-24,CONFIRMED,4,P002988,FRIENDS
BK001030,J000016,8600063691,2026-09-23,CONFIRMED,4,P002992,FAMILY
BK001031,J000016,2849529445,2026-09-22,CONFIRMED,2,P002996,FRIENDS
BK001032,J000016,6286802653,2026-09-21,CONFIRMED,4,P002998,FAMILY
BK001033,J000016,2036518689,2026-09-20,CONFIRMED,3,P003002,FAMILY
BK001034,J000016,9780155135,2026-09-19,CONFIRMED,2,P003005,FAMILY
BK001035,J000016,2207232395,2026-09-18,CONFIRMED,1,P003007,INDIVIDUAL
BK001036,J000016,4106696132,2026-09-17,CONFIRMED,2,P003008,FRIENDS
BK001037,J000016,1218587852,2026-09-16,CONFIRMED,3,P003010,FAMILY
BK001038,J000016,7452831319,2026-09-15,CONFIRMED,3,P003013,FRIENDS
BK001039,J000016,8751954230,2026-09-14,CONFIRMED,4,P003016,GROUP
BK001040,J000016,6666202216,2026-09-13,RAC,4,P003020,FAMILY
BK001041,J000016,4601353634,2026-09-12,CONFIRMED,1,P003024,INDIVIDUAL
BK001042,J000016,5068824767,2026-09-11,CONFIRMED,5,P003025,GROUP
BK001043,J000016,6478796347,2026-09-10,CONFIRMED,4,P003030,GROUP
BK001044,J000016,2447330949,2026-09-09,CONFIRMED,4,P003034,FAMILY
BK001045,J000016,3607133524,2026-09-08,CONFIRMED,1,P003038,INDIVIDUAL
BK001046,J000016,8638064973,2026-09-07,CONFIRMED,4,P003039,FAMILY
BK001047,J000016,3563737389,2026-09-06,CONFIRMED,4,P003043,GROUP
BK001048,J000016,8228384760,2026-09-05,CONFIRMED,7,P003047,GROUP
BK001049,J000016,2659666824,2026-09-04,CONFIRMED,1,P003054,INDIVIDUAL
BK001050,J000016,6871032499,2026-09-03,CONFIRMED,1,P003055,INDIVIDUAL
BK001051,J000016,8838524188,2026-09-02,CONFIRMED,4,P003056,GROUP
BK001052,J000016,8936087619,2026-09-01,CONFIRMED,4,P003060,FAMILY
BK001053,J000016,7809904411,2026-08-31,CONFIRMED,2,P003064,GROUP
BK001054,J000016,1337653441,2026-08-30,CONFIRMED,5,P003066,GROUP
BK001055,J000016,6790201950,2026-08-29,CONFIRMED,4,P003071,GROUP
BK001056,J000016,3954382347,2026-08-28,WAITLISTED,1,P003075,INDIVIDUAL
BK001057,J000016,9452114471,2026-08-27,CONFIRMED,2,P003076,GROUP
BK001058,J000016,8589407455,2026-08-26,CONFIRMED,2,P003078,FAMILY
BK001059,J000016,4592722084,2026-08-25,CONFIRMED,1,P003080,INDIVIDUAL
BK001060,J000016,5262922933,2026-08-24,CONFIRMED,3,P003081,GROUP
BK001061,J000016,3843519591,2026-08-23,CONFIRMED,8,P003084,FRIENDS
BK001062,J000016,8243272711,2026-08-22,CONFIRMED,2,P003092,FAMILY
BK001063,J000016,7846000973,2026-08-21,CONFIRMED,2,P003094,FRIENDS
BK001064,J000016,7227294210,2026-09-27,CONFIRMED,3,P003096,GROUP
BK001065,J000016,4836283145,2026-09-26,CONFIRMED,1,P003099,INDIVIDUAL
BK001066,J000016,1433736178,2026-09-25,CONFIRMED,3,P003100,FRIENDS
BK001067,J000016,2244645616,2026-09-24,CONFIRMED,2,P003103,FRIENDS
BK001068,J000016,6474508396,2026-09-23,CONFIRMED,1,P003105,INDIVIDUAL
BK001069,J000016,6011247473,2026-09-22,CONFIRMED,7,P003106,FAMILY
BK001070,J000016,2520698500,2026-09-21,CONFIRMED,4,P003113,FAMILY
BK001071,J000016,6404709938,2026-09-20,CONFIRMED,1,P003117,INDIVIDUAL
BK001072,J000016,9147473109,2026-09-19,CONFIRMED,2,P003118,FRIENDS
BK001073,J000017,2499552761,2026-09-21,CONFIRMED,2,P003120,GROUP
BK001074,J000017,6567707055,2026-09-20,CONFIRMED,2,P003122,FAMILY
BK001075,J000017,3072200416,2026-09-19,CONFIRMED,6,P003124,FRIENDS
BK001076,J000017,6287728793,2026-09-18,CONFIRMED,1,P003130,INDIVIDUAL
BK001077,J000017,9268964475,2026-09-17,CONFIRMED,1,P003131,INDIVIDUAL
BK001078,J000017,2006509672,2026-09-16,CONFIRMED,7,P003132,FRIENDS
BK001079,J000017,1227358007,2026-09-15,CONFIRMED,1,P003139,INDIVIDUAL
BK001080,J000017,4484909064,2026-09-14,RAC,1,P003140,INDIVIDUAL
BK001081,J000017,9848924646,2026-09-13,CONFIRMED,4,P003141,FRIENDS
BK001082,J000017,1998720373,2026-09-12,CONFIRMED,4,P003145,FAMILY
BK001083,J000017,2468254123,2026-09-11,CONFIRMED,3,P003149,FAMILY
BK001084,J000017,5661634106,2026-09-10,CONFIRMED,3,P003152,GROUP
BK001085,J000017,5063975039,2026-09-09,CONFIRMED,3,P003155,FAMILY
BK001086,J000017,3804686003,2026-09-08,CONFIRMED,2,P003158,FAMILY
BK001087,J000017,9898600204,2026-09-07,CONFIRMED,4,P003160,GROUP
BK001088,J000017,5693130746,2026-09-06,CONFIRMED,1,P003164,INDIVIDUAL
BK001089,J000017,3135794948,2026-09-05,WAITLISTED,1,P003165,INDIVIDUAL
BK001090,J000017,4753365521,2026-09-04,CONFIRMED,1,P003166,INDIVIDUAL
BK001091,J000017,8833366898,2026-09-03,CONFIRMED,3,P003167,FAMILY
BK001092,J000017,7612746741,2026-09-02,CONFIRMED,2,P003170,FRIENDS
BK001093,J000017,3322402755,2026-09-01,CONFIRMED,2,P003172,GROUP
BK001094,J000017,4272254813,2026-08-31,CONFIRMED,3,P003174,FRIENDS
BK001095,J000017,4305309771,2026-08-30,CONFIRMED,5,P003177,FAMILY
BK001096,J000017,7336908897,2026-08-29,CONFIRMED,4,P003182,FAMILY
BK001097,J000017,9125521727,2026-08-28,CONFIRMED,2,P003186,GROUP
BK001098,J000017,6519169312,2026-08-27,CONFIRMED,6,P003188,FAMILY
BK001099,J000017,9168229794,2026-08-26,CONFIRMED,5,P003194,FAMILY
BK001100,J000017,5176331444,2026-08-25,CANCELLED,4,P003199,FAMILY
BK001101,J000017,2535315788,2026-08-24,CONFIRMED,8,P003203,FRIENDS
BK001102,J000017,4119373982,2026-09-30,CONFIRMED,1,P003211,INDIVIDUAL
BK001103,J000017,2421767871,2026-09-29,CONFIRMED,2,P003212,FRIENDS
BK001104,J000017,5521389575,2026-09-28,CONFIRMED,2,P003214,FRIENDS
BK001105,J000017,3075739603,2026-09-27,CONFIRMED,7,P003216,FAMILY
BK001106,J000017,2765423277,2026-09-26,CONFIRMED,2,P003223,FAMILY
BK001107,J000017,4842743707,2026-09-25,CONFIRMED,2,P003225,FRIENDS
BK001108,J000017,3729555139,2026-09-24,CONFIRMED,3,P003227,GROUP
BK001109,J000017,8276011232,2026-09-23,CONFIRMED,4,P003230,FRIENDS
BK001110,J000017,7052321374,2026-09-22,CONFIRMED,3,P003234,FRIENDS
BK001111,J000017,5546713869,2026-09-21,CONFIRMED,4,P003237,GROUP
BK001112,J000017,6730944742,2026-09-20,CONFIRMED,1,P003241,INDIVIDUAL
BK001113,J000017,3401292773,2026-09-19,CONFIRMED,3,P003242,FAMILY
BK001114,J000017,3722296280,2026-09-18,CONFIRMED,4,P003245,FAMILY
BK001115,J000017,8094047223,2026-09-17,CONFIRMED,1,P003249,INDIVIDUAL
BK001116,J000017,5713314431,2026-09-16,CONFIRMED,4,P003250,FAMILY
BK001117,J000017,7756787015,2026-09-15,CONFIRMED,4,P003254,FRIENDS
BK001118,J000017,5559343377,2026-09-14,CONFIRMED,2,P003258,FAMILY
BK001119,J000017,8637640341,2026-09-13,CONFIRMED,2,P003260,FRIENDS
BK001120,J000017,9828248874,2026-09-12,RAC,4,P003262,FAMILY
BK001121,J000017,5118862329,2026-09-11,CONFIRMED,8,P003266,CAREGIVER_COMPANION
BK001122,J000017,2778969899,2026-09-10,WAITLISTED,3,P003274,FRIENDS
BK001123,J000017,5483741250,2026-09-09,CONFIRMED,2,P003277,FRIENDS
BK001124,J000017,5801717494,2026-09-08,CONFIRMED,4,P003279,FAMILY
BK001125,J000017,5908881544,2026-09-07,CONFIRMED,4,P003283,FRIENDS
BK001126,J000017,3182868159,2026-09-06,CONFIRMED,1,P003287,INDIVIDUAL
BK001127,J000017,5241550619,2026-09-05,CONFIRMED,2,P003288,FRIENDS
BK001128,J000017,2781372256,2026-09-04,CONFIRMED,4,P003290,FAMILY
BK001129,J000017,9161102500,2026-09-03,CONFIRMED,3,P003294,FAMILY
BK001130,J000017,4121876497,2026-09-02,CONFIRMED,3,P003297,FRIENDS
BK001131,J000017,3094732260,2026-09-01,CONFIRMED,2,P003300,FRIENDS
BK001132,J000017,9561270958,2026-08-31,CONFIRMED,1,P003302,INDIVIDUAL
BK001133,J000017,8006414710,2026-08-30,CONFIRMED,2,P003303,GROUP
BK001134,J000017,8788121182,2026-08-29,CONFIRMED,3,P003305,FRIENDS
BK001135,J000017,4725828546,2026-08-28,CONFIRMED,6,P003308,FRIENDS
BK001136,J000017,9544883656,2026-08-27,CONFIRMED,8,P003314,FAMILY
BK001137,J000017,8856594485,2026-08-26,CONFIRMED,1,P003322,INDIVIDUAL
BK001138,J000017,8103819024,2026-08-25,CONFIRMED,1,P003323,INDIVIDUAL
BK001139,J000017,6968500089,2026-08-24,CONFIRMED,1,P003324,INDIVIDUAL
BK001140,J000018,8258678311,2026-10-01,CONFIRMED,4,P003325,CAREGIVER_COMPANION
BK001141,J000018,8599892392,2026-09-30,CONFIRMED,2,P003329,GROUP
BK001142,J000018,7478143259,2026-09-29,CONFIRMED,2,P003331,FAMILY
BK001143,J000018,5366563248,2026-09-28,CONFIRMED,1,P003333,INDIVIDUAL
BK001144,J000018,7383185552,2026-09-27,CONFIRMED,6,P003334,FAMILY
BK001145,J000018,5120695527,2026-09-26,CONFIRMED,2,P003340,GROUP
BK001146,J000018,8619842705,2026-09-25,CONFIRMED,3,P003342,FRIENDS
BK001147,J000018,5133869424,2026-09-24,CONFIRMED,3,P003345,FAMILY
BK001148,J000018,1061437687,2026-09-23,CONFIRMED,6,P003348,FAMILY
BK001149,J000018,4050773199,2026-09-22,CONFIRMED,1,P003354,INDIVIDUAL
BK001150,J000018,8910760855,2026-09-21,CONFIRMED,2,P003355,FAMILY
BK001151,J000018,7992168529,2026-09-20,CONFIRMED,2,P003357,FRIENDS
BK001152,J000018,3194792657,2026-09-19,CONFIRMED,1,P003359,INDIVIDUAL
BK001153,J000018,2459449798,2026-09-18,CONFIRMED,6,P003360,GROUP
BK001154,J000018,5317599316,2026-09-17,CONFIRMED,4,P003366,FAMILY
BK001155,J000018,1006151354,2026-09-16,WAITLISTED,7,P003370,FAMILY
BK001156,J000018,8982127696,2026-09-15,CONFIRMED,2,P003377,FRIENDS
BK001157,J000018,5795738873,2026-09-14,CONFIRMED,4,P003379,FRIENDS
BK001158,J000018,3515461246,2026-09-13,CONFIRMED,3,P003383,FRIENDS
BK001159,J000018,4193327731,2026-09-12,CONFIRMED,2,P003386,FRIENDS
BK001160,J000018,3297666269,2026-09-11,RAC,4,P003388,FAMILY
BK001161,J000018,5175268941,2026-09-10,CONFIRMED,4,P003392,FRIENDS
BK001162,J000018,6190597974,2026-09-09,CONFIRMED,3,P003396,FRIENDS
BK001163,J000018,3312795126,2026-09-08,CONFIRMED,3,P003399,FAMILY
BK001164,J000018,1734678713,2026-09-07,CONFIRMED,3,P003402,GROUP
BK001165,J000018,6868916904,2026-09-06,CONFIRMED,7,P003405,FAMILY
BK001166,J000018,5543518928,2026-09-05,CONFIRMED,8,P003412,FAMILY
BK001167,J000018,6217969491,2026-09-04,CONFIRMED,8,P003420,GROUP
BK001168,J000018,2048550045,2026-09-03,CONFIRMED,5,P003428,FRIENDS
BK001169,J000018,2925910781,2026-09-02,CONFIRMED,4,P003433,FRIENDS
BK001170,J000018,2412477868,2026-09-01,CONFIRMED,7,P003437,FRIENDS
BK001171,J000018,2703181257,2026-08-31,CONFIRMED,2,P003444,FRIENDS
BK001172,J000018,9717748127,2026-08-30,CONFIRMED,4,P003446,FAMILY
BK001173,J000018,3198421746,2026-08-29,CONFIRMED,1,P003450,INDIVIDUAL
BK001174,J000018,7995300364,2026-08-28,CONFIRMED,1,P003451,INDIVIDUAL
BK001175,J000018,6032259883,2026-08-27,CONFIRMED,2,P003452,FRIENDS
BK001176,J000018,8250291797,2026-08-26,CONFIRMED,2,P003454,FRIENDS
BK001177,J000018,4111585710,2026-08-25,CONFIRMED,8,P003456,FRIENDS
BK001178,J000018,7667060244,2026-10-01,CONFIRMED,2,P003464,FAMILY
BK001179,J000018,1947753511,2026-09-30,CONFIRMED,1,P003466,INDIVIDUAL
BK001180,J000018,9637232395,2026-09-29,CONFIRMED,1,P003467,INDIVIDUAL
BK001181,J000018,4839890788,2026-09-28,CONFIRMED,4,P003468,FRIENDS
BK001182,J000018,1858480791,2026-09-27,CONFIRMED,3,P003472,FRIENDS
BK001183,J000018,4541389280,2026-09-26,CONFIRMED,3,P003475,FAMILY
BK001184,J000018,9568539393,2026-09-25,CONFIRMED,5,P003478,FRIENDS
BK001185,J000018,4168350479,2026-09-24,CONFIRMED,3,P003483,FAMILY
BK001186,J000018,7774643829,2026-09-23,CONFIRMED,2,P003486,FAMILY
BK001187,J000018,1833661773,2026-09-22,CONFIRMED,1,P003488,INDIVIDUAL
BK001188,J000018,9580767836,2026-09-21,WAITLISTED,4,P003489,FAMILY
BK001189,J000018,7101413857,2026-09-20,CONFIRMED,4,P003493,FRIENDS
BK001190,J000018,3235568891,2026-09-19,CONFIRMED,6,P003497,FAMILY
BK001191,J000018,2742464156,2026-09-18,CONFIRMED,3,P003503,FAMILY
BK001192,J000018,3154029555,2026-09-17,CONFIRMED,3,P003506,GROUP
BK001193,J000018,7491589944,2026-09-16,CONFIRMED,3,P003509,FAMILY
BK001194,J000018,1203290382,2026-09-15,CONFIRMED,6,P003512,FAMILY
BK001195,J000018,5740728594,2026-09-14,CONFIRMED,3,P003518,FAMILY
BK001196,J000018,4180563616,2026-09-13,CONFIRMED,7,P003521,GROUP
BK001197,J000018,3253933573,2026-09-12,CONFIRMED,1,P003528,INDIVIDUAL
BK001198,J000018,2236405138,2026-09-11,CONFIRMED,2,P003529,FAMILY
BK001199,J000018,1546344912,2026-09-10,CONFIRMED,1,P003531,INDIVIDUAL
BK001200,J000018,1691955385,2026-09-09,CANCELLED,4,P003532,FAMILY
BK001201,J000018,7648898731,2026-09-08,CONFIRMED,1,P003536,INDIVIDUAL
BK001202,J000018,9269050711,2026-09-07,CONFIRMED,2,P003537,FAMILY
BK001203,J000018,7899133360,2026-09-06,CONFIRMED,2,P003539,FRIENDS
BK001204,J000018,6488687048,2026-09-05,CONFIRMED,3,P003541,GROUP
BK001205,J000018,7485310385,2026-09-04,CONFIRMED,5,P003544,FAMILY
BK001206,J000018,7139254471,2026-09-03,CONFIRMED,1,P003549,INDIVIDUAL
BK001207,J000019,8612469673,2026-08-28,CONFIRMED,6,P003550,FRIENDS
BK001208,J000019,2180927418,2026-08-27,CONFIRMED,2,P003556,FRIENDS
BK001209,J000019,5422989775,2026-08-26,CONFIRMED,1,P003558,INDIVIDUAL
BK001210,J000019,4171113997,2026-08-25,CONFIRMED,6,P003559,FAMILY
BK001211,J000019,9464971419,2026-08-24,CONFIRMED,4,P003565,GROUP
BK001212,J000019,7341137936,2026-08-23,CONFIRMED,3,P003569,GROUP
BK001213,J000019,8918895913,2026-08-22,CONFIRMED,4,P003572,FRIENDS
BK001214,J000019,8035981310,2026-08-21,CONFIRMED,1,P003576,INDIVIDUAL
BK001215,J000019,1627389562,2026-08-20,CONFIRMED,8,P003577,GROUP
BK001216,J000019,9608551807,2026-09-26,CONFIRMED,1,P003585,INDIVIDUAL
BK001217,J000019,1116405564,2026-09-25,CONFIRMED,3,P003586,FAMILY
BK001218,J000019,7316934364,2026-09-24,CONFIRMED,2,P003589,FAMILY
BK001219,J000019,1701770986,2026-09-23,CONFIRMED,6,P003591,FRIENDS
BK001220,J000019,4308990792,2026-09-22,CONFIRMED,4,P003597,FAMILY
BK001221,J000019,3744311373,2026-09-21,WAITLISTED,4,P003601,FRIENDS
BK001222,J000019,1733181268,2026-09-20,CONFIRMED,5,P003605,GROUP
BK001223,J000019,5261083946,2026-09-19,CONFIRMED,3,P003610,FAMILY
BK001224,J000019,6668143952,2026-09-18,CONFIRMED,1,P003613,INDIVIDUAL
BK001225,J000019,7593121079,2026-09-17,CONFIRMED,2,P003614,GROUP
BK001226,J000019,9520552919,2026-09-16,CONFIRMED,4,P003616,FAMILY
BK001227,J000019,9454846285,2026-09-15,CONFIRMED,3,P003620,FAMILY
BK001228,J000019,2082375115,2026-09-14,CONFIRMED,1,P003623,INDIVIDUAL
BK001229,J000019,5338598802,2026-09-13,CONFIRMED,3,P003624,FAMILY
BK001230,J000019,5559350224,2026-09-12,CONFIRMED,1,P003627,INDIVIDUAL
BK001231,J000019,9931735529,2026-09-11,CONFIRMED,2,P003628,FRIENDS
BK001232,J000019,8797214616,2026-09-10,CONFIRMED,1,P003630,INDIVIDUAL
BK001233,J000019,2791575645,2026-09-09,CONFIRMED,2,P003631,GROUP
BK001234,J000019,9625304170,2026-09-08,CONFIRMED,2,P003633,FAMILY
BK001235,J000019,5093024702,2026-09-07,CONFIRMED,2,P003635,FRIENDS
BK001236,J000019,2630993833,2026-09-06,CONFIRMED,2,P003637,FRIENDS
BK001237,J000019,7382644281,2026-09-05,CONFIRMED,2,P003639,GROUP
BK001238,J000019,6839486132,2026-09-04,CONFIRMED,8,P003641,FAMILY
BK001239,J000019,6786271365,2026-09-03,CONFIRMED,3,P003649,FAMILY
BK001240,J000019,1416464294,2026-09-02,RAC,2,P003652,FRIENDS
BK001241,J000019,3440672111,2026-09-01,CONFIRMED,4,P003654,FRIENDS
BK001242,J000019,2301362196,2026-08-31,CONFIRMED,3,P003658,FRIENDS
BK001243,J000019,8683865546,2026-08-30,CONFIRMED,4,P003661,GROUP
BK001244,J000019,5449130251,2026-08-29,CONFIRMED,2,P003665,FRIENDS
BK001245,J000019,2002794623,2026-08-28,CONFIRMED,4,P003667,FRIENDS
BK001246,J000019,4903400359,2026-08-27,CONFIRMED,1,P003671,INDIVIDUAL
BK001247,J000019,7746084410,2026-08-26,CONFIRMED,2,P003672,FRIENDS
BK001248,J000019,4807935039,2026-08-25,CONFIRMED,4,P003674,FAMILY
BK001249,J000019,7268523022,2026-08-24,CONFIRMED,4,P003678,FRIENDS
BK001250,J000019,7505715481,2026-08-23,CONFIRMED,4,P003682,FAMILY
BK001251,J000019,3120865811,2026-08-22,CONFIRMED,2,P003686,FRIENDS
BK001252,J000019,7657669740,2026-08-21,CONFIRMED,3,P003688,GROUP
BK001253,J000019,8631532600,2026-08-20,CONFIRMED,4,P003691,FRIENDS
BK001254,J000019,6778236046,2026-09-26,WAITLISTED,1,P003695,INDIVIDUAL
BK001255,J000019,6199990105,2026-09-25,CONFIRMED,2,P003696,FRIENDS
BK001256,J000019,7072234963,2026-09-24,CONFIRMED,1,P003698,INDIVIDUAL
BK001257,J000019,9000397061,2026-09-23,CONFIRMED,4,P003699,FRIENDS
BK001258,J000019,9760570727,2026-09-22,CONFIRMED,1,P003703,INDIVIDUAL
BK001259,J000019,9429432847,2026-09-21,CONFIRMED,3,P003704,FAMILY
BK001260,J000019,8651753255,2026-09-20,CONFIRMED,2,P003707,FRIENDS
BK001261,J000019,4682644650,2026-09-19,CONFIRMED,1,P003709,INDIVIDUAL
BK001262,J000019,1197135500,2026-09-18,CONFIRMED,1,P003710,INDIVIDUAL
BK001263,J000019,7159519835,2026-09-17,CONFIRMED,4,P003711,GROUP
BK001264,J000019,3897612107,2026-09-16,CONFIRMED,4,P003715,FAMILY
BK001265,J000019,4752989920,2026-09-15,CONFIRMED,3,P003719,FAMILY
BK001266,J000019,1107303974,2026-09-14,CONFIRMED,5,P003722,GROUP
BK001267,J000019,4010185861,2026-09-13,CONFIRMED,2,P003727,FRIENDS
BK001268,J000019,6722380852,2026-09-12,CONFIRMED,2,P003729,FRIENDS
BK001269,J000019,7457357847,2026-09-11,CONFIRMED,3,P003731,FAMILY
BK001270,J000019,4328365637,2026-09-10,CONFIRMED,2,P003734,FAMILY
BK001271,J000019,4325495928,2026-09-09,CONFIRMED,1,P003736,INDIVIDUAL
BK001272,J000019,9589803095,2026-09-08,CONFIRMED,1,P003737,INDIVIDUAL
BK001273,J000019,5963372022,2026-09-07,CONFIRMED,2,P003738,GROUP
BK001274,J000020,4845596960,2026-09-13,CONFIRMED,2,P003740,FAMILY
BK001275,J000020,2227270257,2026-09-12,CONFIRMED,6,P003742,FRIENDS
BK001276,J000020,2638633220,2026-09-11,CONFIRMED,1,P003748,INDIVIDUAL
BK001277,J000020,4573022321,2026-09-10,CONFIRMED,1,P003749,INDIVIDUAL
BK001278,J000020,1881160524,2026-09-09,CONFIRMED,5,P003750,GROUP
BK001279,J000020,9255267598,2026-09-08,CONFIRMED,4,P003755,GROUP
BK001280,J000020,6418348614,2026-09-07,RAC,1,P003759,INDIVIDUAL
BK001281,J000020,4377682035,2026-09-06,CONFIRMED,2,P003760,GROUP
BK001282,J000020,2201021737,2026-09-05,CONFIRMED,6,P003762,FAMILY
BK001283,J000020,3555999118,2026-09-04,CONFIRMED,1,P003768,INDIVIDUAL
BK001284,J000020,5791461055,2026-09-03,CONFIRMED,1,P003769,INDIVIDUAL
BK001285,J000020,7049110369,2026-09-02,CONFIRMED,2,P003770,GROUP
BK001286,J000020,9407342654,2026-09-01,CONFIRMED,2,P003772,FAMILY
BK001287,J000020,9881709867,2026-08-31,WAITLISTED,1,P003774,INDIVIDUAL
BK001288,J000020,8575223234,2026-08-30,CONFIRMED,4,P003775,FAMILY
BK001289,J000020,3894518018,2026-08-29,CONFIRMED,2,P003779,GROUP
BK001290,J000020,9131221707,2026-08-28,CONFIRMED,4,P003781,FAMILY
BK001291,J000020,1295039449,2026-08-27,CONFIRMED,1,P003785,INDIVIDUAL
BK001292,J000020,5005632963,2026-10-03,CONFIRMED,2,P003786,FRIENDS
BK001293,J000020,7073329288,2026-10-02,CONFIRMED,2,P003788,GROUP
BK001294,J000020,4983291043,2026-10-01,CONFIRMED,2,P003790,FAMILY
BK001295,J000020,5126735816,2026-09-30,CONFIRMED,4,P003792,GROUP
BK001296,J000020,6801286177,2026-09-29,CONFIRMED,1,P003796,INDIVIDUAL
BK001297,J000020,2174520040,2026-09-28,CONFIRMED,1,P003797,INDIVIDUAL
BK001298,J000020,5621459470,2026-09-27,CONFIRMED,1,P003798,INDIVIDUAL
BK001299,J000020,1374113110,2026-09-26,CONFIRMED,4,P003799,GROUP
BK001300,J000020,5064206511,2026-09-25,CANCELLED,3,P003803,GROUP
BK001301,J000020,4474328340,2026-09-24,CONFIRMED,3,P003806,FAMILY
BK001302,J000020,4557225316,2026-09-23,CONFIRMED,6,P003809,FAMILY
BK001303,J000020,6472112819,2026-09-22,CONFIRMED,8,P003815,GROUP
BK001304,J000020,8580864907,2026-09-21,CONFIRMED,1,P003823,INDIVIDUAL
BK001305,J000020,2139576341,2026-09-20,CONFIRMED,4,P003824,FRIENDS
BK001306,J000020,6589623472,2026-09-19,CONFIRMED,6,P003828,FAMILY
BK001307,J000020,4654636411,2026-09-18,CONFIRMED,2,P003834,FRIENDS
BK001308,J000020,1142826617,2026-09-17,CONFIRMED,8,P003836,FAMILY
BK001309,J000020,5676594894,2026-09-16,CONFIRMED,7,P003844,FAMILY
BK001310,J000020,8124177179,2026-09-15,CONFIRMED,3,P003851,FRIENDS
BK001311,J000020,6843663720,2026-09-14,CONFIRMED,6,P003854,CAREGIVER_COMPANION
BK001312,J000020,4172154945,2026-09-13,CONFIRMED,1,P003860,INDIVIDUAL
BK001313,J000020,8678337461,2026-09-12,CONFIRMED,1,P003861,INDIVIDUAL
BK001314,J000020,6414846475,2026-09-11,CONFIRMED,4,P003862,FAMILY
BK001315,J000020,4492454118,2026-09-10,CONFIRMED,1,P003866,INDIVIDUAL
BK001316,J000020,6907247705,2026-09-09,CONFIRMED,2,P003867,FRIENDS
BK001317,J000020,3312758179,2026-09-08,CONFIRMED,5,P003869,FAMILY
BK001318,J000020,3318082591,2026-09-07,CONFIRMED,1,P003874,INDIVIDUAL
BK001319,J000020,7814743981,2026-09-06,CONFIRMED,4,P003875,GROUP
BK001320,J000020,7628204942,2026-09-05,RAC,3,P003879,GROUP
BK001321,J000020,5168522812,2026-09-04,CONFIRMED,4,P003882,FRIENDS
BK001322,J000020,5170213366,2026-09-03,CONFIRMED,1,P003886,INDIVIDUAL
BK001323,J000020,1890058854,2026-09-02,CONFIRMED,2,P003887,FRIENDS
BK001324,J000020,6918869029,2026-09-01,CONFIRMED,1,P003889,INDIVIDUAL
BK001325,J000020,4081713959,2026-08-31,CONFIRMED,4,P003890,FRIENDS
BK001326,J000020,5527747928,2026-08-30,CONFIRMED,2,P003894,FAMILY
BK001327,J000020,6853266278,2026-08-29,CONFIRMED,2,P003896,FRIENDS
BK001328,J000020,5322873042,2026-08-28,CONFIRMED,2,P003898,FRIENDS
BK001329,J000020,7534527858,2026-08-27,CONFIRMED,2,P003900,GROUP
BK001330,J000020,2603325901,2026-10-03,CONFIRMED,2,P003902,FAMILY
BK001331,J000020,2364354290,2026-10-02,CONFIRMED,3,P003904,FAMILY
BK001332,J000020,1338475924,2026-10-01,CONFIRMED,2,P003907,FRIENDS
BK001333,J000020,6731681323,2026-09-30,CONFIRMED,2,P003909,GROUP
BK001334,J000020,6074133049,2026-09-29,CONFIRMED,4,P003911,FAMILY
BK001335,J000020,8486751574,2026-09-28,CONFIRMED,4,P003915,GROUP
BK001336,J000020,9829887564,2026-09-27,CONFIRMED,1,P003919,INDIVIDUAL
BK001337,J000020,8818871524,2026-09-26,CONFIRMED,2,P003920,GROUP
BK001338,J000020,1393090762,2026-09-25,CONFIRMED,3,P003922,FRIENDS
BK001339,J000020,9358284623,2026-09-24,CONFIRMED,4,P003925,GROUP
BK001340,J000020,1812573014,2026-09-23,CONFIRMED,3,P003929,GROUP
BK001341,J000021,8629751070,2026-09-29,CONFIRMED,2,P003932,GROUP
BK001342,J000021,3761511067,2026-09-28,CONFIRMED,3,P003934,FRIENDS
BK001343,J000021,8656373450,2026-09-27,CONFIRMED,2,P003937,FRIENDS
BK001344,J000021,3565746956,2026-09-26,CONFIRMED,1,P003939,INDIVIDUAL
BK001345,J000021,1788492508,2026-09-25,CONFIRMED,3,P003940,FAMILY
BK001346,J000021,9603027125,2026-09-24,CONFIRMED,1,P003943,INDIVIDUAL
BK001347,J000021,8104691635,2026-09-23,CONFIRMED,4,P003944,GROUP
BK001348,J000021,3453963138,2026-09-22,CONFIRMED,4,P003948,FAMILY
BK001349,J000021,3809589404,2026-09-21,CONFIRMED,8,P003952,CAREGIVER_COMPANION
BK001350,J000021,9615417231,2026-09-20,CONFIRMED,1,P003960,INDIVIDUAL
BK001351,J000021,6698880553,2026-09-19,CONFIRMED,4,P003961,GROUP
BK001352,J000021,7732187713,2026-09-18,CONFIRMED,3,P003965,GROUP
BK001353,J000021,6048066141,2026-09-17,WAITLISTED,3,P003968,FAMILY
BK001354,J000021,7358867055,2026-09-16,CONFIRMED,1,P003971,INDIVIDUAL
BK001355,J000021,9266537097,2026-09-15,CONFIRMED,2,P003972,FRIENDS
BK001356,J000021,8433383771,2026-09-14,CONFIRMED,2,P003974,FRIENDS
BK001357,J000021,1752495380,2026-09-13,CONFIRMED,5,P003976,FAMILY
BK001358,J000021,8101297792,2026-09-12,CONFIRMED,1,P003981,INDIVIDUAL
BK001359,J000021,1360212814,2026-09-11,CONFIRMED,2,P003982,FRIENDS
BK001360,J000021,1119802240,2026-09-10,RAC,1,P003984,INDIVIDUAL
BK001361,J000021,9924634031,2026-09-09,CONFIRMED,2,P003985,GROUP
BK001362,J000021,2722260913,2026-09-08,CONFIRMED,4,P003987,FAMILY
BK001363,J000021,2207185892,2026-09-07,CONFIRMED,2,P003991,FRIENDS
BK001364,J000021,8525619358,2026-09-06,CONFIRMED,2,P003993,FRIENDS
BK001365,J000021,9603001879,2026-09-05,CONFIRMED,2,P003995,GROUP
BK001366,J000021,7715498673,2026-09-04,CONFIRMED,4,P003997,FAMILY
BK001367,J000021,1331461782,2026-09-03,CONFIRMED,1,P004001,INDIVIDUAL
BK001368,J000021,8201064554,2026-10-10,CONFIRMED,2,P004002,FRIENDS
BK001369,J000021,7550283748,2026-10-09,CONFIRMED,4,P004004,FRIENDS
BK001370,J000021,6350294871,2026-10-08,CONFIRMED,2,P004008,FAMILY
BK001371,J000021,1987225230,2026-10-07,CONFIRMED,5,P004010,FAMILY
BK001372,J000021,8405836527,2026-10-06,CONFIRMED,7,P004015,GROUP
BK001373,J000021,7391303735,2026-10-05,CONFIRMED,2,P004022,GROUP
BK001374,J000021,3686958981,2026-10-04,CONFIRMED,5,P004024,GROUP
BK001375,J000021,4938656740,2026-10-03,CONFIRMED,1,P004029,INDIVIDUAL
BK001376,J000021,3155799398,2026-10-02,CONFIRMED,3,P004030,GROUP
BK001377,J000021,4573229563,2026-10-01,CONFIRMED,3,P004033,FAMILY
BK001378,J000021,1379619811,2026-09-30,CONFIRMED,3,P004036,FRIENDS
BK001379,J000021,8229333893,2026-09-29,CONFIRMED,3,P004039,FAMILY
BK001380,J000021,5484590797,2026-09-28,CONFIRMED,4,P004042,FAMILY
BK001381,J000021,3215867719,2026-09-27,CONFIRMED,4,P004046,FRIENDS
BK001382,J000021,7887221078,2026-09-26,CONFIRMED,2,P004050,FAMILY
BK001383,J000021,9183432633,2026-09-25,CONFIRMED,1,P004052,INDIVIDUAL
BK001384,J000021,2979581944,2026-09-24,CONFIRMED,1,P004053,INDIVIDUAL
BK001385,J000021,7213673585,2026-09-23,CONFIRMED,4,P004054,FRIENDS
BK001386,J000021,9723090612,2026-09-22,WAITLISTED,1,P004058,INDIVIDUAL
BK001387,J000021,2306453422,2026-09-21,CONFIRMED,1,P004059,INDIVIDUAL
BK001388,J000021,7185294719,2026-09-20,CONFIRMED,2,P004060,FRIENDS
BK001389,J000021,8090525247,2026-09-19,CONFIRMED,6,P004062,GROUP
BK001390,J000021,7947987614,2026-09-18,CONFIRMED,2,P004068,FAMILY
BK001391,J000021,7396016106,2026-09-17,CONFIRMED,4,P004070,GROUP
BK001392,J000021,6359087246,2026-09-16,CONFIRMED,5,P004074,FRIENDS
BK001393,J000021,3200741394,2026-09-15,CONFIRMED,2,P004079,GROUP
BK001394,J000021,1919604912,2026-09-14,CONFIRMED,4,P004081,FAMILY
BK001395,J000021,6389033475,2026-09-13,CONFIRMED,1,P004085,INDIVIDUAL
BK001396,J000021,9152113496,2026-09-12,CONFIRMED,3,P004086,GROUP
BK001397,J000021,2999862358,2026-09-11,CONFIRMED,4,P004089,FRIENDS
BK001398,J000021,3650956997,2026-09-10,CONFIRMED,4,P004093,FAMILY
BK001399,J000021,2470602863,2026-09-09,CONFIRMED,1,P004097,INDIVIDUAL
BK001400,J000021,6939238605,2026-09-08,CANCELLED,1,P004098,INDIVIDUAL
BK001401,J000021,6538953924,2026-09-07,CONFIRMED,4,P004099,FRIENDS
BK001402,J000021,2256256105,2026-09-06,CONFIRMED,8,P004103,FAMILY
BK001403,J000021,1760028992,2026-09-05,CONFIRMED,2,P004111,FRIENDS
BK001404,J000021,6015952277,2026-09-04,CONFIRMED,2,P004113,FRIENDS
BK001405,J000021,3962794474,2026-09-03,CONFIRMED,3,P004115,FAMILY
BK001406,J000021,4615690483,2026-10-10,CONFIRMED,2,P004118,FAMILY
BK001407,J000021,8087843101,2026-10-09,CONFIRMED,4,P004120,GROUP
BK001408,J000022,6549028620,2026-10-15,CONFIRMED,1,P004124,INDIVIDUAL
BK001409,J000022,2592603766,2026-10-14,CONFIRMED,1,P004125,INDIVIDUAL
BK001410,J000022,1042442660,2026-10-13,CONFIRMED,2,P004126,FAMILY
BK001411,J000022,4095265574,2026-10-12,CONFIRMED,3,P004128,FAMILY
BK001412,J000022,2394212685,2026-10-11,CONFIRMED,1,P004131,INDIVIDUAL
BK001413,J000022,3037337142,2026-10-10,CONFIRMED,3,P004132,FAMILY
BK001414,J000022,1009500674,2026-10-09,CONFIRMED,1,P004135,INDIVIDUAL
BK001415,J000022,4509139769,2026-10-08,CONFIRMED,5,P004136,FAMILY
BK001416,J000022,6636537831,2026-10-07,CONFIRMED,2,P004141,FRIENDS
BK001417,J000022,6410522094,2026-10-06,CONFIRMED,4,P004143,FRIENDS
BK001418,J000022,3072899084,2026-10-05,CONFIRMED,1,P004147,INDIVIDUAL
BK001419,J000022,7942412884,2026-10-04,WAITLISTED,3,P004148,FAMILY
BK001420,J000022,1627806953,2026-10-03,CONFIRMED,6,P004151,FAMILY
BK001421,J000022,4920365155,2026-10-02,CONFIRMED,5,P004157,FAMILY
BK001422,J000022,1921918796,2026-10-01,CONFIRMED,5,P004162,GROUP
BK001423,J000022,3847385516,2026-09-30,CONFIRMED,2,P004167,FRIENDS
BK001424,J000022,4709033840,2026-09-29,CONFIRMED,4,P004169,FAMILY
BK001425,J000022,7554721274,2026-09-28,CONFIRMED,5,P004173,CAREGIVER_COMPANION
BK001426,J000022,2508568163,2026-09-27,CONFIRMED,1,P004178,INDIVIDUAL
BK001427,J000022,6229602252,2026-09-26,CONFIRMED,4,P004179,GROUP
BK001428,J000022,8149277649,2026-09-25,CONFIRMED,1,P004183,INDIVIDUAL
BK001429,J000022,2004045543,2026-09-24,CONFIRMED,2,P004184,GROUP
BK001430,J000022,4160938878,2026-09-23,CONFIRMED,6,P004186,FAMILY
BK001431,J000022,6869312778,2026-09-22,CONFIRMED,5,P004192,FAMILY
BK001432,J000022,3922195211,2026-09-21,CONFIRMED,1,P004197,INDIVIDUAL
BK001433,J000022,7904465621,2026-09-20,CONFIRMED,1,P004198,INDIVIDUAL
BK001434,J000022,2205777190,2026-09-19,CONFIRMED,5,P004199,GROUP
BK001435,J000022,9801197918,2026-09-18,CONFIRMED,3,P004204,FAMILY
BK001436,J000022,8130921916,2026-09-17,CONFIRMED,2,P004207,FRIENDS
BK001437,J000022,1546492817,2026-09-16,CONFIRMED,4,P004209,FRIENDS
BK001438,J000022,1427964062,2026-09-15,CONFIRMED,4,P004213,FAMILY
BK001439,J000022,1611144469,2026-09-14,CONFIRMED,7,P004217,FAMILY
BK001440,J000022,6953970284,2026-09-13,RAC,6,P004224,FAMILY
BK001441,J000022,3954143049,2026-09-12,CONFIRMED,8,P004230,FRIENDS
BK001442,J000022,9248186946,2026-09-11,CONFIRMED,1,P004238,INDIVIDUAL
BK001443,J000022,7594004829,2026-09-10,CONFIRMED,4,P004239,GROUP
BK001444,J000022,4258478752,2026-10-17,CONFIRMED,3,P004243,GROUP
BK001445,J000022,1971329502,2026-10-16,CONFIRMED,5,P004246,FAMILY
BK001446,J000022,7935349108,2026-10-15,CONFIRMED,1,P004251,INDIVIDUAL
BK001447,J000022,8655484967,2026-10-14,CONFIRMED,8,P004252,GROUP
BK001448,J000022,6186577933,2026-10-13,CONFIRMED,1,P004260,INDIVIDUAL
BK001449,J000022,8535958126,2026-10-12,CONFIRMED,7,P004261,FAMILY
BK001450,J000022,6596909328,2026-10-11,CONFIRMED,2,P004268,FAMILY
BK001451,J000022,1073904860,2026-10-10,CONFIRMED,6,P004270,FRIENDS
BK001452,J000022,6727219341,2026-10-09,WAITLISTED,1,P004276,INDIVIDUAL
BK001453,J000022,4713895278,2026-10-08,CONFIRMED,2,P004277,GROUP
BK001454,J000022,9671622169,2026-10-07,CONFIRMED,4,P004279,FAMILY
BK001455,J000022,9846611276,2026-10-06,CONFIRMED,4,P004283,GROUP
BK001456,J000022,3272696650,2026-10-05,CONFIRMED,4,P004287,FAMILY
BK001457,J000022,9962700821,2026-10-04,CONFIRMED,1,P004291,INDIVIDUAL
BK001458,J000022,1832776464,2026-10-03,CONFIRMED,2,P004292,FAMILY
BK001459,J000022,6641086323,2026-10-02,CONFIRMED,2,P004294,FRIENDS
BK001460,J000022,2416504714,2026-10-01,CONFIRMED,4,P004296,FAMILY
BK001461,J000022,3682511383,2026-09-30,CONFIRMED,1,P004300,INDIVIDUAL
BK001462,J000022,6112134097,2026-09-29,CONFIRMED,2,P004301,FAMILY
BK001463,J000022,9576698401,2026-09-28,CONFIRMED,3,P004303,FAMILY
BK001464,J000022,5164296346,2026-09-27,CONFIRMED,4,P004306,FAMILY
BK001465,J000022,7645819615,2026-09-26,CONFIRMED,3,P004310,FAMILY
BK001466,J000022,2073007337,2026-09-25,CONFIRMED,2,P004313,FAMILY
BK001467,J000022,3153631325,2026-09-24,CONFIRMED,4,P004315,GROUP
BK001468,J000022,4460515043,2026-09-23,CONFIRMED,4,P004319,FAMILY
BK001469,J000022,5712656685,2026-09-22,CONFIRMED,2,P004323,GROUP
BK001470,J000022,3852496089,2026-09-21,CONFIRMED,2,P004325,FAMILY
BK001471,J000022,8005162400,2026-09-20,CONFIRMED,2,P004327,FRIENDS
BK001472,J000022,1915045055,2026-09-19,CONFIRMED,3,P004329,GROUP
BK001473,J000022,8427253108,2026-09-18,CONFIRMED,1,P004332,INDIVIDUAL
BK001474,J000022,3561120060,2026-09-17,CONFIRMED,3,P004333,FRIENDS
BK001475,J000023,6343486680,2026-09-23,CONFIRMED,4,P004336,GROUP
BK001476,J000023,1025186386,2026-09-22,CONFIRMED,1,P004340,INDIVIDUAL
BK001477,J000023,6358956196,2026-09-21,CONFIRMED,2,P004341,GROUP
BK001478,J000023,6651218295,2026-09-20,CONFIRMED,2,P004343,FAMILY
BK001479,J000023,9905714733,2026-09-19,CONFIRMED,4,P004345,GROUP
BK001480,J000023,1851804993,2026-09-18,RAC,4,P004349,FAMILY
BK001481,J000023,3461626984,2026-09-17,CONFIRMED,1,P004353,INDIVIDUAL
BK001482,J000023,2579416013,2026-10-24,CONFIRMED,1,P004354,INDIVIDUAL
BK001483,J000023,9490391797,2026-10-23,CONFIRMED,6,P004355,FRIENDS
BK001484,J000023,2311588578,2026-10-22,CONFIRMED,4,P004361,FAMILY
BK001485,J000023,5708462018,2026-10-21,WAITLISTED,1,P004365,INDIVIDUAL
BK001486,J000023,8010500687,2026-10-20,CONFIRMED,2,P004366,FAMILY
BK001487,J000023,9150491856,2026-10-19,CONFIRMED,2,P004368,FRIENDS
BK001488,J000023,9329687201,2026-10-18,CONFIRMED,4,P004370,FAMILY
BK001489,J000023,2934946564,2026-10-17,CONFIRMED,2,P004374,GROUP
BK001490,J000023,2671697629,2026-10-16,CONFIRMED,2,P004376,FAMILY
BK001491,J000023,7992962381,2026-10-15,CONFIRMED,1,P004378,INDIVIDUAL
BK001492,J000023,3431404128,2026-10-14,CONFIRMED,3,P004379,GROUP
BK001493,J000023,1469754771,2026-10-13,CONFIRMED,1,P004382,INDIVIDUAL
BK001494,J000023,5142471793,2026-10-12,CONFIRMED,2,P004383,FAMILY
BK001495,J000023,5360672015,2026-10-11,CONFIRMED,3,P004385,FAMILY
BK001496,J000023,3102728552,2026-10-10,CONFIRMED,2,P004388,FRIENDS
BK001497,J000023,2446029450,2026-10-09,CONFIRMED,2,P004390,GROUP
BK001498,J000023,8818151181,2026-10-08,CONFIRMED,2,P004392,FAMILY
BK001499,J000023,8392997403,2026-10-07,CONFIRMED,1,P004394,INDIVIDUAL
BK001500,J000023,4966705552,2026-10-06,CANCELLED,4,P004395,FAMILY
BK001501,J000023,8725393903,2026-10-05,CONFIRMED,1,P004399,INDIVIDUAL
BK001502,J000023,4653387018,2026-10-04,CONFIRMED,4,P004400,FAMILY
BK001503,J000023,6787022672,2026-10-03,CONFIRMED,3,P004404,FAMILY
BK001504,J000023,4561573399,2026-10-02,CONFIRMED,3,P004407,GROUP
BK001505,J000023,4131782390,2026-10-01,CONFIRMED,2,P004410,GROUP
BK001506,J000023,9944162477,2026-09-30,CONFIRMED,2,P004412,FAMILY
BK001507,J000023,8532202897,2026-09-29,CONFIRMED,2,P004414,FRIENDS
BK001508,J000023,5264688360,2026-09-28,CONFIRMED,1,P004416,INDIVIDUAL
BK001509,J000023,9209824093,2026-09-27,CONFIRMED,8,P004417,FRIENDS
BK001510,J000023,6953747627,2026-09-26,CONFIRMED,6,P004425,FAMILY
BK001511,J000023,4472851005,2026-09-25,CONFIRMED,3,P004431,FAMILY
BK001512,J000023,9705986012,2026-09-24,CONFIRMED,6,P004434,FAMILY
BK001513,J000023,8789010540,2026-09-23,CONFIRMED,5,P004440,FAMILY
BK001514,J000023,7781680780,2026-09-22,CONFIRMED,2,P004445,FAMILY
BK001515,J000023,1605776771,2026-09-21,CONFIRMED,5,P004447,FAMILY
BK001516,J000023,7767000996,2026-09-20,CONFIRMED,1,P004452,INDIVIDUAL
BK001517,J000023,4611688503,2026-09-19,CONFIRMED,4,P004453,FRIENDS
BK001518,J000023,7345073821,2026-09-18,WAITLISTED,4,P004457,FAMILY
BK001519,J000023,9954314997,2026-09-17,CONFIRMED,4,P004461,GROUP
BK001520,J000023,3691798961,2026-10-24,RAC,4,P004465,CAREGIVER_COMPANION
BK001521,J000023,1012747362,2026-10-23,CONFIRMED,2,P004469,GROUP
BK001522,J000023,2483485797,2026-10-22,CONFIRMED,2,P004471,FAMILY
BK001523,J000023,5463742339,2026-10-21,CONFIRMED,3,P004473,FAMILY
BK001524,J000023,1667530423,2026-10-20,CONFIRMED,2,P004476,FRIENDS
BK001525,J000023,3525938884,2026-10-19,CONFIRMED,2,P004478,GROUP
BK001526,J000023,9296001524,2026-10-18,CONFIRMED,3,P004480,FRIENDS
BK001527,J000023,9723364887,2026-10-17,CONFIRMED,3,P004483,FAMILY
BK001528,J000023,2040200538,2026-10-16,CONFIRMED,1,P004486,INDIVIDUAL
BK001529,J000023,5317147869,2026-10-15,CONFIRMED,3,P004487,FAMILY
BK001530,J000023,1034137040,2026-10-14,CONFIRMED,2,P004490,FAMILY
BK001531,J000023,4322528625,2026-10-13,CONFIRMED,4,P004492,GROUP
BK001532,J000023,5614261136,2026-10-12,CONFIRMED,3,P004496,GROUP
BK001533,J000023,1342292021,2026-10-11,CONFIRMED,2,P004499,GROUP
BK001534,J000023,2894175476,2026-10-10,CONFIRMED,1,P004501,INDIVIDUAL
BK001535,J000023,2503684997,2026-10-09,CONFIRMED,1,P004502,INDIVIDUAL
BK001536,J000023,2251935044,2026-10-08,CONFIRMED,5,P004503,FRIENDS
BK001537,J000023,5461680387,2026-10-07,CONFIRMED,2,P004508,GROUP
BK001538,J000023,8379538621,2026-10-06,CONFIRMED,4,P004510,FAMILY
BK001539,J000023,9282408743,2026-10-05,CONFIRMED,1,P004514,INDIVIDUAL
BK001540,J000023,2948645333,2026-10-04,CONFIRMED,3,P004515,GROUP
BK001541,J000023,1672656610,2026-10-03,CONFIRMED,4,P004518,FRIENDS
BK001542,J000024,6148224553,2026-10-09,CONFIRMED,4,P004522,FAMILY
BK001543,J000024,4015380718,2026-10-08,CONFIRMED,7,P004526,FAMILY
BK001544,J000024,1299937311,2026-10-07,CONFIRMED,3,P004533,GROUP
BK001545,J000024,7763654840,2026-10-06,CONFIRMED,6,P004536,GROUP
BK001546,J000024,9710622608,2026-10-05,CONFIRMED,1,P004542,INDIVIDUAL
BK001547,J000024,5020701261,2026-10-04,CONFIRMED,2,P004543,FRIENDS
BK001548,J000024,4389616333,2026-10-03,CONFIRMED,2,P004545,FRIENDS
BK001549,J000024,9692235304,2026-10-02,CONFIRMED,4,P004547,FRIENDS
BK001550,J000024,7882016914,2026-10-01,CONFIRMED,2,P004551,FAMILY
BK001551,J000024,6265573474,2026-09-30,WAITLISTED,2,P004553,FRIENDS
BK001552,J000024,7906494422,2026-09-29,CONFIRMED,2,P004555,FRIENDS
BK001553,J000024,7420018854,2026-09-28,CONFIRMED,4,P004557,FRIENDS
BK001554,J000024,5671829174,2026-09-27,CONFIRMED,4,P004561,FAMILY
BK001555,J000024,8272024446,2026-09-26,CONFIRMED,2,P004565,FRIENDS
BK001556,J000024,6848891860,2026-09-25,CONFIRMED,4,P004567,FAMILY
BK001557,J000024,1469751286,2026-09-24,CONFIRMED,5,P004571,FAMILY
BK001558,J000024,9752857307,2026-10-31,CONFIRMED,3,P004576,FRIENDS
BK001559,J000024,1151029027,2026-10-30,CONFIRMED,2,P004579,FRIENDS
BK001560,J000024,4407699905,2026-10-29,RAC,2,P004581,FRIENDS
BK001561,J000024,6790303537,2026-10-28,CONFIRMED,4,P004583,FRIENDS
BK001562,J000024,7666836838,2026-10-27,CONFIRMED,3,P004587,FRIENDS
BK001563,J000024,6192521985,2026-10-26,CONFIRMED,5,P004590,FAMILY
BK001564,J000024,3790416505,2026-10-25,CONFIRMED,4,P004595,FAMILY
BK001565,J000024,3829415598,2026-10-24,CONFIRMED,4,P004599,FRIENDS
BK001566,J000024,6354720851,2026-10-23,CONFIRMED,2,P004603,FAMILY
BK001567,J000024,2925071752,2026-10-22,CONFIRMED,3,P004605,FAMILY
BK001568,J000024,4723408942,2026-10-21,CONFIRMED,2,P004608,FRIENDS
BK001569,J000024,2553385811,2026-10-20,CONFIRMED,5,P004610,FAMILY
BK001570,J000024,9530220573,2026-10-19,CONFIRMED,2,P004615,FAMILY
BK001571,J000024,8771724082,2026-10-18,CONFIRMED,3,P004617,FAMILY
BK001572,J000024,8411558249,2026-10-17,CONFIRMED,3,P004620,GROUP
BK001573,J000024,4103752104,2026-10-16,CONFIRMED,3,P004623,FAMILY
BK001574,J000024,7095446799,2026-10-15,CONFIRMED,2,P004626,FAMILY
BK001575,J000024,7652359951,2026-10-14,CONFIRMED,4,P004628,GROUP
BK001576,J000024,4921956867,2026-10-13,CONFIRMED,7,P004632,GROUP
BK001577,J000024,1908490093,2026-10-12,CONFIRMED,1,P004639,INDIVIDUAL
BK001578,J000024,2851020889,2026-10-11,CONFIRMED,4,P004640,FAMILY
BK001579,J000024,4011709214,2026-10-10,CONFIRMED,3,P004644,FAMILY
BK001580,J000024,9776841013,2026-10-09,CONFIRMED,1,P004647,INDIVIDUAL
BK001581,J000024,3711267874,2026-10-08,CONFIRMED,5,P004648,FAMILY
BK001582,J000024,5995011093,2026-10-07,CONFIRMED,2,P004653,FAMILY
BK001583,J000024,3610300900,2026-10-06,CONFIRMED,4,P004655,GROUP
BK001584,J000024,6202419508,2026-10-05,WAITLISTED,2,P004659,FRIENDS
BK001585,J000024,2474196409,2026-10-04,CONFIRMED,4,P004661,FRIENDS
BK001586,J000024,1166398972,2026-10-03,CONFIRMED,1,P004665,INDIVIDUAL
BK001587,J000024,6408936685,2026-10-02,CONFIRMED,2,P004666,FRIENDS
BK001588,J000024,4679624400,2026-10-01,CONFIRMED,3,P004668,GROUP
BK001589,J000024,5031136472,2026-09-30,CONFIRMED,1,P004671,INDIVIDUAL
BK001590,J000024,3170600406,2026-09-29,CONFIRMED,3,P004672,FRIENDS
BK001591,J000024,3608766285,2026-09-28,CONFIRMED,1,P004675,INDIVIDUAL
BK001592,J000024,7908867640,2026-09-27,CONFIRMED,1,P004676,INDIVIDUAL
BK001593,J000024,1064137470,2026-09-26,CONFIRMED,1,P004677,INDIVIDUAL
BK001594,J000024,1524228830,2026-09-25,CONFIRMED,1,P004678,INDIVIDUAL
BK001595,J000024,3505948797,2026-09-24,CONFIRMED,1,P004679,INDIVIDUAL
BK001596,J000024,9626480398,2026-10-31,CONFIRMED,4,P004680,CAREGIVER_COMPANION
BK001597,J000024,4474687798,2026-10-30,CONFIRMED,4,P004684,FRIENDS
BK001598,J000024,2285006005,2026-10-29,CONFIRMED,5,P004688,GROUP
BK001599,J000024,3783949617,2026-10-28,CONFIRMED,1,P004693,INDIVIDUAL
BK001600,J000024,4035386476,2026-10-27,CANCELLED,1,P004694,INDIVIDUAL
BK001601,J000024,2023678400,2026-10-26,CONFIRMED,2,P004695,GROUP
BK001602,J000024,8384034442,2026-10-25,CONFIRMED,2,P004697,FAMILY
BK001603,J000024,2661445119,2026-10-24,CONFIRMED,3,P004699,FAMILY
BK001604,J000024,7184034937,2026-10-23,CONFIRMED,2,P004702,FRIENDS
BK001605,J000024,8631394798,2026-10-22,CONFIRMED,4,P004704,FRIENDS
BK001606,J000024,4799123812,2026-10-21,CONFIRMED,1,P004708,INDIVIDUAL
BK001607,J000024,2348931845,2026-10-20,CONFIRMED,4,P004709,GROUP
BK001608,J000024,6950476179,2026-10-19,CONFIRMED,1,P004713,INDIVIDUAL
BK001609,J000025,5819639150,2026-09-08,CONFIRMED,1,P004714,INDIVIDUAL
BK001610,J000025,9720087757,2026-09-07,CONFIRMED,1,P004715,INDIVIDUAL
BK001611,J000025,4345348075,2026-09-06,CONFIRMED,3,P004716,FAMILY
BK001612,J000025,5367460907,2026-09-05,CONFIRMED,1,P004719,INDIVIDUAL
BK001613,J000025,2674771969,2026-09-04,CONFIRMED,5,P004720,FAMILY
BK001614,J000025,1440357187,2026-09-03,CONFIRMED,3,P004725,FRIENDS
BK001615,J000025,9220843332,2026-09-02,CONFIRMED,7,P004728,CAREGIVER_COMPANION
BK001616,J000025,1529902550,2026-09-01,CONFIRMED,2,P004735,FRIENDS
BK001617,J000025,6746100209,2026-08-31,WAITLISTED,2,P004737,GROUP
BK001618,J000025,6613240241,2026-08-30,CONFIRMED,1,P004739,INDIVIDUAL
BK001619,J000025,5668279342,2026-08-29,CONFIRMED,3,P004740,FAMILY
BK001620,J000025,6182503057,2026-08-28,CONFIRMED,1,P004743,INDIVIDUAL
BK001621,J000025,5100578375,2026-08-27,CONFIRMED,1,P004744,INDIVIDUAL
BK001622,J000025,7720892944,2026-08-26,CONFIRMED,1,P004745,INDIVIDUAL
BK001623,J000025,2770100505,2026-08-25,CONFIRMED,2,P004746,FRIENDS
BK001624,J000025,4475930359,2026-08-24,CONFIRMED,2,P004748,FRIENDS
BK001625,J000025,5516644685,2026-08-23,CONFIRMED,1,P004750,INDIVIDUAL
BK001626,J000025,4063703660,2026-08-22,CONFIRMED,2,P004751,FAMILY
BK001627,J000025,7387369822,2026-08-21,CONFIRMED,4,P004753,GROUP
BK001628,J000025,4462069179,2026-08-20,CONFIRMED,3,P004757,GROUP
BK001629,J000025,8948333620,2026-08-19,CONFIRMED,7,P004760,FAMILY
BK001630,J000025,9245988407,2026-08-18,CONFIRMED,1,P004767,INDIVIDUAL
BK001631,J000025,9441850026,2026-08-17,CONFIRMED,5,P004768,FAMILY
BK001632,J000025,4959181806,2026-08-16,CONFIRMED,5,P004773,FRIENDS
BK001633,J000025,4791292767,2026-08-15,CONFIRMED,3,P004778,FAMILY
BK001634,J000025,7282259096,2026-09-21,CONFIRMED,3,P004781,FRIENDS
BK001635,J000025,8227790304,2026-09-20,CONFIRMED,6,P004784,FRIENDS
BK001636,J000025,4284384044,2026-09-19,CONFIRMED,2,P004790,FRIENDS
BK001637,J000025,1238836192,2026-09-18,CONFIRMED,4,P004792,FRIENDS
BK001638,J000025,7896107824,2026-09-17,CONFIRMED,4,P004796,FAMILY
BK001639,J000025,6094802380,2026-09-16,CONFIRMED,1,P004800,INDIVIDUAL
BK001640,J000025,9523653177,2026-09-15,RAC,4,P004801,FAMILY
BK001641,J000025,2063126227,2026-09-14,CONFIRMED,1,P004805,INDIVIDUAL
BK001642,J000025,5126701805,2026-09-13,CONFIRMED,7,P004806,FRIENDS
BK001643,J000025,7920483316,2026-09-12,CONFIRMED,1,P004813,INDIVIDUAL
BK001644,J000025,6359133925,2026-09-11,CONFIRMED,3,P004814,GROUP
BK001645,J000025,2046110082,2026-09-10,CONFIRMED,1,P004817,INDIVIDUAL
BK001646,J000025,9461300907,2026-09-09,CONFIRMED,4,P004818,FAMILY
BK001647,J000025,6682151091,2026-09-08,CONFIRMED,1,P004822,INDIVIDUAL
BK001648,J000025,2821640767,2026-09-07,CONFIRMED,4,P004823,FAMILY
BK001649,J000025,3655204097,2026-09-06,CONFIRMED,2,P004827,GROUP
BK001650,J000025,9728697425,2026-09-05,WAITLISTED,1,P004829,INDIVIDUAL
BK001651,J000025,6327238243,2026-09-04,CONFIRMED,1,P004830,INDIVIDUAL
BK001652,J000025,9343861855,2026-09-03,CONFIRMED,5,P004831,FRIENDS
BK001653,J000025,4193358624,2026-09-02,CONFIRMED,1,P004836,INDIVIDUAL
BK001654,J000025,6583178985,2026-09-01,CONFIRMED,1,P004837,INDIVIDUAL
BK001655,J000025,6897640048,2026-08-31,CONFIRMED,4,P004838,GROUP
BK001656,J000025,3898220548,2026-08-30,CONFIRMED,1,P004842,INDIVIDUAL
BK001657,J000025,6289129763,2026-08-29,CONFIRMED,4,P004843,FRIENDS
BK001658,J000025,3416450078,2026-08-28,CONFIRMED,1,P004847,INDIVIDUAL
BK001659,J000025,5593389708,2026-08-27,CONFIRMED,3,P004848,FAMILY
BK001660,J000025,9521974380,2026-08-26,CONFIRMED,1,P004851,INDIVIDUAL
BK001661,J000025,1874800073,2026-08-25,CONFIRMED,3,P004852,FAMILY
BK001662,J000025,6100492162,2026-08-24,CONFIRMED,4,P004855,FAMILY
BK001663,J000025,7882908897,2026-08-23,CONFIRMED,3,P004859,FAMILY
BK001664,J000025,7269439535,2026-08-22,CONFIRMED,3,P004862,GROUP
BK001665,J000025,4357786472,2026-08-21,CONFIRMED,7,P004865,FAMILY
BK001666,J000025,6041018096,2026-08-20,CONFIRMED,4,P004872,FAMILY
BK001667,J000025,8502761923,2026-08-19,CONFIRMED,1,P004876,INDIVIDUAL
BK001668,J000025,8251010395,2026-08-18,CONFIRMED,2,P004877,FRIENDS
BK001669,J000025,9947309898,2026-08-17,CONFIRMED,3,P004879,FAMILY
BK001670,J000025,9085918479,2026-08-16,CONFIRMED,1,P004882,INDIVIDUAL
BK001671,J000025,3021398548,2026-08-15,CONFIRMED,4,P004883,GROUP
BK001672,J000025,4725735339,2026-09-21,CONFIRMED,1,P004887,INDIVIDUAL
BK001673,J000025,7446419121,2026-09-20,CONFIRMED,2,P004888,GROUP
BK001674,J000025,2255306079,2026-09-19,CONFIRMED,2,P004890,FAMILY
BK001675,J000025,1793651304,2026-09-18,CONFIRMED,1,P004892,INDIVIDUAL
BK001676,J000026,1358014375,2026-09-20,CONFIRMED,4,P004893,FAMILY
BK001677,J000026,2802367475,2026-09-19,CONFIRMED,2,P004897,GROUP
BK001678,J000026,8220666865,2026-09-18,CONFIRMED,1,P004899,INDIVIDUAL
BK001679,J000026,6832549041,2026-09-17,CONFIRMED,7,P004900,FAMILY
BK001680,J000026,5629984772,2026-09-16,RAC,7,P004907,GROUP
BK001681,J000026,1618762786,2026-09-15,CONFIRMED,2,P004914,GROUP
BK001682,J000026,6576835584,2026-09-14,CONFIRMED,1,P004916,INDIVIDUAL
BK001683,J000026,5215432464,2026-09-13,WAITLISTED,2,P004917,FRIENDS
BK001684,J000026,9890401816,2026-09-12,CONFIRMED,3,P004919,GROUP
BK001685,J000026,3402027873,2026-09-11,CONFIRMED,2,P004922,GROUP
BK001686,J000026,9546582241,2026-09-10,CONFIRMED,5,P004924,GROUP
BK001687,J000026,9260268338,2026-09-09,CONFIRMED,2,P004929,FRIENDS
BK001688,J000026,8383914928,2026-09-08,CONFIRMED,2,P004931,FRIENDS
BK001689,J000026,2259219959,2026-09-07,CONFIRMED,2,P004933,GROUP
BK001690,J000026,3946169102,2026-09-06,CONFIRMED,3,P004935,FRIENDS
BK001691,J000026,7690716246,2026-09-05,CONFIRMED,3,P004938,FAMILY
BK001692,J000026,3636135814,2026-09-04,CONFIRMED,3,P004941,GROUP
BK001693,J000026,4430607354,2026-09-03,CONFIRMED,3,P004944,FAMILY
BK001694,J000026,9786670031,2026-09-02,CONFIRMED,2,P004947,FAMILY
BK001695,J000026,4796908815,2026-09-01,CONFIRMED,1,P004949,INDIVIDUAL
BK001696,J000026,3046933950,2026-08-31,CONFIRMED,1,P004950,INDIVIDUAL
BK001697,J000026,5712695841,2026-08-30,CONFIRMED,1,P004951,INDIVIDUAL
BK001698,J000026,7156492055,2026-08-29,CONFIRMED,2,P004952,FAMILY
BK001699,J000026,7045297763,2026-08-28,CONFIRMED,2,P004954,FRIENDS
BK001700,J000026,9363648472,2026-08-27,CANCELLED,3,P004956,GROUP
BK001701,J000026,7035850059,2026-08-26,CONFIRMED,4,P004959,FRIENDS
BK001702,J000026,9579240236,2026-08-25,CONFIRMED,1,P004963,INDIVIDUAL
BK001703,J000026,5187343215,2026-08-24,CONFIRMED,6,P004964,FRIENDS
BK001704,J000026,8361427876,2026-08-23,CONFIRMED,5,P004970,FRIENDS
BK001705,J000026,8658508716,2026-08-22,CONFIRMED,2,P004975,GROUP
BK001706,J000026,8933513542,2026-08-21,CONFIRMED,3,P004977,FRIENDS
BK001707,J000026,2276726293,2026-08-20,CONFIRMED,2,P004980,FRIENDS
BK001708,J000026,8081813857,2026-08-19,CONFIRMED,4,P004982,FAMILY
BK001709,J000026,9947223515,2026-08-18,CONFIRMED,4,P004986,FRIENDS
BK001710,J000026,4880844991,2026-09-24,CONFIRMED,1,P004990,INDIVIDUAL
BK001711,J000026,7890469016,2026-09-23,CONFIRMED,7,P004991,FAMILY
BK001712,J000026,3944606960,2026-09-22,CONFIRMED,4,P004998,FAMILY
BK001713,J000026,8286632480,2026-09-21,CONFIRMED,6,P005002,GROUP
BK001714,J000026,3251526266,2026-09-20,CONFIRMED,1,P005008,INDIVIDUAL
BK001715,J000026,9200969965,2026-09-19,CONFIRMED,3,P005009,FAMILY
BK001716,J000026,4717806625,2026-09-18,WAITLISTED,2,P005012,FRIENDS
BK001717,J000026,9827076735,2026-09-17,CONFIRMED,3,P005014,FAMILY
BK001718,J000026,2764230332,2026-09-16,CONFIRMED,1,P005017,INDIVIDUAL
BK001719,J000026,4579654456,2026-09-15,CONFIRMED,3,P005018,FAMILY
BK001720,J000026,3320490677,2026-09-14,RAC,4,P005021,FAMILY
BK001721,J000026,2763778119,2026-09-13,CONFIRMED,1,P005025,INDIVIDUAL
BK001722,J000026,7249832146,2026-09-12,CONFIRMED,1,P005026,INDIVIDUAL
BK001723,J000026,5008295130,2026-09-11,CONFIRMED,2,P005027,FRIENDS
BK001724,J000026,8598492795,2026-09-10,CONFIRMED,1,P005029,INDIVIDUAL
BK001725,J000026,3892391840,2026-09-09,CONFIRMED,1,P005030,INDIVIDUAL
BK001726,J000026,5727222253,2026-09-08,CONFIRMED,4,P005031,FAMILY
BK001727,J000026,4453744985,2026-09-07,CONFIRMED,4,P005035,GROUP
BK001728,J000026,9229306337,2026-09-06,CONFIRMED,4,P005039,FAMILY
BK001729,J000026,9650896696,2026-09-05,CONFIRMED,3,P005043,FAMILY
BK001730,J000026,9397440652,2026-09-04,CONFIRMED,4,P005046,FAMILY
BK001731,J000026,5913281738,2026-09-03,CONFIRMED,2,P005050,FRIENDS
BK001732,J000026,1347868058,2026-09-02,CONFIRMED,2,P005052,FRIENDS
BK001733,J000026,1891750987,2026-09-01,CONFIRMED,2,P005054,GROUP
BK001734,J000026,3866341412,2026-08-31,CONFIRMED,2,P005056,FAMILY
BK001735,J000026,1458733489,2026-08-30,CONFIRMED,8,P005058,GROUP
BK001736,J000026,1345291021,2026-08-29,CONFIRMED,6,P005066,FAMILY
BK001737,J000026,2700075313,2026-08-28,CONFIRMED,8,P005072,FRIENDS
BK001738,J000026,4959926053,2026-08-27,CONFIRMED,2,P005080,FAMILY
BK001739,J000026,4303972245,2026-08-26,CONFIRMED,4,P005082,GROUP
BK001740,J000026,8315885554,2026-08-25,CONFIRMED,1,P005086,INDIVIDUAL
BK001741,J000026,3847308089,2026-08-24,CONFIRMED,1,P005087,INDIVIDUAL
BK001742,J000026,8327814363,2026-08-23,CONFIRMED,1,P005088,INDIVIDUAL
BK001743,J000027,7263798963,2026-08-26,CONFIRMED,7,P005089,FAMILY
BK001744,J000027,5258660235,2026-08-25,CONFIRMED,8,P005096,FAMILY
BK001745,J000027,9203935750,2026-08-24,CONFIRMED,3,P005104,FAMILY
BK001746,J000027,7525379387,2026-08-23,CONFIRMED,1,P005107,INDIVIDUAL
BK001747,J000027,4456150366,2026-08-22,CONFIRMED,1,P005108,INDIVIDUAL
BK001748,J000027,3555221192,2026-09-28,CONFIRMED,2,P005109,FRIENDS
BK001749,J000027,9954841119,2026-09-27,WAITLISTED,1,P005111,INDIVIDUAL
BK001750,J000027,1435460483,2026-09-26,CONFIRMED,5,P005112,GROUP
BK001751,J000027,9127840238,2026-09-25,CONFIRMED,2,P005117,FRIENDS
BK001752,J000027,5915291856,2026-09-24,CONFIRMED,4,P005119,FAMILY
BK001753,J000027,8276357926,2026-09-23,CONFIRMED,1,P005123,INDIVIDUAL
BK001754,J000027,7248661922,2026-09-22,CONFIRMED,1,P005124,INDIVIDUAL
BK001755,J000027,9821317640,2026-09-21,CONFIRMED,4,P005125,GROUP
BK001756,J000027,5326517152,2026-09-20,CONFIRMED,7,P005129,GROUP
BK001757,J000027,8210381041,2026-09-19,CONFIRMED,7,P005136,FAMILY
BK001758,J000027,8515221230,2026-09-18,CONFIRMED,1,P005143,INDIVIDUAL
BK001759,J000027,9636240110,2026-09-17,CONFIRMED,1,P005144,INDIVIDUAL
BK001760,J000027,5538871909,2026-09-16,RAC,2,P005145,FRIENDS
BK001761,J000027,2272489349,2026-09-15,CONFIRMED,2,P005147,GROUP
BK001762,J000027,7035501359,2026-09-14,CONFIRMED,2,P005149,FAMILY
BK001763,J000027,9874611863,2026-09-13,CONFIRMED,4,P005151,GROUP
BK001764,J000027,1984285258,2026-09-12,CONFIRMED,1,P005155,INDIVIDUAL
BK001765,J000027,2566603699,2026-09-11,CONFIRMED,3,P005156,FAMILY
BK001766,J000027,9319024433,2026-09-10,CONFIRMED,4,P005159,FAMILY
BK001767,J000027,7100135674,2026-09-09,CONFIRMED,3,P005163,FAMILY
BK001768,J000027,9084245935,2026-09-08,CONFIRMED,2,P005166,FRIENDS
BK001769,J000027,3956363000,2026-09-07,CONFIRMED,3,P005168,FAMILY
BK001770,J000027,2374124669,2026-09-06,CONFIRMED,7,P005171,FRIENDS
BK001771,J000027,4909154405,2026-09-05,CONFIRMED,7,P005178,FAMILY
BK001772,J000027,8513137495,2026-09-04,CONFIRMED,2,P005185,FRIENDS
BK001773,J000027,4997678671,2026-09-03,CONFIRMED,3,P005187,FAMILY
BK001774,J000027,2703773013,2026-09-02,CONFIRMED,2,P005190,FAMILY
BK001775,J000027,5882918951,2026-09-01,CONFIRMED,1,P005192,INDIVIDUAL
BK001776,J000027,9870836580,2026-08-31,CONFIRMED,1,P005193,INDIVIDUAL
BK001777,J000027,2253494670,2026-08-30,CONFIRMED,5,P005194,FAMILY
BK001778,J000027,6824511418,2026-08-29,CONFIRMED,1,P005199,INDIVIDUAL
BK001779,J000027,4068555499,2026-08-28,CONFIRMED,2,P005200,FRIENDS
BK001780,J000027,2684308325,2026-08-27,CONFIRMED,4,P005202,FAMILY
BK001781,J000027,9886494449,2026-08-26,CONFIRMED,1,P005206,INDIVIDUAL
BK001782,J000027,8805141279,2026-08-25,WAITLISTED,8,P005207,FAMILY
BK001783,J000027,5193306056,2026-08-24,CONFIRMED,2,P005215,FRIENDS
BK001784,J000027,4561221706,2026-08-23,CONFIRMED,4,P005217,FAMILY
BK001785,J000027,3797315020,2026-08-22,CONFIRMED,1,P005221,INDIVIDUAL
BK001786,J000027,8653822875,2026-09-28,CONFIRMED,4,P005222,CAREGIVER_COMPANION
BK001787,J000027,6487032411,2026-09-27,CONFIRMED,2,P005226,FRIENDS
BK001788,J000027,4026552280,2026-09-26,CONFIRMED,6,P005228,FAMILY
BK001789,J000027,7766580752,2026-09-25,CONFIRMED,1,P005234,INDIVIDUAL
BK001790,J000027,8159173982,2026-09-24,CONFIRMED,3,P005235,FRIENDS
BK001791,J000027,1663508941,2026-09-23,CONFIRMED,5,P005238,FAMILY
BK001792,J000027,8239399118,2026-09-22,CONFIRMED,4,P005243,FAMILY
BK001793,J000027,4623567870,2026-09-21,CONFIRMED,8,P005247,FRIENDS
BK001794,J000027,5948091508,2026-09-20,CONFIRMED,1,P005255,INDIVIDUAL
BK001795,J000027,3460236255,2026-09-19,CONFIRMED,7,P005256,FAMILY
BK001796,J000027,4626690657,2026-09-18,CONFIRMED,1,P005263,INDIVIDUAL
BK001797,J000027,5477913502,2026-09-17,CONFIRMED,2,P005264,GROUP
BK001798,J000027,5364410352,2026-09-16,CONFIRMED,3,P005266,FRIENDS
BK001799,J000027,4909326194,2026-09-15,CONFIRMED,1,P005269,INDIVIDUAL
BK001800,J000027,4742338070,2026-09-14,CANCELLED,1,P005270,INDIVIDUAL
BK001801,J000027,7000106712,2026-09-13,CONFIRMED,2,P005271,GROUP
BK001802,J000027,9351168533,2026-09-12,CONFIRMED,4,P005273,FAMILY
BK001803,J000027,8808111124,2026-09-11,CONFIRMED,1,P005277,INDIVIDUAL
BK001804,J000027,3272653965,2026-09-10,CONFIRMED,4,P005278,FAMILY
BK001805,J000027,1406208271,2026-09-09,CONFIRMED,1,P005282,INDIVIDUAL
BK001806,J000027,7278940797,2026-09-08,CONFIRMED,8,P005283,FAMILY
BK001807,J000027,5552824875,2026-09-07,CONFIRMED,1,P005291,INDIVIDUAL
BK001808,J000027,6538741952,2026-09-06,CONFIRMED,3,P005292,GROUP
BK001809,J000027,1296775725,2026-09-05,CONFIRMED,4,P005295,FRIENDS
BK001810,J000028,2690401128,2026-09-07,CONFIRMED,1,P005299,INDIVIDUAL
BK001811,J000028,4047097248,2026-09-06,CONFIRMED,2,P005300,FRIENDS
BK001812,J000028,7869828387,2026-09-05,CONFIRMED,4,P005302,FAMILY
BK001813,J000028,5459594733,2026-09-04,CONFIRMED,3,P005306,FAMILY
BK001814,J000028,5805230494,2026-09-03,CONFIRMED,1,P005309,INDIVIDUAL
BK001815,J000028,8739721893,2026-09-02,WAITLISTED,6,P005310,FRIENDS
BK001816,J000028,4773285826,2026-09-01,CONFIRMED,1,P005316,INDIVIDUAL
BK001817,J000028,9547916656,2026-08-31,CONFIRMED,2,P005317,GROUP
BK001818,J000028,2839653099,2026-08-30,CONFIRMED,1,P005319,INDIVIDUAL
BK001819,J000028,1479249607,2026-08-29,CONFIRMED,7,P005320,FAMILY
BK001820,J000028,4223335873,2026-08-28,CONFIRMED,5,P005327,FRIENDS
BK001821,J000028,9736767532,2026-08-27,CONFIRMED,2,P005332,GROUP
BK001822,J000028,6243213470,2026-08-26,CONFIRMED,4,P005334,FAMILY
BK001823,J000028,8033961110,2026-08-25,CONFIRMED,5,P005338,FAMILY
BK001824,J000028,8392668006,2026-10-01,CONFIRMED,3,P005343,GROUP
BK001825,J000028,5643649740,2026-09-30,CONFIRMED,2,P005346,GROUP
BK001826,J000028,4851493623,2026-09-29,CONFIRMED,2,P005348,FAMILY
BK001827,J000028,3635398300,2026-09-28,CONFIRMED,5,P005350,FAMILY
BK001828,J000028,7173302222,2026-09-27,CONFIRMED,1,P005355,INDIVIDUAL
BK001829,J000028,7976018909,2026-09-26,CONFIRMED,1,P005356,INDIVIDUAL
BK001830,J000028,3367369240,2026-09-25,CONFIRMED,3,P005357,FRIENDS
BK001831,J000028,2574251596,2026-09-24,CONFIRMED,1,P005360,INDIVIDUAL
BK001832,J000028,6849718125,2026-09-23,CONFIRMED,3,P005361,GROUP
BK001833,J000028,6578081615,2026-09-22,CONFIRMED,3,P005364,FAMILY
BK001834,J000028,3555877188,2026-09-21,CONFIRMED,5,P005367,GROUP
BK001835,J000028,5211537823,2026-09-20,CONFIRMED,1,P005372,INDIVIDUAL
BK001836,J000028,2548485475,2026-09-19,CONFIRMED,1,P005373,INDIVIDUAL
BK001837,J000028,5386160752,2026-09-18,CONFIRMED,7,P005374,FAMILY
BK001838,J000028,6500058796,2026-09-17,CONFIRMED,2,P005381,FAMILY
BK001839,J000028,8548028425,2026-09-16,CONFIRMED,4,P005383,GROUP
BK001840,J000028,9682607694,2026-09-15,RAC,1,P005387,INDIVIDUAL
BK001841,J000028,7886297714,2026-09-14,CONFIRMED,4,P005388,FRIENDS
BK001842,J000028,2389146242,2026-09-13,CONFIRMED,4,P005392,FAMILY
BK001843,J000028,2608213268,2026-09-12,CONFIRMED,4,P005396,CAREGIVER_COMPANION
BK001844,J000028,2932590683,2026-09-11,CONFIRMED,2,P005400,FRIENDS
BK001845,J000028,7896591355,2026-09-10,CONFIRMED,1,P005402,INDIVIDUAL
BK001846,J000028,3662829162,2026-09-09,CONFIRMED,2,P005403,FAMILY
BK001847,J000028,4227147593,2026-09-08,CONFIRMED,2,P005405,FRIENDS
BK001848,J000028,8821495448,2026-09-07,WAITLISTED,1,P005407,INDIVIDUAL
BK001849,J000028,5345231036,2026-09-06,CONFIRMED,3,P005408,FAMILY
BK001850,J000028,5879676869,2026-09-05,CONFIRMED,2,P005411,FAMILY
BK001851,J000028,8186256261,2026-09-04,CONFIRMED,1,P005413,INDIVIDUAL
BK001852,J000028,5749269448,2026-09-03,CONFIRMED,3,P005414,GROUP
BK001853,J000028,3909137784,2026-09-02,CONFIRMED,8,P005417,FRIENDS
BK001854,J000028,6034334632,2026-09-01,CONFIRMED,5,P005425,GROUP
BK001855,J000028,8201709360,2026-08-31,CONFIRMED,3,P005430,FAMILY
BK001856,J000028,6802230861,2026-08-30,CONFIRMED,4,P005433,FAMILY
BK001857,J000028,4980563890,2026-08-29,CONFIRMED,4,P005437,FRIENDS
BK001858,J000028,1738009259,2026-08-28,CONFIRMED,4,P005441,FAMILY
BK001859,J000028,1792871384,2026-08-27,CONFIRMED,6,P005445,FRIENDS
BK001860,J000028,4829229253,2026-08-26,CONFIRMED,1,P005451,INDIVIDUAL
BK001861,J000028,2454644756,2026-08-25,CONFIRMED,5,P005452,FAMILY
BK001862,J000028,8715486635,2026-10-01,CONFIRMED,3,P005457,FRIENDS
BK001863,J000028,3010849926,2026-09-30,CONFIRMED,3,P005460,FAMILY
BK001864,J000028,4660396685,2026-09-29,CONFIRMED,2,P005463,FRIENDS
BK001865,J000028,1604812378,2026-09-28,CONFIRMED,2,P005465,GROUP
BK001866,J000028,8994687437,2026-09-27,CONFIRMED,7,P005467,FRIENDS
BK001867,J000028,2748509327,2026-09-26,CONFIRMED,2,P005474,FRIENDS
BK001868,J000028,2226943710,2026-09-25,CONFIRMED,3,P005476,GROUP
BK001869,J000028,4955416218,2026-09-24,CONFIRMED,3,P005479,FAMILY
BK001870,J000028,5387544969,2026-09-23,CONFIRMED,1,P005482,INDIVIDUAL
BK001871,J000028,2358819084,2026-09-22,CONFIRMED,4,P005483,GROUP
BK001872,J000028,9084493103,2026-09-21,CONFIRMED,2,P005487,FRIENDS
BK001873,J000028,7520863759,2026-09-20,CONFIRMED,5,P005489,FAMILY
BK001874,J000028,7457618790,2026-09-19,CONFIRMED,3,P005494,FRIENDS
BK001875,J000028,1541408596,2026-09-18,CONFIRMED,3,P005497,FAMILY
BK001876,J000028,2525512884,2026-09-17,CONFIRMED,2,P005500,FRIENDS
BK001877,J000029,8488516808,2026-09-20,CONFIRMED,3,P005502,FAMILY
BK001878,J000029,9187022308,2026-09-19,CONFIRMED,2,P005505,FAMILY
BK001879,J000029,3033630181,2026-09-18,CONFIRMED,3,P005507,FAMILY
BK001880,J000029,6525827235,2026-09-17,RAC,6,P005510,FAMILY
BK001881,J000029,3126593445,2026-09-16,WAITLISTED,5,P005516,CAREGIVER_COMPANION
BK001882,J000029,6679457757,2026-09-15,CONFIRMED,2,P005521,FAMILY
BK001883,J000029,5498219706,2026-09-14,CONFIRMED,2,P005523,FRIENDS
BK001884,J000029,8697135734,2026-09-13,CONFIRMED,3,P005525,GROUP
BK001885,J000029,1646525315,2026-09-12,CONFIRMED,4,P005528,FRIENDS
BK001886,J000029,2333548410,2026-09-11,CONFIRMED,3,P005532,FRIENDS
BK001887,J000029,3769050775,2026-09-10,CONFIRMED,4,P005535,GROUP
BK001888,J000029,8635777006,2026-09-09,CONFIRMED,2,P005539,FRIENDS
BK001889,J000029,3910927020,2026-09-08,CONFIRMED,5,P005541,FAMILY
BK001890,J000029,4895120769,2026-09-07,CONFIRMED,4,P005546,FAMILY
BK001891,J000029,1443411283,2026-09-06,CONFIRMED,3,P005550,FAMILY
BK001892,J000029,7102716709,2026-09-05,CONFIRMED,6,P005553,FAMILY
BK001893,J000029,6130826383,2026-09-04,CONFIRMED,2,P005559,GROUP
BK001894,J000029,8557601631,2026-09-03,CONFIRMED,6,P005561,FAMILY
BK001895,J000029,7873027608,2026-09-02,CONFIRMED,3,P005567,FAMILY
BK001896,J000029,6716027295,2026-09-01,CONFIRMED,2,P005570,FRIENDS
BK001897,J000029,6126570613,2026-08-31,CONFIRMED,1,P005572,INDIVIDUAL
BK001898,J000029,7314590826,2026-08-30,CONFIRMED,4,P005573,FAMILY
BK001899,J000029,5064092225,2026-08-29,CONFIRMED,1,P005577,INDIVIDUAL
BK001900,J000029,4364159161,2026-10-05,CANCELLED,2,P005578,FRIENDS
BK001901,J000029,8230379577,2026-10-04,CONFIRMED,4,P005580,FRIENDS
BK001902,J000029,6796272909,2026-10-03,CONFIRMED,4,P005584,FAMILY
BK001903,J000029,1185932561,2026-10-02,CONFIRMED,2,P005588,FRIENDS
BK001904,J000029,9904347137,2026-10-01,CONFIRMED,2,P005590,FRIENDS
BK001905,J000029,7190210262,2026-09-30,CONFIRMED,6,P005592,GROUP
BK001906,J000029,5061038867,2026-09-29,CONFIRMED,4,P005598,FAMILY
BK001907,J000029,4467641277,2026-09-28,CONFIRMED,1,P005602,INDIVIDUAL
BK001908,J000029,4231810263,2026-09-27,CONFIRMED,1,P005603,INDIVIDUAL
BK001909,J000029,6317894892,2026-09-26,CONFIRMED,3,P005604,FAMILY
BK001910,J000029,6390321487,2026-09-25,CONFIRMED,1,P005607,INDIVIDUAL
BK001911,J000029,7676893120,2026-09-24,CONFIRMED,8,P005608,GROUP
BK001912,J000029,3167138183,2026-09-23,CONFIRMED,1,P005616,INDIVIDUAL
BK001913,J000029,8401512995,2026-09-22,CONFIRMED,6,P005617,GROUP
BK001914,J000029,3453100553,2026-09-21,WAITLISTED,2,P005623,FAMILY
BK001915,J000029,8860700688,2026-09-20,CONFIRMED,2,P005625,FRIENDS
BK001916,J000029,8759908700,2026-09-19,CONFIRMED,2,P005627,FRIENDS
BK001917,J000029,7945010691,2026-09-18,CONFIRMED,5,P005629,FAMILY
BK001918,J000029,9274528684,2026-09-17,CONFIRMED,1,P005634,INDIVIDUAL
BK001919,J000029,7728432754,2026-09-16,CONFIRMED,4,P005635,CAREGIVER_COMPANION
BK001920,J000029,5063316573,2026-09-15,RAC,4,P005639,FAMILY
BK001921,J000029,9617496787,2026-09-14,CONFIRMED,1,P005643,INDIVIDUAL
BK001922,J000029,7620386746,2026-09-13,CONFIRMED,3,P005644,FRIENDS
BK001923,J000029,6665404376,2026-09-12,CONFIRMED,3,P005647,FAMILY
BK001924,J000029,1937780808,2026-09-11,CONFIRMED,4,P005650,FAMILY
BK001925,J000029,1008104801,2026-09-10,CONFIRMED,4,P005654,FRIENDS
BK001926,J000029,2050645937,2026-09-09,CONFIRMED,2,P005658,FAMILY
BK001927,J000029,1192187524,2026-09-08,CONFIRMED,1,P005660,INDIVIDUAL
BK001928,J000029,3286266829,2026-09-07,CONFIRMED,2,P005661,FRIENDS
BK001929,J000029,4745315177,2026-09-06,CONFIRMED,3,P005663,FAMILY
BK001930,J000029,7496656427,2026-09-05,CONFIRMED,1,P005666,INDIVIDUAL
BK001931,J000029,5039627415,2026-09-04,CONFIRMED,2,P005667,FRIENDS
BK001932,J000029,7609586628,2026-09-03,CONFIRMED,2,P005669,FRIENDS
BK001933,J000029,6765047602,2026-09-02,CONFIRMED,1,P005671,INDIVIDUAL
BK001934,J000029,1577809590,2026-09-01,CONFIRMED,4,P005672,FAMILY
BK001935,J000029,3802419910,2026-08-31,CONFIRMED,1,P005676,INDIVIDUAL
BK001936,J000029,7939163246,2026-08-30,CONFIRMED,2,P005677,FRIENDS
BK001937,J000029,5793066409,2026-08-29,CONFIRMED,6,P005679,GROUP
BK001938,J000029,5773640387,2026-10-05,CONFIRMED,2,P005685,FAMILY
BK001939,J000029,2573673491,2026-10-04,CONFIRMED,3,P005687,FAMILY
BK001940,J000029,1854883468,2026-10-03,CONFIRMED,4,P005690,FAMILY
BK001941,J000029,5004348484,2026-10-02,CONFIRMED,1,P005694,INDIVIDUAL
BK001942,J000029,8661527101,2026-10-01,CONFIRMED,2,P005695,FAMILY
BK001943,J000029,6656091075,2026-09-30,CONFIRMED,1,P005697,INDIVIDUAL
BK001944,J000030,5049128183,2026-10-02,CONFIRMED,2,P005698,FRIENDS
BK001945,J000030,3343241475,2026-10-01,CONFIRMED,2,P005700,GROUP
BK001946,J000030,5089460685,2026-09-30,CONFIRMED,3,P005702,FRIENDS
BK001947,J000030,6662963512,2026-09-29,WAITLISTED,4,P005705,GROUP
BK001948,J000030,5592435302,2026-09-28,CONFIRMED,2,P005709,FRIENDS
BK001949,J000030,8482656902,2026-09-27,CONFIRMED,1,P005711,INDIVIDUAL
BK001950,J000030,3431625773,2026-09-26,CONFIRMED,7,P005712,FRIENDS
BK001951,J000030,8066212664,2026-09-25,CONFIRMED,4,P005719,GROUP
BK001952,J000030,9774239695,2026-09-24,CONFIRMED,6,P005723,FAMILY
BK001953,J000030,3142495455,2026-09-23,CONFIRMED,4,P005729,FRIENDS
BK001954,J000030,1376422814,2026-09-22,CONFIRMED,4,P005733,FAMILY
BK001955,J000030,7696232072,2026-09-21,CONFIRMED,4,P005737,GROUP
BK001956,J000030,4012406565,2026-09-20,CONFIRMED,2,P005741,FRIENDS
BK001957,J000030,6456161179,2026-09-19,CONFIRMED,2,P005743,GROUP
BK001958,J000030,2032219686,2026-09-18,CONFIRMED,5,P005745,GROUP
BK001959,J000030,4356557751,2026-09-17,CONFIRMED,3,P005750,FAMILY
BK001960,J000030,2836346037,2026-09-16,RAC,1,P005753,INDIVIDUAL
BK001961,J000030,5364576038,2026-09-15,CONFIRMED,5,P005754,FAMILY
BK001962,J000030,1356247294,2026-09-14,CONFIRMED,3,P005759,FRIENDS
BK001963,J000030,8848992032,2026-09-13,CONFIRMED,3,P005762,FAMILY
BK001964,J000030,4059366003,2026-09-12,CONFIRMED,1,P005765,INDIVIDUAL
BK001965,J000030,7343172084,2026-09-11,CONFIRMED,4,P005766,FRIENDS
BK001966,J000030,6605316825,2026-09-10,CONFIRMED,1,P005770,INDIVIDUAL
BK001967,J000030,3282559316,2026-09-09,CONFIRMED,1,P005771,INDIVIDUAL
BK001968,J000030,2264628657,2026-09-08,CONFIRMED,3,P005772,GROUP
BK001969,J000030,2303593945,2026-09-07,CONFIRMED,4,P005775,FRIENDS
BK001970,J000030,5556750355,2026-09-06,CONFIRMED,2,P005779,FAMILY
BK001971,J000030,6273232330,2026-09-05,CONFIRMED,1,P005781,INDIVIDUAL
BK001972,J000030,1932922912,2026-09-04,CONFIRMED,2,P005782,FRIENDS
BK001973,J000030,2132102785,2026-09-03,CONFIRMED,1,P005784,INDIVIDUAL
BK001974,J000030,7434899949,2026-09-02,CONFIRMED,5,P005785,GROUP
BK001975,J000030,6019389834,2026-09-01,CONFIRMED,6,P005790,FRIENDS
BK001976,J000030,8863148277,2026-10-08,CONFIRMED,1,P005796,INDIVIDUAL
BK001977,J000030,5820602107,2026-10-07,CONFIRMED,3,P005797,FAMILY
BK001978,J000030,7692681348,2026-10-06,CONFIRMED,5,P005800,GROUP
BK001979,J000030,8178307500,2026-10-05,CONFIRMED,4,P005805,GROUP
BK001980,J000030,3761407255,2026-10-04,WAITLISTED,2,P005809,FRIENDS
BK001981,J000030,8722583405,2026-10-03,CONFIRMED,4,P005811,FRIENDS
BK001982,J000030,9901597342,2026-10-02,CONFIRMED,1,P005815,INDIVIDUAL
BK001983,J000030,1177162838,2026-10-01,CONFIRMED,2,P005816,FRIENDS
BK001984,J000030,2943130821,2026-09-30,CONFIRMED,2,P005818,FRIENDS
BK001985,J000030,4686240120,2026-09-29,CONFIRMED,4,P005820,FRIENDS
BK001986,J000030,5687727646,2026-09-28,CONFIRMED,4,P005824,FAMILY
BK001987,J000030,6996757662,2026-09-27,CONFIRMED,1,P005828,INDIVIDUAL
BK001988,J000030,8761461161,2026-09-26,CONFIRMED,1,P005829,INDIVIDUAL
BK001989,J000030,8056344666,2026-09-25,CONFIRMED,1,P005830,INDIVIDUAL
BK001990,J000030,5516101646,2026-09-24,CONFIRMED,3,P005831,FRIENDS
BK001991,J000030,3518409685,2026-09-23,CONFIRMED,3,P005834,FAMILY
BK001992,J000030,6998934209,2026-09-22,CONFIRMED,1,P005837,INDIVIDUAL
BK001993,J000030,9718782067,2026-09-21,CONFIRMED,1,P005838,INDIVIDUAL
BK001994,J000030,3087589252,2026-09-20,CONFIRMED,1,P005839,INDIVIDUAL
BK001995,J000030,5593763329,2026-09-19,CONFIRMED,3,P005840,FAMILY
BK001996,J000030,2431089260,2026-09-18,CONFIRMED,1,P005843,INDIVIDUAL
BK001997,J000030,6951155211,2026-09-17,CONFIRMED,6,P005844,GROUP
BK001998,J000030,5642920773,2026-09-16,CONFIRMED,4,P005850,FAMILY
BK001999,J000030,3640789092,2026-09-15,CONFIRMED,5,P005854,FAMILY
BK002000,J000030,2547713179,2026-09-14,CANCELLED,1,P005859,INDIVIDUAL
BK002001,J000030,3196542610,2026-09-13,CONFIRMED,2,P005860,GROUP
BK002002,J000030,1813391046,2026-09-12,CONFIRMED,1,P005862,INDIVIDUAL
BK002003,J000030,3068167768,2026-09-11,CONFIRMED,6,P005863,FRIENDS
BK002004,J000030,2179983685,2026-09-10,CONFIRMED,5,P005869,FRIENDS
BK002005,J000030,1629327333,2026-09-09,CONFIRMED,1,P005874,INDIVIDUAL
BK002006,J000030,4906485400,2026-09-08,CONFIRMED,2,P005875,FAMILY
BK002007,J000030,5714064524,2026-09-07,CONFIRMED,1,P005877,INDIVIDUAL
BK002008,J000030,3818394728,2026-09-06,CONFIRMED,3,P005878,GROUP
BK002009,J000030,7485707198,2026-09-05,CONFIRMED,4,P005881,FRIENDS
BK002010,J000030,9297991288,2026-09-04,CONFIRMED,4,P005885,FAMILY
BK002011,J000031,2854546471,2026-08-18,CONFIRMED,1,P005889,INDIVIDUAL
BK002012,J000031,7711183249,2026-08-17,CONFIRMED,3,P005890,GROUP
BK002013,J000031,8151137751,2026-08-16,WAITLISTED,8,P005893,FRIENDS
BK002014,J000031,6516716855,2026-09-22,CONFIRMED,1,P005901,INDIVIDUAL
BK002015,J000031,6636048187,2026-09-21,CONFIRMED,2,P005902,FRIENDS
BK002016,J000031,4599646354,2026-09-20,CONFIRMED,2,P005904,FRIENDS
BK002017,J000031,5094361859,2026-09-19,CONFIRMED,1,P005906,INDIVIDUAL
BK002018,J000031,5934965307,2026-09-18,CONFIRMED,3,P005907,FRIENDS
BK002019,J000031,7860190777,2026-09-17,CONFIRMED,1,P005910,INDIVIDUAL
BK002020,J000031,9278458364,2026-09-16,CONFIRMED,2,P005911,FRIENDS
BK002021,J000031,7424198251,2026-09-15,CONFIRMED,4,P005913,FRIENDS
BK002022,J000031,9028909952,2026-09-14,CONFIRMED,4,P005917,FAMILY
BK002023,J000031,3727323802,2026-09-13,CONFIRMED,4,P005921,GROUP
BK002024,J000031,3863878393,2026-09-12,CONFIRMED,5,P005925,FRIENDS
BK002025,J000031,1889893739,2026-09-11,CONFIRMED,2,P005930,GROUP
BK002026,J000031,1412081357,2026-09-10,CONFIRMED,6,P005932,FAMILY
BK002027,J000031,5329370970,2026-09-09,CONFIRMED,3,P005938,FAMILY
BK002028,J000031,8712493352,2026-09-08,CONFIRMED,1,P005941,INDIVIDUAL
BK002029,J000031,2830811371,2026-09-07,CONFIRMED,2,P005942,GROUP
BK002030,J000031,7424617660,2026-09-06,CONFIRMED,3,P005944,FRIENDS
BK002031,J000031,8332158498,2026-09-05,CONFIRMED,2,P005947,FRIENDS
BK002032,J000031,2155186494,2026-09-04,CONFIRMED,2,P005949,FRIENDS
BK002033,J000031,7874209739,2026-09-03,CONFIRMED,4,P005951,CAREGIVER_COMPANION
BK002034,J000031,9401794342,2026-09-02,CONFIRMED,1,P005955,INDIVIDUAL
BK002035,J000031,7919862838,2026-09-01,CONFIRMED,4,P005956,GROUP
BK002036,J000031,1981362974,2026-08-31,CONFIRMED,4,P005960,FAMILY
BK002037,J000031,4551047682,2026-08-30,CONFIRMED,1,P005964,INDIVIDUAL
BK002038,J000031,4274420866,2026-08-29,CONFIRMED,4,P005965,FAMILY
BK002039,J000031,2789736340,2026-08-28,CONFIRMED,1,P005969,INDIVIDUAL
BK002040,J000031,6591786161,2026-08-27,RAC,2,P005970,FRIENDS
BK002041,J000031,4163665989,2026-08-26,CONFIRMED,4,P005972,FRIENDS
BK002042,J000031,8591759557,2026-08-25,CONFIRMED,4,P005976,FAMILY
BK002043,J000031,7068335253,2026-08-24,CONFIRMED,1,P005980,INDIVIDUAL
BK002044,J000031,8679164233,2026-08-23,CONFIRMED,3,P005981,GROUP
BK002045,J000031,2704551979,2026-08-22,CONFIRMED,1,P005984,INDIVIDUAL
BK002046,J000031,9556509552,2026-08-21,WAITLISTED,5,P005985,GROUP
BK002047,J000031,3673028466,2026-08-20,CONFIRMED,4,P005990,GROUP
BK002048,J000031,1225114192,2026-08-19,CONFIRMED,6,P005994,FAMILY
BK002049,J000031,4874994568,2026-08-18,CONFIRMED,3,P006000,FAMILY
BK002050,J000031,9801559786,2026-08-17,CONFIRMED,4,P006003,FAMILY
BK002051,J000031,8250626432,2026-08-16,CONFIRMED,5,P006007,FAMILY
BK002052,J000031,3548602713,2026-09-22,CONFIRMED,2,P006012,FRIENDS
BK002053,J000031,9875584704,2026-09-21,CONFIRMED,4,P006014,FRIENDS
BK002054,J000031,4528685379,2026-09-20,CONFIRMED,2,P006018,FAMILY
BK002055,J000031,3247830078,2026-09-19,CONFIRMED,6,P006020,FRIENDS
BK002056,J000031,2004666565,2026-09-18,CONFIRMED,3,P006026,GROUP
BK002057,J000031,6631807929,2026-09-17,CONFIRMED,1,P006029,INDIVIDUAL
BK002058,J000031,4310887947,2026-09-16,CONFIRMED,4,P006030,FAMILY
BK002059,J000031,8165157682,2026-09-15,CONFIRMED,2,P006034,FRIENDS
BK002060,J000031,7047270021,2026-09-14,CONFIRMED,1,P006036,INDIVIDUAL
BK002061,J000031,1036837087,2026-09-13,CONFIRMED,1,P006037,INDIVIDUAL
BK002062,J000031,5907446216,2026-09-12,CONFIRMED,6,P006038,FAMILY
BK002063,J000031,9639571262,2026-09-11,CONFIRMED,4,P006044,GROUP
BK002064,J000031,8539457537,2026-09-10,CONFIRMED,2,P006048,FRIENDS
BK002065,J000031,2217185442,2026-09-09,CONFIRMED,1,P006050,INDIVIDUAL
BK002066,J000031,6841179404,2026-09-08,CONFIRMED,2,P006051,FAMILY
BK002067,J000031,2316264178,2026-09-07,CONFIRMED,1,P006053,INDIVIDUAL
BK002068,J000031,2855998108,2026-09-06,CONFIRMED,7,P006054,GROUP
BK002069,J000031,2107706439,2026-09-05,CONFIRMED,2,P006061,GROUP
BK002070,J000031,2926156034,2026-09-04,CONFIRMED,4,P006063,FAMILY
BK002071,J000031,8875843455,2026-09-03,CONFIRMED,2,P006067,FRIENDS
BK002072,J000031,7557707122,2026-09-02,CONFIRMED,8,P006069,FAMILY
BK002073,J000031,9554558183,2026-09-01,CONFIRMED,1,P006077,INDIVIDUAL
BK002074,J000031,9014182171,2026-08-31,CONFIRMED,1,P006078,INDIVIDUAL
BK002075,J000031,7589124708,2026-08-30,CONFIRMED,1,P006079,INDIVIDUAL
BK002076,J000031,8432601396,2026-08-29,CONFIRMED,4,P006080,FAMILY
BK002077,J000031,5093444125,2026-08-28,CONFIRMED,2,P006084,GROUP
BK002078,J000032,8575303085,2026-08-28,CONFIRMED,3,P006086,FRIENDS
BK002079,J000032,4791285262,2026-08-27,WAITLISTED,3,P006089,FAMILY
BK002080,J000032,4913378649,2026-08-26,RAC,6,P006092,FAMILY
BK002081,J000032,9669600865,2026-08-25,CONFIRMED,4,P006098,FRIENDS
BK002082,J000032,4826170138,2026-08-24,CONFIRMED,1,P006102,INDIVIDUAL
BK002083,J000032,6932673115,2026-08-23,CONFIRMED,2,P006103,FRIENDS
BK002084,J000032,8980063506,2026-08-22,CONFIRMED,1,P006105,INDIVIDUAL
BK002085,J000032,4705852977,2026-08-21,CONFIRMED,4,P006106,FRIENDS
BK002086,J000032,6854010325,2026-08-20,CONFIRMED,1,P006110,INDIVIDUAL
BK002087,J000032,7689527056,2026-08-19,CONFIRMED,3,P006111,FAMILY
BK002088,J000032,2982934912,2026-08-18,CONFIRMED,4,P006114,FAMILY
BK002089,J000032,7131448038,2026-08-17,CONFIRMED,2,P006118,GROUP
BK002090,J000032,5662790579,2026-09-23,CONFIRMED,3,P006120,FRIENDS
BK002091,J000032,2608941754,2026-09-22,CONFIRMED,1,P006123,INDIVIDUAL
BK002092,J000032,8672549315,2026-09-21,CONFIRMED,6,P006124,FAMILY
BK002093,J000032,8998639059,2026-09-20,CONFIRMED,2,P006130,GROUP
BK002094,J000032,1864101775,2026-09-19,CONFIRMED,3,P006132,FRIENDS
BK002095,J000032,4084330917,2026-09-18,CONFIRMED,6,P006135,FRIENDS
BK002096,J000032,2654045219,2026-09-17,CONFIRMED,1,P006141,INDIVIDUAL
BK002097,J000032,8083154419,2026-09-16,CONFIRMED,3,P006142,FAMILY
BK002098,J000032,5341917929,2026-09-15,CONFIRMED,8,P006145,FAMILY
BK002099,J000032,5489932721,2026-09-14,CONFIRMED,2,P006153,FRIENDS
BK002100,J000032,7720298077,2026-09-13,CANCELLED,1,P006155,INDIVIDUAL
BK002101,J000032,9172902372,2026-09-12,CONFIRMED,4,P006156,FRIENDS
BK002102,J000032,9943308829,2026-09-11,CONFIRMED,1,P006160,INDIVIDUAL
BK002103,J000032,2909566517,2026-09-10,CONFIRMED,2,P006161,FRIENDS
BK002104,J000032,7351644606,2026-09-09,CONFIRMED,2,P006163,FRIENDS
BK002105,J000032,8971317653,2026-09-08,CONFIRMED,5,P006165,FAMILY
BK002106,J000032,3196667862,2026-09-07,CONFIRMED,1,P006170,INDIVIDUAL
BK002107,J000032,7646874933,2026-09-06,CONFIRMED,3,P006171,FAMILY
BK002108,J000032,9352012932,2026-09-05,CONFIRMED,3,P006174,GROUP
BK002109,J000032,1027334209,2026-09-04,CONFIRMED,2,P006177,GROUP
BK002110,J000032,6728643258,2026-09-03,CONFIRMED,3,P006179,FRIENDS
BK002111,J000032,6222270631,2026-09-02,CONFIRMED,3,P006182,FAMILY
BK002112,J000032,7681656445,2026-09-01,WAITLISTED,5,P006185,FRIENDS
BK002113,J000032,3090765613,2026-08-31,CONFIRMED,2,P006190,GROUP
BK002114,J000032,9063880887,2026-08-30,CONFIRMED,2,P006192,FAMILY
BK002115,J000032,7792828412,2026-08-29,CONFIRMED,2,P006194,FRIENDS
BK002116,J000032,7943813173,2026-08-28,CONFIRMED,3,P006196,GROUP
BK002117,J000032,4956495276,2026-08-27,CONFIRMED,4,P006199,FRIENDS
BK002118,J000032,6038622656,2026-08-26,CONFIRMED,2,P006203,FAMILY
BK002119,J000032,3855120963,2026-08-25,CONFIRMED,8,P006205,GROUP
BK002120,J000032,2876749262,2026-08-24,RAC,4,P006213,FAMILY
BK002121,J000032,2385488309,2026-08-23,CONFIRMED,1,P006217,INDIVIDUAL
BK002122,J000032,5962154123,2026-08-22,CONFIRMED,2,P006218,FAMILY
BK002123,J000032,6937087203,2026-08-21,CONFIRMED,1,P006220,INDIVIDUAL
BK002124,J000032,6674477611,2026-08-20,CONFIRMED,3,P006221,GROUP
BK002125,J000032,2491047860,2026-08-19,CONFIRMED,8,P006224,FRIENDS
BK002126,J000032,2032594709,2026-08-18,CONFIRMED,4,P006232,FAMILY
BK002127,J000032,7904567057,2026-08-17,CONFIRMED,2,P006236,FRIENDS
BK002128,J000032,9641400250,2026-09-23,CONFIRMED,1,P006238,INDIVIDUAL
BK002129,J000032,3257627315,2026-09-22,CONFIRMED,4,P006239,FRIENDS
BK002130,J000032,1334394080,2026-09-21,CONFIRMED,8,P006243,FAMILY
BK002131,J000032,5726636839,2026-09-20,CONFIRMED,7,P006251,FAMILY
BK002132,J000032,8333181944,2026-09-19,CONFIRMED,2,P006258,FRIENDS
BK002133,J000032,4923443651,2026-09-18,CONFIRMED,3,P006260,FAMILY
BK002134,J000032,9309123238,2026-09-17,CONFIRMED,6,P006263,FAMILY
BK002135,J000032,3068758375,2026-09-16,CONFIRMED,1,P006269,INDIVIDUAL
BK002136,J000032,2562695561,2026-09-15,CONFIRMED,3,P006270,GROUP
BK002137,J000032,8131351008,2026-09-14,CONFIRMED,2,P006273,GROUP
BK002138,J000032,5159244260,2026-09-13,CONFIRMED,3,P006275,FRIENDS
BK002139,J000032,4023802888,2026-09-12,CONFIRMED,4,P006278,GROUP
BK002140,J000032,9601935427,2026-09-11,CONFIRMED,2,P006282,FRIENDS
BK002141,J000032,1535139087,2026-09-10,CONFIRMED,7,P006284,FAMILY
BK002142,J000032,8427012711,2026-09-09,CONFIRMED,4,P006291,FAMILY
BK002143,J000032,4024912247,2026-09-08,CONFIRMED,5,P006295,FAMILY
BK002144,J000032,1935562710,2026-09-07,CONFIRMED,1,P006300,INDIVIDUAL
BK002145,J000033,8611075277,2026-09-09,WAITLISTED,4,P006301,FRIENDS
BK002146,J000033,6235067295,2026-09-08,CONFIRMED,4,P006305,FAMILY
BK002147,J000033,1176570383,2026-09-07,CONFIRMED,4,P006309,CAREGIVER_COMPANION
BK002148,J000033,7523029832,2026-09-06,CONFIRMED,6,P006313,FAMILY
BK002149,J000033,4573641846,2026-09-05,CONFIRMED,1,P006319,INDIVIDUAL
BK002150,J000033,3655656616,2026-09-04,CONFIRMED,1,P006320,INDIVIDUAL
BK002151,J000033,6562441159,2026-09-03,CONFIRMED,4,P006321,GROUP
BK002152,J000033,7109501043,2026-09-02,CONFIRMED,3,P006325,GROUP
BK002153,J000033,2741082541,2026-09-01,CONFIRMED,2,P006328,GROUP
BK002154,J000033,3244239416,2026-08-31,CONFIRMED,4,P006330,FAMILY
BK002155,J000033,7946823674,2026-08-30,CONFIRMED,2,P006334,FRIENDS
BK002156,J000033,7460883396,2026-08-29,CONFIRMED,3,P006336,GROUP
BK002157,J000033,5890603445,2026-08-28,CONFIRMED,4,P006339,FRIENDS
BK002158,J000033,2399256381,2026-08-27,CONFIRMED,3,P006343,FRIENDS
BK002159,J000033,2821570726,2026-08-26,CONFIRMED,6,P006346,FRIENDS
BK002160,J000033,4461152794,2026-08-25,RAC,1,P006352,INDIVIDUAL
BK002161,J000033,9246515471,2026-08-24,CONFIRMED,3,P006353,FAMILY
BK002162,J000033,4851236833,2026-08-23,CONFIRMED,4,P006356,FAMILY
BK002163,J000033,1481966206,2026-08-22,CONFIRMED,4,P006360,GROUP
BK002164,J000033,6230363343,2026-08-21,CONFIRMED,3,P006364,GROUP
BK002165,J000033,1370073337,2026-08-20,CONFIRMED,4,P006367,FRIENDS
BK002166,J000033,6630545776,2026-09-26,CONFIRMED,3,P006371,FRIENDS
BK002167,J000033,5770209499,2026-09-25,CONFIRMED,1,P006374,INDIVIDUAL
BK002168,J000033,8715912940,2026-09-24,CONFIRMED,2,P006375,FRIENDS
BK002169,J000033,9047437173,2026-09-23,CONFIRMED,2,P006377,GROUP
BK002170,J000033,1736971594,2026-09-22,CONFIRMED,2,P006379,FAMILY
BK002171,J000033,9681151168,2026-09-21,CONFIRMED,4,P006381,GROUP
BK002172,J000033,4492201619,2026-09-20,CONFIRMED,4,P006385,FAMILY
BK002173,J000033,5832995060,2026-09-19,CONFIRMED,4,P006389,FRIENDS
BK002174,J000033,3862984367,2026-09-18,CONFIRMED,1,P006393,INDIVIDUAL
BK002175,J000033,3393203998,2026-09-17,CONFIRMED,1,P006394,INDIVIDUAL
BK002176,J000033,1489446012,2026-09-16,CONFIRMED,3,P006395,GROUP
BK002177,J000033,9321677755,2026-09-15,CONFIRMED,4,P006398,FRIENDS
BK002178,J000033,3507404845,2026-09-14,WAITLISTED,2,P006402,FAMILY
BK002179,J000033,2803044895,2026-09-13,CONFIRMED,1,P006404,INDIVIDUAL
BK002180,J000033,8535226972,2026-09-12,CONFIRMED,3,P006405,GROUP
BK002181,J000033,7806158949,2026-09-11,CONFIRMED,2,P006408,GROUP
BK002182,J000033,6518586277,2026-09-10,CONFIRMED,4,P006410,FAMILY
BK002183,J000033,4544682429,2026-09-09,CONFIRMED,2,P006414,FRIENDS
BK002184,J000033,4101516740,2026-09-08,CONFIRMED,2,P006416,FRIENDS
BK002185,J000033,6548028817,2026-09-07,CONFIRMED,3,P006418,FAMILY
BK002186,J000033,9701831587,2026-09-06,CONFIRMED,4,P006421,FAMILY
BK002187,J000033,7862688925,2026-09-05,CONFIRMED,3,P006425,FAMILY
BK002188,J000033,5844463119,2026-09-04,CONFIRMED,4,P006428,FAMILY
BK002189,J000033,5242593294,2026-09-03,CONFIRMED,3,P006432,FAMILY
BK002190,J000033,6011819149,2026-09-02,CONFIRMED,3,P006435,FRIENDS
BK002191,J000033,3118654303,2026-09-01,CONFIRMED,8,P006438,GROUP
BK002192,J000033,8948224642,2026-08-31,CONFIRMED,2,P006446,FRIENDS
BK002193,J000033,6479268861,2026-08-30,CONFIRMED,1,P006448,INDIVIDUAL
BK002194,J000033,9148175638,2026-08-29,CONFIRMED,1,P006449,INDIVIDUAL
BK002195,J000033,8311913548,2026-08-28,CONFIRMED,2,P006450,FRIENDS
BK002196,J000033,6710495465,2026-08-27,CONFIRMED,2,P006452,FRIENDS
BK002197,J000033,8888237189,2026-08-26,CONFIRMED,1,P006454,INDIVIDUAL
BK002198,J000033,9387444207,2026-08-25,CONFIRMED,5,P006455,GROUP
BK002199,J000033,5034256209,2026-08-24,CONFIRMED,3,P006460,FAMILY
BK002200,J000033,2275106649,2026-08-23,CANCELLED,3,P006463,GROUP
BK002201,J000033,5753188840,2026-08-22,CONFIRMED,4,P006466,FRIENDS
BK002202,J000033,8122536401,2026-08-21,CONFIRMED,1,P006470,INDIVIDUAL
BK002203,J000033,2392047446,2026-08-20,CONFIRMED,2,P006471,FRIENDS
BK002204,J000033,8897135165,2026-09-26,CONFIRMED,3,P006473,GROUP
BK002205,J000033,3092690265,2026-09-25,CONFIRMED,1,P006476,INDIVIDUAL
BK002206,J000033,5156198021,2026-09-24,CONFIRMED,5,P006477,GROUP
BK002207,J000033,6004577924,2026-09-23,CONFIRMED,8,P006482,GROUP
BK002208,J000033,8415780204,2026-09-22,CONFIRMED,2,P006490,FRIENDS
BK002209,J000033,5643889912,2026-09-21,CONFIRMED,1,P006492,INDIVIDUAL
BK002210,J000033,2796794140,2026-09-20,CONFIRMED,4,P006493,FAMILY
BK002211,J000033,3338085867,2026-09-19,WAITLISTED,3,P006497,FAMILY
BK002212,J000034,4120469137,2026-09-21,CONFIRMED,4,P006500,FAMILY
BK002213,J000034,7174551017,2026-09-20,CONFIRMED,1,P006504,INDIVIDUAL
BK002214,J000034,1702061250,2026-09-19,CONFIRMED,7,P006505,FRIENDS
BK002215,J000034,9540273895,2026-09-18,CONFIRMED,2,P006512,FRIENDS
BK002216,J000034,7109704502,2026-09-17,CONFIRMED,4,P006514,FAMILY
BK002217,J000034,3440189451,2026-09-16,CONFIRMED,1,P006518,INDIVIDUAL
BK002218,J000034,8146559836,2026-09-15,CONFIRMED,4,P006519,FAMILY
BK002219,J000034,1707882710,2026-09-14,CONFIRMED,2,P006523,FRIENDS
BK002220,J000034,2598100349,2026-09-13,CONFIRMED,5,P006525,FRIENDS
BK002221,J000034,7680401493,2026-09-12,CONFIRMED,4,P006530,FRIENDS
BK002222,J000034,7676166358,2026-09-11,CONFIRMED,3,P006534,FRIENDS
BK002223,J000034,3540737312,2026-09-10,CONFIRMED,2,P006537,FRIENDS
BK002224,J000034,9336526559,2026-09-09,CONFIRMED,1,P006539,INDIVIDUAL
BK002225,J000034,9399053430,2026-09-08,CONFIRMED,3,P006540,FAMILY
BK002226,J000034,8148913249,2026-09-07,CONFIRMED,4,P006543,FAMILY
BK002227,J000034,1508809671,2026-09-06,CONFIRMED,1,P006547,INDIVIDUAL
BK002228,J000034,6444798146,2026-09-05,CONFIRMED,2,P006548,FRIENDS
BK002229,J000034,9042100670,2026-09-04,CONFIRMED,1,P006550,INDIVIDUAL
BK002230,J000034,5515798877,2026-09-03,CONFIRMED,2,P006551,FAMILY
BK002231,J000034,1240248194,2026-09-02,CONFIRMED,1,P006553,INDIVIDUAL
BK002232,J000034,5338978295,2026-09-01,CONFIRMED,3,P006554,GROUP
BK002233,J000034,3965915637,2026-08-31,CONFIRMED,5,P006557,FAMILY
BK002234,J000034,1290522066,2026-08-30,CONFIRMED,2,P006562,FAMILY
BK002235,J000034,1730451003,2026-08-29,CONFIRMED,1,P006564,INDIVIDUAL
BK002236,J000034,5218194129,2026-08-28,CONFIRMED,2,P006565,FRIENDS
BK002237,J000034,4062721505,2026-08-27,CONFIRMED,2,P006567,GROUP
BK002238,J000034,6089996604,2026-08-26,CONFIRMED,2,P006569,FAMILY
BK002239,J000034,9627935597,2026-08-25,CONFIRMED,1,P006571,INDIVIDUAL
BK002240,J000034,2782712886,2026-08-24,RAC,3,P006572,GROUP
BK002241,J000034,1367785104,2026-08-23,CONFIRMED,1,P006575,INDIVIDUAL
BK002242,J000034,2451956953,2026-09-29,CONFIRMED,1,P006576,INDIVIDUAL
BK002243,J000034,4918811960,2026-09-28,CONFIRMED,4,P006577,GROUP
BK002244,J000034,6527250594,2026-09-27,WAITLISTED,2,P006581,FRIENDS
BK002245,J000034,3336672942,2026-09-26,CONFIRMED,3,P006583,FAMILY
BK002246,J000034,6806158888,2026-09-25,CONFIRMED,1,P006586,INDIVIDUAL
BK002247,J000034,4286407826,2026-09-24,CONFIRMED,2,P006587,FRIENDS
BK002248,J000034,1058790902,2026-09-23,CONFIRMED,8,P006589,FAMILY
BK002249,J000034,5168665250,2026-09-22,CONFIRMED,6,P006597,GROUP
BK002250,J000034,5152066075,2026-09-21,CONFIRMED,2,P006603,FAMILY
BK002251,J000034,9779611102,2026-09-20,CONFIRMED,2,P006605,FRIENDS
BK002252,J000034,3966982611,2026-09-19,CONFIRMED,1,P006607,INDIVIDUAL
BK002253,J000034,7787119185,2026-09-18,CONFIRMED,6,P006608,GROUP
BK002254,J000034,5127177339,2026-09-17,CONFIRMED,1,P006614,INDIVIDUAL
BK002255,J000034,3942112251,2026-09-16,CONFIRMED,1,P006615,INDIVIDUAL
BK002256,J000034,3016547330,2026-09-15,CONFIRMED,2,P006616,FRIENDS
BK002257,J000034,6196118643,2026-09-14,CONFIRMED,4,P006618,FRIENDS
BK002258,J000034,1366192795,2026-09-13,CONFIRMED,1,P006622,INDIVIDUAL
BK002259,J000034,2585637129,2026-09-12,CONFIRMED,1,P006623,INDIVIDUAL
BK002260,J000034,3128853164,2026-09-11,CONFIRMED,4,P006624,FAMILY
BK002261,J000034,6988425516,2026-09-10,CONFIRMED,7,P006628,CAREGIVER_COMPANION
BK002262,J000034,3304636311,2026-09-09,CONFIRMED,3,P006635,FRIENDS
BK002263,J000034,8365207265,2026-09-08,CONFIRMED,3,P006638,FAMILY
BK002264,J000034,6687518719,2026-09-07,CONFIRMED,4,P006641,FAMILY
BK002265,J000034,8824558543,2026-09-06,CONFIRMED,7,P006645,FAMILY
BK002266,J000034,3440545573,2026-09-05,CONFIRMED,3,P006652,FRIENDS
BK002267,J000034,2052791930,2026-09-04,CONFIRMED,1,P006655,INDIVIDUAL
BK002268,J000034,5907744171,2026-09-03,CONFIRMED,4,P006656,FAMILY
BK002269,J000034,9401401277,2026-09-02,CONFIRMED,3,P006660,FAMILY
BK002270,J000034,5615204465,2026-09-01,CONFIRMED,2,P006663,FAMILY
BK002271,J000034,7065274626,2026-08-31,CONFIRMED,3,P006665,FAMILY
BK002272,J000034,7375349408,2026-08-30,CONFIRMED,1,P006668,INDIVIDUAL
BK002273,J000034,3033613759,2026-08-29,CONFIRMED,3,P006669,FAMILY
BK002274,J000034,2802713114,2026-08-28,CONFIRMED,5,P006672,GROUP
BK002275,J000034,8660749588,2026-08-27,CONFIRMED,2,P006677,FRIENDS
BK002276,J000034,1629443175,2026-08-26,CONFIRMED,3,P006679,GROUP
BK002277,J000034,8268670832,2026-08-25,WAITLISTED,4,P006682,FRIENDS
BK002278,J000034,7977626238,2026-08-24,CONFIRMED,3,P006686,FRIENDS
BK002279,J000035,2662981737,2026-08-24,CONFIRMED,1,P006689,INDIVIDUAL
BK002280,J000035,7945869974,2026-09-30,RAC,4,P006690,CAREGIVER_COMPANION
BK002281,J000035,8717875703,2026-09-29,CONFIRMED,4,P006694,FRIENDS
BK002282,J000035,1148323868,2026-09-28,CONFIRMED,1,P006698,INDIVIDUAL
BK002283,J000035,3085030065,2026-09-27,CONFIRMED,4,P006699,GROUP
BK002284,J000035,6755497910,2026-09-26,CONFIRMED,6,P006703,FAMILY
BK002285,J000035,5471683102,2026-09-25,CONFIRMED,6,P006709,GROUP
BK002286,J000035,9450084843,2026-09-24,CONFIRMED,3,P006715,FRIENDS
BK002287,J000035,8203798407,2026-09-23,CONFIRMED,3,P006718,FAMILY
BK002288,J000035,3608121323,2026-09-22,CONFIRMED,2,P006721,FRIENDS
BK002289,J000035,1384008959,2026-09-21,CONFIRMED,4,P006723,FRIENDS
BK002290,J000035,7639713352,2026-09-20,CONFIRMED,2,P006727,FAMILY
BK002291,J000035,5446108331,2026-09-19,CONFIRMED,7,P006729,FAMILY
BK002292,J000035,1045862222,2026-09-18,CONFIRMED,3,P006736,GROUP
BK002293,J000035,8660499533,2026-09-17,CONFIRMED,2,P006739,GROUP
BK002294,J000035,3558405334,2026-09-16,CONFIRMED,4,P006741,FAMILY
BK002295,J000035,3188230130,2026-09-15,CONFIRMED,7,P006745,FAMILY
BK002296,J000035,9979845228,2026-09-14,CONFIRMED,1,P006752,INDIVIDUAL
BK002297,J000035,6890752773,2026-09-13,CONFIRMED,2,P006753,GROUP
BK002298,J000035,9134406827,2026-09-12,CONFIRMED,1,P006755,INDIVIDUAL
BK002299,J000035,6535758848,2026-09-11,CONFIRMED,4,P006756,CAREGIVER_COMPANION
BK002300,J000035,6252107030,2026-09-10,CANCELLED,1,P006760,INDIVIDUAL
BK002301,J000035,9403455433,2026-09-09,CONFIRMED,1,P006761,INDIVIDUAL
BK002302,J000035,7678731409,2026-09-08,CONFIRMED,3,P006762,FRIENDS
BK002303,J000035,1981052675,2026-09-07,CONFIRMED,1,P006765,INDIVIDUAL
BK002304,J000035,1648355752,2026-09-06,CONFIRMED,4,P006766,FAMILY
BK002305,J000035,1147151615,2026-09-05,CONFIRMED,4,P006770,FRIENDS
BK002306,J000035,6958081347,2026-09-04,CONFIRMED,3,P006774,FRIENDS
BK002307,J000035,6806088969,2026-09-03,CONFIRMED,2,P006777,FRIENDS
BK002308,J000035,7283763962,2026-09-02,CONFIRMED,2,P006779,FRIENDS
BK002309,J000035,4516021385,2026-09-01,CONFIRMED,3,P006781,FAMILY
BK002310,J000035,1417314568,2026-08-31,WAITLISTED,2,P006784,FAMILY
BK002311,J000035,2503212275,2026-08-30,CONFIRMED,3,P006786,FAMILY
BK002312,J000035,5895080519,2026-08-29,CONFIRMED,2,P006789,FRIENDS
BK002313,J000035,7209412632,2026-08-28,CONFIRMED,2,P006791,GROUP
BK002314,J000035,2258332144,2026-08-27,CONFIRMED,6,P006793,FAMILY
BK002315,J000035,6598417703,2026-08-26,CONFIRMED,3,P006799,FAMILY
BK002316,J000035,4438222843,2026-08-25,CONFIRMED,2,P006802,FRIENDS
BK002317,J000035,8725334779,2026-08-24,CONFIRMED,4,P006804,FRIENDS
BK002318,J000035,7191783654,2026-09-30,CONFIRMED,4,P006808,CAREGIVER_COMPANION
BK002319,J000035,5223604325,2026-09-29,CONFIRMED,8,P006812,GROUP
BK002320,J000035,2769484971,2026-09-28,RAC,3,P006820,GROUP
BK002321,J000035,2781958954,2026-09-27,CONFIRMED,1,P006823,INDIVIDUAL
BK002322,J000035,9424147219,2026-09-26,CONFIRMED,6,P006824,FAMILY
BK002323,J000035,9266689976,2026-09-25,CONFIRMED,1,P006830,INDIVIDUAL
BK002324,J000035,5189146283,2026-09-24,CONFIRMED,2,P006831,FRIENDS
BK002325,J000035,5687693462,2026-09-23,CONFIRMED,5,P006833,FAMILY
BK002326,J000035,1160294919,2026-09-22,CONFIRMED,2,P006838,FAMILY
BK002327,J000035,2887275548,2026-09-21,CONFIRMED,2,P006840,FRIENDS
BK002328,J000035,9154544916,2026-09-20,CONFIRMED,1,P006842,INDIVIDUAL
BK002329,J000035,7114854429,2026-09-19,CONFIRMED,2,P006843,GROUP
BK002330,J000035,9259614434,2026-09-18,CONFIRMED,7,P006845,FRIENDS
BK002331,J000035,4713793787,2026-09-17,CONFIRMED,4,P006852,GROUP
BK002332,J000035,4333225431,2026-09-16,CONFIRMED,2,P006856,FRIENDS
BK002333,J000035,5390005675,2026-09-15,CONFIRMED,4,P006858,FRIENDS
BK002334,J000035,3792852937,2026-09-14,CONFIRMED,1,P006862,INDIVIDUAL
BK002335,J000035,4809005902,2026-09-13,CONFIRMED,6,P006863,FRIENDS
BK002336,J000035,5736075385,2026-09-12,CONFIRMED,5,P006869,FRIENDS
BK002337,J000035,6369032457,2026-09-11,CONFIRMED,8,P006874,CAREGIVER_COMPANION
BK002338,J000035,3807610811,2026-09-10,CONFIRMED,7,P006882,FRIENDS
BK002339,J000035,1630190139,2026-09-09,CONFIRMED,3,P006889,FAMILY
BK002340,J000035,4545852843,2026-09-08,CONFIRMED,3,P006892,GROUP
BK002341,J000035,9722245310,2026-09-07,CONFIRMED,1,P006895,INDIVIDUAL
BK002342,J000035,1591553480,2026-09-06,CONFIRMED,4,P006896,FAMILY
BK002343,J000035,2814247593,2026-09-05,WAITLISTED,2,P006900,FRIENDS
BK002344,J000035,9097731305,2026-09-04,CONFIRMED,4,P006902,FAMILY
BK002345,J000035,3568077591,2026-09-03,CONFIRMED,2,P006906,GROUP
BK002346,J000036,4581645330,2026-09-05,CONFIRMED,4,P006908,FAMILY
BK002347,J000036,2174617168,2026-09-04,CONFIRMED,4,P006912,GROUP
BK002348,J000036,8823312520,2026-09-03,CONFIRMED,4,P006916,FAMILY
BK002349,J000036,6944806364,2026-09-02,CONFIRMED,1,P006920,INDIVIDUAL
BK002350,J000036,4510123026,2026-09-01,CONFIRMED,1,P006921,INDIVIDUAL
BK002351,J000036,9922683410,2026-08-31,CONFIRMED,5,P006922,FAMILY
BK002352,J000036,1925410247,2026-08-30,CONFIRMED,4,P006927,FAMILY
BK002353,J000036,9129588089,2026-08-29,CONFIRMED,2,P006931,GROUP
BK002354,J000036,3516062252,2026-08-28,CONFIRMED,1,P006933,INDIVIDUAL
BK002355,J000036,9620186863,2026-08-27,CONFIRMED,6,P006934,FRIENDS
BK002356,J000036,6805251973,2026-10-03,CONFIRMED,2,P006940,FRIENDS
BK002357,J000036,1778514817,2026-10-02,CONFIRMED,1,P006942,INDIVIDUAL
BK002358,J000036,3449443525,2026-10-01,CONFIRMED,4,P006943,FAMILY
BK002359,J000036,4288846305,2026-09-30,CONFIRMED,1,P006947,INDIVIDUAL
BK002360,J000036,6285676403,2026-09-29,RAC,5,P006948,FRIENDS
BK002361,J000036,8395452475,2026-09-28,CONFIRMED,1,P006953,INDIVIDUAL
BK002362,J000036,2367590453,2026-09-27,CONFIRMED,6,P006954,FAMILY
BK002363,J000036,7440459586,2026-09-26,CONFIRMED,3,P006960,FAMILY
BK002364,J000036,4879042961,2026-09-25,CONFIRMED,3,P006963,GROUP
BK002365,J000036,1210635316,2026-09-24,CONFIRMED,4,P006966,FRIENDS
BK002366,J000036,6720880698,2026-09-23,CONFIRMED,4,P006970,FAMILY
BK002367,J000036,5369181849,2026-09-22,CONFIRMED,1,P006974,INDIVIDUAL
BK002368,J000036,2401200215,2026-09-21,CONFIRMED,2,P006975,FRIENDS
BK002369,J000036,7567132367,2026-09-20,CONFIRMED,1,P006977,INDIVIDUAL
BK002370,J000036,8547822787,2026-09-19,CONFIRMED,3,P006978,FRIENDS
BK002371,J000036,2141946925,2026-09-18,CONFIRMED,1,P006981,INDIVIDUAL
BK002372,J000036,2174399103,2026-09-17,CONFIRMED,3,P006982,GROUP
BK002373,J000036,5541658169,2026-09-16,CONFIRMED,4,P006985,FRIENDS
BK002374,J000036,2956532632,2026-09-15,CONFIRMED,3,P006989,FRIENDS
BK002375,J000036,2228447242,2026-09-14,CONFIRMED,1,P006992,INDIVIDUAL
BK002376,J000036,3094077213,2026-09-13,WAITLISTED,2,P006993,FRIENDS
BK002377,J000036,3349917855,2026-09-12,CONFIRMED,2,P006995,GROUP
BK002378,J000036,3163052307,2026-09-11,CONFIRMED,4,P006997,FAMILY
BK002379,J000036,7033995615,2026-09-10,CONFIRMED,4,P007001,GROUP
BK002380,J000036,8521543131,2026-09-09,CONFIRMED,2,P007005,FRIENDS
BK002381,J000036,6480499277,2026-09-08,CONFIRMED,2,P007007,GROUP
BK002382,J000036,4134613904,2026-09-07,CONFIRMED,2,P007009,FAMILY
BK002383,J000036,7812958885,2026-09-06,CONFIRMED,6,P007011,FRIENDS
BK002384,J000036,6711939296,2026-09-05,CONFIRMED,6,P007017,FAMILY
BK002385,J000036,9584401731,2026-09-04,CONFIRMED,4,P007023,FRIENDS
BK002386,J000036,1540428387,2026-09-03,CONFIRMED,4,P007027,FAMILY
BK002387,J000036,7378094585,2026-09-02,CONFIRMED,2,P007031,FRIENDS
BK002388,J000036,3627409641,2026-09-01,CONFIRMED,2,P007033,FRIENDS
BK002389,J000036,3947359985,2026-08-31,CONFIRMED,3,P007035,FAMILY
BK002390,J000036,7002206589,2026-08-30,CONFIRMED,1,P007038,INDIVIDUAL
BK002391,J000036,5658174652,2026-08-29,CONFIRMED,2,P007039,FRIENDS
BK002392,J000036,1965519353,2026-08-28,CONFIRMED,2,P007041,FRIENDS
BK002393,J000036,1200131371,2026-08-27,CONFIRMED,3,P007043,FAMILY
BK002394,J000036,3843226661,2026-10-03,CONFIRMED,1,P007046,INDIVIDUAL
BK002395,J000036,2929238746,2026-10-02,CONFIRMED,3,P007047,FAMILY
BK002396,J000036,1761019195,2026-10-01,CONFIRMED,4,P007050,FAMILY
BK002397,J000036,6390378460,2026-09-30,CONFIRMED,4,P007054,FRIENDS
BK002398,J000036,4320780390,2026-09-29,CONFIRMED,2,P007058,FAMILY
BK002399,J000036,7395040342,2026-09-28,CONFIRMED,2,P007060,FRIENDS
BK002400,J000036,1027327232,2026-09-27,CANCELLED,4,P007062,FAMILY
BK002401,J000036,7891275533,2026-09-26,CONFIRMED,1,P007066,INDIVIDUAL
BK002402,J000036,3072501725,2026-09-25,CONFIRMED,4,P007067,FAMILY
BK002403,J000036,2090372169,2026-09-24,CONFIRMED,1,P007071,INDIVIDUAL
BK002404,J000036,8740388964,2026-09-23,CONFIRMED,2,P007072,FRIENDS
BK002405,J000036,4715129185,2026-09-22,CONFIRMED,4,P007074,FRIENDS
BK002406,J000036,3213078545,2026-09-21,CONFIRMED,3,P007078,FRIENDS
BK002407,J000036,7057256437,2026-09-20,CONFIRMED,8,P007081,GROUP
BK002408,J000036,4030172083,2026-09-19,CONFIRMED,1,P007089,INDIVIDUAL
BK002409,J000036,3330620423,2026-09-18,WAITLISTED,5,P007090,FAMILY
BK002410,J000036,2014578684,2026-09-17,CONFIRMED,4,P007095,FAMILY
BK002411,J000036,3099647573,2026-09-16,CONFIRMED,1,P007099,INDIVIDUAL
BK002412,J000036,2263615457,2026-09-15,CONFIRMED,5,P007100,FRIENDS
BK002413,J000037,5226959006,2026-09-06,CONFIRMED,2,P007105,GROUP
BK002414,J000037,8331380942,2026-09-05,CONFIRMED,2,P007107,FAMILY
BK002415,J000037,4898405075,2026-09-04,CONFIRMED,6,P007109,FRIENDS
BK002416,J000037,1389918815,2026-09-03,CONFIRMED,1,P007115,INDIVIDUAL
BK002417,J000037,4135753014,2026-09-02,CONFIRMED,1,P007116,INDIVIDUAL
BK002418,J000037,1282632763,2026-09-01,CONFIRMED,4,P007117,FAMILY
BK002419,J000037,1261414544,2026-08-31,CONFIRMED,4,P007121,GROUP
BK002420,J000037,3712294373,2026-08-30,CONFIRMED,2,P007125,FRIENDS
BK002421,J000037,6693558267,2026-08-29,CONFIRMED,2,P007127,GROUP
BK002422,J000037,4386631997,2026-08-28,CONFIRMED,3,P007129,FRIENDS
BK002423,J000037,6113053975,2026-08-27,CONFIRMED,2,P007132,FRIENDS
BK002424,J000037,7173123971,2026-08-26,CONFIRMED,4,P007134,FAMILY
BK002425,J000037,7884461253,2026-08-25,CONFIRMED,2,P007138,GROUP
BK002426,J000037,9955130082,2026-08-24,CONFIRMED,4,P007140,FAMILY
BK002427,J000037,9070631455,2026-08-23,CONFIRMED,1,P007144,INDIVIDUAL
BK002428,J000037,2415564191,2026-08-22,CONFIRMED,2,P007145,FRIENDS
BK002429,J000037,7142333238,2026-08-21,CONFIRMED,1,P007147,INDIVIDUAL
BK002430,J000037,9639530617,2026-08-20,CONFIRMED,2,P007148,FAMILY
BK002431,J000037,2450459966,2026-08-19,CONFIRMED,3,P007150,FAMILY
BK002432,J000037,2687477283,2026-09-25,CONFIRMED,6,P007153,CAREGIVER_COMPANION
BK002433,J000037,7017017424,2026-09-24,CONFIRMED,4,P007159,FRIENDS
BK002434,J000037,8993189608,2026-09-23,CONFIRMED,3,P007163,FRIENDS
BK002435,J000037,2090238404,2026-09-22,CONFIRMED,4,P007166,GROUP
BK002436,J000037,1178838197,2026-09-21,CONFIRMED,2,P007170,FRIENDS
BK002437,J000037,5094460929,2026-09-20,CONFIRMED,2,P007172,GROUP
BK002438,J000037,3827575204,2026-09-19,CONFIRMED,3,P007174,FRIENDS
BK002439,J000037,9657004718,2026-09-18,CONFIRMED,2,P007177,FRIENDS
BK002440,J000037,6511948148,2026-09-17,RAC,3,P007179,GROUP
BK002441,J000037,5856269445,2026-09-16,CONFIRMED,7,P007182,FAMILY
BK002442,J000037,8995029677,2026-09-15,WAITLISTED,2,P007189,FAMILY
BK002443,J000037,6610023405,2026-09-14,CONFIRMED,3,P007191,FAMILY
BK002444,J000037,8857207522,2026-09-13,CONFIRMED,5,P007194,FRIENDS
BK002445,J000037,8319974456,2026-09-12,CONFIRMED,2,P007199,GROUP
BK002446,J000037,5526299961,2026-09-11,CONFIRMED,2,P007201,FAMILY
BK002447,J000037,1524147720,2026-09-10,CONFIRMED,3,P007203,FAMILY
BK002448,J000037,1167222835,2026-09-09,CONFIRMED,2,P007206,FRIENDS
BK002449,J000037,6313299209,2026-09-08,CONFIRMED,4,P007208,FRIENDS
BK002450,J000037,6138986557,2026-09-07,CONFIRMED,4,P007212,FAMILY
BK002451,J000037,3479481898,2026-09-06,CONFIRMED,3,P007216,FAMILY
BK002452,J000037,9633272488,2026-09-05,CONFIRMED,1,P007219,INDIVIDUAL
BK002453,J000037,7353492344,2026-09-04,CONFIRMED,2,P007220,GROUP
BK002454,J000037,3504952611,2026-09-03,CONFIRMED,2,P007222,FAMILY
BK002455,J000037,5831787935,2026-09-02,CONFIRMED,4,P007224,GROUP
BK002456,J000037,9291097166,2026-09-01,CONFIRMED,2,P007228,FRIENDS
BK002457,J000037,1527859570,2026-08-31,CONFIRMED,5,P007230,FAMILY
BK002458,J000037,5467892115,2026-08-30,CONFIRMED,1,P007235,INDIVIDUAL
BK002459,J000037,3937411877,2026-08-29,CONFIRMED,3,P007236,FAMILY
BK002460,J000037,1502503879,2026-08-28,CONFIRMED,4,P007239,FAMILY
BK002461,J000037,4411315378,2026-08-27,CONFIRMED,2,P007243,GROUP
BK002462,J000037,1595364113,2026-08-26,CONFIRMED,7,P007245,FRIENDS
BK002463,J000037,2381078935,2026-08-25,CONFIRMED,1,P007252,INDIVIDUAL
BK002464,J000037,9962022335,2026-08-24,CONFIRMED,3,P007253,GROUP
BK002465,J000037,5333906316,2026-08-23,CONFIRMED,3,P007256,FAMILY
BK002466,J000037,6141690647,2026-08-22,CONFIRMED,1,P007259,INDIVIDUAL
BK002467,J000037,8076406930,2026-08-21,CONFIRMED,4,P007260,GROUP
BK002468,J000037,6386321438,2026-08-20,CONFIRMED,3,P007264,GROUP
BK002469,J000037,5746888809,2026-08-19,CONFIRMED,4,P007267,FRIENDS
BK002470,J000037,4785760193,2026-09-25,CONFIRMED,4,P007271,CAREGIVER_COMPANION
BK002471,J000037,1999166373,2026-09-24,CONFIRMED,3,P007275,FAMILY
BK002472,J000037,8618067644,2026-09-23,CONFIRMED,6,P007278,FAMILY
BK002473,J000037,3706975499,2026-09-22,CONFIRMED,8,P007284,FRIENDS
BK002474,J000037,8860580127,2026-09-21,CONFIRMED,1,P007292,INDIVIDUAL
BK002475,J000037,5990000766,2026-09-20,WAITLISTED,4,P007293,GROUP
BK002476,J000037,1764216550,2026-09-19,CONFIRMED,2,P007297,FRIENDS
BK002477,J000037,7429963740,2026-09-18,CONFIRMED,2,P007299,GROUP
BK002478,J000037,5666961066,2026-09-17,CONFIRMED,1,P007301,INDIVIDUAL
BK002479,J000037,2946352637,2026-09-16,CONFIRMED,5,P007302,FAMILY
BK002480,J000038,5323124355,2026-09-22,RAC,1,P007307,INDIVIDUAL
BK002481,J000038,7148310600,2026-09-21,CONFIRMED,3,P007308,FAMILY
BK002482,J000038,4314524211,2026-09-20,CONFIRMED,3,P007311,FRIENDS
BK002483,J000038,7049668240,2026-09-19,CONFIRMED,2,P007314,FRIENDS
BK002484,J000038,2688548782,2026-09-18,CONFIRMED,4,P007316,FAMILY
BK002485,J000038,7221751675,2026-09-17,CONFIRMED,7,P007320,FAMILY
BK002486,J000038,9783658634,2026-09-16,CONFIRMED,2,P007327,FAMILY
BK002487,J000038,1064177938,2026-09-15,CONFIRMED,3,P007329,FAMILY
BK002488,J000038,7261753901,2026-09-14,CONFIRMED,4,P007332,FAMILY
BK002489,J000038,6141473321,2026-09-13,CONFIRMED,6,P007336,CAREGIVER_COMPANION
BK002490,J000038,7775642352,2026-09-12,CONFIRMED,6,P007342,FAMILY
BK002491,J000038,4783791991,2026-09-11,CONFIRMED,3,P007348,FAMILY
BK002492,J000038,6708269557,2026-09-10,CONFIRMED,2,P007351,FRIENDS
BK002493,J000038,9286862547,2026-09-09,CONFIRMED,4,P007353,FRIENDS
BK002494,J000038,8558031224,2026-09-08,CONFIRMED,4,P007357,FAMILY
BK002495,J000038,9280316526,2026-09-07,CONFIRMED,1,P007361,INDIVIDUAL
BK002496,J000038,8402747535,2026-09-06,CONFIRMED,1,P007362,INDIVIDUAL
BK002497,J000038,6933174510,2026-09-05,CONFIRMED,1,P007363,INDIVIDUAL
BK002498,J000038,4676448414,2026-09-04,CONFIRMED,6,P007364,FAMILY
BK002499,J000038,6360908313,2026-09-03,CONFIRMED,2,P007370,FRIENDS
BK002500,J000038,1995512512,2026-09-02,CANCELLED,1,P007372,INDIVIDUAL
BK002501,J000038,6378415999,2026-09-01,CONFIRMED,1,P007373,INDIVIDUAL
BK002502,J000038,2916205887,2026-08-31,CONFIRMED,8,P007374,FAMILY
BK002503,J000038,1896621850,2026-08-30,CONFIRMED,4,P007382,GROUP
BK002504,J000038,5350088388,2026-08-29,CONFIRMED,1,P007386,INDIVIDUAL
BK002505,J000038,7563555581,2026-08-28,CONFIRMED,1,P007387,INDIVIDUAL
BK002506,J000038,6665458431,2026-08-27,CONFIRMED,2,P007388,FAMILY
BK002507,J000038,8844301574,2026-08-26,CONFIRMED,8,P007390,GROUP
BK002508,J000038,1561726299,2026-10-02,WAITLISTED,1,P007398,INDIVIDUAL
BK002509,J000038,7126312147,2026-10-01,CONFIRMED,3,P007399,FAMILY
BK002510,J000038,1015043345,2026-09-30,CONFIRMED,4,P007402,FAMILY
BK002511,J000038,9062069738,2026-09-29,CONFIRMED,3,P007406,FAMILY
BK002512,J000038,6858193542,2026-09-28,CONFIRMED,3,P007409,GROUP
BK002513,J000038,4516642972,2026-09-27,CONFIRMED,3,P007412,FAMILY
BK002514,J000038,6387933581,2026-09-26,CONFIRMED,3,P007415,FRIENDS
BK002515,J000038,2595315756,2026-09-25,CONFIRMED,4,P007418,GROUP
BK002516,J000038,8289824555,2026-09-24,CONFIRMED,1,P007422,INDIVIDUAL
BK002517,J000038,7269564853,2026-09-23,CONFIRMED,6,P007423,GROUP
BK002518,J000038,6387234584,2026-09-22,CONFIRMED,5,P007429,GROUP
BK002519,J000038,8083231624,2026-09-21,CONFIRMED,2,P007434,FRIENDS
BK002520,J000038,9221161446,2026-09-20,RAC,7,P007436,GROUP
BK002521,J000038,7518184405,2026-09-19,CONFIRMED,2,P007443,GROUP
BK002522,J000038,9129555802,2026-09-18,CONFIRMED,2,P007445,FAMILY
BK002523,J000038,3828363471,2026-09-17,CONFIRMED,3,P007447,FAMILY
BK002524,J000038,3175119667,2026-09-16,CONFIRMED,2,P007450,FRIENDS
BK002525,J000038,6585159466,2026-09-15,CONFIRMED,7,P007452,FAMILY
BK002526,J000038,4635116931,2026-09-14,CONFIRMED,1,P007459,INDIVIDUAL
BK002527,J000038,3914692908,2026-09-13,CONFIRMED,1,P007460,INDIVIDUAL
BK002528,J000038,2638518788,2026-09-12,CONFIRMED,4,P007461,FAMILY
BK002529,J000038,8227683661,2026-09-11,CONFIRMED,2,P007465,GROUP
BK002530,J000038,7739940026,2026-09-10,CONFIRMED,4,P007467,FAMILY
BK002531,J000038,4847369082,2026-09-09,CONFIRMED,3,P007471,FAMILY
BK002532,J000038,6543702161,2026-09-08,CONFIRMED,2,P007474,FRIENDS
BK002533,J000038,1680683549,2026-09-07,CONFIRMED,3,P007476,FAMILY
BK002534,J000038,7568910552,2026-09-06,CONFIRMED,2,P007479,FAMILY
BK002535,J000038,2597771346,2026-09-05,CONFIRMED,1,P007481,INDIVIDUAL
BK002536,J000038,4965639692,2026-09-04,CONFIRMED,2,P007482,FRIENDS
BK002537,J000038,5262388525,2026-09-03,CONFIRMED,4,P007484,FRIENDS
BK002538,J000038,7466734712,2026-09-02,CONFIRMED,6,P007488,FAMILY
BK002539,J000038,2584183159,2026-09-01,CONFIRMED,2,P007494,FRIENDS
BK002540,J000038,2410681440,2026-08-31,CONFIRMED,1,P007496,INDIVIDUAL
BK002541,J000038,4544348076,2026-08-30,WAITLISTED,1,P007497,INDIVIDUAL
BK002542,J000038,9244426178,2026-08-29,CONFIRMED,4,P007498,FAMILY
BK002543,J000038,3549887044,2026-08-28,CONFIRMED,1,P007502,INDIVIDUAL
BK002544,J000038,4889659058,2026-08-27,CONFIRMED,2,P007503,FRIENDS
BK002545,J000038,5639755975,2026-08-26,CONFIRMED,1,P007505,INDIVIDUAL
BK002546,J000038,2188219277,2026-10-02,CONFIRMED,1,P007506,INDIVIDUAL
BK002547,J000039,8083786662,2026-10-08,CONFIRMED,4,P007507,GROUP
BK002548,J000039,2143727340,2026-10-07,CONFIRMED,4,P007511,FAMILY
BK002549,J000039,4264377650,2026-10-06,CONFIRMED,4,P007515,FRIENDS
BK002550,J000039,3342597908,2026-10-05,CONFIRMED,3,P007519,FRIENDS
BK002551,J000039,5787978646,2026-10-04,CONFIRMED,1,P007522,INDIVIDUAL
BK002552,J000039,1938569683,2026-10-03,CONFIRMED,7,P007523,GROUP
BK002553,J000039,2125894448,2026-10-02,CONFIRMED,1,P007530,INDIVIDUAL
BK002554,J000039,4659240786,2026-10-01,CONFIRMED,4,P007531,FAMILY
BK002555,J000039,9759065280,2026-09-30,CONFIRMED,1,P007535,INDIVIDUAL
BK002556,J000039,8292488650,2026-09-29,CONFIRMED,3,P007536,GROUP
BK002557,J000039,6733057924,2026-09-28,CONFIRMED,2,P007539,GROUP
BK002558,J000039,2149630045,2026-09-27,CONFIRMED,4,P007541,FAMILY
BK002559,J000039,4908068855,2026-09-26,CONFIRMED,3,P007545,FAMILY
BK002560,J000039,2965267443,2026-09-25,RAC,3,P007548,GROUP
BK002561,J000039,1922805232,2026-09-24,CONFIRMED,3,P007551,FAMILY
BK002562,J000039,1927705254,2026-09-23,CONFIRMED,4,P007554,FAMILY
BK002563,J000039,1877386951,2026-09-22,CONFIRMED,3,P007558,FAMILY
BK002564,J000039,7182939222,2026-09-21,CONFIRMED,2,P007561,FRIENDS
BK002565,J000039,2494603849,2026-09-20,CONFIRMED,1,P007563,INDIVIDUAL
BK002566,J000039,1142983289,2026-09-19,CONFIRMED,5,P007564,GROUP
BK002567,J000039,8853133261,2026-09-18,CONFIRMED,4,P007569,GROUP
BK002568,J000039,8500939242,2026-09-17,CONFIRMED,6,P007573,FAMILY
BK002569,J000039,2417889502,2026-09-16,CONFIRMED,2,P007579,GROUP
BK002570,J000039,7026299337,2026-09-15,CONFIRMED,6,P007581,FAMILY
BK002571,J000039,1307498550,2026-09-14,CONFIRMED,4,P007587,GROUP
BK002572,J000039,7583182808,2026-09-13,CONFIRMED,1,P007591,INDIVIDUAL
BK002573,J000039,1094601006,2026-09-12,CONFIRMED,2,P007592,GROUP
BK002574,J000039,5460446492,2026-09-11,WAITLISTED,1,P007594,INDIVIDUAL
BK002575,J000039,3189072249,2026-09-10,CONFIRMED,2,P007595,FRIENDS
BK002576,J000039,7032709510,2026-09-09,CONFIRMED,2,P007597,FRIENDS
BK002577,J000039,5463069800,2026-09-08,CONFIRMED,1,P007599,INDIVIDUAL
BK002578,J000039,4694330695,2026-09-07,CONFIRMED,1,P007600,INDIVIDUAL
BK002579,J000039,5283076062,2026-09-06,CONFIRMED,4,P007601,GROUP
BK002580,J000039,7136171465,2026-09-05,CONFIRMED,7,P007605,GROUP
BK002581,J000039,8454156286,2026-09-04,CONFIRMED,2,P007612,GROUP
BK002582,J000039,7979563375,2026-09-03,CONFIRMED,3,P007614,FRIENDS
BK002583,J000039,7124969372,2026-09-02,CONFIRMED,5,P007617,FAMILY
BK002584,J000039,9422027273,2026-10-09,CONFIRMED,1,P007622,INDIVIDUAL
BK002585,J000039,8985375216,2026-10-08,CONFIRMED,3,P007623,FAMILY
BK002586,J000039,1948122778,2026-10-07,CONFIRMED,5,P007626,GROUP
BK002587,J000039,9601799934,2026-10-06,CONFIRMED,4,P007631,GROUP
BK002588,J000039,5242030359,2026-10-05,CONFIRMED,3,P007635,GROUP
BK002589,J000039,8215950011,2026-10-04,CONFIRMED,2,P007638,GROUP
BK002590,J000039,4296102433,2026-10-03,CONFIRMED,7,P007640,FRIENDS
BK002591,J000039,5913190628,2026-10-02,CONFIRMED,4,P007647,GROUP
BK002592,J000039,4870158807,2026-10-01,CONFIRMED,2,P007651,FRIENDS
BK002593,J000039,1063007564,2026-09-30,CONFIRMED,2,P007653,GROUP
BK002594,J000039,3523684869,2026-09-29,CONFIRMED,3,P007655,FRIENDS
BK002595,J000039,2725040588,2026-09-28,CONFIRMED,4,P007658,GROUP
BK002596,J000039,4870138032,2026-09-27,CONFIRMED,1,P007662,INDIVIDUAL
BK002597,J000039,7443081877,2026-09-26,CONFIRMED,4,P007663,FRIENDS
BK002598,J000039,9407836587,2026-09-25,CONFIRMED,4,P007667,FAMILY
BK002599,J000039,9861842700,2026-09-24,CONFIRMED,1,P007671,INDIVIDUAL
BK002600,J000039,6976064054,2026-09-23,CANCELLED,4,P007672,FAMILY
BK002601,J000039,6307719572,2026-09-22,CONFIRMED,4,P007676,FRIENDS
BK002602,J000039,7480829390,2026-09-21,CONFIRMED,4,P007680,FAMILY
BK002603,J000039,4852533388,2026-09-20,CONFIRMED,4,P007684,CAREGIVER_COMPANION
BK002604,J000039,8418657563,2026-09-19,CONFIRMED,4,P007688,FAMILY
BK002605,J000039,1129152262,2026-09-18,CONFIRMED,2,P007692,GROUP
BK002606,J000039,3272471109,2026-09-17,CONFIRMED,5,P007694,GROUP
BK002607,J000039,4817096289,2026-09-16,WAITLISTED,1,P007699,INDIVIDUAL
BK002608,J000039,3357666689,2026-09-15,CONFIRMED,2,P007700,FRIENDS
BK002609,J000039,1182630360,2026-09-14,CONFIRMED,1,P007702,INDIVIDUAL
BK002610,J000039,2799471860,2026-09-13,CONFIRMED,2,P007703,FAMILY
BK002611,J000039,1244881062,2026-09-12,CONFIRMED,1,P007705,INDIVIDUAL
BK002612,J000039,5557325326,2026-09-11,CONFIRMED,4,P007706,FAMILY
BK002613,J000039,7988295025,2026-09-10,CONFIRMED,7,P007710,FAMILY
BK002614,J000040,9479964965,2026-09-16,CONFIRMED,2,P007717,FAMILY
BK002615,J000040,3081481259,2026-09-15,CONFIRMED,6,P007719,FRIENDS
BK002616,J000040,9331453980,2026-09-14,CONFIRMED,3,P007725,GROUP
BK002617,J000040,8027242944,2026-09-13,CONFIRMED,3,P007728,FAMILY
BK002618,J000040,2828815960,2026-09-12,CONFIRMED,1,P007731,INDIVIDUAL
BK002619,J000040,1771598060,2026-09-11,CONFIRMED,5,P007732,FAMILY
BK002620,J000040,4137377295,2026-09-10,CONFIRMED,2,P007737,FRIENDS
BK002621,J000040,3724106518,2026-09-09,CONFIRMED,1,P007739,INDIVIDUAL
BK002622,J000040,3537752786,2026-10-16,CONFIRMED,4,P007740,CAREGIVER_COMPANION
BK002623,J000040,1769148431,2026-10-15,CONFIRMED,2,P007744,FRIENDS
BK002624,J000040,5520294728,2026-10-14,CONFIRMED,5,P007746,FRIENDS
BK002625,J000040,9302894067,2026-10-13,CONFIRMED,1,P007751,INDIVIDUAL
BK002626,J000040,6266082703,2026-10-12,CONFIRMED,2,P007752,FAMILY
BK002627,J000040,3804711394,2026-10-11,CONFIRMED,1,P007754,INDIVIDUAL
BK002628,J000040,8213238624,2026-10-10,CONFIRMED,4,P007755,FAMILY
BK002629,J000040,2424892566,2026-10-09,CONFIRMED,3,P007759,FAMILY
BK002630,J000040,9056589692,2026-10-08,CONFIRMED,1,P007762,INDIVIDUAL
BK002631,J000040,3962568475,2026-10-07,CONFIRMED,1,P007763,INDIVIDUAL
BK002632,J000040,8011282064,2026-10-06,CONFIRMED,3,P007764,GROUP
BK002633,J000040,5075126860,2026-10-05,CONFIRMED,5,P007767,FAMILY
BK002634,J000040,8029424137,2026-10-04,CONFIRMED,3,P007772,FRIENDS
BK002635,J000040,5565572281,2026-10-03,CONFIRMED,1,P007775,INDIVIDUAL
BK002636,J000040,4562216755,2026-10-02,CONFIRMED,6,P007776,FAMILY
BK002637,J000040,6922575996,2026-10-01,CONFIRMED,1,P007782,INDIVIDUAL
BK002638,J000040,3008651881,2026-09-30,CONFIRMED,4,P007783,FAMILY
BK002639,J000040,5661393435,2026-09-29,CONFIRMED,2,P007787,FRIENDS
BK002640,J000040,2972112929,2026-09-28,RAC,4,P007789,FAMILY
BK002641,J000040,4195813806,2026-09-27,CONFIRMED,3,P007793,FAMILY
BK002642,J000040,8142319611,2026-09-26,CONFIRMED,3,P007796,FRIENDS
BK002643,J000040,9308803903,2026-09-25,CONFIRMED,6,P007799,FRIENDS
BK002644,J000040,9922753497,2026-09-24,CONFIRMED,6,P007805,FAMILY
BK002645,J000040,8566627091,2026-09-23,CONFIRMED,1,P007811,INDIVIDUAL
BK002646,J000040,6342580456,2026-09-22,CONFIRMED,2,P007812,FAMILY
BK002647,J000040,4407622783,2026-09-21,CONFIRMED,5,P007814,FAMILY
BK002648,J000040,6785320188,2026-09-20,CONFIRMED,1,P007819,INDIVIDUAL
BK002649,J000040,3855280224,2026-09-19,CONFIRMED,3,P007820,FAMILY
BK002650,J000040,4789930405,2026-09-18,CONFIRMED,4,P007823,FAMILY
BK002651,J000040,2256055409,2026-09-17,CONFIRMED,1,P007827,INDIVIDUAL
BK002652,J000040,3216857421,2026-09-16,CONFIRMED,2,P007828,FRIENDS
BK002653,J000040,4263585292,2026-09-15,CONFIRMED,2,P007830,GROUP
BK002654,J000040,5215563765,2026-09-14,CONFIRMED,1,P007832,INDIVIDUAL
BK002655,J000040,5172350133,2026-09-13,CONFIRMED,7,P007833,FAMILY
BK002656,J000040,5264022742,2026-09-12,CONFIRMED,1,P007840,INDIVIDUAL
BK002657,J000040,7814358761,2026-09-11,CONFIRMED,5,P007841,FAMILY
BK002658,J000040,5441939114,2026-09-10,CONFIRMED,1,P007846,INDIVIDUAL
BK002659,J000040,8941934952,2026-09-09,CONFIRMED,2,P007847,FRIENDS
BK002660,J000040,9488208624,2026-10-16,CONFIRMED,1,P007849,INDIVIDUAL
BK002661,J000040,7741357996,2026-10-15,CONFIRMED,2,P007850,GROUP
BK002662,J000040,8889365278,2026-10-14,CONFIRMED,6,P007852,FAMILY
BK002663,J000040,1497443513,2026-10-13,CONFIRMED,2,P007858,FRIENDS
BK002664,J000040,1392073784,2026-10-12,CONFIRMED,2,P007860,FRIENDS
BK002665,J000040,3988405116,2026-10-11,CONFIRMED,4,P007862,FRIENDS
BK002666,J000040,6098067574,2026-10-10,CONFIRMED,6,P007866,FAMILY
BK002667,J000040,3059164615,2026-10-09,CONFIRMED,2,P007872,FRIENDS
BK002668,J000040,7641769471,2026-10-08,CONFIRMED,1,P007874,INDIVIDUAL
BK002669,J000040,7863579375,2026-10-07,CONFIRMED,3,P007875,FAMILY
BK002670,J000040,3743434815,2026-10-06,CONFIRMED,5,P007878,GROUP
BK002671,J000040,3937098323,2026-10-05,CONFIRMED,1,P007883,INDIVIDUAL
BK002672,J000040,5252742546,2026-10-04,CONFIRMED,3,P007884,GROUP
BK002673,J000040,1419014597,2026-10-03,WAITLISTED,2,P007887,GROUP
BK002674,J000040,4402241942,2026-10-02,CONFIRMED,3,P007889,FRIENDS
BK002675,J000040,9911358526,2026-10-01,CONFIRMED,2,P007892,FRIENDS
BK002676,J000040,1119957936,2026-09-30,CONFIRMED,1,P007894,INDIVIDUAL
BK002677,J000040,3142987388,2026-09-29,CONFIRMED,6,P007895,GROUP
BK002678,J000040,7949018999,2026-09-28,CONFIRMED,1,P007901,INDIVIDUAL
BK002679,J000040,5656481800,2026-09-27,CONFIRMED,1,P007902,INDIVIDUAL
BK002680,J000040,4497650738,2026-09-26,RAC,3,P007903,GROUP
BK002681,J000041,3919480036,2026-10-02,CONFIRMED,4,P007906,FRIENDS
BK002682,J000041,2604723817,2026-10-01,CONFIRMED,2,P007910,FAMILY
BK002683,J000041,8892187496,2026-09-30,CONFIRMED,2,P007912,FRIENDS
BK002684,J000041,5133333111,2026-09-29,CONFIRMED,1,P007914,INDIVIDUAL
BK002685,J000041,4437675594,2026-09-28,CONFIRMED,4,P007915,FRIENDS
BK002686,J000041,5599155481,2026-09-27,CONFIRMED,6,P007919,FAMILY
BK002687,J000041,1376284812,2026-09-26,CONFIRMED,4,P007925,GROUP
BK002688,J000041,3887966349,2026-09-25,CONFIRMED,2,P007929,FRIENDS
BK002689,J000041,1269753029,2026-09-24,CONFIRMED,3,P007931,FAMILY
BK002690,J000041,4027523498,2026-09-23,CONFIRMED,4,P007934,FAMILY
BK002691,J000041,3740810014,2026-09-22,CONFIRMED,3,P007938,FAMILY
BK002692,J000041,8261284129,2026-09-21,CONFIRMED,5,P007941,FRIENDS
BK002693,J000041,5474034184,2026-09-20,CONFIRMED,1,P007946,INDIVIDUAL
BK002694,J000041,3848209379,2026-09-19,CONFIRMED,3,P007947,FRIENDS
BK002695,J000041,8161469139,2026-09-18,CONFIRMED,3,P007950,FAMILY
BK002696,J000041,8724983679,2026-09-17,CONFIRMED,5,P007953,FRIENDS
BK002697,J000041,6314332138,2026-09-16,CONFIRMED,6,P007958,GROUP
BK002698,J000041,9058626028,2026-10-23,CONFIRMED,6,P007964,CAREGIVER_COMPANION
BK002699,J000041,8072385734,2026-10-22,CONFIRMED,1,P007970,INDIVIDUAL
BK002700,J000041,2532314978,2026-10-21,CANCELLED,4,P007971,FAMILY
BK002701,J000041,6479162921,2026-10-20,CONFIRMED,5,P007975,FAMILY
BK002702,J000041,6756748287,2026-10-19,CONFIRMED,1,P007980,INDIVIDUAL
BK002703,J000041,8651838969,2026-10-18,CONFIRMED,1,P007981,INDIVIDUAL
BK002704,J000041,1237561468,2026-10-17,CONFIRMED,5,P007982,FRIENDS
BK002705,J000041,9071233395,2026-10-16,CONFIRMED,6,P007987,GROUP
BK002706,J000041,3850026474,2026-10-15,WAITLISTED,7,P007993,FRIENDS
BK002707,J000041,5345313182,2026-10-14,CONFIRMED,4,P008000,GROUP
BK002708,J000041,7246540606,2026-10-13,CONFIRMED,2,P008004,FRIENDS
BK002709,J000041,9995795923,2026-10-12,CONFIRMED,2,P008006,GROUP
BK002710,J000041,6051982997,2026-10-11,CONFIRMED,1,P008008,INDIVIDUAL
BK002711,J000041,4591754904,2026-10-10,CONFIRMED,4,P008009,GROUP
BK002712,J000041,3441612427,2026-10-09,CONFIRMED,5,P008013,FRIENDS
BK002713,J000041,3956947019,2026-10-08,CONFIRMED,3,P008018,FAMILY
BK002714,J000041,3931092649,2026-10-07,CONFIRMED,1,P008021,INDIVIDUAL
BK002715,J000041,9597819324,2026-10-06,CONFIRMED,1,P008022,INDIVIDUAL
BK002716,J000041,4641394189,2026-10-05,CONFIRMED,3,P008023,GROUP
BK002717,J000041,6543679941,2026-10-04,CONFIRMED,2,P008026,GROUP
BK002718,J000041,6148233511,2026-10-03,CONFIRMED,4,P008028,FAMILY
BK002719,J000041,4350856656,2026-10-02,CONFIRMED,1,P008032,INDIVIDUAL
BK002720,J000041,8291638413,2026-10-01,RAC,4,P008033,FAMILY
BK002721,J000041,4829784178,2026-09-30,CONFIRMED,1,P008037,INDIVIDUAL
BK002722,J000041,3226632989,2026-09-29,CONFIRMED,1,P008038,INDIVIDUAL
BK002723,J000041,7417124009,2026-09-28,CONFIRMED,3,P008039,FAMILY
BK002724,J000041,4857992130,2026-09-27,CONFIRMED,3,P008042,GROUP
BK002725,J000041,8507262255,2026-09-26,CONFIRMED,1,P008045,INDIVIDUAL
BK002726,J000041,4910225940,2026-09-25,CONFIRMED,6,P008046,FAMILY
BK002727,J000041,7718874710,2026-09-24,CONFIRMED,6,P008052,FRIENDS
BK002728,J000041,9806564469,2026-09-23,CONFIRMED,4,P008058,FAMILY
BK002729,J000041,3694405586,2026-09-22,CONFIRMED,1,P008062,INDIVIDUAL
BK002730,J000041,9548511652,2026-09-21,CONFIRMED,2,P008063,FAMILY
BK002731,J000041,6080232048,2026-09-20,CONFIRMED,4,P008065,GROUP
BK002732,J000041,3702092075,2026-09-19,CONFIRMED,2,P008069,FRIENDS
BK002733,J000041,6680332899,2026-09-18,CONFIRMED,2,P008071,GROUP
BK002734,J000041,9972392484,2026-09-17,CONFIRMED,7,P008073,FRIENDS
BK002735,J000041,8926641589,2026-09-16,CONFIRMED,6,P008080,FRIENDS
BK002736,J000041,9020944510,2026-10-23,CONFIRMED,8,P008086,CAREGIVER_COMPANION
BK002737,J000041,6132983081,2026-10-22,CONFIRMED,6,P008094,GROUP
BK002738,J000041,5392624710,2026-10-21,CONFIRMED,6,P008100,FAMILY
BK002739,J000041,2719974162,2026-10-20,WAITLISTED,4,P008106,GROUP
BK002740,J000041,6774903543,2026-10-19,CONFIRMED,3,P008110,GROUP
BK002741,J000041,8644983726,2026-10-18,CONFIRMED,3,P008113,FAMILY
BK002742,J000041,7354382060,2026-10-17,CONFIRMED,2,P008116,FAMILY
BK002743,J000041,2650308488,2026-10-16,CONFIRMED,2,P008118,FRIENDS
BK002744,J000041,7420140768,2026-10-15,CONFIRMED,4,P008120,FAMILY
BK002745,J000041,5369405550,2026-10-14,CONFIRMED,1,P008124,INDIVIDUAL
BK002746,J000041,9763035535,2026-10-13,CONFIRMED,4,P008125,FAMILY
BK002747,J000041,1910624493,2026-10-12,CONFIRMED,4,P008129,GROUP
BK002748,J000042,2731751100,2026-10-18,CONFIRMED,5,P008133,FRIENDS
BK002749,J000042,3732262726,2026-10-17,CONFIRMED,2,P008138,GROUP
BK002750,J000042,6904223278,2026-10-16,CONFIRMED,2,P008140,FAMILY
BK002751,J000042,8411816655,2026-10-15,CONFIRMED,4,P008142,GROUP
BK002752,J000042,3166186645,2026-10-14,CONFIRMED,8,P008146,FAMILY
BK002753,J000042,9165380852,2026-10-13,CONFIRMED,2,P008154,GROUP
BK002754,J000042,5171565278,2026-10-12,CONFIRMED,2,P008156,FAMILY
BK002755,J000042,6789100862,2026-10-11,CONFIRMED,2,P008158,FRIENDS
BK002756,J000042,2257899097,2026-10-10,CONFIRMED,1,P008160,INDIVIDUAL
BK002757,J000042,8278672463,2026-10-09,CONFIRMED,2,P008161,GROUP
BK002758,J000042,6094916816,2026-10-08,CONFIRMED,4,P008163,FAMILY
BK002759,J000042,2523946165,2026-10-07,CONFIRMED,4,P008167,GROUP
BK002760,J000042,3436506943,2026-10-06,RAC,6,P008171,FAMILY
BK002761,J000042,5741780127,2026-10-05,CONFIRMED,3,P008177,FAMILY
BK002762,J000042,5588028393,2026-10-04,CONFIRMED,3,P008180,FRIENDS
BK002763,J000042,9543220449,2026-10-03,CONFIRMED,3,P008183,FAMILY
BK002764,J000042,3365011219,2026-10-02,CONFIRMED,3,P008186,GROUP
BK002765,J000042,5081070843,2026-10-01,CONFIRMED,1,P008189,INDIVIDUAL
BK002766,J000042,1756386481,2026-09-30,CONFIRMED,7,P008190,FRIENDS
BK002767,J000042,8307158611,2026-09-29,CONFIRMED,7,P008197,FAMILY
BK002768,J000042,9813071263,2026-09-28,CONFIRMED,4,P008204,FAMILY
BK002769,J000042,6226225141,2026-09-27,CONFIRMED,2,P008208,GROUP
BK002770,J000042,4897355014,2026-09-26,CONFIRMED,3,P008210,FRIENDS
BK002771,J000042,9856464250,2026-09-25,CONFIRMED,2,P008213,FRIENDS
BK002772,J000042,9282272809,2026-09-24,WAITLISTED,1,P008215,INDIVIDUAL
BK002773,J000042,7322421749,2026-09-23,CONFIRMED,6,P008216,GROUP
BK002774,J000042,2522822064,2026-10-30,CONFIRMED,5,P008222,CAREGIVER_COMPANION
BK002775,J000042,1037174540,2026-10-29,CONFIRMED,4,P008227,GROUP
BK002776,J000042,2943139140,2026-10-28,CONFIRMED,6,P008231,FAMILY
BK002777,J000042,9476677827,2026-10-27,CONFIRMED,2,P008237,GROUP
BK002778,J000042,7675932459,2026-10-26,CONFIRMED,4,P008239,FAMILY
BK002779,J000042,7013422257,2026-10-25,CONFIRMED,7,P008243,FAMILY
BK002780,J000042,3567310330,2026-10-24,CONFIRMED,1,P008250,INDIVIDUAL
BK002781,J000042,9514644827,2026-10-23,CONFIRMED,8,P008251,FRIENDS
BK002782,J000042,8632210538,2026-10-22,CONFIRMED,1,P008259,INDIVIDUAL
BK002783,J000042,5701321347,2026-10-21,CONFIRMED,2,P008260,FRIENDS
BK002784,J000042,6551338941,2026-10-20,CONFIRMED,1,P008262,INDIVIDUAL
BK002785,J000042,1850636881,2026-10-19,CONFIRMED,5,P008263,FAMILY
BK002786,J000042,6771498281,2026-10-18,CONFIRMED,1,P008268,INDIVIDUAL
BK002787,J000042,9227743549,2026-10-17,CONFIRMED,4,P008269,GROUP
BK002788,J000042,7613781704,2026-10-16,CONFIRMED,4,P008273,FAMILY
BK002789,J000042,6378286898,2026-10-15,CONFIRMED,1,P008277,INDIVIDUAL
BK002790,J000042,2074009847,2026-10-14,CONFIRMED,4,P008278,FAMILY
BK002791,J000042,7064850032,2026-10-13,CONFIRMED,1,P008282,INDIVIDUAL
BK002792,J000042,5974340767,2026-10-12,CONFIRMED,1,P008283,INDIVIDUAL
BK002793,J000042,5106572253,2026-10-11,CONFIRMED,1,P008284,INDIVIDUAL
BK002794,J000042,8254440707,2026-10-10,CONFIRMED,2,P008285,FAMILY
BK002795,J000042,7471079420,2026-10-09,CONFIRMED,4,P008287,GROUP
BK002796,J000042,2080990030,2026-10-08,CONFIRMED,5,P008291,FRIENDS
BK002797,J000042,6294748450,2026-10-07,CONFIRMED,4,P008296,FRIENDS
BK002798,J000042,4359512507,2026-10-06,CONFIRMED,1,P008300,INDIVIDUAL
BK002799,J000042,7821333332,2026-10-05,CONFIRMED,1,P008301,INDIVIDUAL
BK002800,J000042,9702991270,2026-10-04,CANCELLED,8,P008302,FAMILY
BK002801,J000042,6918864100,2026-10-03,CONFIRMED,2,P008310,GROUP
BK002802,J000042,9019212732,2026-10-02,CONFIRMED,1,P008312,INDIVIDUAL
BK002803,J000042,7952382055,2026-10-01,CONFIRMED,2,P008313,FRIENDS
BK002804,J000042,3442032077,2026-09-30,CONFIRMED,2,P008315,FRIENDS
BK002805,J000042,8760812197,2026-09-29,WAITLISTED,6,P008317,GROUP
BK002806,J000042,9497438322,2026-09-28,CONFIRMED,2,P008323,FAMILY
BK002807,J000042,1004369967,2026-09-27,CONFIRMED,3,P008325,FAMILY
BK002808,J000042,7913862161,2026-09-26,CONFIRMED,1,P008328,INDIVIDUAL
BK002809,J000042,7722952595,2026-09-25,CONFIRMED,5,P008329,FAMILY
BK002810,J000042,5220433157,2026-09-24,CONFIRMED,2,P008334,FAMILY
BK002811,J000042,5873233899,2026-09-23,CONFIRMED,1,P008336,INDIVIDUAL
BK002812,J000042,8132075090,2026-10-30,CONFIRMED,2,P008337,FRIENDS
BK002813,J000042,1918448814,2026-10-29,CONFIRMED,3,P008339,FAMILY
BK002814,J000042,8735291882,2026-10-28,CONFIRMED,2,P008342,FAMILY
BK002815,J000043,5691698507,2026-09-24,CONFIRMED,1,P008344,INDIVIDUAL
BK002816,J000043,3029095952,2026-09-23,CONFIRMED,3,P008345,GROUP
BK002817,J000043,4003537122,2026-09-22,CONFIRMED,4,P008348,FRIENDS
BK002818,J000043,2315535819,2026-09-21,CONFIRMED,2,P008352,FAMILY
BK002819,J000043,6772629293,2026-09-20,CONFIRMED,2,P008354,FRIENDS
BK002820,J000043,1086978726,2026-09-19,CONFIRMED,1,P008356,INDIVIDUAL
BK002821,J000043,9553829913,2026-09-18,CONFIRMED,2,P008357,GROUP
BK002822,J000043,2495419530,2026-09-17,CONFIRMED,1,P008359,INDIVIDUAL
BK002823,J000043,5869301298,2026-09-16,CONFIRMED,8,P008360,GROUP
BK002824,J000043,1857037121,2026-09-15,CONFIRMED,2,P008368,FRIENDS
BK002825,J000043,4416755321,2026-09-14,CONFIRMED,1,P008370,INDIVIDUAL
BK002826,J000043,5749439252,2026-09-13,CONFIRMED,3,P008371,FRIENDS
BK002827,J000043,9517033483,2026-09-12,CONFIRMED,1,P008374,INDIVIDUAL
BK002828,J000043,5220583021,2026-09-11,CONFIRMED,1,P008375,INDIVIDUAL
BK002829,J000043,2384771058,2026-09-10,CONFIRMED,3,P008376,FAMILY
BK002830,J000043,5544056410,2026-09-09,CONFIRMED,4,P008379,FAMILY
BK002831,J000043,9419799284,2026-09-08,CONFIRMED,4,P008383,CAREGIVER_COMPANION
BK002832,J000043,4653042168,2026-09-07,CONFIRMED,4,P008387,FAMILY
BK002833,J000043,4233634567,2026-09-06,CONFIRMED,3,P008391,FAMILY
BK002834,J000043,7222680716,2026-09-05,CONFIRMED,1,P008394,INDIVIDUAL
BK002835,J000043,1049824351,2026-09-04,CONFIRMED,3,P008395,FAMILY
BK002836,J000043,1470472960,2026-09-03,CONFIRMED,1,P008398,INDIVIDUAL
BK002837,J000043,2148966760,2026-09-02,CONFIRMED,1,P008399,INDIVIDUAL
BK002838,J000043,8037137624,2026-09-01,WAITLISTED,4,P008400,FAMILY
BK002839,J000043,5327274452,2026-08-31,CONFIRMED,3,P008404,FAMILY
BK002840,J000043,5570238387,2026-08-30,RAC,7,P008407,GROUP
BK002841,J000043,8571788320,2026-08-29,CONFIRMED,4,P008414,FRIENDS
BK002842,J000043,9011062036,2026-08-28,CONFIRMED,4,P008418,FAMILY
BK002843,J000043,7365688767,2026-08-27,CONFIRMED,1,P008422,INDIVIDUAL
BK002844,J000043,5100792577,2026-08-26,CONFIRMED,4,P008423,FAMILY
BK002845,J000043,2425622022,2026-08-25,CONFIRMED,4,P008427,FRIENDS
BK002846,J000043,8847165835,2026-08-24,CONFIRMED,2,P008431,FAMILY
BK002847,J000043,2795815414,2026-08-23,CONFIRMED,8,P008433,GROUP
BK002848,J000043,4203544139,2026-08-22,CONFIRMED,2,P008441,FRIENDS
BK002849,J000043,2935913430,2026-08-21,CONFIRMED,4,P008443,FRIENDS
BK002850,J000043,6047614492,2026-09-27,CONFIRMED,1,P008447,INDIVIDUAL
BK002851,J000043,7465654072,2026-09-26,CONFIRMED,4,P008448,GROUP
BK002852,J000043,5848680434,2026-09-25,CONFIRMED,1,P008452,INDIVIDUAL
BK002853,J000043,5754644375,2026-09-24,CONFIRMED,2,P008453,GROUP
BK002854,J000043,2640759635,2026-09-23,CONFIRMED,4,P008455,FAMILY
BK002855,J000043,8865669479,2026-09-22,CONFIRMED,2,P008459,FRIENDS
BK002856,J000043,9098664010,2026-09-21,CONFIRMED,5,P008461,FRIENDS
BK002857,J000043,2261101786,2026-09-20,CONFIRMED,4,P008466,FRIENDS
BK002858,J000043,7136485201,2026-09-19,CONFIRMED,1,P008470,INDIVIDUAL
BK002859,J000043,1941400864,2026-09-18,CONFIRMED,5,P008471,FAMILY
BK002860,J000043,7217156188,2026-09-17,CONFIRMED,4,P008476,FAMILY
BK002861,J000043,7452602904,2026-09-16,CONFIRMED,3,P008480,FAMILY
BK002862,J000043,2882250118,2026-09-15,CONFIRMED,4,P008483,FAMILY
BK002863,J000043,8151235670,2026-09-14,CONFIRMED,3,P008487,FAMILY
BK002864,J000043,3762487525,2026-09-13,CONFIRMED,4,P008490,FAMILY
BK002865,J000043,5213164205,2026-09-12,CONFIRMED,4,P008494,FRIENDS
BK002866,J000043,8163719109,2026-09-11,CONFIRMED,4,P008498,FAMILY
BK002867,J000043,8443667234,2026-09-10,CONFIRMED,2,P008502,FRIENDS
BK002868,J000043,3552410969,2026-09-09,CONFIRMED,4,P008504,FAMILY
BK002869,J000043,9435759175,2026-09-08,CONFIRMED,1,P008508,INDIVIDUAL
BK002870,J000043,2856786201,2026-09-07,CONFIRMED,1,P008509,INDIVIDUAL
BK002871,J000043,9396862492,2026-09-06,WAITLISTED,1,P008510,INDIVIDUAL
BK002872,J000043,2284578708,2026-09-05,CONFIRMED,5,P008511,FRIENDS
BK002873,J000043,3355045757,2026-09-04,CONFIRMED,3,P008516,FAMILY
BK002874,J000043,5900831028,2026-09-03,CONFIRMED,1,P008519,INDIVIDUAL
BK002875,J000043,8015951365,2026-09-02,CONFIRMED,1,P008520,INDIVIDUAL
BK002876,J000043,5941706406,2026-09-01,CONFIRMED,8,P008521,FAMILY
BK002877,J000043,6269792102,2026-08-31,CONFIRMED,1,P008529,INDIVIDUAL
BK002878,J000043,7896002045,2026-08-30,CONFIRMED,4,P008530,FAMILY
BK002879,J000043,5733040855,2026-08-29,CONFIRMED,1,P008534,INDIVIDUAL
BK002880,J000043,6686963479,2026-08-28,RAC,1,P008535,INDIVIDUAL
BK002881,J000043,5703284308,2026-08-27,CONFIRMED,1,P008536,INDIVIDUAL
BK002882,J000044,6749112556,2026-08-29,CONFIRMED,2,P008537,FAMILY
BK002883,J000044,5498302891,2026-08-28,CONFIRMED,4,P008539,GROUP
BK002884,J000044,5839271457,2026-08-27,CONFIRMED,5,P008543,FRIENDS
BK002885,J000044,8551648542,2026-08-26,CONFIRMED,2,P008548,GROUP
BK002886,J000044,8617431842,2026-08-25,CONFIRMED,1,P008550,INDIVIDUAL
BK002887,J000044,6968588142,2026-08-24,CONFIRMED,3,P008551,FAMILY
BK002888,J000044,9725786976,2026-09-30,CONFIRMED,3,P008554,GROUP
BK002889,J000044,3499835325,2026-09-29,CONFIRMED,1,P008557,INDIVIDUAL
BK002890,J000044,3646920652,2026-09-28,CONFIRMED,4,P008558,FAMILY
BK002891,J000044,6331594072,2026-09-27,CONFIRMED,2,P008562,FRIENDS
BK002892,J000044,6084497465,2026-09-26,CONFIRMED,1,P008564,INDIVIDUAL
BK002893,J000044,2613337530,2026-09-25,CONFIRMED,1,P008565,INDIVIDUAL
BK002894,J000044,6620479648,2026-09-24,CONFIRMED,2,P008566,FAMILY
BK002895,J000044,8899991344,2026-09-23,CONFIRMED,4,P008568,GROUP
BK002896,J000044,1794728812,2026-09-22,CONFIRMED,5,P008572,FRIENDS
BK002897,J000044,9325448672,2026-09-21,CONFIRMED,3,P008577,FAMILY
BK002898,J000044,9837202775,2026-09-20,CONFIRMED,1,P008580,INDIVIDUAL
BK002899,J000044,8777233746,2026-09-19,CONFIRMED,4,P008581,GROUP
BK002900,J000044,2620812589,2026-09-18,CANCELLED,7,P008585,GROUP
BK002901,J000044,4446076253,2026-09-17,CONFIRMED,2,P008592,GROUP
BK002902,J000044,9064571848,2026-09-16,CONFIRMED,2,P008594,FAMILY
BK002903,J000044,9108711270,2026-09-15,CONFIRMED,6,P008596,FRIENDS
BK002904,J000044,4553075007,2026-09-14,WAITLISTED,2,P008602,FRIENDS
BK002905,J000044,5583671303,2026-09-13,CONFIRMED,4,P008604,FRIENDS
BK002906,J000044,8706925778,2026-09-12,CONFIRMED,3,P008608,FRIENDS
BK002907,J000044,2065691400,2026-09-11,CONFIRMED,3,P008611,FAMILY
BK002908,J000044,1945023556,2026-09-10,CONFIRMED,4,P008614,FAMILY
BK002909,J000044,1246274316,2026-09-09,CONFIRMED,2,P008618,GROUP
BK002910,J000044,4683842097,2026-09-08,CONFIRMED,8,P008620,FAMILY
BK002911,J000044,9080953521,2026-09-07,CONFIRMED,4,P008628,GROUP
BK002912,J000044,5931534274,2026-09-06,CONFIRMED,1,P008632,INDIVIDUAL
BK002913,J000044,1877226440,2026-09-05,CONFIRMED,2,P008633,GROUP
BK002914,J000044,3598843358,2026-09-04,CONFIRMED,4,P008635,FAMILY
BK002915,J000044,6486680907,2026-09-03,CONFIRMED,5,P008639,FAMILY
BK002916,J000044,3985320335,2026-09-02,CONFIRMED,8,P008644,FAMILY
BK002917,J000044,7883891266,2026-09-01,CONFIRMED,4,P008652,FRIENDS
BK002918,J000044,7404001852,2026-08-31,CONFIRMED,1,P008656,INDIVIDUAL
BK002919,J000044,7989733864,2026-08-30,CONFIRMED,2,P008657,FRIENDS
BK002920,J000044,6055374071,2026-08-29,RAC,3,P008659,GROUP
BK002921,J000044,7670075431,2026-08-28,CONFIRMED,1,P008662,INDIVIDUAL
BK002922,J000044,1137853542,2026-08-27,CONFIRMED,3,P008663,FRIENDS
BK002923,J000044,2226255880,2026-08-26,CONFIRMED,1,P008666,INDIVIDUAL
BK002924,J000044,8243716219,2026-08-25,CONFIRMED,2,P008667,FRIENDS
BK002925,J000044,8799858790,2026-08-24,CONFIRMED,4,P008669,FRIENDS
BK002926,J000044,4948423030,2026-09-30,CONFIRMED,2,P008673,FAMILY
BK002927,J000044,5924177310,2026-09-29,CONFIRMED,1,P008675,INDIVIDUAL
BK002928,J000044,6598286460,2026-09-28,CONFIRMED,1,P008676,INDIVIDUAL
BK002929,J000044,6404895131,2026-09-27,CONFIRMED,4,P008677,FRIENDS
BK002930,J000044,3085821655,2026-09-26,CONFIRMED,1,P008681,INDIVIDUAL
BK002931,J000044,4809321989,2026-09-25,CONFIRMED,4,P008682,GROUP
BK002932,J000044,7804503984,2026-09-24,CONFIRMED,6,P008686,FAMILY
BK002933,J000044,1833635762,2026-09-23,CONFIRMED,5,P008692,FAMILY
BK002934,J000044,5766664179,2026-09-22,CONFIRMED,1,P008697,INDIVIDUAL
BK002935,J000044,1167274917,2026-09-21,CONFIRMED,4,P008698,GROUP
BK002936,J000044,9498075727,2026-09-20,CONFIRMED,3,P008702,GROUP
BK002937,J000044,1402072869,2026-09-19,WAITLISTED,3,P008705,FAMILY
BK002938,J000044,4891394474,2026-09-18,CONFIRMED,2,P008708,FAMILY
BK002939,J000044,1258826029,2026-09-17,CONFIRMED,2,P008710,FRIENDS
BK002940,J000044,1654089344,2026-09-16,CONFIRMED,2,P008712,FRIENDS
BK002941,J000044,4820877798,2026-09-15,CONFIRMED,1,P008714,INDIVIDUAL
BK002942,J000044,5147934357,2026-09-14,CONFIRMED,4,P008715,FAMILY
BK002943,J000044,6325483434,2026-09-13,CONFIRMED,2,P008719,FRIENDS
BK002944,J000044,7590187274,2026-09-12,CONFIRMED,2,P008721,FRIENDS
BK002945,J000044,8582932985,2026-09-11,CONFIRMED,1,P008723,INDIVIDUAL
BK002946,J000044,5282410090,2026-09-10,CONFIRMED,2,P008724,FAMILY
BK002947,J000044,4501248495,2026-09-09,CONFIRMED,4,P008726,GROUP
BK002948,J000044,7950994005,2026-09-08,CONFIRMED,3,P008730,GROUP
BK002949,J000045,6783034742,2026-09-11,CONFIRMED,7,P008733,FAMILY
BK002950,J000045,5930730823,2026-09-10,CONFIRMED,3,P008740,FRIENDS
BK002951,J000045,1063276406,2026-09-09,CONFIRMED,5,P008743,FAMILY
BK002952,J000045,7412972052,2026-09-08,CONFIRMED,4,P008748,FAMILY
BK002953,J000045,3193953680,2026-09-07,CONFIRMED,4,P008752,FRIENDS
BK002954,J000045,8360434166,2026-09-06,CONFIRMED,2,P008756,FAMILY
BK002955,J000045,2533045487,2026-09-05,CONFIRMED,5,P008758,FAMILY
BK002956,J000045,6493270901,2026-09-04,CONFIRMED,4,P008763,FAMILY
BK002957,J000045,6026505472,2026-09-03,CONFIRMED,1,P008767,INDIVIDUAL
BK002958,J000045,1544583874,2026-09-02,CONFIRMED,2,P008768,FAMILY
BK002959,J000045,2500477706,2026-09-01,CONFIRMED,3,P008770,FAMILY
BK002960,J000045,9194951027,2026-08-31,RAC,1,P008773,INDIVIDUAL
BK002961,J000045,4799916745,2026-08-30,CONFIRMED,4,P008774,FRIENDS
BK002962,J000045,1098315172,2026-08-29,CONFIRMED,5,P008778,GROUP
BK002963,J000045,9167483766,2026-08-28,CONFIRMED,3,P008783,FAMILY
BK002964,J000045,9305836531,2026-10-04,CONFIRMED,5,P008786,CAREGIVER_COMPANION
BK002965,J000045,6094655905,2026-10-03,CONFIRMED,4,P008791,FRIENDS
BK002966,J000045,9350656381,2026-10-02,CONFIRMED,4,P008795,FAMILY
BK002967,J000045,2746911612,2026-10-01,CONFIRMED,1,P008799,INDIVIDUAL
BK002968,J000045,9629757428,2026-09-30,CONFIRMED,1,P008800,INDIVIDUAL
BK002969,J000045,9667334851,2026-09-29,CONFIRMED,1,P008801,INDIVIDUAL
BK002970,J000045,3453009079,2026-09-28,WAITLISTED,2,P008802,FAMILY
BK002971,J000045,8469828768,2026-09-27,CONFIRMED,3,P008804,FAMILY
BK002972,J000045,2704404272,2026-09-26,CONFIRMED,1,P008807,INDIVIDUAL
BK002973,J000045,7493592324,2026-09-25,CONFIRMED,4,P008808,FRIENDS
BK002974,J000045,5713555284,2026-09-24,CONFIRMED,1,P008812,INDIVIDUAL
BK002975,J000045,8913780335,2026-09-23,CONFIRMED,1,P008813,INDIVIDUAL
BK002976,J000045,5317197784,2026-09-22,CONFIRMED,2,P008814,FRIENDS
BK002977,J000045,7342057187,2026-09-21,CONFIRMED,4,P008816,FRIENDS
BK002978,J000045,4643653709,2026-09-20,CONFIRMED,2,P008820,FAMILY
BK002979,J000045,3710452755,2026-09-19,CONFIRMED,2,P008822,FRIENDS
BK002980,J000045,3987744709,2026-09-18,CONFIRMED,2,P008824,FRIENDS
BK002981,J000045,7039412195,2026-09-17,CONFIRMED,2,P008826,GROUP
BK002982,J000045,1441229997,2026-09-16,CONFIRMED,4,P008828,FAMILY
BK002983,J000045,3823404212,2026-09-15,CONFIRMED,2,P008832,FRIENDS
BK002984,J000045,1301558347,2026-09-14,CONFIRMED,3,P008834,GROUP
BK002985,J000045,4554503772,2026-09-13,CONFIRMED,2,P008837,GROUP
BK002986,J000045,9493416407,2026-09-12,CONFIRMED,1,P008839,INDIVIDUAL
BK002987,J000045,3502014859,2026-09-11,CONFIRMED,1,P008840,INDIVIDUAL
BK002988,J000045,5992647915,2026-09-10,CONFIRMED,3,P008841,GROUP
BK002989,J000045,8180803123,2026-09-09,CONFIRMED,2,P008844,GROUP
BK002990,J000045,2910982157,2026-09-08,CONFIRMED,7,P008846,FRIENDS
BK002991,J000045,7799959581,2026-09-07,CONFIRMED,1,P008853,INDIVIDUAL
BK002992,J000045,8063033702,2026-09-06,CONFIRMED,1,P008854,INDIVIDUAL
BK002993,J000045,1515703003,2026-09-05,CONFIRMED,1,P008855,INDIVIDUAL
BK002994,J000045,2625750759,2026-09-04,CONFIRMED,5,P008856,GROUP
BK002995,J000045,1799838357,2026-09-03,CONFIRMED,1,P008861,INDIVIDUAL
BK002996,J000045,2431352464,2026-09-02,CONFIRMED,3,P008862,GROUP
BK002997,J000045,5636694474,2026-09-01,CONFIRMED,3,P008865,FAMILY
BK002998,J000045,4426673914,2026-08-31,CONFIRMED,2,P008868,FAMILY
BK002999,J000045,7187733273,2026-08-30,CONFIRMED,4,P008870,GROUP
BK003000,J000045,9351756738,2026-08-29,CANCELLED,3,P008874,GROUP
BK003001,J000045,8832016844,2026-08-28,CONFIRMED,2,P008877,GROUP
BK003002,J000045,9062406745,2026-10-04,CONFIRMED,5,P008879,CAREGIVER_COMPANION
BK003003,J000045,4503203166,2026-10-03,WAITLISTED,2,P008884,FRIENDS
BK003004,J000045,9455092513,2026-10-02,CONFIRMED,1,P008886,INDIVIDUAL
BK003005,J000045,5363990925,2026-10-01,CONFIRMED,1,P008887,INDIVIDUAL
BK003006,J000045,4868302296,2026-09-30,CONFIRMED,2,P008888,FAMILY
BK003007,J000045,1270439991,2026-09-29,CONFIRMED,2,P008890,FRIENDS
BK003008,J000045,2246314465,2026-09-28,CONFIRMED,2,P008892,FRIENDS
BK003009,J000045,8360189932,2026-09-27,CONFIRMED,8,P008894,FRIENDS
BK003010,J000045,9989086542,2026-09-26,CONFIRMED,7,P008902,FRIENDS
BK003011,J000045,4440364250,2026-09-25,CONFIRMED,1,P008909,INDIVIDUAL
BK003012,J000045,8299561056,2026-09-24,CONFIRMED,4,P008910,FAMILY
BK003013,J000045,1734274338,2026-09-23,CONFIRMED,3,P008914,FAMILY
BK003014,J000045,3011767068,2026-09-22,CONFIRMED,1,P008917,INDIVIDUAL
BK003015,J000045,5874526514,2026-09-21,CONFIRMED,3,P008918,FAMILY
BK003016,J000046,2466471891,2026-09-23,CONFIRMED,2,P008921,FRIENDS
BK003017,J000046,8812994736,2026-09-22,CONFIRMED,2,P008923,GROUP
BK003018,J000046,2237178119,2026-09-21,CONFIRMED,7,P008925,FRIENDS
BK003019,J000046,5639158046,2026-09-20,CONFIRMED,2,P008932,FRIENDS
BK003020,J000046,6456402943,2026-09-19,CONFIRMED,2,P008934,FRIENDS
BK003021,J000046,6214570878,2026-09-18,CONFIRMED,2,P008936,GROUP
BK003022,J000046,3719342682,2026-09-17,CONFIRMED,3,P008938,FRIENDS
BK003023,J000046,6017007614,2026-09-16,CONFIRMED,2,P008941,FRIENDS
BK003024,J000046,4415635082,2026-09-15,CONFIRMED,3,P008943,GROUP
BK003025,J000046,4093151190,2026-09-14,CONFIRMED,1,P008946,INDIVIDUAL
BK003026,J000046,1526439979,2026-09-13,CONFIRMED,2,P008947,FAMILY
BK003027,J000046,3383004019,2026-09-12,CONFIRMED,3,P008949,FAMILY
BK003028,J000046,7357248971,2026-09-11,CONFIRMED,3,P008952,GROUP
BK003029,J000046,1544996866,2026-09-10,CONFIRMED,4,P008955,FRIENDS
BK003030,J000046,8749457775,2026-09-09,CONFIRMED,2,P008959,FAMILY
BK003031,J000046,4328910475,2026-09-08,CONFIRMED,2,P008961,FRIENDS
BK003032,J000046,6126101617,2026-09-07,CONFIRMED,5,P008963,FRIENDS
BK003033,J000046,1906922971,2026-09-06,CONFIRMED,1,P008968,INDIVIDUAL
BK003034,J000046,9447128058,2026-09-05,CONFIRMED,6,P008969,FAMILY
BK003035,J000046,4017344746,2026-09-04,CONFIRMED,4,P008975,GROUP
BK003036,J000046,5101243849,2026-09-03,WAITLISTED,5,P008979,FRIENDS
BK003037,J000046,2544455302,2026-09-02,CONFIRMED,1,P008984,INDIVIDUAL
BK003038,J000046,8855594224,2026-09-01,CONFIRMED,2,P008985,FAMILY
BK003039,J000046,5603472290,2026-08-31,CONFIRMED,2,P008987,FRIENDS
BK003040,J000046,7910167730,2026-10-07,RAC,4,P008989,CAREGIVER_COMPANION
BK003041,J000046,1199018148,2026-10-06,CONFIRMED,3,P008993,FAMILY
BK003042,J000046,4651897048,2026-10-05,CONFIRMED,4,P008996,FAMILY
BK003043,J000046,4151672862,2026-10-04,CONFIRMED,1,P009000,INDIVIDUAL
BK003044,J000046,6085838480,2026-10-03,CONFIRMED,2,P009001,FRIENDS
BK003045,J000046,7135083056,2026-10-02,CONFIRMED,6,P009003,GROUP
BK003046,J000046,2050626992,2026-10-01,CONFIRMED,2,P009009,FAMILY
BK003047,J000046,8910994239,2026-09-30,CONFIRMED,2,P009011,FRIENDS
BK003048,J000046,9085674362,2026-09-29,CONFIRMED,1,P009013,INDIVIDUAL
BK003049,J000046,4796075086,2026-09-28,CONFIRMED,5,P009014,FAMILY
BK003050,J000046,9702162044,2026-09-27,CONFIRMED,6,P009019,FAMILY
BK003051,J000046,8257435913,2026-09-26,CONFIRMED,4,P009025,GROUP
BK003052,J000046,8078243809,2026-09-25,CONFIRMED,5,P009029,FRIENDS
BK003053,J000046,9014049526,2026-09-24,CONFIRMED,2,P009034,GROUP
BK003054,J000046,7123896820,2026-09-23,CONFIRMED,2,P009036,FAMILY
BK003055,J000046,9494189705,2026-09-22,CONFIRMED,4,P009038,GROUP
BK003056,J000046,3683192749,2026-09-21,CONFIRMED,2,P009042,FRIENDS
BK003057,J000046,4807104450,2026-09-20,CONFIRMED,2,P009044,GROUP
BK003058,J000046,3013747015,2026-09-19,CONFIRMED,2,P009046,FAMILY
BK003059,J000046,8267166410,2026-09-18,CONFIRMED,1,P009048,INDIVIDUAL
BK003060,J000046,8393028511,2026-09-17,CONFIRMED,5,P009049,FRIENDS
BK003061,J000046,4623953132,2026-09-16,CONFIRMED,1,P009054,INDIVIDUAL
BK003062,J000046,7818497293,2026-09-15,CONFIRMED,2,P009055,FAMILY
BK003063,J000046,2166934628,2026-09-14,CONFIRMED,2,P009057,FRIENDS
BK003064,J000046,7145759329,2026-09-13,CONFIRMED,2,P009059,FRIENDS
BK003065,J000046,1626089178,2026-09-12,CONFIRMED,1,P009061,INDIVIDUAL
BK003066,J000046,1399789782,2026-09-11,CONFIRMED,2,P009062,FAMILY
BK003067,J000046,2583425141,2026-09-10,CONFIRMED,3,P009064,FAMILY
BK003068,J000046,1711092642,2026-09-09,CONFIRMED,4,P009067,FAMILY
BK003069,J000046,5164349195,2026-09-08,WAITLISTED,4,P009071,FRIENDS
BK003070,J000046,2949244821,2026-09-07,CONFIRMED,3,P009075,FRIENDS
BK003071,J000046,1933904735,2026-09-06,CONFIRMED,6,P009078,FRIENDS
BK003072,J000046,7151338370,2026-09-05,CONFIRMED,3,P009084,GROUP
BK003073,J000046,2405219291,2026-09-04,CONFIRMED,3,P009087,FAMILY
BK003074,J000046,7129927097,2026-09-03,CONFIRMED,5,P009090,GROUP
BK003075,J000046,4171250848,2026-09-02,CONFIRMED,1,P009095,INDIVIDUAL
BK003076,J000046,4861822935,2026-09-01,CONFIRMED,2,P009096,FRIENDS
BK003077,J000046,9251381322,2026-08-31,CONFIRMED,3,P009098,FAMILY
BK003078,J000046,5451446763,2026-10-07,CONFIRMED,3,P009101,FRIENDS
BK003079,J000046,4685878818,2026-10-06,CONFIRMED,2,P009104,FRIENDS
BK003080,J000046,7212042083,2026-10-05,RAC,5,P009106,FRIENDS
BK003081,J000046,4271596202,2026-10-04,CONFIRMED,1,P009111,INDIVIDUAL
BK003082,J000046,4342200383,2026-10-03,CONFIRMED,2,P009112,FAMILY
BK003083,J000047,7260199148,2026-10-06,CONFIRMED,3,P009114,FAMILY
BK003084,J000047,5619506031,2026-10-05,CONFIRMED,3,P009117,GROUP
BK003085,J000047,5560071795,2026-10-04,CONFIRMED,2,P009120,GROUP
BK003086,J000047,2433982274,2026-10-03,CONFIRMED,2,P009122,FAMILY
BK003087,J000047,9423344563,2026-10-02,CONFIRMED,4,P009124,GROUP
BK003088,J000047,4503360139,2026-10-01,CONFIRMED,3,P009128,GROUP
BK003089,J000047,4265316775,2026-09-30,CONFIRMED,4,P009131,FRIENDS
BK003090,J000047,9220169473,2026-09-29,CONFIRMED,1,P009135,INDIVIDUAL
BK003091,J000047,1361805190,2026-09-28,CONFIRMED,2,P009136,FRIENDS
BK003092,J000047,8892473544,2026-09-27,CONFIRMED,3,P009138,GROUP
BK003093,J000047,3311495919,2026-09-26,CONFIRMED,4,P009141,FRIENDS
BK003094,J000047,5505340956,2026-09-25,CONFIRMED,8,P009145,FAMILY
BK003095,J000047,9041854503,2026-09-24,CONFIRMED,2,P009153,FRIENDS
BK003096,J000047,5447166703,2026-09-23,CONFIRMED,3,P009155,GROUP
BK003097,J000047,9834498961,2026-09-22,CONFIRMED,4,P009158,CAREGIVER_COMPANION
BK003098,J000047,5994397268,2026-09-21,CONFIRMED,4,P009162,FAMILY
BK003099,J000047,7166282858,2026-09-20,CONFIRMED,2,P009166,FRIENDS
BK003100,J000047,1822440723,2026-09-19,CANCELLED,1,P009168,INDIVIDUAL
BK003101,J000047,9072957282,2026-09-18,CONFIRMED,1,P009169,INDIVIDUAL
BK003102,J000047,9354484253,2026-09-17,WAITLISTED,2,P009170,FAMILY
BK003103,J000047,9195605879,2026-09-16,CONFIRMED,3,P009172,FAMILY
BK003104,J000047,3738666296,2026-09-15,CONFIRMED,2,P009175,FRIENDS
BK003105,J000047,4251407024,2026-09-14,CONFIRMED,4,P009177,FRIENDS
BK003106,J000047,6136898149,2026-09-13,CONFIRMED,1,P009181,INDIVIDUAL
BK003107,J000047,4933061352,2026-09-12,CONFIRMED,2,P009182,FRIENDS
BK003108,J000047,6494497376,2026-09-11,CONFIRMED,1,P009184,INDIVIDUAL
BK003109,J000047,9554753337,2026-09-10,CONFIRMED,4,P009185,FRIENDS
BK003110,J000047,3645274854,2026-09-09,CONFIRMED,4,P009189,FAMILY
BK003111,J000047,7981337510,2026-09-08,CONFIRMED,1,P009193,INDIVIDUAL
BK003112,J000047,6163070668,2026-09-07,CONFIRMED,2,P009194,FRIENDS
BK003113,J000047,3598253965,2026-09-06,CONFIRMED,5,P009196,FAMILY
BK003114,J000047,9198326701,2026-09-05,CONFIRMED,1,P009201,INDIVIDUAL
BK003115,J000047,4826806449,2026-09-04,CONFIRMED,2,P009202,FRIENDS
BK003116,J000047,9427581250,2026-10-11,CONFIRMED,2,P009204,FRIENDS
BK003117,J000047,3373637649,2026-10-10,CONFIRMED,1,P009206,INDIVIDUAL
BK003118,J000047,8374338529,2026-10-09,CONFIRMED,1,P009207,INDIVIDUAL
BK003119,J000047,4185946238,2026-10-08,CONFIRMED,1,P009208,INDIVIDUAL
BK003120,J000047,5480122491,2026-10-07,RAC,4,P009209,FAMILY
BK003121,J000047,5875410039,2026-10-06,CONFIRMED,3,P009213,FAMILY
BK003122,J000047,4260839740,2026-10-05,CONFIRMED,1,P009216,INDIVIDUAL
BK003123,J000047,8290531624,2026-10-04,CONFIRMED,4,P009217,GROUP
BK003124,J000047,3219635815,2026-10-03,CONFIRMED,2,P009221,FRIENDS
BK003125,J000047,2956978156,2026-10-02,CONFIRMED,2,P009223,GROUP
BK003126,J000047,7675611800,2026-10-01,CONFIRMED,1,P009225,INDIVIDUAL
BK003127,J000047,9980564511,2026-09-30,CONFIRMED,5,P009226,FAMILY
BK003128,J000047,9115662321,2026-09-29,CONFIRMED,2,P009231,FRIENDS
BK003129,J000047,4278321558,2026-09-28,CONFIRMED,3,P009233,FAMILY
BK003130,J000047,4797120345,2026-09-27,CONFIRMED,2,P009236,FAMILY
BK003131,J000047,9730804680,2026-09-26,CONFIRMED,1,P009238,INDIVIDUAL
BK003132,J000047,9306878899,2026-09-25,CONFIRMED,3,P009239,GROUP
BK003133,J000047,8419837065,2026-09-24,CONFIRMED,5,P009242,FAMILY
BK003134,J000047,7739741495,2026-09-23,CONFIRMED,1,P009247,INDIVIDUAL
BK003135,J000047,3824292486,2026-09-22,WAITLISTED,3,P009248,FAMILY
BK003136,J000047,6709491052,2026-09-21,CONFIRMED,6,P009251,FAMILY
BK003137,J000047,4165189191,2026-09-20,CONFIRMED,2,P009257,GROUP
BK003138,J000047,5630942180,2026-09-19,CONFIRMED,2,P009259,FAMILY
BK003139,J000047,7019617356,2026-09-18,CONFIRMED,3,P009261,FAMILY
BK003140,J000047,4876554637,2026-09-17,CONFIRMED,4,P009264,FAMILY
BK003141,J000047,4054260453,2026-09-16,CONFIRMED,4,P009268,FRIENDS
BK003142,J000047,5110692576,2026-09-15,CONFIRMED,2,P009272,FAMILY
BK003143,J000047,8469501703,2026-09-14,CONFIRMED,2,P009274,FRIENDS
BK003144,J000047,7930621022,2026-09-13,CONFIRMED,1,P009276,INDIVIDUAL
BK003145,J000047,8465779384,2026-09-12,CONFIRMED,2,P009277,GROUP
BK003146,J000047,6735724604,2026-09-11,CONFIRMED,5,P009279,GROUP
BK003147,J000047,3797770500,2026-09-10,CONFIRMED,2,P009284,FRIENDS
BK003148,J000047,8766631881,2026-09-09,CONFIRMED,2,P009286,FRIENDS
BK003149,J000047,4807021537,2026-09-08,CONFIRMED,3,P009288,FAMILY
BK003150,J000048,7967221487,2026-09-10,CONFIRMED,4,P009291,FAMILY
BK003151,J000048,5065261998,2026-09-09,CONFIRMED,3,P009295,FAMILY
BK003152,J000048,2990533374,2026-09-08,CONFIRMED,1,P009298,INDIVIDUAL
BK003153,J000048,6921224058,2026-09-07,CONFIRMED,3,P009299,FAMILY
BK003154,J000048,9037485274,2026-10-14,CONFIRMED,1,P009302,INDIVIDUAL
BK003155,J000048,6099446060,2026-10-13,CONFIRMED,4,P009303,GROUP
BK003156,J000048,4298651641,2026-10-12,CONFIRMED,1,P009307,INDIVIDUAL
BK003157,J000048,1162793334,2026-10-11,CONFIRMED,1,P009308,INDIVIDUAL
BK003158,J000048,5531213560,2026-10-10,CONFIRMED,4,P009309,FAMILY
BK003159,J000048,7756708203,2026-10-09,CONFIRMED,2,P009313,FRIENDS
BK003160,J000048,5795294581,2026-10-08,RAC,4,P009315,FAMILY
BK003161,J000048,8545739302,2026-10-07,CONFIRMED,1,P009319,INDIVIDUAL
BK003162,J000048,9907534646,2026-10-06,CONFIRMED,3,P009320,FRIENDS
BK003163,J000048,9308163248,2026-10-05,CONFIRMED,5,P009323,FAMILY
BK003164,J000048,6765980076,2026-10-04,CONFIRMED,4,P009328,FAMILY
BK003165,J000048,1335974450,2026-10-03,CONFIRMED,4,P009332,FRIENDS
BK003166,J000048,6090419546,2026-10-02,CONFIRMED,2,P009336,FAMILY
BK003167,J000048,8708069744,2026-10-01,CONFIRMED,4,P009338,GROUP
BK003168,J000048,2359368669,2026-09-30,WAITLISTED,4,P009342,FAMILY
BK003169,J000048,4901172413,2026-09-29,CONFIRMED,4,P009346,FRIENDS
BK003170,J000048,1944241482,2026-09-28,CONFIRMED,1,P009350,INDIVIDUAL
BK003171,J000048,1959074374,2026-09-27,CONFIRMED,3,P009351,FAMILY
BK003172,J000048,3209808438,2026-09-26,CONFIRMED,1,P009354,INDIVIDUAL
BK003173,J000048,1925215357,2026-09-25,CONFIRMED,3,P009355,FAMILY
BK003174,J000048,5565824775,2026-09-24,CONFIRMED,2,P009358,FAMILY
BK003175,J000048,6411984781,2026-09-23,CONFIRMED,8,P009360,GROUP
BK003176,J000048,2737594952,2026-09-22,CONFIRMED,4,P009368,FAMILY
BK003177,J000048,8397150297,2026-09-21,CONFIRMED,1,P009372,INDIVIDUAL
BK003178,J000048,5227754640,2026-09-20,CONFIRMED,5,P009373,GROUP
BK003179,J000048,6203927691,2026-09-19,CONFIRMED,2,P009378,FRIENDS
BK003180,J000048,3891095781,2026-09-18,CONFIRMED,1,P009380,INDIVIDUAL
BK003181,J000048,8821738225,2026-09-17,CONFIRMED,2,P009381,GROUP
BK003182,J000048,8628506822,2026-09-16,CONFIRMED,3,P009383,FRIENDS
BK003183,J000048,1465676580,2026-09-15,CONFIRMED,2,P009386,FRIENDS
BK003184,J000048,3246855386,2026-09-14,CONFIRMED,1,P009388,INDIVIDUAL
BK003185,J000048,3606600944,2026-09-13,CONFIRMED,2,P009389,GROUP
BK003186,J000048,1109577931,2026-09-12,CONFIRMED,4,P009391,FAMILY
BK003187,J000048,4776754935,2026-09-11,CONFIRMED,4,P009395,GROUP
BK003188,J000048,3585247734,2026-09-10,CONFIRMED,2,P009399,FRIENDS
BK003189,J000048,9123141552,2026-09-09,CONFIRMED,4,P009401,FRIENDS
BK003190,J000048,7747793465,2026-09-08,CONFIRMED,5,P009405,GROUP
BK003191,J000048,6406285717,2026-09-07,CONFIRMED,6,P009410,FRIENDS
BK003192,J000048,8434029253,2026-10-14,CONFIRMED,1,P009416,INDIVIDUAL
BK003193,J000048,1879119280,2026-10-13,CONFIRMED,1,P009417,INDIVIDUAL
BK003194,J000048,4504314176,2026-10-12,CONFIRMED,4,P009418,FAMILY
BK003195,J000048,4853460368,2026-10-11,CONFIRMED,1,P009422,INDIVIDUAL
BK003196,J000048,2281745281,2026-10-10,CONFIRMED,1,P009423,INDIVIDUAL
BK003197,J000048,7730895881,2026-10-09,CONFIRMED,2,P009424,GROUP
BK003198,J000048,4958730883,2026-10-08,CONFIRMED,4,P009426,FAMILY
BK003199,J000048,9614824094,2026-10-07,CONFIRMED,2,P009430,FRIENDS
BK003200,J000048,2981417018,2026-10-06,CANCELLED,2,P009432,FRIENDS
BK003201,J000048,7280115494,2026-10-05,WAITLISTED,3,P009434,FAMILY
BK003202,J000048,8777951723,2026-10-04,CONFIRMED,3,P009437,FRIENDS
BK003203,J000048,9762240038,2026-10-03,CONFIRMED,4,P009440,GROUP
BK003204,J000048,4226902237,2026-10-02,CONFIRMED,3,P009444,GROUP
BK003205,J000048,6825381143,2026-10-01,CONFIRMED,5,P009447,FAMILY
BK003206,J000048,3346602626,2026-09-30,CONFIRMED,1,P009452,INDIVIDUAL
BK003207,J000048,3002631921,2026-09-29,CONFIRMED,1,P009453,INDIVIDUAL
BK003208,J000048,4711113536,2026-09-28,CONFIRMED,6,P009454,FAMILY
BK003209,J000048,3045827503,2026-09-27,CONFIRMED,8,P009460,FRIENDS
BK003210,J000048,4587522319,2026-09-26,CONFIRMED,4,P009468,FAMILY
BK003211,J000048,5590802365,2026-09-25,CONFIRMED,4,P009472,CAREGIVER_COMPANION
BK003212,J000048,9245536229,2026-09-24,CONFIRMED,1,P009476,INDIVIDUAL
BK003213,J000048,3085860900,2026-09-23,CONFIRMED,2,P009477,GROUP
BK003214,J000048,4391893566,2026-09-22,CONFIRMED,3,P009479,FRIENDS
BK003215,J000048,3050481523,2026-09-21,CONFIRMED,3,P009482,FAMILY
BK003216,J000048,5174291233,2026-09-20,CONFIRMED,2,P009485,FRIENDS
BK003217,J000049,5960416956,2026-08-31,CONFIRMED,3,P009487,FAMILY
BK003218,J000049,8725777200,2026-08-30,CONFIRMED,1,P009490,INDIVIDUAL
BK003219,J000049,9451311896,2026-08-29,CONFIRMED,2,P009491,FRIENDS
BK003220,J000049,9095185205,2026-08-28,CONFIRMED,2,P009493,FRIENDS
BK003221,J000049,1044840833,2026-08-27,CONFIRMED,2,P009495,GROUP
BK003222,J000049,7582289306,2026-08-26,CONFIRMED,4,P009497,FAMILY
BK003223,J000049,3438991784,2026-08-25,CONFIRMED,2,P009501,FRIENDS
BK003224,J000049,6353574383,2026-08-24,CONFIRMED,3,P009503,GROUP
BK003225,J000049,4000597789,2026-08-23,CONFIRMED,4,P009506,FRIENDS
BK003226,J000049,1182866315,2026-08-22,CONFIRMED,5,P009510,GROUP
BK003227,J000049,9561944525,2026-08-21,CONFIRMED,4,P009515,GROUP
BK003228,J000049,4317024225,2026-08-20,CONFIRMED,1,P009519,INDIVIDUAL
BK003229,J000049,2328214522,2026-08-19,CONFIRMED,6,P009520,GROUP
BK003230,J000049,5262459256,2026-09-25,CONFIRMED,1,P009526,INDIVIDUAL
BK003231,J000049,1115602397,2026-09-24,CONFIRMED,1,P009527,INDIVIDUAL
BK003232,J000049,4920878732,2026-09-23,CONFIRMED,2,P009528,FRIENDS
BK003233,J000049,6325072311,2026-09-22,CONFIRMED,4,P009530,FRIENDS
BK003234,J000049,5371694479,2026-09-21,WAITLISTED,1,P009534,INDIVIDUAL
BK003235,J000049,1906217948,2026-09-20,CONFIRMED,2,P009535,FRIENDS
BK003236,J000049,6854610214,2026-09-19,CONFIRMED,3,P009537,GROUP
BK003237,J000049,9556424123,2026-09-18,CONFIRMED,4,P009540,FRIENDS
BK003238,J000049,1652427210,2026-09-17,CONFIRMED,1,P009544,INDIVIDUAL
BK003239,J000049,2840624986,2026-09-16,CONFIRMED,1,P009545,INDIVIDUAL
BK003240,J000049,6849016205,2026-09-15,RAC,2,P009546,FRIENDS
BK003241,J000049,4683078156,2026-09-14,CONFIRMED,4,P009548,FRIENDS
BK003242,J000049,7912389401,2026-09-13,CONFIRMED,2,P009552,FAMILY
BK003243,J000049,2804716763,2026-09-12,CONFIRMED,3,P009554,FAMILY
BK003244,J000049,1779807007,2026-09-11,CONFIRMED,2,P009557,FRIENDS
BK003245,J000049,3133162705,2026-09-10,CONFIRMED,2,P009559,GROUP
BK003246,J000049,9019229874,2026-09-09,CONFIRMED,4,P009561,FAMILY
BK003247,J000049,3522844420,2026-09-08,CONFIRMED,4,P009565,GROUP
BK003248,J000049,2916747042,2026-09-07,CONFIRMED,1,P009569,INDIVIDUAL
BK003249,J000049,8349829683,2026-09-06,CONFIRMED,1,P009570,INDIVIDUAL
BK003250,J000049,4729240975,2026-09-05,CONFIRMED,4,P009571,FAMILY
BK003251,J000049,6678708043,2026-09-04,CONFIRMED,3,P009575,FAMILY
BK003252,J000049,5149155658,2026-09-03,CONFIRMED,2,P009578,FRIENDS
BK003253,J000049,7284218445,2026-09-02,CONFIRMED,2,P009580,GROUP
BK003254,J000049,7033812958,2026-09-01,CONFIRMED,4,P009582,FAMILY
BK003255,J000049,6676592358,2026-08-31,CONFIRMED,2,P009586,FRIENDS
BK003256,J000049,8124512177,2026-08-30,CONFIRMED,1,P009588,INDIVIDUAL
BK003257,J000049,7950552836,2026-08-29,CONFIRMED,2,P009589,GROUP
BK003258,J000049,1267173315,2026-08-28,CONFIRMED,2,P009591,FAMILY
BK003259,J000049,7525085272,2026-08-27,CONFIRMED,1,P009593,INDIVIDUAL
BK003260,J000049,1483135848,2026-08-26,CONFIRMED,1,P009594,INDIVIDUAL
BK003261,J000049,4978602015,2026-08-25,CONFIRMED,1,P009595,INDIVIDUAL
BK003262,J000049,8452301117,2026-08-24,CONFIRMED,4,P009596,FAMILY
BK003263,J000049,9041565635,2026-08-23,CONFIRMED,4,P009600,GROUP
BK003264,J000049,3174524608,2026-08-22,CONFIRMED,6,P009604,FAMILY
BK003265,J000049,4289863778,2026-08-21,CONFIRMED,2,P009610,GROUP
BK003266,J000049,9130251929,2026-08-20,CONFIRMED,4,P009612,FAMILY
BK003267,J000049,4271777440,2026-08-19,WAITLISTED,2,P009616,FRIENDS
BK003268,J000049,8589379701,2026-09-25,CONFIRMED,1,P009618,INDIVIDUAL
BK003269,J000049,5085073404,2026-09-24,CONFIRMED,1,P009619,INDIVIDUAL
BK003270,J000049,6046271698,2026-09-23,CONFIRMED,6,P009620,FAMILY
BK003271,J000049,9130523894,2026-09-22,CONFIRMED,2,P009626,FRIENDS
BK003272,J000049,8628733655,2026-09-21,CONFIRMED,4,P009628,FAMILY
BK003273,J000049,1960761834,2026-09-20,CONFIRMED,1,P009632,INDIVIDUAL
BK003274,J000049,4931662043,2026-09-19,CONFIRMED,8,P009633,FAMILY
BK003275,J000049,9595370312,2026-09-18,CONFIRMED,6,P009641,FRIENDS
BK003276,J000049,8120653608,2026-09-17,CONFIRMED,5,P009647,FRIENDS
BK003277,J000049,1135481603,2026-09-16,CONFIRMED,2,P009652,GROUP
BK003278,J000049,2197483505,2026-09-15,CONFIRMED,2,P009654,FAMILY
BK003279,J000049,6905901321,2026-09-14,CONFIRMED,4,P009656,GROUP
BK003280,J000049,9697382390,2026-09-13,RAC,5,P009660,FRIENDS
BK003281,J000049,9150050522,2026-09-12,CONFIRMED,1,P009665,INDIVIDUAL
BK003282,J000049,4472638159,2026-09-11,CONFIRMED,1,P009666,INDIVIDUAL
BK003283,J000049,4396599063,2026-09-10,CONFIRMED,1,P009667,INDIVIDUAL
BK003284,J000050,9767800263,2026-09-12,CONFIRMED,4,P009668,FAMILY
BK003285,J000050,6802332476,2026-09-11,CONFIRMED,5,P009672,FAMILY
BK003286,J000050,8011847292,2026-09-10,CONFIRMED,1,P009677,INDIVIDUAL
BK003287,J000050,2705160988,2026-09-09,CONFIRMED,4,P009678,CAREGIVER_COMPANION
BK003288,J000050,4047126141,2026-09-08,CONFIRMED,1,P009682,INDIVIDUAL
BK003289,J000050,5333011938,2026-09-07,CONFIRMED,1,P009683,INDIVIDUAL
BK003290,J000050,8937337649,2026-09-06,CONFIRMED,4,P009684,FAMILY
BK003291,J000050,9872740712,2026-09-05,CONFIRMED,1,P009688,INDIVIDUAL
BK003292,J000050,2593423638,2026-09-04,CONFIRMED,3,P009689,GROUP
BK003293,J000050,6453268481,2026-09-03,CONFIRMED,4,P009692,FRIENDS
BK003294,J000050,7491006490,2026-09-02,CONFIRMED,2,P009696,FAMILY
BK003295,J000050,3322828383,2026-09-01,CONFIRMED,5,P009698,FAMILY
BK003296,J000050,6500514023,2026-08-31,CONFIRMED,1,P009703,INDIVIDUAL
BK003297,J000050,7332204117,2026-08-30,CONFIRMED,2,P009704,GROUP
BK003298,J000050,8235746131,2026-08-29,CONFIRMED,1,P009706,INDIVIDUAL
BK003299,J000050,5307312536,2026-08-28,CONFIRMED,1,P009707,INDIVIDUAL
BK003300,J000050,4883022798,2026-08-27,CANCELLED,1,P009708,INDIVIDUAL
BK003301,J000050,7219925728,2026-08-26,CONFIRMED,3,P009709,FAMILY
BK003302,J000050,6923926738,2026-08-25,CONFIRMED,1,P009712,INDIVIDUAL
BK003303,J000050,9382184134,2026-08-24,CONFIRMED,4,P009713,GROUP
BK003304,J000050,9737139058,2026-08-23,CONFIRMED,4,P009717,FAMILY
BK003305,J000050,4164802129,2026-08-22,CONFIRMED,5,P009721,FAMILY
BK003306,J000050,1946075065,2026-09-28,CONFIRMED,2,P009726,FAMILY
BK003307,J000050,2469427383,2026-09-27,CONFIRMED,1,P009728,INDIVIDUAL
BK003308,J000050,3601604337,2026-09-26,CONFIRMED,2,P009729,FRIENDS
BK003309,J000050,1333837738,2026-09-25,CONFIRMED,2,P009731,GROUP
BK003310,J000050,5465881400,2026-09-24,CONFIRMED,1,P009733,INDIVIDUAL
BK003311,J000050,9810470124,2026-09-23,CONFIRMED,1,P009734,INDIVIDUAL
BK003312,J000050,2507616532,2026-09-22,CONFIRMED,1,P009735,INDIVIDUAL
BK003313,J000050,4395496582,2026-09-21,CONFIRMED,4,P009736,FRIENDS
BK003314,J000050,1165732891,2026-09-20,CONFIRMED,2,P009740,FAMILY
BK003315,J000050,3123922919,2026-09-19,CONFIRMED,4,P009742,GROUP
BK003316,J000050,2034775016,2026-09-18,CONFIRMED,2,P009746,FRIENDS
BK003317,J000050,7326899326,2026-09-17,CONFIRMED,1,P009748,INDIVIDUAL
BK003318,J000050,3335246550,2026-09-16,CONFIRMED,1,P009749,INDIVIDUAL
BK003319,J000050,9916948092,2026-09-15,CONFIRMED,7,P009750,FAMILY
BK003320,J000050,6106525986,2026-09-14,RAC,1,P009757,INDIVIDUAL
BK003321,J000050,6757998859,2026-09-13,CONFIRMED,2,P009758,GROUP
BK003322,J000050,8666578037,2026-09-12,CONFIRMED,1,P009760,INDIVIDUAL
BK003323,J000050,4529519814,2026-09-11,CONFIRMED,2,P009761,FRIENDS
BK003324,J000050,8343283856,2026-09-10,CONFIRMED,1,P009763,INDIVIDUAL
BK003325,J000050,2743735015,2026-09-09,CONFIRMED,2,P009764,GROUP
BK003326,J000050,8531213712,2026-09-08,CONFIRMED,8,P009766,FAMILY
BK003327,J000050,7102235316,2026-09-07,CONFIRMED,2,P009774,FRIENDS
BK003328,J000050,4255033471,2026-09-06,CONFIRMED,1,P009776,INDIVIDUAL
BK003329,J000050,8139085163,2026-09-05,CONFIRMED,2,P009777,GROUP
BK003330,J000050,4758311382,2026-09-04,CONFIRMED,3,P009779,FRIENDS
BK003331,J000050,5419772480,2026-09-03,CONFIRMED,4,P009782,GROUP
BK003332,J000050,8551760329,2026-09-02,CONFIRMED,4,P009786,FAMILY
BK003333,J000050,8257893918,2026-09-01,WAITLISTED,3,P009790,FAMILY
BK003334,J000050,5256814958,2026-08-31,CONFIRMED,6,P009793,FAMILY
BK003335,J000050,9177180604,2026-08-30,CONFIRMED,4,P009799,GROUP
BK003336,J000050,6150968786,2026-08-29,CONFIRMED,4,P009803,FAMILY
BK003337,J000050,9938733360,2026-08-28,CONFIRMED,2,P009807,GROUP
BK003338,J000050,4288810468,2026-08-27,CONFIRMED,4,P009809,FAMILY
BK003339,J000050,2601344000,2026-08-26,CONFIRMED,3,P009813,FAMILY
BK003340,J000050,1565792620,2026-08-25,CONFIRMED,2,P009816,FRIENDS
BK003341,J000050,5823315885,2026-08-24,CONFIRMED,1,P009818,INDIVIDUAL
BK003342,J000050,5937810868,2026-08-23,CONFIRMED,4,P009819,FAMILY
BK003343,J000050,8235637804,2026-08-22,CONFIRMED,2,P009823,FRIENDS
BK003344,J000050,8851817148,2026-09-28,CONFIRMED,1,P009825,INDIVIDUAL
BK003345,J000050,5540066117,2026-09-27,CONFIRMED,3,P009826,FAMILY
BK003346,J000050,3349039222,2026-09-26,CONFIRMED,1,P009829,INDIVIDUAL
BK003347,J000050,3218571624,2026-09-25,CONFIRMED,6,P009830,FRIENDS
BK003348,J000050,9260412673,2026-09-24,CONFIRMED,4,P009836,FAMILY
BK003349,J000050,2754776609,2026-09-23,CONFIRMED,1,P009840,INDIVIDUAL
BK003350,J000050,5476722479,2026-09-22,CONFIRMED,1,P009841,INDIVIDUAL
BK003351,J000051,6252297756,2026-09-22,CONFIRMED,4,P009842,GROUP
BK003352,J000051,9583715087,2026-09-21,CONFIRMED,2,P009846,FRIENDS
BK003353,J000051,5296899723,2026-09-20,CONFIRMED,3,P009848,FAMILY
BK003354,J000051,3685350918,2026-09-19,CONFIRMED,3,P009851,FRIENDS
BK003355,J000051,8661795058,2026-09-18,CONFIRMED,2,P009854,FRIENDS
BK003356,J000051,7982339608,2026-09-17,CONFIRMED,1,P009856,INDIVIDUAL
BK003357,J000051,7540852592,2026-09-16,CONFIRMED,1,P009857,INDIVIDUAL
BK003358,J000051,8515966127,2026-09-15,CONFIRMED,6,P009858,FAMILY
BK003359,J000051,1334214759,2026-09-14,CONFIRMED,1,P009864,INDIVIDUAL
BK003360,J000051,8124537100,2026-09-13,RAC,1,P009865,INDIVIDUAL
BK003361,J000051,2544710945,2026-09-12,CONFIRMED,3,P009866,FAMILY
BK003362,J000051,6856812287,2026-09-11,CONFIRMED,1,P009869,INDIVIDUAL
BK003363,J000051,7654460522,2026-09-10,CONFIRMED,4,P009870,CAREGIVER_COMPANION
BK003364,J000051,4779970241,2026-09-09,CONFIRMED,4,P009874,FAMILY
BK003365,J000051,6218036888,2026-09-08,CONFIRMED,4,P009878,FRIENDS
BK003366,J000051,3141113912,2026-09-07,WAITLISTED,2,P009882,FAMILY
BK003367,J000051,4152438153,2026-09-06,CONFIRMED,1,P009884,INDIVIDUAL
BK003368,J000051,1695021474,2026-09-05,CONFIRMED,2,P009885,FRIENDS
BK003369,J000051,6554075238,2026-09-04,CONFIRMED,5,P009887,FAMILY
BK003370,J000051,2338534282,2026-09-03,CONFIRMED,3,P009892,FRIENDS
BK003371,J000051,9286297460,2026-09-02,CONFIRMED,2,P009895,FRIENDS
BK003372,J000051,1161503541,2026-09-01,CONFIRMED,1,P009897,INDIVIDUAL
BK003373,J000051,4120451405,2026-08-31,CONFIRMED,6,P009898,GROUP
BK003374,J000051,2097231029,2026-08-30,CONFIRMED,3,P009904,FRIENDS
BK003375,J000051,9677822157,2026-08-29,CONFIRMED,5,P009907,FAMILY
BK003376,J000051,6938208693,2026-08-28,CONFIRMED,1,P009912,INDIVIDUAL
BK003377,J000051,9876610115,2026-08-27,CONFIRMED,3,P009913,FAMILY
BK003378,J000051,1433635819,2026-08-26,CONFIRMED,2,P009916,FAMILY
BK003379,J000051,3726793056,2026-08-25,CONFIRMED,1,P009918,INDIVIDUAL
BK003380,J000051,9653560394,2026-08-24,CONFIRMED,4,P009919,FAMILY
BK003381,J000051,6389753584,2026-08-23,CONFIRMED,2,P009923,GROUP
BK003382,J000051,2958822803,2026-09-29,CONFIRMED,3,P009925,FRIENDS
BK003383,J000051,8588465963,2026-09-28,CONFIRMED,1,P009928,INDIVIDUAL
BK003384,J000051,4629439831,2026-09-27,CONFIRMED,3,P009929,GROUP
BK003385,J000051,1513035616,2026-09-26,CONFIRMED,4,P009932,FRIENDS
BK003386,J000051,5660761500,2026-09-25,CONFIRMED,1,P009936,INDIVIDUAL
BK003387,J000051,5508345269,2026-09-24,CONFIRMED,5,P009937,FAMILY
BK003388,J000051,5951889731,2026-09-23,CONFIRMED,3,P009942,GROUP
BK003389,J000051,8577615418,2026-09-22,CONFIRMED,3,P009945,FAMILY
BK003390,J000051,4981922462,2026-09-21,CONFIRMED,2,P009948,FAMILY
BK003391,J000051,8101874543,2026-09-20,CONFIRMED,4,P009950,GROUP
BK003392,J000051,4536800478,2026-09-19,CONFIRMED,2,P009954,FRIENDS
BK003393,J000051,7787080726,2026-09-18,CONFIRMED,2,P009956,GROUP
BK003394,J000051,8970636460,2026-09-17,CONFIRMED,2,P009958,FAMILY
BK003395,J000051,3370681387,2026-09-16,CONFIRMED,2,P009960,FRIENDS
BK003396,J000051,6844943468,2026-09-15,CONFIRMED,1,P009962,INDIVIDUAL
BK003397,J000051,7401572370,2026-09-14,CONFIRMED,4,P009963,FRIENDS
BK003398,J000051,8309640556,2026-09-13,CONFIRMED,2,P009967,FAMILY
BK003399,J000051,1294816693,2026-09-12,WAITLISTED,5,P009969,FAMILY
BK003400,J000051,7074460023,2026-09-11,CANCELLED,2,P009974,FRIENDS
BK003401,J000051,7586312374,2026-09-10,CONFIRMED,4,P009976,CAREGIVER_COMPANION
BK003402,J000051,8477322810,2026-09-09,CONFIRMED,6,P009980,FAMILY
BK003403,J000051,1511550983,2026-09-08,CONFIRMED,4,P009986,GROUP
BK003404,J000051,5654980985,2026-09-07,CONFIRMED,4,P009990,FAMILY
BK003405,J000051,5809081266,2026-09-06,CONFIRMED,1,P009994,INDIVIDUAL
BK003406,J000051,9220612278,2026-09-05,CONFIRMED,2,P009995,FAMILY
BK003407,J000051,7001167355,2026-09-04,CONFIRMED,3,P009997,FAMILY
BK003408,J000051,6171911350,2026-09-03,CONFIRMED,1,P010000,INDIVIDUAL
BK003409,J000051,8881397998,2026-09-02,CONFIRMED,6,P010001,GROUP
BK003410,J000051,6653220704,2026-09-01,CONFIRMED,3,P010007,FRIENDS
BK003411,J000051,4989705999,2026-08-31,CONFIRMED,1,P010010,INDIVIDUAL
BK003412,J000051,9317328512,2026-08-30,CONFIRMED,2,P010011,FRIENDS
BK003413,J000051,3633960000,2026-08-29,CONFIRMED,4,P010013,FRIENDS
BK003414,J000051,6650216326,2026-08-28,CONFIRMED,1,P010017,INDIVIDUAL
BK003415,J000051,9449622324,2026-08-27,CONFIRMED,2,P010018,FRIENDS
BK003416,J000051,5580829977,2026-08-26,CONFIRMED,1,P010020,INDIVIDUAL
BK003417,J000051,8692377857,2026-08-25,CONFIRMED,2,P010021,GROUP
BK003418,J000052,4077882215,2026-08-27,CONFIRMED,3,P010023,FRIENDS
BK003419,J000052,6102704545,2026-08-26,CONFIRMED,2,P010026,FRIENDS
BK003420,J000052,6106415482,2026-10-02,CONFIRMED,5,P010028,CAREGIVER_COMPANION
BK003421,J000052,3361250253,2026-10-01,CONFIRMED,1,P010033,INDIVIDUAL
BK003422,J000052,9995254607,2026-09-30,CONFIRMED,1,P010034,INDIVIDUAL
BK003423,J000052,3546414538,2026-09-29,CONFIRMED,5,P010035,FAMILY
BK003424,J000052,1136578830,2026-09-28,CONFIRMED,2,P010040,FRIENDS
BK003425,J000052,4938133007,2026-09-27,CONFIRMED,3,P010042,FAMILY
BK003426,J000052,8389058613,2026-09-26,CONFIRMED,3,P010045,FRIENDS
BK003427,J000052,2052973077,2026-09-25,CONFIRMED,5,P010048,FAMILY
BK003428,J000052,9059568002,2026-09-24,CONFIRMED,2,P010053,FRIENDS
BK003429,J000052,7465849970,2026-09-23,CONFIRMED,1,P010055,INDIVIDUAL
BK003430,J000052,3586264634,2026-09-22,CONFIRMED,4,P010056,FAMILY
BK003431,J000052,6083352036,2026-09-21,CONFIRMED,3,P010060,FAMILY
BK003432,J000052,1120964620,2026-09-20,WAITLISTED,2,P010063,FRIENDS
BK003433,J000052,5158828684,2026-09-19,CONFIRMED,2,P010065,GROUP
BK003434,J000052,6747242460,2026-09-18,CONFIRMED,4,P010067,FAMILY
BK003435,J000052,2004400626,2026-09-17,CONFIRMED,1,P010071,INDIVIDUAL
BK003436,J000052,9515077735,2026-09-16,CONFIRMED,5,P010072,FRIENDS
BK003437,J000052,5728198032,2026-09-15,CONFIRMED,5,P010077,FAMILY
BK003438,J000052,2766179011,2026-09-14,CONFIRMED,4,P010082,FAMILY
BK003439,J000052,9813356875,2026-09-13,CONFIRMED,2,P010086,FRIENDS
BK003440,J000052,3393205265,2026-09-12,RAC,1,P010088,INDIVIDUAL
BK003441,J000052,1491391718,2026-09-11,CONFIRMED,1,P010089,INDIVIDUAL
BK003442,J000052,5079272555,2026-09-10,CONFIRMED,2,P010090,FAMILY
BK003443,J000052,6924054186,2026-09-09,CONFIRMED,2,P010092,FRIENDS
BK003444,J000052,5760066451,2026-09-08,CONFIRMED,4,P010094,FAMILY
BK003445,J000052,7002212504,2026-09-07,CONFIRMED,1,P010098,INDIVIDUAL
BK003446,J000052,3558220724,2026-09-06,CONFIRMED,2,P010099,FAMILY
BK003447,J000052,1587455162,2026-09-05,CONFIRMED,1,P010101,INDIVIDUAL
BK003448,J000052,5735076117,2026-09-04,CONFIRMED,3,P010102,GROUP
BK003449,J000052,9437701827,2026-09-03,CONFIRMED,2,P010105,GROUP
BK003450,J000052,8581491250,2026-09-02,CONFIRMED,6,P010107,FAMILY
BK003451,J000052,5778053735,2026-09-01,CONFIRMED,6,P010113,FRIENDS
BK003452,J000052,8204159472,2026-08-31,CONFIRMED,4,P010119,FAMILY
BK003453,J000052,9126721597,2026-08-30,CONFIRMED,2,P010123,GROUP
BK003454,J000052,3103914569,2026-08-29,CONFIRMED,1,P010125,INDIVIDUAL
BK003455,J000052,6619207192,2026-08-28,CONFIRMED,2,P010126,FRIENDS
BK003456,J000052,2734631135,2026-08-27,CONFIRMED,1,P010128,INDIVIDUAL
BK003457,J000052,9331967625,2026-08-26,CONFIRMED,6,P010129,GROUP
BK003458,J000052,5521717620,2026-10-02,CONFIRMED,1,P010135,INDIVIDUAL
BK003459,J000052,2964189873,2026-10-01,CONFIRMED,3,P010136,FAMILY
BK003460,J000052,6039528061,2026-09-30,CONFIRMED,1,P010139,INDIVIDUAL
BK003461,J000052,5024980733,2026-09-29,CONFIRMED,1,P010140,INDIVIDUAL
BK003462,J000052,4211088967,2026-09-28,CONFIRMED,2,P010141,FAMILY
BK003463,J000052,3919153861,2026-09-27,CONFIRMED,3,P010143,FAMILY
BK003464,J000052,4979046770,2026-09-26,CONFIRMED,6,P010146,FAMILY
BK003465,J000052,2372382635,2026-09-25,WAITLISTED,5,P010152,FAMILY
BK003466,J000052,8374305816,2026-09-24,CONFIRMED,2,P010157,FAMILY
BK003467,J000052,6203170847,2026-09-23,CONFIRMED,1,P010159,INDIVIDUAL
BK003468,J000052,2302975270,2026-09-22,CONFIRMED,4,P010160,FAMILY
BK003469,J000052,4305365365,2026-09-21,CONFIRMED,4,P010164,FRIENDS
BK003470,J000052,3134461972,2026-09-20,CONFIRMED,2,P010168,FAMILY
BK003471,J000052,6735469792,2026-09-19,CONFIRMED,1,P010170,INDIVIDUAL
BK003472,J000052,9860496970,2026-09-18,CONFIRMED,1,P010171,INDIVIDUAL
BK003473,J000052,5226310610,2026-09-17,CONFIRMED,2,P010172,GROUP
BK003474,J000052,5588383444,2026-09-16,CONFIRMED,2,P010174,FAMILY
BK003475,J000052,1061577569,2026-09-15,CONFIRMED,6,P010176,FRIENDS
BK003476,J000052,1643896755,2026-09-14,CONFIRMED,4,P010182,FAMILY
BK003477,J000052,9322865485,2026-09-13,CONFIRMED,3,P010186,FAMILY
BK003478,J000052,6195034394,2026-09-12,CONFIRMED,1,P010189,INDIVIDUAL
BK003479,J000052,9089791993,2026-09-11,CONFIRMED,1,P010190,INDIVIDUAL
BK003480,J000052,4850432867,2026-09-10,RAC,2,P010191,FRIENDS
BK003481,J000052,4098351877,2026-09-09,CONFIRMED,4,P010193,FRIENDS
BK003482,J000052,6939622009,2026-09-08,CONFIRMED,4,P010197,FAMILY
BK003483,J000052,9904818551,2026-09-07,CONFIRMED,2,P010201,FRIENDS
BK003484,J000052,2525847387,2026-09-06,CONFIRMED,6,P010203,FAMILY
BK003485,J000053,6443344872,2026-09-08,CONFIRMED,2,P010209,GROUP
BK003486,J000053,2644164192,2026-09-07,CONFIRMED,1,P010211,INDIVIDUAL
BK003487,J000053,3659715512,2026-09-06,CONFIRMED,5,P010212,FAMILY
BK003488,J000053,7330255712,2026-09-05,CONFIRMED,1,P010217,INDIVIDUAL
BK003489,J000053,2620328003,2026-09-04,CONFIRMED,3,P010218,FAMILY
BK003490,J000053,3050469016,2026-09-03,CONFIRMED,1,P010221,INDIVIDUAL
BK003491,J000053,4356289731,2026-09-02,CONFIRMED,2,P010222,FRIENDS
BK003492,J000053,9781802779,2026-09-01,CONFIRMED,7,P010224,GROUP
BK003493,J000053,2175400364,2026-08-31,CONFIRMED,1,P010231,INDIVIDUAL
BK003494,J000053,4558890866,2026-08-30,CONFIRMED,5,P010232,GROUP
BK003495,J000053,2642916911,2026-08-29,CONFIRMED,6,P010237,FRIENDS
BK003496,J000053,9609652324,2026-10-05,CONFIRMED,2,P010243,FRIENDS
BK003497,J000053,9363435591,2026-10-04,CONFIRMED,3,P010245,FAMILY
BK003498,J000053,4638250756,2026-10-03,WAITLISTED,2,P010248,FAMILY
BK003499,J000053,8922087482,2026-10-02,CONFIRMED,3,P010250,FAMILY
BK003500,J000053,9249998411,2026-10-01,CANCELLED,1,P010253,INDIVIDUAL
BK003501,J000053,4844018439,2026-09-30,CONFIRMED,4,P010254,FRIENDS
BK003502,J000053,4116171903,2026-09-29,CONFIRMED,2,P010258,FAMILY
BK003503,J000053,8370337109,2026-09-28,CONFIRMED,2,P010260,FRIENDS
BK003504,J000053,9431357923,2026-09-27,CONFIRMED,2,P010262,FRIENDS
BK003505,J000053,4109992389,2026-09-26,CONFIRMED,3,P010264,FAMILY
BK003506,J000053,2803726745,2026-09-25,CONFIRMED,3,P010267,FRIENDS
BK003507,J000053,5063837165,2026-09-24,CONFIRMED,6,P010270,FRIENDS
BK003508,J000053,8097355521,2026-09-23,CONFIRMED,1,P010276,INDIVIDUAL
BK003509,J000053,5300944146,2026-09-22,CONFIRMED,4,P010277,FRIENDS
BK003510,J000053,6218626700,2026-09-21,CONFIRMED,1,P010281,INDIVIDUAL
BK003511,J000053,9454090072,2026-09-20,CONFIRMED,1,P010282,INDIVIDUAL
BK003512,J000053,2196125812,2026-09-19,CONFIRMED,4,P010283,FAMILY
BK003513,J000053,8704640720,2026-09-18,CONFIRMED,2,P010287,GROUP
BK003514,J000053,9113891312,2026-09-17,CONFIRMED,7,P010289,FRIENDS
BK003515,J000053,5142533139,2026-09-16,CONFIRMED,4,P010296,CAREGIVER_COMPANION
BK003516,J000053,9010317880,2026-09-15,CONFIRMED,6,P010300,FAMILY
BK003517,J000053,2312794128,2026-09-14,CONFIRMED,5,P010306,FAMILY
BK003518,J000053,9400514120,2026-09-13,CONFIRMED,2,P010311,FAMILY
BK003519,J000053,2215289346,2026-09-12,CONFIRMED,1,P010313,INDIVIDUAL
BK003520,J000053,8199248073,2026-09-11,RAC,5,P010314,FRIENDS
BK003521,J000053,7691163447,2026-09-10,CONFIRMED,2,P010319,GROUP
BK003522,J000053,3669111391,2026-09-09,CONFIRMED,6,P010321,FAMILY
BK003523,J000053,7527448689,2026-09-08,CONFIRMED,1,P010327,INDIVIDUAL
BK003524,J000053,6192704099,2026-09-07,CONFIRMED,4,P010328,FAMILY
BK003525,J000053,9558856514,2026-09-06,CONFIRMED,4,P010332,FRIENDS
BK003526,J000053,8048402837,2026-09-05,CONFIRMED,3,P010336,FRIENDS
BK003527,J000053,7162103635,2026-09-04,CONFIRMED,4,P010339,GROUP
BK003528,J000053,8557056881,2026-09-03,CONFIRMED,1,P010343,INDIVIDUAL
BK003529,J000053,1089263140,2026-09-02,CONFIRMED,2,P010344,GROUP
BK003530,J000053,2777481190,2026-09-01,CONFIRMED,2,P010346,FAMILY
BK003531,J000053,3698193604,2026-08-31,WAITLISTED,3,P010348,FAMILY
BK003532,J000053,7690110356,2026-08-30,CONFIRMED,7,P010351,GROUP
BK003533,J000053,6014079247,2026-08-29,CONFIRMED,1,P010358,INDIVIDUAL
BK003534,J000053,9219973298,2026-10-05,CONFIRMED,4,P010359,CAREGIVER_COMPANION
BK003535,J000053,2343626110,2026-10-04,CONFIRMED,1,P010363,INDIVIDUAL
BK003536,J000053,7121935518,2026-10-03,CONFIRMED,1,P010364,INDIVIDUAL
BK003537,J000053,5376634921,2026-10-02,CONFIRMED,4,P010365,FRIENDS
BK003538,J000053,7520819935,2026-10-01,CONFIRMED,2,P010369,FAMILY
BK003539,J000053,2648532790,2026-09-30,CONFIRMED,1,P010371,INDIVIDUAL
BK003540,J000053,4379275063,2026-09-29,CONFIRMED,6,P010372,FAMILY
BK003541,J000053,9188679702,2026-09-28,CONFIRMED,2,P010378,GROUP
BK003542,J000053,2158400797,2026-09-27,CONFIRMED,4,P010380,FAMILY
BK003543,J000053,3100489455,2026-09-26,CONFIRMED,1,P010384,INDIVIDUAL
BK003544,J000053,3316407700,2026-09-25,CONFIRMED,2,P010385,FRIENDS
BK003545,J000053,1051192954,2026-09-24,CONFIRMED,4,P010387,FRIENDS
BK003546,J000053,4049564403,2026-09-23,CONFIRMED,1,P010391,INDIVIDUAL
BK003547,J000053,2997845787,2026-09-22,CONFIRMED,1,P010392,INDIVIDUAL
BK003548,J000053,8315445595,2026-09-21,CONFIRMED,3,P010393,GROUP
BK003549,J000053,3313781212,2026-09-20,CONFIRMED,1,P010396,INDIVIDUAL
BK003550,J000053,8337736326,2026-09-19,CONFIRMED,1,P010397,INDIVIDUAL
BK003551,J000053,8690816874,2026-09-18,CONFIRMED,4,P010398,GROUP
BK003552,J000054,5813669050,2026-09-18,CONFIRMED,1,P010402,INDIVIDUAL
BK003553,J000054,6211069167,2026-09-17,CONFIRMED,3,P010403,FAMILY
BK003554,J000054,5876474570,2026-09-16,CONFIRMED,3,P010406,FRIENDS
BK003555,J000054,5987544244,2026-09-15,CONFIRMED,3,P010409,FAMILY
BK003556,J000054,5099422987,2026-09-14,CONFIRMED,2,P010412,FRIENDS
BK003557,J000054,8715589442,2026-09-13,CONFIRMED,2,P010414,GROUP
BK003558,J000054,6967299687,2026-09-12,CONFIRMED,1,P010416,INDIVIDUAL
BK003559,J000054,4545992628,2026-09-11,CONFIRMED,1,P010417,INDIVIDUAL
BK003560,J000054,6440801206,2026-09-10,RAC,1,P010418,INDIVIDUAL
BK003561,J000054,7791589381,2026-09-09,CONFIRMED,2,P010419,GROUP
BK003562,J000054,2225761334,2026-09-08,CONFIRMED,1,P010421,INDIVIDUAL
BK003563,J000054,6595914137,2026-09-07,CONFIRMED,4,P010422,GROUP
BK003564,J000054,1757257986,2026-09-06,WAITLISTED,3,P010426,GROUP
BK003565,J000054,7172061428,2026-09-05,CONFIRMED,3,P010429,FAMILY
BK003566,J000054,9450697511,2026-09-04,CONFIRMED,3,P010432,FRIENDS
BK003567,J000054,3283698825,2026-09-03,CONFIRMED,3,P010435,FAMILY
BK003568,J000054,9607125419,2026-09-02,CONFIRMED,6,P010438,FAMILY
BK003569,J000054,4537751544,2026-09-01,CONFIRMED,3,P010444,FAMILY
BK003570,J000054,1908020214,2026-08-31,CONFIRMED,6,P010447,FAMILY
BK003571,J000054,6279007601,2026-08-30,CONFIRMED,4,P010453,GROUP
BK003572,J000054,9040877480,2026-10-06,CONFIRMED,6,P010457,CAREGIVER_COMPANION
BK003573,J000054,5159071750,2026-10-05,CONFIRMED,4,P010463,FRIENDS
BK003574,J000054,1268464426,2026-10-04,CONFIRMED,4,P010467,FAMILY
BK003575,J000054,3383036635,2026-10-03,CONFIRMED,2,P010471,FRIENDS
BK003576,J000054,8024062320,2026-10-02,CONFIRMED,1,P010473,INDIVIDUAL
BK003577,J000054,9379896888,2026-10-01,CONFIRMED,2,P010474,GROUP
BK003578,J000054,1308155540,2026-09-30,CONFIRMED,2,P010476,FAMILY
BK003579,J000054,1370134721,2026-09-29,CONFIRMED,4,P010478,GROUP
BK003580,J000054,8152161164,2026-09-28,CONFIRMED,3,P010482,GROUP
BK003581,J000054,8578461949,2026-09-27,CONFIRMED,2,P010485,GROUP
BK003582,J000054,1109590578,2026-09-26,CONFIRMED,4,P010487,FAMILY
BK003583,J000054,8045314967,2026-09-25,CONFIRMED,8,P010491,GROUP
BK003584,J000054,5898919857,2026-09-24,CONFIRMED,6,P010499,FAMILY
BK003585,J000054,8473190175,2026-09-23,CONFIRMED,3,P010505,FAMILY
BK003586,J000054,5179765123,2026-09-22,CONFIRMED,3,P010508,FRIENDS
BK003587,J000054,1212397850,2026-09-21,CONFIRMED,4,P010511,GROUP
BK003588,J000054,6225117541,2026-09-20,CONFIRMED,1,P010515,INDIVIDUAL
BK003589,J000054,4995644841,2026-09-19,CONFIRMED,2,P010516,GROUP
BK003590,J000054,9502513115,2026-09-18,CONFIRMED,1,P010518,INDIVIDUAL
BK003591,J000054,1439576244,2026-09-17,CONFIRMED,4,P010519,CAREGIVER_COMPANION
BK003592,J000054,8482508880,2026-09-16,CONFIRMED,1,P010523,INDIVIDUAL
BK003593,J000054,9165827498,2026-09-15,CONFIRMED,1,P010524,INDIVIDUAL
BK003594,J000054,9918904312,2026-09-14,CONFIRMED,4,P010525,FAMILY
BK003595,J000054,2206657484,2026-09-13,CONFIRMED,1,P010529,INDIVIDUAL
BK003596,J000054,3106417372,2026-09-12,CONFIRMED,3,P010530,GROUP
BK003597,J000054,7202486845,2026-09-11,WAITLISTED,3,P010533,FAMILY
BK003598,J000054,7740072594,2026-09-10,CONFIRMED,6,P010536,FAMILY
BK003599,J000054,3686827970,2026-09-09,CONFIRMED,2,P010542,FRIENDS
BK003600,J000054,9019749640,2026-09-08,CANCELLED,3,P010544,GROUP
BK003601,J000054,4404518737,2026-09-07,CONFIRMED,1,P010547,INDIVIDUAL
BK003602,J000054,6416228907,2026-09-06,CONFIRMED,3,P010548,FRIENDS
BK003603,J000054,5818572020,2026-09-05,CONFIRMED,2,P010551,FRIENDS
BK003604,J000054,2130002094,2026-09-04,CONFIRMED,1,P010553,INDIVIDUAL
BK003605,J000054,6173402909,2026-09-03,CONFIRMED,1,P010554,INDIVIDUAL
BK003606,J000054,4209370117,2026-09-02,CONFIRMED,2,P010555,FAMILY
BK003607,J000054,4264995928,2026-09-01,CONFIRMED,2,P010557,FRIENDS
BK003608,J000054,1392402769,2026-08-31,CONFIRMED,1,P010559,INDIVIDUAL
BK003609,J000054,2592648099,2026-08-30,CONFIRMED,2,P010560,GROUP
BK003610,J000054,8551776561,2026-10-06,CONFIRMED,4,P010562,CAREGIVER_COMPANION
BK003611,J000054,1911382347,2026-10-05,CONFIRMED,1,P010566,INDIVIDUAL
BK003612,J000054,6065468912,2026-10-04,CONFIRMED,3,P010567,GROUP
BK003613,J000054,1002957140,2026-10-03,CONFIRMED,2,P010570,GROUP
BK003614,J000054,2589035507,2026-10-02,CONFIRMED,6,P010572,FAMILY
BK003615,J000054,2354783798,2026-10-01,CONFIRMED,2,P010578,FRIENDS
BK003616,J000054,1969780854,2026-09-30,CONFIRMED,1,P010580,INDIVIDUAL
BK003617,J000054,4374813675,2026-09-29,CONFIRMED,5,P010581,FAMILY
BK003618,J000054,5087698011,2026-09-28,CONFIRMED,4,P010586,FAMILY
BK003619,J000055,3272142144,2026-09-22,CONFIRMED,1,P010590,INDIVIDUAL
BK003620,J000055,8276445075,2026-09-21,CONFIRMED,3,P010591,GROUP
BK003621,J000055,4380439131,2026-09-20,CONFIRMED,2,P010594,GROUP
BK003622,J000055,5523881764,2026-09-19,CONFIRMED,1,P010596,INDIVIDUAL
BK003623,J000055,3759652851,2026-09-18,CONFIRMED,1,P010597,INDIVIDUAL
BK003624,J000055,2657062727,2026-09-17,CONFIRMED,4,P010598,FAMILY
BK003625,J000055,8467584329,2026-09-16,CONFIRMED,3,P010602,FAMILY
BK003626,J000055,2298771800,2026-09-15,CONFIRMED,6,P010605,FAMILY
BK003627,J000055,5348344660,2026-09-14,CONFIRMED,1,P010611,INDIVIDUAL
BK003628,J000055,3834266564,2026-09-13,CONFIRMED,2,P010612,FRIENDS
BK003629,J000055,9602693291,2026-09-12,CONFIRMED,4,P010614,CAREGIVER_COMPANION
BK003630,J000055,4755920888,2026-09-11,WAITLISTED,3,P010618,FRIENDS
BK003631,J000055,3156621426,2026-09-10,CONFIRMED,3,P010621,FAMILY
BK003632,J000055,2654097514,2026-09-09,CONFIRMED,5,P010624,FRIENDS
BK003633,J000055,3637733863,2026-09-08,CONFIRMED,2,P010629,GROUP
BK003634,J000055,1539088943,2026-09-07,CONFIRMED,2,P010631,FAMILY
BK003635,J000055,5886162731,2026-09-06,CONFIRMED,4,P010633,GROUP
BK003636,J000055,6106757873,2026-09-05,CONFIRMED,4,P010637,FAMILY
BK003637,J000055,9101538808,2026-09-04,CONFIRMED,1,P010641,INDIVIDUAL
BK003638,J000055,2810623570,2026-09-03,CONFIRMED,1,P010642,INDIVIDUAL
BK003639,J000055,3875712981,2026-09-02,CONFIRMED,8,P010643,GROUP
BK003640,J000055,2828909136,2026-09-01,RAC,4,P010651,FAMILY
BK003641,J000055,4333446211,2026-08-31,CONFIRMED,1,P010655,INDIVIDUAL
BK003642,J000055,8686603607,2026-08-30,CONFIRMED,3,P010656,FRIENDS
BK003643,J000055,4800152582,2026-08-29,CONFIRMED,1,P010659,INDIVIDUAL
BK003644,J000055,8625978978,2026-08-28,CONFIRMED,1,P010660,INDIVIDUAL
BK003645,J000055,4111557211,2026-08-27,CONFIRMED,2,P010661,GROUP
BK003646,J000055,4914462450,2026-08-26,CONFIRMED,1,P010663,INDIVIDUAL
BK003647,J000055,8873293665,2026-08-25,CONFIRMED,3,P010664,FAMILY
BK003648,J000055,3569679566,2026-10-01,CONFIRMED,2,P010667,FRIENDS
BK003649,J000055,6430330129,2026-09-30,CONFIRMED,2,P010669,GROUP
BK003650,J000055,3136939439,2026-09-29,CONFIRMED,8,P010671,FAMILY
BK003651,J000055,8956605287,2026-09-28,CONFIRMED,1,P010679,INDIVIDUAL
BK003652,J000055,1989206624,2026-09-27,CONFIRMED,2,P010680,FRIENDS
BK003653,J000055,9615271766,2026-09-26,CONFIRMED,1,P010682,INDIVIDUAL
BK003654,J000055,9972663096,2026-09-25,CONFIRMED,8,P010683,FAMILY
BK003655,J000055,3913242061,2026-09-24,CONFIRMED,1,P010691,INDIVIDUAL
BK003656,J000055,9236492592,2026-09-23,CONFIRMED,2,P010692,FRIENDS
BK003657,J000055,9955611954,2026-09-22,CONFIRMED,7,P010694,FAMILY
BK003658,J000055,9580033851,2026-09-21,CONFIRMED,2,P010701,FAMILY
BK003659,J000055,6358136418,2026-09-20,CONFIRMED,2,P010703,FRIENDS
BK003660,J000055,3953335386,2026-09-19,CONFIRMED,6,P010705,FAMILY
BK003661,J000055,1773474224,2026-09-18,CONFIRMED,2,P010711,GROUP
BK003662,J000055,1344490876,2026-09-17,CONFIRMED,1,P010713,INDIVIDUAL
BK003663,J000055,4616852595,2026-09-16,WAITLISTED,3,P010714,FAMILY
BK003664,J000055,8769222730,2026-09-15,CONFIRMED,8,P010717,FAMILY
BK003665,J000055,3532911396,2026-09-14,CONFIRMED,3,P010725,FAMILY
BK003666,J000055,1834169597,2026-09-13,CONFIRMED,2,P010728,FAMILY
BK003667,J000055,8811886893,2026-09-12,CONFIRMED,4,P010730,CAREGIVER_COMPANION
BK003668,J000055,4689167886,2026-09-11,CONFIRMED,5,P010734,FRIENDS
BK003669,J000055,4368068957,2026-09-10,CONFIRMED,5,P010739,FAMILY
BK003670,J000055,9129275010,2026-09-09,CONFIRMED,4,P010744,FAMILY
BK003671,J000055,7951961793,2026-09-08,CONFIRMED,2,P010748,FRIENDS
BK003672,J000055,1884628887,2026-09-07,CONFIRMED,3,P010750,GROUP
BK003673,J000055,1859538772,2026-09-06,CONFIRMED,4,P010753,FRIENDS
BK003674,J000055,9224829936,2026-09-05,CONFIRMED,4,P010757,FAMILY
BK003675,J000055,5544643183,2026-09-04,CONFIRMED,1,P010761,INDIVIDUAL
BK003676,J000055,3973850916,2026-09-03,CONFIRMED,1,P010762,INDIVIDUAL
BK003677,J000055,6019549345,2026-09-02,CONFIRMED,4,P010763,FRIENDS
BK003678,J000055,3672864789,2026-09-01,CONFIRMED,3,P010767,FRIENDS
BK003679,J000055,2697205206,2026-08-31,CONFIRMED,7,P010770,FAMILY
BK003680,J000055,4214772977,2026-08-30,RAC,2,P010777,FRIENDS
BK003681,J000055,2564657086,2026-08-29,CONFIRMED,2,P010779,GROUP
BK003682,J000055,3537804792,2026-08-28,CONFIRMED,3,P010781,FRIENDS
BK003683,J000055,1800312492,2026-08-27,CONFIRMED,8,P010784,GROUP
BK003684,J000055,1010514092,2026-08-26,CONFIRMED,3,P010792,GROUP
BK003685,J000055,5132513902,2026-08-25,CONFIRMED,4,P010795,FRIENDS
BK003686,J000056,9560524533,2026-10-08,CONFIRMED,1,P010799,INDIVIDUAL
BK003687,J000056,4955516433,2026-10-07,CONFIRMED,4,P010800,GROUP
BK003688,J000056,8489139344,2026-10-06,CONFIRMED,3,P010804,GROUP
BK003689,J000056,8321548288,2026-10-05,CONFIRMED,7,P010807,FAMILY
BK003690,J000056,6423562764,2026-10-04,CONFIRMED,2,P010814,FAMILY
BK003691,J000056,8207505352,2026-10-03,CONFIRMED,2,P010816,FRIENDS
BK003692,J000056,7022782068,2026-10-02,CONFIRMED,4,P010818,FAMILY
BK003693,J000056,1706894776,2026-10-01,CONFIRMED,2,P010822,GROUP
BK003694,J000056,3797955314,2026-09-30,CONFIRMED,5,P010824,GROUP
BK003695,J000056,4700864812,2026-09-29,CONFIRMED,1,P010829,INDIVIDUAL
BK003696,J000056,5253548560,2026-09-28,WAITLISTED,4,P010830,FAMILY
BK003697,J000056,1040588520,2026-09-27,CONFIRMED,3,P010834,FAMILY
BK003698,J000056,6614371887,2026-09-26,CONFIRMED,4,P010837,FAMILY
BK003699,J000056,9142027685,2026-09-25,CONFIRMED,8,P010841,GROUP
BK003700,J000056,4930034674,2026-09-24,CANCELLED,4,P010849,FAMILY
BK003701,J000056,5356885860,2026-09-23,CONFIRMED,1,P010853,INDIVIDUAL
BK003702,J000056,9889531538,2026-09-22,CONFIRMED,1,P010854,INDIVIDUAL
BK003703,J000056,4419170375,2026-09-21,CONFIRMED,1,P010855,INDIVIDUAL
BK003704,J000056,4033081852,2026-09-20,CONFIRMED,3,P010856,GROUP
BK003705,J000056,7082470926,2026-09-19,CONFIRMED,1,P010859,INDIVIDUAL
BK003706,J000056,8508289911,2026-09-18,CONFIRMED,1,P010860,INDIVIDUAL
BK003707,J000056,9373996504,2026-09-17,CONFIRMED,3,P010861,FAMILY
BK003708,J000056,1013047594,2026-09-16,CONFIRMED,3,P010864,GROUP
BK003709,J000056,7600302904,2026-09-15,CONFIRMED,1,P010867,INDIVIDUAL
BK003710,J000056,1350815444,2026-09-14,CONFIRMED,2,P010868,FAMILY
BK003711,J000056,8422850640,2026-09-13,CONFIRMED,4,P010870,GROUP
BK003712,J000056,2856940614,2026-09-12,CONFIRMED,2,P010874,FRIENDS
BK003713,J000056,9113621299,2026-09-11,CONFIRMED,6,P010876,GROUP
BK003714,J000056,8691436127,2026-09-10,CONFIRMED,1,P010882,INDIVIDUAL
BK003715,J000056,6582154237,2026-09-09,CONFIRMED,1,P010883,INDIVIDUAL
BK003716,J000056,6977649892,2026-09-08,CONFIRMED,2,P010884,FRIENDS
BK003717,J000056,8439909109,2026-09-07,CONFIRMED,1,P010886,INDIVIDUAL
BK003718,J000056,7809633712,2026-09-06,CONFIRMED,1,P010887,INDIVIDUAL
BK003719,J000056,3594440170,2026-09-05,CONFIRMED,1,P010888,INDIVIDUAL
BK003720,J000056,9933205153,2026-09-04,RAC,2,P010889,FRIENDS
BK003721,J000056,2825848230,2026-09-03,CONFIRMED,1,P010891,INDIVIDUAL
BK003722,J000056,9971387498,2026-09-02,CONFIRMED,3,P010892,FRIENDS
BK003723,J000056,7338880593,2026-09-01,CONFIRMED,7,P010895,FAMILY
BK003724,J000056,9266082073,2026-10-08,CONFIRMED,6,P010902,CAREGIVER_COMPANION
BK003725,J000056,4477429469,2026-10-07,CONFIRMED,2,P010908,GROUP
BK003726,J000056,8195298548,2026-10-06,CONFIRMED,1,P010910,INDIVIDUAL
BK003727,J000056,4546155226,2026-10-05,CONFIRMED,3,P010911,FAMILY
BK003728,J000056,7589289728,2026-10-04,CONFIRMED,7,P010914,GROUP
BK003729,J000056,1102749630,2026-10-03,WAITLISTED,1,P010921,INDIVIDUAL
BK003730,J000056,3482135181,2026-10-02,CONFIRMED,2,P010922,FAMILY
BK003731,J000056,7092254515,2026-10-01,CONFIRMED,1,P010924,INDIVIDUAL
BK003732,J000056,8129308279,2026-09-30,CONFIRMED,2,P010925,FRIENDS
BK003733,J000056,8005370119,2026-09-29,CONFIRMED,3,P010927,FAMILY
BK003734,J000056,4479718361,2026-09-28,CONFIRMED,3,P010930,FRIENDS
BK003735,J000056,3428928766,2026-09-27,CONFIRMED,1,P010933,INDIVIDUAL
BK003736,J000056,7698390757,2026-09-26,CONFIRMED,5,P010934,FRIENDS
BK003737,J000056,5656121799,2026-09-25,CONFIRMED,2,P010939,GROUP
BK003738,J000056,2633559279,2026-09-24,CONFIRMED,3,P010941,FRIENDS
BK003739,J000056,7571783722,2026-09-23,CONFIRMED,5,P010944,FAMILY
BK003740,J000056,7001190317,2026-09-22,CONFIRMED,4,P010949,FAMILY
BK003741,J000056,1534859557,2026-09-21,CONFIRMED,8,P010953,FRIENDS
BK003742,J000056,2046276910,2026-09-20,CONFIRMED,4,P010961,FAMILY
BK003743,J000056,1228354618,2026-09-19,CONFIRMED,4,P010965,CAREGIVER_COMPANION
BK003744,J000056,4177672195,2026-09-18,CONFIRMED,4,P010969,FAMILY
BK003745,J000056,3893151170,2026-09-17,CONFIRMED,1,P010973,INDIVIDUAL
BK003746,J000056,7241471134,2026-09-16,CONFIRMED,4,P010974,FAMILY
BK003747,J000056,8310671340,2026-09-15,CONFIRMED,1,P010978,INDIVIDUAL
BK003748,J000056,9073928384,2026-09-14,CONFIRMED,2,P010979,FRIENDS
BK003749,J000056,6835655624,2026-09-13,CONFIRMED,5,P010981,FAMILY
BK003750,J000056,4463775513,2026-09-12,CONFIRMED,1,P010986,INDIVIDUAL
BK003751,J000056,8567191430,2026-09-11,CONFIRMED,2,P010987,FRIENDS
BK003752,J000056,8102510929,2026-09-10,CONFIRMED,1,P010989,INDIVIDUAL
BK003753,J000057,3982785431,2026-09-16,CONFIRMED,3,P010990,FAMILY
BK003754,J000057,6468617206,2026-09-15,CONFIRMED,6,P010993,FAMILY
BK003755,J000057,4750405524,2026-09-14,CONFIRMED,1,P010999,INDIVIDUAL
BK003756,J000057,3266442112,2026-09-13,CONFIRMED,3,P011000,GROUP
BK003757,J000057,5172182576,2026-09-12,CONFIRMED,1,P011003,INDIVIDUAL
BK003758,J000057,4659384519,2026-09-11,CONFIRMED,2,P011004,FAMILY
BK003759,J000057,3377499353,2026-09-10,CONFIRMED,6,P011006,FRIENDS
BK003760,J000057,9174123728,2026-09-09,RAC,1,P011012,INDIVIDUAL
BK003761,J000057,6854673996,2026-09-08,CONFIRMED,7,P011013,FAMILY
BK003762,J000057,3937653345,2026-10-15,WAITLISTED,1,P011020,INDIVIDUAL
BK003763,J000057,4529320447,2026-10-14,CONFIRMED,4,P011021,GROUP
BK003764,J000057,5466256682,2026-10-13,CONFIRMED,4,P011025,FAMILY
BK003765,J000057,7816557970,2026-10-12,CONFIRMED,3,P011029,FAMILY
BK003766,J000057,6717456614,2026-10-11,CONFIRMED,4,P011032,FAMILY
BK003767,J000057,5695295344,2026-10-10,CONFIRMED,5,P011036,FAMILY
BK003768,J000057,3208455583,2026-10-09,CONFIRMED,4,P011041,FAMILY
BK003769,J000057,7894652813,2026-10-08,CONFIRMED,4,P011045,FRIENDS
BK003770,J000057,4522983307,2026-10-07,CONFIRMED,1,P011049,INDIVIDUAL
BK003771,J000057,9971333561,2026-10-06,CONFIRMED,3,P011050,FAMILY
BK003772,J000057,3050953594,2026-10-05,CONFIRMED,1,P011053,INDIVIDUAL
BK003773,J000057,7459659882,2026-10-04,CONFIRMED,2,P011054,GROUP
BK003774,J000057,8685148308,2026-10-03,CONFIRMED,7,P011056,FRIENDS
BK003775,J000057,4093274076,2026-10-02,CONFIRMED,3,P011063,FAMILY
BK003776,J000057,5050593799,2026-10-01,CONFIRMED,1,P011066,INDIVIDUAL
BK003777,J000057,6780001120,2026-09-30,CONFIRMED,3,P011067,FAMILY
BK003778,J000057,4323749882,2026-09-29,CONFIRMED,2,P011070,FAMILY
BK003779,J000057,1823682404,2026-09-28,CONFIRMED,6,P011072,FRIENDS
BK003780,J000057,8628790168,2026-09-27,CONFIRMED,3,P011078,GROUP
BK003781,J000057,3055443676,2026-09-26,CONFIRMED,4,P011081,CAREGIVER_COMPANION
BK003782,J000057,5140269903,2026-09-25,CONFIRMED,1,P011085,INDIVIDUAL
BK003783,J000057,6685995270,2026-09-24,CONFIRMED,1,P011086,INDIVIDUAL
BK003784,J000057,7221214653,2026-09-23,CONFIRMED,2,P011087,FRIENDS
BK003785,J000057,7439479436,2026-09-22,CONFIRMED,2,P011089,GROUP
BK003786,J000057,3067129390,2026-09-21,CONFIRMED,3,P011091,FRIENDS
BK003787,J000057,4602378658,2026-09-20,CONFIRMED,3,P011094,FAMILY
BK003788,J000057,7338062435,2026-09-19,CONFIRMED,1,P011097,INDIVIDUAL
BK003789,J000057,5500029791,2026-09-18,CONFIRMED,1,P011098,INDIVIDUAL
BK003790,J000057,2161142437,2026-09-17,CONFIRMED,2,P011099,FAMILY
BK003791,J000057,2379078545,2026-09-16,CONFIRMED,1,P011101,INDIVIDUAL
BK003792,J000057,5740328849,2026-09-15,CONFIRMED,3,P011102,GROUP
BK003793,J000057,9492581727,2026-09-14,CONFIRMED,4,P011105,FRIENDS
BK003794,J000057,8547042572,2026-09-13,CONFIRMED,2,P011109,FAMILY
BK003795,J000057,6595014886,2026-09-12,WAITLISTED,4,P011111,GROUP
BK003796,J000057,2436671540,2026-09-11,CONFIRMED,2,P011115,FRIENDS
BK003797,J000057,8077810221,2026-09-10,CONFIRMED,1,P011117,INDIVIDUAL
BK003798,J000057,8504336730,2026-09-09,CONFIRMED,4,P011118,FAMILY
BK003799,J000057,5633834754,2026-09-08,CONFIRMED,1,P011122,INDIVIDUAL
BK003800,J000057,3927242492,2026-10-15,CANCELLED,1,P011123,INDIVIDUAL
BK003801,J000057,4266374488,2026-10-14,CONFIRMED,2,P011124,GROUP
BK003802,J000057,2202268869,2026-10-13,CONFIRMED,2,P011126,FAMILY
BK003803,J000057,3192740068,2026-10-12,CONFIRMED,2,P011128,FRIENDS
BK003804,J000057,5574203725,2026-10-11,CONFIRMED,2,P011130,FRIENDS
BK003805,J000057,8741315092,2026-10-10,CONFIRMED,3,P011132,FAMILY
BK003806,J000057,5205633551,2026-10-09,CONFIRMED,2,P011135,FAMILY
BK003807,J000057,5438967037,2026-10-08,CONFIRMED,1,P011137,INDIVIDUAL
BK003808,J000057,6304038125,2026-10-07,CONFIRMED,4,P011138,FAMILY
BK003809,J000057,9996607989,2026-10-06,CONFIRMED,3,P011142,FAMILY
BK003810,J000057,5502835660,2026-10-05,CONFIRMED,5,P011145,GROUP
BK003811,J000057,8687021492,2026-10-04,CONFIRMED,4,P011150,GROUP
BK003812,J000057,6432585575,2026-10-03,CONFIRMED,6,P011154,FAMILY
BK003813,J000057,6262682124,2026-10-02,CONFIRMED,2,P011160,GROUP
BK003814,J000057,9883751167,2026-10-01,CONFIRMED,1,P011162,INDIVIDUAL
BK003815,J000057,2025789561,2026-09-30,CONFIRMED,1,P011163,INDIVIDUAL
BK003816,J000057,7571889190,2026-09-29,CONFIRMED,5,P011164,FRIENDS
BK003817,J000057,8169406791,2026-09-28,CONFIRMED,5,P011169,FAMILY
BK003818,J000057,4529179668,2026-09-27,CONFIRMED,1,P011174,INDIVIDUAL
BK003819,J000057,5238997637,2026-09-26,CONFIRMED,3,P011175,FAMILY
BK003820,J000058,1959578776,2026-10-02,CONFIRMED,3,P011178,GROUP
BK003821,J000058,4224011306,2026-10-01,CONFIRMED,2,P011181,GROUP
BK003822,J000058,2866750884,2026-09-30,CONFIRMED,2,P011183,FAMILY
BK003823,J000058,9829412285,2026-09-29,CONFIRMED,3,P011185,FAMILY
BK003824,J000058,8739632706,2026-09-28,CONFIRMED,4,P011188,FAMILY
BK003825,J000058,6456771708,2026-09-27,CONFIRMED,4,P011192,FRIENDS
BK003826,J000058,4619644063,2026-09-26,CONFIRMED,2,P011196,FAMILY
BK003827,J000058,4668547541,2026-09-25,CONFIRMED,3,P011198,FAMILY
BK003828,J000058,9750996239,2026-09-24,WAITLISTED,6,P011201,FAMILY
BK003829,J000058,8965052750,2026-09-23,CONFIRMED,4,P011207,FRIENDS
BK003830,J000058,2800401984,2026-09-22,CONFIRMED,2,P011211,FAMILY
BK003831,J000058,8459935762,2026-09-21,CONFIRMED,4,P011213,GROUP
BK003832,J000058,6254679341,2026-09-20,CONFIRMED,1,P011217,INDIVIDUAL
BK003833,J000058,5098601726,2026-09-19,CONFIRMED,1,P011218,INDIVIDUAL
BK003834,J000058,8826040439,2026-09-18,CONFIRMED,7,P011219,FRIENDS
BK003835,J000058,9622705662,2026-09-17,CONFIRMED,2,P011226,FRIENDS
BK003836,J000058,2183496562,2026-09-16,CONFIRMED,3,P011228,GROUP
BK003837,J000058,8101720306,2026-09-15,CONFIRMED,2,P011231,GROUP
BK003838,J000058,2705894102,2026-10-22,CONFIRMED,5,P011233,CAREGIVER_COMPANION
BK003839,J000058,4903754220,2026-10-21,CONFIRMED,1,P011238,INDIVIDUAL
BK003840,J000058,2592318729,2026-10-20,RAC,2,P011239,FRIENDS
BK003841,J000058,7506948159,2026-10-19,CONFIRMED,1,P011241,INDIVIDUAL
BK003842,J000058,5899371914,2026-10-18,CONFIRMED,1,P011242,INDIVIDUAL
BK003843,J000058,8447833438,2026-10-17,CONFIRMED,5,P011243,FAMILY
BK003844,J000058,3943686860,2026-10-16,CONFIRMED,3,P011248,GROUP
BK003845,J000058,9997712008,2026-10-15,CONFIRMED,2,P011251,GROUP
BK003846,J000058,5756735121,2026-10-14,CONFIRMED,4,P011253,FAMILY
BK003847,J000058,2750529910,2026-10-13,CONFIRMED,2,P011257,FRIENDS
BK003848,J000058,2373561226,2026-10-12,CONFIRMED,1,P011259,INDIVIDUAL
BK003849,J000058,6468226052,2026-10-11,CONFIRMED,4,P011260,FRIENDS
BK003850,J000058,7822031868,2026-10-10,CONFIRMED,1,P011264,INDIVIDUAL
BK003851,J000058,1198327217,2026-10-09,CONFIRMED,3,P011265,FAMILY
BK003852,J000058,1499458085,2026-10-08,CONFIRMED,4,P011268,FAMILY
BK003853,J000058,2995406661,2026-10-07,CONFIRMED,2,P011272,GROUP
BK003854,J000058,5863531473,2026-10-06,CONFIRMED,3,P011274,FRIENDS
BK003855,J000058,1823681510,2026-10-05,CONFIRMED,7,P011277,FAMILY
BK003856,J000058,3880938792,2026-10-04,CONFIRMED,2,P011284,FRIENDS
BK003857,J000058,5445594943,2026-10-03,CONFIRMED,2,P011286,GROUP
BK003858,J000058,2557047230,2026-10-02,CONFIRMED,2,P011288,FAMILY
BK003859,J000058,4106721898,2026-10-01,CONFIRMED,3,P011290,FAMILY
BK003860,J000058,5637617167,2026-09-30,CONFIRMED,4,P011293,FAMILY
BK003861,J000058,5034741463,2026-09-29,WAITLISTED,1,P011297,INDIVIDUAL
BK003862,J000058,7062628130,2026-09-28,CONFIRMED,4,P011298,FAMILY
BK003863,J000058,5660694480,2026-09-27,CONFIRMED,4,P011302,GROUP
BK003864,J000058,2659618898,2026-09-26,CONFIRMED,1,P011306,INDIVIDUAL
BK003865,J000058,9733023175,2026-09-25,CONFIRMED,3,P011307,FAMILY
BK003866,J000058,3064872242,2026-09-24,CONFIRMED,4,P011310,FAMILY
BK003867,J000058,4682421516,2026-09-23,CONFIRMED,1,P011314,INDIVIDUAL
BK003868,J000058,9869473954,2026-09-22,CONFIRMED,6,P011315,FAMILY
BK003869,J000058,6875692653,2026-09-21,CONFIRMED,1,P011321,INDIVIDUAL
BK003870,J000058,8733492712,2026-09-20,CONFIRMED,2,P011322,FAMILY
BK003871,J000058,4618299369,2026-09-19,CONFIRMED,4,P011324,GROUP
BK003872,J000058,6322392151,2026-09-18,CONFIRMED,1,P011328,INDIVIDUAL
BK003873,J000058,4912953181,2026-09-17,CONFIRMED,4,P011329,FRIENDS
BK003874,J000058,8640286659,2026-09-16,CONFIRMED,2,P011333,FAMILY
BK003875,J000058,1968936115,2026-09-15,CONFIRMED,4,P011335,GROUP
BK003876,J000058,7708076843,2026-10-22,CONFIRMED,2,P011339,FRIENDS
BK003877,J000058,9790982993,2026-10-21,CONFIRMED,5,P011341,FAMILY
BK003878,J000058,1249922124,2026-10-20,CONFIRMED,4,P011346,FAMILY
BK003879,J000058,5849926111,2026-10-19,CONFIRMED,4,P011350,GROUP
BK003880,J000058,3955686323,2026-10-18,RAC,1,P011354,INDIVIDUAL
BK003881,J000058,1920232853,2026-10-17,CONFIRMED,2,P011355,GROUP
BK003882,J000058,5132317244,2026-10-16,CONFIRMED,4,P011357,FAMILY
BK003883,J000058,6674033287,2026-10-15,CONFIRMED,2,P011361,FRIENDS
BK003884,J000058,1457346079,2026-10-14,CONFIRMED,6,P011363,FAMILY
BK003885,J000058,5158178780,2026-10-13,CONFIRMED,8,P011369,FRIENDS
BK003886,J000058,3215938357,2026-10-12,CONFIRMED,1,P011377,INDIVIDUAL
BK003887,J000059,6985774773,2026-10-18,CONFIRMED,4,P011378,GROUP
BK003888,J000059,4010931044,2026-10-17,CONFIRMED,4,P011382,FAMILY
BK003889,J000059,1471526021,2026-10-16,CONFIRMED,2,P011386,GROUP
BK003890,J000059,4842431348,2026-10-15,CONFIRMED,8,P011388,FAMILY
BK003891,J000059,3478848404,2026-10-14,CONFIRMED,4,P011396,GROUP
BK003892,J000059,7218839069,2026-10-13,CONFIRMED,8,P011400,FAMILY
BK003893,J000059,3507040496,2026-10-12,CONFIRMED,1,P011408,INDIVIDUAL
BK003894,J000059,3720692950,2026-10-11,WAITLISTED,1,P011409,INDIVIDUAL
BK003895,J000059,8301400953,2026-10-10,CONFIRMED,6,P011410,CAREGIVER_COMPANION
BK003896,J000059,4327135779,2026-10-09,CONFIRMED,4,P011416,FAMILY
BK003897,J000059,7284242580,2026-10-08,CONFIRMED,3,P011420,FAMILY
BK003898,J000059,9087836815,2026-10-07,CONFIRMED,3,P011423,FRIENDS
BK003899,J000059,3321278633,2026-10-06,CONFIRMED,2,P011426,FRIENDS
BK003900,J000059,5639561542,2026-10-05,CANCELLED,2,P011428,FRIENDS
BK003901,J000059,4620880058,2026-10-04,CONFIRMED,2,P011430,GROUP
BK003902,J000059,4404886415,2026-10-03,CONFIRMED,4,P011432,FAMILY
BK003903,J000059,3365688686,2026-10-02,CONFIRMED,1,P011436,INDIVIDUAL
BK003904,J000059,3845759625,2026-10-01,CONFIRMED,1,P011437,INDIVIDUAL
BK003905,J000059,1415161381,2026-09-30,CONFIRMED,4,P011438,FRIENDS
BK003906,J000059,7599641706,2026-09-29,CONFIRMED,2,P011442,FAMILY
BK003907,J000059,4906630112,2026-09-28,CONFIRMED,1,P011444,INDIVIDUAL
BK003908,J000059,3798679983,2026-09-27,CONFIRMED,2,P011445,FRIENDS
BK003909,J000059,2054465833,2026-09-26,CONFIRMED,1,P011447,INDIVIDUAL
BK003910,J000059,2456469666,2026-09-25,CONFIRMED,4,P011448,FAMILY
BK003911,J000059,3081001072,2026-09-24,CONFIRMED,2,P011452,FRIENDS
BK003912,J000059,1558922698,2026-09-23,CONFIRMED,2,P011454,FRIENDS
BK003913,J000059,5094862120,2026-09-22,CONFIRMED,2,P011456,GROUP
BK003914,J000059,3239812217,2026-10-29,CONFIRMED,1,P011458,INDIVIDUAL
BK003915,J000059,5852843382,2026-10-28,CONFIRMED,2,P011459,FRIENDS
BK003916,J000059,7223494071,2026-10-27,CONFIRMED,4,P011461,FAMILY
BK003917,J000059,1697321188,2026-10-26,CONFIRMED,5,P011465,FAMILY
BK003918,J000059,7444629660,2026-10-25,CONFIRMED,1,P011470,INDIVIDUAL
BK003919,J000059,7523711354,2026-10-24,CONFIRMED,6,P011471,FRIENDS
BK003920,J000059,3415879546,2026-10-23,RAC,4,P011477,FAMILY
BK003921,J000059,2408961143,2026-10-22,CONFIRMED,1,P011481,INDIVIDUAL
BK003922,J000059,7822488231,2026-10-21,CONFIRMED,3,P011482,FRIENDS
BK003923,J000059,2783090166,2026-10-20,CONFIRMED,2,P011485,FRIENDS
BK003924,J000059,3467792250,2026-10-19,CONFIRMED,2,P011487,FRIENDS
BK003925,J000059,7748258037,2026-10-18,CONFIRMED,3,P011489,FAMILY
BK003926,J000059,5023679189,2026-10-17,CONFIRMED,5,P011492,GROUP
BK003927,J000059,2227389942,2026-10-16,WAITLISTED,2,P011497,FRIENDS
BK003928,J000059,3058501171,2026-10-15,CONFIRMED,2,P011499,FRIENDS
BK003929,J000059,4453008475,2026-10-14,CONFIRMED,1,P011501,INDIVIDUAL
BK003930,J000059,1907956593,2026-10-13,CONFIRMED,4,P011502,FAMILY
BK003931,J000059,6004854425,2026-10-12,CONFIRMED,2,P011506,FRIENDS
BK003932,J000059,2924408310,2026-10-11,CONFIRMED,4,P011508,FAMILY
BK003933,J000059,1712951871,2026-10-10,CONFIRMED,2,P011512,GROUP
BK003934,J000059,1011243283,2026-10-09,CONFIRMED,1,P011514,INDIVIDUAL
BK003935,J000059,2295183991,2026-10-08,CONFIRMED,4,P011515,GROUP
BK003936,J000059,6438161911,2026-10-07,CONFIRMED,8,P011519,FAMILY
BK003937,J000059,3411929260,2026-10-06,CONFIRMED,2,P011527,GROUP
BK003938,J000059,5882272703,2026-10-05,CONFIRMED,1,P011529,INDIVIDUAL
BK003939,J000059,3456390040,2026-10-04,CONFIRMED,1,P011530,INDIVIDUAL
BK003940,J000059,9213918045,2026-10-03,CONFIRMED,1,P011531,INDIVIDUAL
BK003941,J000059,8817301564,2026-10-02,CONFIRMED,2,P011532,GROUP
BK003942,J000059,3832846061,2026-10-01,CONFIRMED,1,P011534,INDIVIDUAL
BK003943,J000059,7664153735,2026-09-30,CONFIRMED,2,P011535,FRIENDS
BK003944,J000059,9123370250,2026-09-29,CONFIRMED,4,P011537,FAMILY
BK003945,J000059,8988099954,2026-09-28,CONFIRMED,3,P011541,FAMILY
BK003946,J000059,8526466894,2026-09-27,CONFIRMED,4,P011544,FAMILY
BK003947,J000059,9452029716,2026-09-26,CONFIRMED,6,P011548,FRIENDS
BK003948,J000059,5617159322,2026-09-25,CONFIRMED,5,P011554,FRIENDS
BK003949,J000059,7279125089,2026-09-24,CONFIRMED,1,P011559,INDIVIDUAL
BK003950,J000059,9630941443,2026-09-23,CONFIRMED,4,P011560,FAMILY
BK003951,J000059,2561749010,2026-09-22,CONFIRMED,2,P011564,FRIENDS
BK003952,J000059,8519301990,2026-10-29,CONFIRMED,2,P011566,FRIENDS
BK003953,J000059,7551492688,2026-10-28,CONFIRMED,6,P011568,GROUP
BK003954,J000060,3288062567,2026-11-03,CONFIRMED,3,P011574,FRIENDS
BK003955,J000060,6405714230,2026-11-02,CONFIRMED,1,P011577,INDIVIDUAL
BK003956,J000060,7225267673,2026-11-01,CONFIRMED,1,P011578,INDIVIDUAL
BK003957,J000060,5425516141,2026-10-31,CONFIRMED,4,P011579,FRIENDS
BK003958,J000060,2120685299,2026-10-30,CONFIRMED,1,P011583,INDIVIDUAL
BK003959,J000060,3642377656,2026-10-29,CONFIRMED,6,P011584,FRIENDS
BK003960,J000060,4683816979,2026-10-28,RAC,4,P011590,FAMILY
BK003961,J000060,8013043448,2026-10-27,CONFIRMED,4,P011594,FRIENDS
BK003962,J000060,8771024972,2026-10-26,CONFIRMED,8,P011598,FAMILY
BK003963,J000060,8542321019,2026-10-25,CONFIRMED,4,P011606,GROUP
BK003964,J000060,4675578613,2026-10-24,CONFIRMED,4,P011610,FAMILY
BK003965,J000060,9763071299,2026-10-23,CONFIRMED,2,P011614,GROUP
BK003966,J000060,9366343113,2026-10-22,CONFIRMED,1,P011616,INDIVIDUAL
BK003967,J000060,1003369743,2026-10-21,CONFIRMED,6,P011617,FRIENDS
BK003968,J000060,3563388483,2026-10-20,CONFIRMED,2,P011623,FRIENDS
BK003969,J000060,9616566747,2026-10-19,CONFIRMED,7,P011625,FAMILY
BK003970,J000060,3291496233,2026-10-18,CONFIRMED,3,P011632,FRIENDS
BK003971,J000060,2015279170,2026-10-17,CONFIRMED,3,P011635,FAMILY
BK003972,J000060,8265720410,2026-10-16,CONFIRMED,1,P011638,INDIVIDUAL
BK003973,J000060,9876003546,2026-10-15,CONFIRMED,1,P011639,INDIVIDUAL
BK003974,J000060,5397289879,2026-10-14,CONFIRMED,3,P011640,FRIENDS
BK003975,J000060,1539797976,2026-10-13,CONFIRMED,1,P011643,INDIVIDUAL
BK003976,J000060,6538013473,2026-10-12,CONFIRMED,4,P011644,FAMILY
BK003977,J000060,9615049075,2026-10-11,CONFIRMED,8,P011648,FRIENDS
BK003978,J000060,9456759707,2026-10-10,CONFIRMED,3,P011656,FRIENDS
BK003979,J000060,4815486112,2026-10-09,CONFIRMED,4,P011659,GROUP
BK003980,J000060,1754568804,2026-10-08,CONFIRMED,2,P011663,FRIENDS
BK003981,J000060,2578078119,2026-10-07,CONFIRMED,2,P011665,GROUP
BK003982,J000060,5277344414,2026-10-06,CONFIRMED,2,P011667,FAMILY
BK003983,J000060,7230353369,2026-10-05,CONFIRMED,2,P011669,FRIENDS
BK003984,J000060,6077497886,2026-10-04,CONFIRMED,6,P011671,FAMILY
BK003985,J000060,7845697714,2026-10-03,CONFIRMED,4,P011677,FRIENDS
BK003986,J000060,9643170055,2026-10-02,CONFIRMED,2,P011681,FAMILY
BK003987,J000060,2237421584,2026-10-01,CONFIRMED,5,P011683,FAMILY
BK003988,J000060,5412279350,2026-09-30,CONFIRMED,4,P011688,FAMILY
BK003989,J000060,8693864056,2026-09-29,CONFIRMED,3,P011692,FAMILY
BK003990,J000060,4880419509,2026-11-05,CONFIRMED,2,P011695,FAMILY
BK003991,J000060,6358385697,2026-11-04,CONFIRMED,1,P011697,INDIVIDUAL
BK003992,J000060,1620424512,2026-11-03,CONFIRMED,3,P011698,GROUP
BK003993,J000060,6164067381,2026-11-02,WAITLISTED,4,P011701,FRIENDS
BK003994,J000060,4962725094,2026-11-01,CONFIRMED,4,P011705,FAMILY
BK003995,J000060,5548484516,2026-10-31,CONFIRMED,1,P011709,INDIVIDUAL
BK003996,J000060,5591722468,2026-10-30,CONFIRMED,2,P011710,FRIENDS
BK003997,J000060,1606500658,2026-10-29,CONFIRMED,4,P011712,FRIENDS
BK003998,J000060,6597247522,2026-10-28,CONFIRMED,6,P011716,FAMILY
BK003999,J000060,3890065440,2026-10-27,CONFIRMED,4,P011722,GROUP
BK004000,J000060,3923036043,2026-10-26,CANCELLED,2,P011726,FRIENDS
BK004001,J000060,5114098490,2026-10-25,CONFIRMED,2,P011728,GROUP
BK004002,J000060,2010029521,2026-10-24,CONFIRMED,3,P011730,FRIENDS
BK004003,J000060,6639535808,2026-10-23,CONFIRMED,1,P011733,INDIVIDUAL
BK004004,J000060,1596596988,2026-10-22,CONFIRMED,3,P011734,GROUP
BK004005,J000060,3384962198,2026-10-21,CONFIRMED,2,P011737,GROUP
BK004006,J000060,2492037310,2026-10-20,CONFIRMED,4,P011739,FAMILY
BK004007,J000060,5288912927,2026-10-19,CONFIRMED,1,P011743,INDIVIDUAL
BK004008,J000060,9325944386,2026-10-18,CONFIRMED,1,P011744,INDIVIDUAL
BK004009,J000060,3817327753,2026-10-17,CONFIRMED,2,P011745,GROUP
BK004010,J000060,3249093542,2026-10-16,CONFIRMED,1,P011747,INDIVIDUAL
BK004011,J000060,5494258683,2026-10-15,CONFIRMED,4,P011748,GROUP
BK004012,J000060,2218649378,2026-10-14,CONFIRMED,1,P011752,INDIVIDUAL
BK004013,J000060,4134027112,2026-10-13,CONFIRMED,3,P011753,FAMILY
BK004014,J000060,7540436686,2026-10-12,CONFIRMED,2,P011756,FAMILY
BK004015,J000060,4320054116,2026-10-11,CONFIRMED,2,P011758,FRIENDS
BK004016,J000060,6675969728,2026-10-10,CONFIRMED,1,P011760,INDIVIDUAL
BK004017,J000060,9552387437,2026-10-09,CONFIRMED,4,P011761,FRIENDS
BK004018,J000060,9790929333,2026-10-08,CONFIRMED,1,P011765,INDIVIDUAL
BK004019,J000060,2505720172,2026-10-07,CONFIRMED,2,P011766,FRIENDS
BK004020,J000060,9789325956,2026-10-06,CONFIRMED,1,P011768,INDIVIDUAL
BK004021,J000061,9589241169,2026-08-29,CONFIRMED,5,P011769,FAMILY
BK004022,J000061,7199771009,2026-08-28,CONFIRMED,4,P011774,FAMILY
BK004023,J000061,9435643039,2026-08-27,CONFIRMED,1,P011778,INDIVIDUAL
BK004024,J000061,3031173194,2026-08-26,CONFIRMED,4,P011779,FAMILY
BK004025,J000061,4196559840,2026-08-25,CONFIRMED,4,P011783,FRIENDS
BK004026,J000061,6821269283,2026-08-24,WAITLISTED,1,P011787,INDIVIDUAL
BK004027,J000061,6211962919,2026-08-23,CONFIRMED,4,P011788,GROUP
BK004028,J000061,5466809778,2026-09-29,CONFIRMED,1,P011792,INDIVIDUAL
BK004029,J000061,5873180506,2026-09-28,CONFIRMED,1,P011793,INDIVIDUAL
BK004030,J000061,2140339671,2026-09-27,CONFIRMED,8,P011794,FAMILY
BK004031,J000061,5346164929,2026-09-26,CONFIRMED,6,P011802,FRIENDS
BK004032,J000061,2653117821,2026-09-25,CONFIRMED,4,P011808,FAMILY
BK004033,J000061,2184706080,2026-09-24,CONFIRMED,1,P011812,INDIVIDUAL
BK004034,J000061,5877510607,2026-09-23,CONFIRMED,1,P011813,INDIVIDUAL
BK004035,J000061,5942893562,2026-09-22,CONFIRMED,5,P011814,FAMILY
BK004036,J000061,8483503853,2026-09-21,CONFIRMED,2,P011819,FRIENDS
BK004037,J000061,9180994883,2026-09-20,CONFIRMED,2,P011821,GROUP
BK004038,J000061,2151729727,2026-09-19,CONFIRMED,2,P011823,FAMILY
BK004039,J000061,5707286962,2026-09-18,CONFIRMED,8,P011825,GROUP
BK004040,J000061,1944546518,2026-09-17,RAC,4,P011833,FAMILY
BK004041,J000061,3966384976,2026-09-16,CONFIRMED,2,P011837,GROUP
BK004042,J000061,4935966223,2026-09-15,CONFIRMED,4,P011839,FAMILY
BK004043,J000061,9324869507,2026-09-14,CONFIRMED,3,P011843,FAMILY
BK004044,J000061,9192670545,2026-09-13,CONFIRMED,5,P011846,FRIENDS
BK004045,J000061,8881840990,2026-09-12,CONFIRMED,2,P011851,GROUP
BK004046,J000061,5215272896,2026-09-11,CONFIRMED,6,P011853,FAMILY
BK004047,J000061,8854535901,2026-09-10,CONFIRMED,1,P011859,INDIVIDUAL
BK004048,J000061,3496258350,2026-09-09,CONFIRMED,7,P011860,GROUP
BK004049,J000061,2938085074,2026-09-08,CONFIRMED,4,P011867,FRIENDS
BK004050,J000061,4612803236,2026-09-07,CONFIRMED,2,P011871,FAMILY
BK004051,J000061,4811135062,2026-09-06,CONFIRMED,1,P011873,INDIVIDUAL
BK004052,J000061,6950001771,2026-09-05,CONFIRMED,2,P011874,FRIENDS
BK004053,J000061,9616211448,2026-09-04,CONFIRMED,2,P011876,GROUP
BK004054,J000061,7559376295,2026-09-03,CONFIRMED,4,P011878,FAMILY
BK004055,J000061,5962091981,2026-09-02,CONFIRMED,5,P011882,FAMILY
BK004056,J000061,4674665965,2026-09-01,CONFIRMED,2,P011887,FRIENDS
BK004057,J000061,9794499526,2026-08-31,CONFIRMED,3,P011889,FAMILY
BK004058,J000061,9274755149,2026-08-30,CONFIRMED,1,P011892,INDIVIDUAL
BK004059,J000061,4738826488,2026-08-29,WAITLISTED,4,P011893,GROUP
BK004060,J000061,3551340996,2026-08-28,CONFIRMED,3,P011897,GROUP
BK004061,J000061,3083929990,2026-08-27,CONFIRMED,6,P011900,GROUP
BK004062,J000061,3953303810,2026-08-26,CONFIRMED,2,P011906,FAMILY
BK004063,J000061,4030990706,2026-08-25,CONFIRMED,1,P011908,INDIVIDUAL
BK004064,J000061,4564642574,2026-08-24,CONFIRMED,1,P011909,INDIVIDUAL
BK004065,J000061,8180796707,2026-08-23,CONFIRMED,4,P011910,FRIENDS
BK004066,J000061,6626703418,2026-09-29,CONFIRMED,3,P011914,FRIENDS
BK004067,J000061,6414576293,2026-09-28,CONFIRMED,7,P011917,FAMILY
BK004068,J000061,6877378216,2026-09-27,CONFIRMED,2,P011924,FRIENDS
BK004069,J000061,6040158075,2026-09-26,CONFIRMED,1,P011926,INDIVIDUAL
BK004070,J000061,9914365224,2026-09-25,CONFIRMED,1,P011927,INDIVIDUAL
BK004071,J000061,5459348372,2026-09-24,CONFIRMED,4,P011928,GROUP
BK004072,J000061,3397985880,2026-09-23,CONFIRMED,6,P011932,FAMILY
BK004073,J000061,7704893214,2026-09-22,CONFIRMED,1,P011938,INDIVIDUAL
BK004074,J000061,1381107495,2026-09-21,CONFIRMED,4,P011939,FAMILY
BK004075,J000061,6248789622,2026-09-20,CONFIRMED,4,P011943,GROUP
BK004076,J000061,1392299580,2026-09-19,CONFIRMED,3,P011947,GROUP
BK004077,J000061,4926910312,2026-09-18,CONFIRMED,2,P011950,GROUP
BK004078,J000061,7166466774,2026-09-17,CONFIRMED,1,P011952,INDIVIDUAL
BK004079,J000061,4110213184,2026-09-16,CONFIRMED,6,P011953,FRIENDS
BK004080,J000061,4982739841,2026-09-15,RAC,2,P011959,FRIENDS
BK004081,J000061,6704969179,2026-09-14,CONFIRMED,1,P011961,INDIVIDUAL
BK004082,J000061,5162825553,2026-09-13,CONFIRMED,2,P011962,FAMILY
BK004083,J000061,4526013716,2026-09-12,CONFIRMED,4,P011964,GROUP
BK004084,J000061,6528509697,2026-09-11,CONFIRMED,4,P011968,FAMILY
BK004085,J000061,4710573808,2026-09-10,CONFIRMED,3,P011972,FAMILY
BK004086,J000061,4442421410,2026-09-09,CONFIRMED,3,P011975,FRIENDS
BK004087,J000061,9781337655,2026-09-08,CONFIRMED,5,P011978,FAMILY
BK004088,J000062,1609994361,2026-09-11,CONFIRMED,2,P011983,FRIENDS
BK004089,J000062,8939043312,2026-09-10,CONFIRMED,4,P011985,FRIENDS
BK004090,J000062,3375116314,2026-09-09,CONFIRMED,1,P011989,INDIVIDUAL
BK004091,J000062,1399174189,2026-09-08,CONFIRMED,1,P011990,INDIVIDUAL
BK004092,J000062,4170267629,2026-09-07,WAITLISTED,4,P011991,FAMILY
BK004093,J000062,2196885976,2026-09-06,CONFIRMED,2,P011995,GROUP
BK004094,J000062,9823450900,2026-09-05,CONFIRMED,2,P011997,FAMILY
BK004095,J000062,7876930398,2026-09-04,CONFIRMED,4,P011999,GROUP
BK004096,J000062,2759154479,2026-09-03,CONFIRMED,3,P012003,GROUP
BK004097,J000062,3875050622,2026-09-02,CONFIRMED,1,P012006,INDIVIDUAL
BK004098,J000062,6615561338,2026-09-01,CONFIRMED,5,P012007,GROUP
BK004099,J000062,7387874194,2026-08-31,CONFIRMED,2,P012012,FRIENDS
BK004100,J000062,5114582927,2026-08-30,CANCELLED,1,P012014,INDIVIDUAL
BK004101,J000062,2445928472,2026-08-29,CONFIRMED,1,P012015,INDIVIDUAL
BK004102,J000062,3135204997,2026-08-28,CONFIRMED,2,P012016,FAMILY
BK004103,J000062,9867221390,2026-08-27,CONFIRMED,3,P012018,FAMILY
BK004104,J000062,4264775206,2026-10-03,CONFIRMED,1,P012021,INDIVIDUAL
BK004105,J000062,3536625318,2026-10-02,CONFIRMED,2,P012022,GROUP
BK004106,J000062,8712504515,2026-10-01,CONFIRMED,1,P012024,INDIVIDUAL
BK004107,J000062,9822666348,2026-09-30,CONFIRMED,2,P012025,FRIENDS
BK004108,J000062,9265880343,2026-09-29,CONFIRMED,2,P012027,FRIENDS
BK004109,J000062,8889457437,2026-09-28,CONFIRMED,2,P012029,GROUP
BK004110,J000062,8129923712,2026-09-27,CONFIRMED,4,P012031,FAMILY
BK004111,J000062,2792534360,2026-09-26,CONFIRMED,2,P012035,FRIENDS
BK004112,J000062,4665832951,2026-09-25,CONFIRMED,4,P012037,FAMILY
BK004113,J000062,1064444362,2026-09-24,CONFIRMED,1,P012041,INDIVIDUAL
BK004114,J000062,2942933248,2026-09-23,CONFIRMED,2,P012042,FAMILY
BK004115,J000062,7326444486,2026-09-22,CONFIRMED,1,P012044,INDIVIDUAL
BK004116,J000062,4476549566,2026-09-21,CONFIRMED,2,P012045,FRIENDS
BK004117,J000062,1190632353,2026-09-20,CONFIRMED,1,P012047,INDIVIDUAL
BK004118,J000062,2930605588,2026-09-19,CONFIRMED,2,P012048,FAMILY
BK004119,J000062,1389736915,2026-09-18,CONFIRMED,2,P012050,FRIENDS
BK004120,J000062,2798919450,2026-09-17,RAC,1,P012052,INDIVIDUAL
BK004121,J000062,8391205781,2026-09-16,CONFIRMED,2,P012053,GROUP
BK004122,J000062,3240867623,2026-09-15,CONFIRMED,2,P012055,FAMILY
BK004123,J000062,4249097592,2026-09-14,CONFIRMED,1,P012057,INDIVIDUAL
BK004124,J000062,7636140492,2026-09-13,CONFIRMED,3,P012058,GROUP
BK004125,J000062,5715788587,2026-09-12,WAITLISTED,4,P012061,FRIENDS
BK004126,J000062,1623406365,2026-09-11,CONFIRMED,3,P012065,FRIENDS
BK004127,J000062,6277332014,2026-09-10,CONFIRMED,4,P012068,GROUP
BK004128,J000062,1774330098,2026-09-09,CONFIRMED,4,P012072,FAMILY
BK004129,J000062,9332784662,2026-09-08,CONFIRMED,1,P012076,INDIVIDUAL
BK004130,J000062,5218536675,2026-09-07,CONFIRMED,2,P012077,FAMILY
BK004131,J000062,4725783602,2026-09-06,CONFIRMED,4,P012079,GROUP
BK004132,J000062,8341384563,2026-09-05,CONFIRMED,1,P012083,INDIVIDUAL
BK004133,J000062,1946548023,2026-09-04,CONFIRMED,4,P012084,FRIENDS
BK004134,J000062,3262048922,2026-09-03,CONFIRMED,1,P012088,INDIVIDUAL
BK004135,J000062,3382879141,2026-09-02,CONFIRMED,1,P012089,INDIVIDUAL
BK004136,J000062,7282888068,2026-09-01,CONFIRMED,1,P012090,INDIVIDUAL
BK004137,J000062,9645129028,2026-08-31,CONFIRMED,5,P012091,FAMILY
BK004138,J000062,1432843903,2026-08-30,CONFIRMED,4,P012096,FAMILY
BK004139,J000062,4393465447,2026-08-29,CONFIRMED,2,P012100,FRIENDS
BK004140,J000062,7227641975,2026-08-28,CONFIRMED,1,P012102,INDIVIDUAL
BK004141,J000062,2396206639,2026-08-27,CONFIRMED,3,P012103,FAMILY
BK004142,J000062,8306983187,2026-10-03,CONFIRMED,2,P012106,FAMILY
BK004143,J000062,5388082177,2026-10-02,CONFIRMED,6,P012108,FRIENDS
BK004144,J000062,7775756898,2026-10-01,CONFIRMED,2,P012114,FRIENDS
BK004145,J000062,3168319630,2026-09-30,CONFIRMED,4,P012116,FRIENDS
BK004146,J000062,2154130283,2026-09-29,CONFIRMED,2,P012120,FAMILY
BK004147,J000062,6484234194,2026-09-28,CONFIRMED,4,P012122,GROUP
BK004148,J000062,6751384761,2026-09-27,CONFIRMED,7,P012126,GROUP
BK004149,J000062,2540528456,2026-09-26,CONFIRMED,7,P012133,FAMILY
BK004150,J000062,4949174416,2026-09-25,CONFIRMED,1,P012140,INDIVIDUAL
BK004151,J000062,6351318650,2026-09-24,CONFIRMED,2,P012141,FRIENDS
BK004152,J000062,9260731912,2026-09-23,CONFIRMED,4,P012143,FAMILY
BK004153,J000062,7234826975,2026-09-22,CONFIRMED,1,P012147,INDIVIDUAL
BK004154,J000062,1824876227,2026-09-21,CONFIRMED,2,P012148,FAMILY
BK004155,J000063,2782875796,2026-09-23,CONFIRMED,1,P012150,INDIVIDUAL
BK004156,J000063,6934352289,2026-09-22,CONFIRMED,3,P012151,GROUP
BK004157,J000063,4280388312,2026-09-21,CONFIRMED,2,P012154,GROUP
BK004158,J000063,9774003012,2026-09-20,WAITLISTED,4,P012156,FAMILY
BK004159,J000063,4197163284,2026-09-19,CONFIRMED,3,P012160,FAMILY
BK004160,J000063,6150175832,2026-09-18,RAC,6,P012163,FAMILY
BK004161,J000063,7489313232,2026-09-17,CONFIRMED,2,P012169,GROUP
BK004162,J000063,5169000661,2026-09-16,CONFIRMED,4,P012171,FAMILY
BK004163,J000063,6955077656,2026-09-15,CONFIRMED,4,P012175,GROUP
BK004164,J000063,4046068324,2026-09-14,CONFIRMED,2,P012179,FRIENDS
BK004165,J000063,9215125686,2026-09-13,CONFIRMED,4,P012181,FRIENDS
BK004166,J000063,1230644284,2026-09-12,CONFIRMED,4,P012185,FAMILY
BK004167,J000063,4781645293,2026-09-11,CONFIRMED,2,P012189,FRIENDS
BK004168,J000063,8219428820,2026-09-10,CONFIRMED,4,P012191,FAMILY
BK004169,J000063,2973504616,2026-09-09,CONFIRMED,4,P012195,FRIENDS
BK004170,J000063,7233254486,2026-09-08,CONFIRMED,2,P012199,FAMILY
BK004171,J000063,9322952972,2026-09-07,CONFIRMED,2,P012201,FRIENDS
BK004172,J000063,4830402853,2026-09-06,CONFIRMED,4,P012203,FAMILY
BK004173,J000063,3260880267,2026-09-05,CONFIRMED,3,P012207,FAMILY
BK004174,J000063,4992999845,2026-09-04,CONFIRMED,4,P012210,FAMILY
BK004175,J000063,4859398348,2026-09-03,CONFIRMED,8,P012214,GROUP
BK004176,J000063,5822576479,2026-09-02,CONFIRMED,2,P012222,FRIENDS
BK004177,J000063,6250119932,2026-09-01,CONFIRMED,7,P012224,FAMILY
BK004178,J000063,6072595276,2026-08-31,CONFIRMED,4,P012231,FAMILY
BK004179,J000063,4811143099,2026-08-30,CONFIRMED,4,P012235,GROUP
BK004180,J000063,6635646998,2026-10-06,CONFIRMED,4,P012239,CAREGIVER_COMPANION
BK004181,J000063,5141768383,2026-10-05,CONFIRMED,1,P012243,INDIVIDUAL
BK004182,J000063,6676101511,2026-10-04,CONFIRMED,8,P012244,FAMILY
BK004183,J000063,6701773314,2026-10-03,CONFIRMED,2,P012252,FRIENDS
BK004184,J000063,9248177526,2026-10-02,CONFIRMED,1,P012254,INDIVIDUAL
BK004185,J000063,3428227129,2026-10-01,CONFIRMED,1,P012255,INDIVIDUAL
BK004186,J000063,4860089394,2026-09-30,CONFIRMED,4,P012256,FAMILY
BK004187,J000063,5261609326,2026-09-29,CONFIRMED,2,P012260,FRIENDS
BK004188,J000063,7574401792,2026-09-28,CONFIRMED,4,P012262,FAMILY
BK004189,J000063,6637865590,2026-09-27,CONFIRMED,6,P012266,GROUP
BK004190,J000063,2092536962,2026-09-26,CONFIRMED,1,P012272,INDIVIDUAL
BK004191,J000063,5366116500,2026-09-25,WAITLISTED,1,P012273,INDIVIDUAL
BK004192,J000063,5238049146,2026-09-24,CONFIRMED,2,P012274,FRIENDS
BK004193,J000063,7089363024,2026-09-23,CONFIRMED,5,P012276,FAMILY
BK004194,J000063,4948024850,2026-09-22,CONFIRMED,1,P012281,INDIVIDUAL
BK004195,J000063,8311037339,2026-09-21,CONFIRMED,3,P012282,FAMILY
BK004196,J000063,3923635611,2026-09-20,CONFIRMED,3,P012285,GROUP
BK004197,J000063,8664229711,2026-09-19,CONFIRMED,4,P012288,FRIENDS
BK004198,J000063,7897529681,2026-09-18,CONFIRMED,4,P012292,FAMILY
BK004199,J000063,2266692697,2026-09-17,CONFIRMED,3,P012296,FAMILY
BK004200,J000063,4417672039,2026-09-16,CANCELLED,1,P012299,INDIVIDUAL
BK004201,J000063,1179142175,2026-09-15,CONFIRMED,1,P012300,INDIVIDUAL
BK004202,J000063,7884240798,2026-09-14,CONFIRMED,3,P012301,FRIENDS
BK004203,J000063,1223300033,2026-09-13,CONFIRMED,1,P012304,INDIVIDUAL
BK004204,J000063,1758150047,2026-09-12,CONFIRMED,1,P012305,INDIVIDUAL
BK004205,J000063,5537537601,2026-09-11,CONFIRMED,2,P012306,GROUP
BK004206,J000063,6466108004,2026-09-10,CONFIRMED,1,P012308,INDIVIDUAL
BK004207,J000063,5461471461,2026-09-09,CONFIRMED,5,P012309,FAMILY
BK004208,J000063,6369756632,2026-09-08,CONFIRMED,1,P012314,INDIVIDUAL
BK004209,J000063,2943676999,2026-09-07,CONFIRMED,1,P012315,INDIVIDUAL
BK004210,J000063,3619742518,2026-09-06,CONFIRMED,5,P012316,GROUP
BK004211,J000063,5004484407,2026-09-05,CONFIRMED,3,P012321,FAMILY
BK004212,J000063,7215356169,2026-09-04,CONFIRMED,2,P012324,FRIENDS
BK004213,J000063,7999856365,2026-09-03,CONFIRMED,8,P012326,FRIENDS
BK004214,J000063,3914831685,2026-09-02,CONFIRMED,1,P012334,INDIVIDUAL
BK004215,J000063,3637176861,2026-09-01,CONFIRMED,2,P012335,FRIENDS
BK004216,J000063,4392248767,2026-08-31,CONFIRMED,1,P012337,INDIVIDUAL
BK004217,J000063,9781281057,2026-08-30,CONFIRMED,2,P012338,GROUP
BK004218,J000063,9076104608,2026-10-06,CONFIRMED,6,P012340,CAREGIVER_COMPANION
BK004219,J000063,3625244231,2026-10-05,CONFIRMED,6,P012346,FRIENDS
BK004220,J000063,4223354954,2026-10-04,CONFIRMED,5,P012352,FRIENDS
BK004221,J000063,7953101067,2026-10-03,CONFIRMED,2,P012357,GROUP
BK004222,J000064,8075601400,2026-10-06,CONFIRMED,3,P012359,FRIENDS
BK004223,J000064,3493868985,2026-10-05,CONFIRMED,2,P012362,FRIENDS
BK004224,J000064,9865083171,2026-10-04,WAITLISTED,2,P012364,FRIENDS
BK004225,J000064,1993135361,2026-10-03,CONFIRMED,2,P012366,GROUP
BK004226,J000064,3483474966,2026-10-02,CONFIRMED,4,P012368,FAMILY
BK004227,J000064,2552791072,2026-10-01,CONFIRMED,7,P012372,FAMILY
BK004228,J000064,4094261910,2026-09-30,CONFIRMED,6,P012379,FAMILY
BK004229,J000064,6215648360,2026-09-29,CONFIRMED,1,P012385,INDIVIDUAL
BK004230,J000064,7862583511,2026-09-28,CONFIRMED,6,P012386,FAMILY
BK004231,J000064,8624368924,2026-09-27,CONFIRMED,4,P012392,GROUP
BK004232,J000064,8867092515,2026-09-26,CONFIRMED,2,P012396,FRIENDS
BK004233,J000064,8495675399,2026-09-25,CONFIRMED,2,P012398,GROUP
BK004234,J000064,1495828217,2026-09-24,CONFIRMED,2,P012400,FAMILY
BK004235,J000064,5076089141,2026-09-23,CONFIRMED,1,P012402,INDIVIDUAL
BK004236,J000064,9836705498,2026-09-22,CONFIRMED,1,P012403,INDIVIDUAL
BK004237,J000064,1799473470,2026-09-21,CONFIRMED,4,P012404,CAREGIVER_COMPANION
BK004238,J000064,8475062115,2026-09-20,CONFIRMED,4,P012408,FAMILY
BK004239,J000064,1553218048,2026-09-19,CONFIRMED,4,P012412,GROUP
BK004240,J000064,5893686660,2026-09-18,RAC,1,P012416,INDIVIDUAL
BK004241,J000064,9849992049,2026-09-17,CONFIRMED,1,P012417,INDIVIDUAL
BK004242,J000064,5076004533,2026-09-16,CONFIRMED,1,P012418,INDIVIDUAL
BK004243,J000064,9736745926,2026-09-15,CONFIRMED,2,P012419,FRIENDS
BK004244,J000064,5080810623,2026-09-14,CONFIRMED,4,P012421,FAMILY
BK004245,J000064,2938199836,2026-09-13,CONFIRMED,4,P012425,FRIENDS
BK004246,J000064,5138914374,2026-09-12,CONFIRMED,4,P012429,FAMILY
BK004247,J000064,1020899962,2026-09-11,CONFIRMED,2,P012433,FRIENDS
BK004248,J000064,1367449054,2026-09-10,CONFIRMED,8,P012435,FAMILY
BK004249,J000064,8510587233,2026-09-09,CONFIRMED,1,P012443,INDIVIDUAL
BK004250,J000064,2896783646,2026-09-08,CONFIRMED,1,P012444,INDIVIDUAL
BK004251,J000064,3299554618,2026-09-07,CONFIRMED,4,P012445,GROUP
BK004252,J000064,8821937539,2026-09-06,CONFIRMED,4,P012449,FAMILY
BK004253,J000064,1928219536,2026-09-05,CONFIRMED,3,P012453,FAMILY
BK004254,J000064,6584053258,2026-09-04,CONFIRMED,3,P012456,FRIENDS
BK004255,J000064,7465213443,2026-09-03,CONFIRMED,8,P012459,GROUP
BK004256,J000064,2555115650,2026-10-10,CONFIRMED,3,P012467,GROUP
BK004257,J000064,9148693568,2026-10-09,WAITLISTED,4,P012470,FRIENDS
BK004258,J000064,8609645795,2026-10-08,CONFIRMED,2,P012474,FAMILY
BK004259,J000064,2726180879,2026-10-07,CONFIRMED,2,P012476,FRIENDS
BK004260,J000064,9262697585,2026-10-06,CONFIRMED,1,P012478,INDIVIDUAL
BK004261,J000064,1800223154,2026-10-05,CONFIRMED,2,P012479,GROUP
BK004262,J000064,4601129703,2026-10-04,CONFIRMED,1,P012481,INDIVIDUAL
BK004263,J000064,6740851174,2026-10-03,CONFIRMED,3,P012482,FAMILY
BK004264,J000064,9023541099,2026-10-02,CONFIRMED,3,P012485,GROUP
BK004265,J000064,9705625342,2026-10-01,CONFIRMED,2,P012488,GROUP
BK004266,J000064,8783904987,2026-09-30,CONFIRMED,1,P012490,INDIVIDUAL
BK004267,J000064,7525753323,2026-09-29,CONFIRMED,3,P012491,FAMILY
BK004268,J000064,2633414169,2026-09-28,CONFIRMED,2,P012494,FRIENDS
BK004269,J000064,8202388259,2026-09-27,CONFIRMED,3,P012496,FAMILY
BK004270,J000064,8148775096,2026-09-26,CONFIRMED,1,P012499,INDIVIDUAL
BK004271,J000064,8986202788,2026-09-25,CONFIRMED,1,P012500,INDIVIDUAL
BK004272,J000064,4978608091,2026-09-24,CONFIRMED,3,P012501,GROUP
BK004273,J000064,7983066437,2026-09-23,CONFIRMED,3,P012504,FAMILY
BK004274,J000064,3433664548,2026-09-22,CONFIRMED,1,P012507,INDIVIDUAL
BK004275,J000064,2384256735,2026-09-21,CONFIRMED,2,P012508,FRIENDS
BK004276,J000064,9597206698,2026-09-20,CONFIRMED,4,P012510,FAMILY
BK004277,J000064,8797153053,2026-09-19,CONFIRMED,2,P012514,GROUP
BK004278,J000064,5069809351,2026-09-18,CONFIRMED,1,P012516,INDIVIDUAL
BK004279,J000064,2095513727,2026-09-17,CONFIRMED,1,P012517,INDIVIDUAL
BK004280,J000064,2368737573,2026-09-16,RAC,7,P012518,GROUP
BK004281,J000064,4881561628,2026-09-15,CONFIRMED,2,P012525,GROUP
BK004282,J000064,1546915268,2026-09-14,CONFIRMED,2,P012527,FAMILY
BK004283,J000064,7292911474,2026-09-13,CONFIRMED,1,P012529,INDIVIDUAL
BK004284,J000064,9164069973,2026-09-12,CONFIRMED,1,P012530,INDIVIDUAL
BK004285,J000064,3303091129,2026-09-11,CONFIRMED,1,P012531,INDIVIDUAL
BK004286,J000064,4391088961,2026-09-10,CONFIRMED,1,P012532,INDIVIDUAL
BK004287,J000064,7935551487,2026-09-09,CONFIRMED,3,P012533,FAMILY
BK004288,J000064,1330770281,2026-09-08,CONFIRMED,2,P012536,FRIENDS
BK004289,J000065,8382892145,2026-09-10,CONFIRMED,1,P012538,INDIVIDUAL
BK004290,J000065,7700601268,2026-09-09,WAITLISTED,4,P012539,FAMILY
BK004291,J000065,9830819535,2026-09-08,CONFIRMED,2,P012543,FRIENDS
BK004292,J000065,4369820001,2026-09-07,CONFIRMED,2,P012545,FRIENDS
BK004293,J000065,7812613215,2026-09-06,CONFIRMED,1,P012547,INDIVIDUAL
BK004294,J000065,8799584251,2026-10-13,CONFIRMED,4,P012548,CAREGIVER_COMPANION
BK004295,J000065,7451751295,2026-10-12,CONFIRMED,1,P012552,INDIVIDUAL
BK004296,J000065,5016646155,2026-10-11,CONFIRMED,2,P012553,FRIENDS
BK004297,J000065,7674463656,2026-10-10,CONFIRMED,5,P012555,FAMILY
BK004298,J000065,9117925846,2026-10-09,CONFIRMED,1,P012560,INDIVIDUAL
BK004299,J000065,5189361197,2026-10-08,CONFIRMED,2,P012561,FRIENDS
BK004300,J000065,6087742088,2026-10-07,CANCELLED,2,P012563,FRIENDS
BK004301,J000065,3258512512,2026-10-06,CONFIRMED,2,P012565,GROUP
BK004302,J000065,8737550873,2026-10-05,CONFIRMED,2,P012567,FAMILY
BK004303,J000065,2287236630,2026-10-04,CONFIRMED,4,P012569,GROUP
BK004304,J000065,8881997871,2026-10-03,CONFIRMED,1,P012573,INDIVIDUAL
BK004305,J000065,1083902039,2026-10-02,CONFIRMED,4,P012574,FRIENDS
BK004306,J000065,8042954753,2026-10-01,CONFIRMED,2,P012578,FAMILY
BK004307,J000065,5083950991,2026-09-30,CONFIRMED,4,P012580,GROUP
BK004308,J000065,9582348807,2026-09-29,CONFIRMED,2,P012584,FRIENDS
BK004309,J000065,5360715005,2026-09-28,CONFIRMED,2,P012586,GROUP
BK004310,J000065,5570462338,2026-09-27,CONFIRMED,4,P012588,FAMILY
BK004311,J000065,9161077524,2026-09-26,CONFIRMED,4,P012592,GROUP
BK004312,J000065,2661412654,2026-09-25,CONFIRMED,4,P012596,FAMILY
BK004313,J000065,8688789634,2026-09-24,CONFIRMED,2,P012600,GROUP
BK004314,J000065,8148652035,2026-09-23,CONFIRMED,4,P012602,FAMILY
BK004315,J000065,8873568368,2026-09-22,CONFIRMED,5,P012606,FAMILY
BK004316,J000065,5236724872,2026-09-21,CONFIRMED,4,P012611,FAMILY
BK004317,J000065,4222541775,2026-09-20,CONFIRMED,6,P012615,GROUP
BK004318,J000065,3207122563,2026-09-19,CONFIRMED,1,P012621,INDIVIDUAL
BK004319,J000065,6694890221,2026-09-18,CONFIRMED,1,P012622,INDIVIDUAL
BK004320,J000065,1520086738,2026-09-17,RAC,1,P012623,INDIVIDUAL
BK004321,J000065,8200912323,2026-09-16,CONFIRMED,1,P012624,INDIVIDUAL
BK004322,J000065,6764587421,2026-09-15,CONFIRMED,2,P012625,FAMILY
BK004323,J000065,7710694334,2026-09-14,WAITLISTED,2,P012627,FRIENDS
BK004324,J000065,9769069006,2026-09-13,CONFIRMED,6,P012629,FAMILY
BK004325,J000065,1613259795,2026-09-12,CONFIRMED,6,P012635,GROUP
BK004326,J000065,3885825002,2026-09-11,CONFIRMED,1,P012641,INDIVIDUAL
BK004327,J000065,9441362818,2026-09-10,CONFIRMED,2,P012642,FRIENDS
BK004328,J000065,5017393970,2026-09-09,CONFIRMED,1,P012644,INDIVIDUAL
BK004329,J000065,9881727512,2026-09-08,CONFIRMED,4,P012645,FRIENDS
BK004330,J000065,9423190081,2026-09-07,CONFIRMED,2,P012649,FAMILY
BK004331,J000065,8065240316,2026-09-06,CONFIRMED,3,P012651,FAMILY
BK004332,J000065,9370527980,2026-10-13,CONFIRMED,3,P012654,GROUP
BK004333,J000065,2521240690,2026-10-12,CONFIRMED,5,P012657,FAMILY
BK004334,J000065,2172370359,2026-10-11,CONFIRMED,5,P012662,GROUP
BK004335,J000065,7817915739,2026-10-10,CONFIRMED,4,P012667,GROUP
BK004336,J000065,3222102186,2026-10-09,CONFIRMED,4,P012671,FAMILY
BK004337,J000065,3953787642,2026-10-08,CONFIRMED,1,P012675,INDIVIDUAL
BK004338,J000065,3642781564,2026-10-07,CONFIRMED,6,P012676,FAMILY
BK004339,J000065,8431575072,2026-10-06,CONFIRMED,6,P012682,FRIENDS
BK004340,J000065,3074471032,2026-10-05,CONFIRMED,2,P012688,FRIENDS
BK004341,J000065,9468648817,2026-10-04,CONFIRMED,2,P012690,GROUP
BK004342,J000065,9212318083,2026-10-03,CONFIRMED,1,P012692,INDIVIDUAL
BK004343,J000065,2121559349,2026-10-02,CONFIRMED,4,P012693,GROUP
BK004344,J000065,7120370118,2026-10-01,CONFIRMED,1,P012697,INDIVIDUAL
BK004345,J000065,8543143949,2026-09-30,CONFIRMED,2,P012698,GROUP
BK004346,J000065,6188560740,2026-09-29,CONFIRMED,4,P012700,FAMILY
BK004347,J000065,9184350475,2026-09-28,CONFIRMED,2,P012704,FRIENDS
BK004348,J000065,6219341234,2026-09-27,CONFIRMED,3,P012706,GROUP
BK004349,J000065,7519453277,2026-09-26,CONFIRMED,1,P012709,INDIVIDUAL
BK004350,J000065,4197958227,2026-09-25,CONFIRMED,1,P012710,INDIVIDUAL
BK004351,J000065,8407950949,2026-09-24,CONFIRMED,8,P012711,CAREGIVER_COMPANION
BK004352,J000065,8730045665,2026-09-23,CONFIRMED,3,P012719,GROUP
BK004353,J000065,7286234213,2026-09-22,CONFIRMED,1,P012722,INDIVIDUAL
BK004354,J000065,9627637168,2026-09-21,CONFIRMED,5,P012723,GROUP
BK004355,J000065,3212340184,2026-09-20,CONFIRMED,4,P012728,GROUP
BK004356,J000066,3070508502,2026-09-23,WAITLISTED,6,P012732,FAMILY
BK004357,J000066,7189833445,2026-09-22,CONFIRMED,2,P012738,GROUP
BK004358,J000066,8215043667,2026-09-21,CONFIRMED,2,P012740,FAMILY
BK004359,J000066,6354185743,2026-09-20,CONFIRMED,2,P012742,FRIENDS
BK004360,J000066,1079423676,2026-09-19,RAC,5,P012744,FRIENDS
BK004361,J000066,9880703996,2026-09-18,CONFIRMED,1,P012749,INDIVIDUAL
BK004362,J000066,2792554260,2026-09-17,CONFIRMED,1,P012750,INDIVIDUAL
BK004363,J000066,2689774792,2026-09-16,CONFIRMED,3,P012751,FAMILY
BK004364,J000066,4986431212,2026-09-15,CONFIRMED,3,P012754,GROUP
BK004365,J000066,6311237044,2026-09-14,CONFIRMED,2,P012757,GROUP
BK004366,J000066,3165066968,2026-09-13,CONFIRMED,3,P012759,FRIENDS
BK004367,J000066,3900062900,2026-09-12,CONFIRMED,1,P012762,INDIVIDUAL
BK004368,J000066,8137364270,2026-09-11,CONFIRMED,8,P012763,FAMILY
BK004369,J000066,2630355856,2026-09-10,CONFIRMED,3,P012771,FAMILY
BK004370,J000066,4582654493,2026-10-17,CONFIRMED,5,P012774,CAREGIVER_COMPANION
BK004371,J000066,7772437988,2026-10-16,CONFIRMED,3,P012779,FAMILY
BK004372,J000066,6807855997,2026-10-15,CONFIRMED,3,P012782,GROUP
BK004373,J000066,3734131182,2026-10-14,CONFIRMED,4,P012785,FRIENDS
BK004374,J000066,1840307568,2026-10-13,CONFIRMED,3,P012789,FRIENDS
BK004375,J000066,3939269815,2026-10-12,CONFIRMED,2,P012792,FRIENDS
BK004376,J000066,1517159709,2026-10-11,CONFIRMED,5,P012794,FRIENDS
BK004377,J000066,8118769849,2026-10-10,CONFIRMED,3,P012799,FAMILY
BK004378,J000066,9981738879,2026-10-09,CONFIRMED,1,P012802,INDIVIDUAL
BK004379,J000066,1987457518,2026-10-08,CONFIRMED,1,P012803,INDIVIDUAL
BK004380,J000066,7537836664,2026-10-07,CONFIRMED,1,P012804,INDIVIDUAL
BK004381,J000066,7951745035,2026-10-06,CONFIRMED,8,P012805,FRIENDS
BK004382,J000066,5512939246,2026-10-05,CONFIRMED,1,P012813,INDIVIDUAL
BK004383,J000066,7416510534,2026-10-04,CONFIRMED,4,P012814,GROUP
BK004384,J000066,3233144581,2026-10-03,CONFIRMED,6,P012818,FAMILY
BK004385,J000066,2936114356,2026-10-02,CONFIRMED,2,P012824,GROUP
BK004386,J000066,8382793681,2026-10-01,CONFIRMED,2,P012826,FAMILY
BK004387,J000066,9708426594,2026-09-30,CONFIRMED,1,P012828,INDIVIDUAL
BK004388,J000066,4115398176,2026-09-29,CONFIRMED,2,P012829,FRIENDS
BK004389,J000066,5471121039,2026-09-28,WAITLISTED,4,P012831,CAREGIVER_COMPANION
BK004390,J000066,1059687455,2026-09-27,CONFIRMED,1,P012835,INDIVIDUAL
BK004391,J000066,8726298945,2026-09-26,CONFIRMED,2,P012836,FRIENDS
BK004392,J000066,2142474561,2026-09-25,CONFIRMED,7,P012838,GROUP
BK004393,J000066,2109288094,2026-09-24,CONFIRMED,8,P012845,FRIENDS
BK004394,J000066,8806965013,2026-09-23,CONFIRMED,4,P012853,FAMILY
BK004395,J000066,4157675060,2026-09-22,CONFIRMED,1,P012857,INDIVIDUAL
BK004396,J000066,2938831800,2026-09-21,CONFIRMED,2,P012858,FRIENDS
BK004397,J000066,8558353407,2026-09-20,CONFIRMED,1,P012860,INDIVIDUAL
BK004398,J000066,8072292524,2026-09-19,CONFIRMED,1,P012861,INDIVIDUAL
BK004399,J000066,3046885562,2026-09-18,CONFIRMED,4,P012862,GROUP
BK004400,J000066,8997562111,2026-09-17,CANCELLED,4,P012866,FAMILY
BK004401,J000066,7263966433,2026-09-16,CONFIRMED,7,P012870,FAMILY
BK004402,J000066,9726971676,2026-09-15,CONFIRMED,2,P012877,FAMILY
BK004403,J000066,2988007447,2026-09-14,CONFIRMED,8,P012879,GROUP
BK004404,J000066,4461181605,2026-09-13,CONFIRMED,3,P012887,GROUP
BK004405,J000066,8036757606,2026-09-12,CONFIRMED,1,P012890,INDIVIDUAL
BK004406,J000066,8855591888,2026-09-11,CONFIRMED,3,P012891,FRIENDS
BK004407,J000066,2206571006,2026-09-10,CONFIRMED,2,P012894,FRIENDS
BK004408,J000066,6754431042,2026-10-17,CONFIRMED,1,P012896,INDIVIDUAL
BK004409,J000066,9506661022,2026-10-16,CONFIRMED,6,P012897,GROUP
BK004410,J000066,5106283396,2026-10-15,CONFIRMED,1,P012903,INDIVIDUAL
BK004411,J000066,7813176998,2026-10-14,CONFIRMED,3,P012904,FAMILY
BK004412,J000066,2025366117,2026-10-13,CONFIRMED,4,P012907,FAMILY
BK004413,J000066,5528979481,2026-10-12,CONFIRMED,4,P012911,FRIENDS
BK004414,J000066,5619653400,2026-10-11,CONFIRMED,3,P012915,FRIENDS
BK004415,J000066,5266515919,2026-10-10,CONFIRMED,3,P012918,FAMILY
BK004416,J000066,5314211082,2026-10-09,CONFIRMED,2,P012921,FRIENDS
BK004417,J000066,1480022402,2026-10-08,CONFIRMED,2,P012923,GROUP
BK004418,J000066,1095023525,2026-10-07,CONFIRMED,2,P012925,FAMILY
BK004419,J000066,5352238949,2026-10-06,CONFIRMED,4,P012927,GROUP
BK004420,J000066,4740359744,2026-10-05,CONFIRMED,6,P012931,FAMILY
BK004421,J000066,9925249376,2026-10-04,CONFIRMED,6,P012937,GROUP
BK004422,J000066,6147289266,2026-10-03,WAITLISTED,5,P012943,GROUP
BK004423,J000067,3585580543,2026-09-13,CONFIRMED,1,P012948,INDIVIDUAL
BK004424,J000067,3076179935,2026-09-12,CONFIRMED,5,P012949,FRIENDS
BK004425,J000067,4422347569,2026-09-11,CONFIRMED,2,P012954,GROUP
BK004426,J000067,7400649741,2026-09-10,CONFIRMED,1,P012956,INDIVIDUAL
BK004427,J000067,8904249731,2026-09-09,CONFIRMED,6,P012957,CAREGIVER_COMPANION
BK004428,J000067,5434688161,2026-09-08,CONFIRMED,2,P012963,FRIENDS
BK004429,J000067,1485396482,2026-09-07,CONFIRMED,2,P012965,GROUP
BK004430,J000067,5064141643,2026-09-06,CONFIRMED,3,P012967,FRIENDS
BK004431,J000067,4335241596,2026-09-05,CONFIRMED,2,P012970,FRIENDS
BK004432,J000067,6615709838,2026-09-04,CONFIRMED,4,P012972,FAMILY
BK004433,J000067,1527264139,2026-09-03,CONFIRMED,2,P012976,GROUP
BK004434,J000067,6682647992,2026-09-02,CONFIRMED,8,P012978,FAMILY
BK004435,J000067,6895393028,2026-09-01,CONFIRMED,4,P012986,GROUP
BK004436,J000067,6651769111,2026-08-31,CONFIRMED,1,P012990,INDIVIDUAL
BK004437,J000067,6228088775,2026-08-30,CONFIRMED,2,P012991,GROUP
BK004438,J000067,7728383179,2026-08-29,CONFIRMED,5,P012993,GROUP
BK004439,J000067,4096322729,2026-08-28,CONFIRMED,5,P012998,FAMILY
BK004440,J000067,2121597976,2026-08-27,RAC,4,P013003,FAMILY
BK004441,J000067,6333557924,2026-08-26,CONFIRMED,5,P013007,FAMILY
BK004442,J000067,6000159189,2026-08-25,CONFIRMED,8,P013012,FAMILY
BK004443,J000067,1119184343,2026-08-24,CONFIRMED,2,P013020,FRIENDS
BK004444,J000067,8016520066,2026-08-23,CONFIRMED,2,P013022,FRIENDS
BK004445,J000067,3559519217,2026-08-22,CONFIRMED,1,P013024,INDIVIDUAL
BK004446,J000067,4895345229,2026-09-28,CONFIRMED,1,P013025,INDIVIDUAL
BK004447,J000067,7737831240,2026-09-27,CONFIRMED,6,P013026,FRIENDS
BK004448,J000067,7907206469,2026-09-26,CONFIRMED,3,P013032,GROUP
BK004449,J000067,7923974791,2026-09-25,CONFIRMED,3,P013035,FAMILY
BK004450,J000067,1716468254,2026-09-24,CONFIRMED,3,P013038,FRIENDS
BK004451,J000067,1850393958,2026-09-23,CONFIRMED,2,P013041,FRIENDS
BK004452,J000067,8329272805,2026-09-22,CONFIRMED,1,P013043,INDIVIDUAL
BK004453,J000067,5840408942,2026-09-21,CONFIRMED,2,P013044,GROUP
BK004454,J000067,7534065970,2026-09-20,CONFIRMED,2,P013046,FAMILY
BK004455,J000067,3158692469,2026-09-19,WAITLISTED,4,P013048,GROUP
BK004456,J000067,2206368641,2026-09-18,CONFIRMED,2,P013052,FRIENDS
BK004457,J000067,3114693611,2026-09-17,CONFIRMED,1,P013054,INDIVIDUAL
BK004458,J000067,1727623652,2026-09-16,CONFIRMED,3,P013055,FRIENDS
BK004459,J000067,4143442727,2026-09-15,CONFIRMED,4,P013058,GROUP
BK004460,J000067,3481020284,2026-09-14,CONFIRMED,1,P013062,INDIVIDUAL
BK004461,J000067,9862372202,2026-09-13,CONFIRMED,1,P013063,INDIVIDUAL
BK004462,J000067,4354714087,2026-09-12,CONFIRMED,2,P013064,FAMILY
BK004463,J000067,7518970951,2026-09-11,CONFIRMED,3,P013066,FAMILY
BK004464,J000067,8132939568,2026-09-10,CONFIRMED,4,P013069,FAMILY
BK004465,J000067,6625367890,2026-09-09,CONFIRMED,2,P013073,GROUP
BK004466,J000067,8116360250,2026-09-08,CONFIRMED,2,P013075,FAMILY
BK004467,J000067,7630726271,2026-09-07,CONFIRMED,4,P013077,GROUP
BK004468,J000067,5820625880,2026-09-06,CONFIRMED,6,P013081,FAMILY
BK004469,J000067,4172148459,2026-09-05,CONFIRMED,4,P013087,FRIENDS
BK004470,J000067,4972064001,2026-09-04,CONFIRMED,2,P013091,FAMILY
BK004471,J000067,4529191264,2026-09-03,CONFIRMED,1,P013093,INDIVIDUAL
BK004472,J000067,1766378476,2026-09-02,CONFIRMED,4,P013094,FAMILY
BK004473,J000067,3677369040,2026-09-01,CONFIRMED,6,P013098,GROUP
BK004474,J000067,8913175581,2026-08-31,CONFIRMED,2,P013104,FAMILY
BK004475,J000067,1276425358,2026-08-30,CONFIRMED,2,P013106,FRIENDS
BK004476,J000067,5675748757,2026-08-29,CONFIRMED,4,P013108,FAMILY
BK004477,J000067,8340941736,2026-08-28,CONFIRMED,4,P013112,FRIENDS
BK004478,J000067,9788055469,2026-08-27,CONFIRMED,3,P013116,FRIENDS
BK004479,J000067,8273680310,2026-08-26,CONFIRMED,6,P013119,FRIENDS
BK004480,J000067,2492075950,2026-08-25,RAC,2,P013125,FRIENDS
BK004481,J000067,2809364796,2026-08-24,CONFIRMED,1,P013127,INDIVIDUAL
BK004482,J000067,3656746888,2026-08-23,CONFIRMED,1,P013128,INDIVIDUAL
BK004483,J000067,4970820154,2026-08-22,CONFIRMED,2,P013129,FRIENDS
BK004484,J000067,9393859367,2026-09-28,CONFIRMED,1,P013131,INDIVIDUAL
BK004485,J000067,1633787913,2026-09-27,CONFIRMED,5,P013132,FAMILY
BK004486,J000067,6562787643,2026-09-26,CONFIRMED,1,P013137,INDIVIDUAL
BK004487,J000067,6515349535,2026-09-25,CONFIRMED,3,P013138,FAMILY
BK004488,J000067,1699368764,2026-09-24,WAITLISTED,4,P013141,FAMILY
BK004489,J000067,2509870078,2026-09-23,CONFIRMED,4,P013145,FRIENDS
BK004490,J000068,9568771790,2026-09-25,CONFIRMED,2,P013149,FAMILY
BK004491,J000068,5533935007,2026-09-24,CONFIRMED,4,P013151,GROUP
BK004492,J000068,9310588545,2026-09-23,CONFIRMED,3,P013155,GROUP
BK004493,J000068,7919536225,2026-09-22,CONFIRMED,4,P013158,FRIENDS
BK004494,J000068,6238821108,2026-09-21,CONFIRMED,1,P013162,INDIVIDUAL
BK004495,J000068,2615145618,2026-09-20,CONFIRMED,2,P013163,FRIENDS
BK004496,J000068,2290559536,2026-09-19,CONFIRMED,1,P013165,INDIVIDUAL
BK004497,J000068,5242508816,2026-09-18,CONFIRMED,1,P013166,INDIVIDUAL
BK004498,J000068,3064214275,2026-09-17,CONFIRMED,4,P013167,FAMILY
BK004499,J000068,8480543154,2026-09-16,CONFIRMED,2,P013171,FRIENDS
BK004500,J000068,6779318481,2026-09-15,CANCELLED,5,P013173,FRIENDS
BK004501,J000068,2141065766,2026-09-14,CONFIRMED,4,P013178,FRIENDS
BK004502,J000068,8417833313,2026-09-13,CONFIRMED,2,P013182,FAMILY
BK004503,J000068,4264484659,2026-09-12,CONFIRMED,3,P013184,FAMILY
BK004504,J000068,2116839639,2026-09-11,CONFIRMED,2,P013187,FRIENDS
BK004505,J000068,3429669204,2026-09-10,CONFIRMED,5,P013189,FAMILY
BK004506,J000068,1252204994,2026-09-09,CONFIRMED,1,P013194,INDIVIDUAL
BK004507,J000068,7153030220,2026-09-08,CONFIRMED,5,P013195,FAMILY
BK004508,J000068,6886748534,2026-09-07,CONFIRMED,4,P013200,FAMILY
BK004509,J000068,9211300031,2026-09-06,CONFIRMED,2,P013204,GROUP
BK004510,J000068,8955764289,2026-09-05,CONFIRMED,2,P013206,FAMILY
BK004511,J000068,4954373316,2026-09-04,CONFIRMED,3,P013208,FAMILY
BK004512,J000068,9759542005,2026-09-03,CONFIRMED,5,P013211,FRIENDS
BK004513,J000068,4881255480,2026-09-02,CONFIRMED,1,P013216,INDIVIDUAL
BK004514,J000068,1767200431,2026-09-01,CONFIRMED,6,P013217,FAMILY
BK004515,J000068,9572651583,2026-08-31,CONFIRMED,2,P013223,FRIENDS
BK004516,J000068,7115053424,2026-08-30,CONFIRMED,1,P013225,INDIVIDUAL
BK004517,J000068,3294668809,2026-08-29,CONFIRMED,4,P013226,FRIENDS
BK004518,J000068,4991673896,2026-08-28,CONFIRMED,5,P013230,GROUP
BK004519,J000068,9769679642,2026-08-27,CONFIRMED,1,P013235,INDIVIDUAL
BK004520,J000068,4311959369,2026-08-26,RAC,1,P013236,INDIVIDUAL
BK004521,J000068,1432963898,2026-08-25,WAITLISTED,2,P013237,GROUP
BK004522,J000068,4678478951,2026-10-01,CONFIRMED,6,P013239,CAREGIVER_COMPANION
BK004523,J000068,7039154938,2026-09-30,CONFIRMED,3,P013245,FAMILY
BK004524,J000068,5991536072,2026-09-29,CONFIRMED,4,P013248,FAMILY
BK004525,J000068,6674608768,2026-09-28,CONFIRMED,2,P013252,GROUP
BK004526,J000068,2416343799,2026-09-27,CONFIRMED,2,P013254,FAMILY
BK004527,J000068,2327871808,2026-09-26,CONFIRMED,4,P013256,GROUP
BK004528,J000068,3518651240,2026-09-25,CONFIRMED,1,P013260,INDIVIDUAL
BK004529,J000068,3168012425,2026-09-24,CONFIRMED,7,P013261,FAMILY
BK004530,J000068,2959532836,2026-09-23,CONFIRMED,3,P013268,FRIENDS
BK004531,J000068,1492961268,2026-09-22,CONFIRMED,4,P013271,GROUP
BK004532,J000068,9765175376,2026-09-21,CONFIRMED,2,P013275,FRIENDS
BK004533,J000068,5917103146,2026-09-20,CONFIRMED,6,P013277,GROUP
BK004534,J000068,6502538523,2026-09-19,CONFIRMED,2,P013283,FAMILY
BK004535,J000068,5272396293,2026-09-18,CONFIRMED,5,P013285,FAMILY
BK004536,J000068,8061244330,2026-09-17,CONFIRMED,4,P013290,FAMILY
BK004537,J000068,6567935188,2026-09-16,CONFIRMED,1,P013294,INDIVIDUAL
BK004538,J000068,4420073739,2026-09-15,CONFIRMED,1,P013295,INDIVIDUAL
BK004539,J000068,8512410046,2026-09-14,CONFIRMED,3,P013296,FAMILY
BK004540,J000068,2906903733,2026-09-13,CONFIRMED,1,P013299,INDIVIDUAL
BK004541,J000068,8167708562,2026-09-12,CONFIRMED,2,P013300,GROUP
BK004542,J000068,8924771123,2026-09-11,CONFIRMED,4,P013302,FAMILY
BK004543,J000068,8467511981,2026-09-10,CONFIRMED,4,P013306,GROUP
BK004544,J000068,9087988633,2026-09-09,CONFIRMED,2,P013310,FRIENDS
BK004545,J000068,8749385269,2026-09-08,CONFIRMED,4,P013312,FRIENDS
BK004546,J000068,6821067095,2026-09-07,CONFIRMED,4,P013316,FAMILY
BK004547,J000068,2981289633,2026-09-06,CONFIRMED,6,P013320,FRIENDS
BK004548,J000068,5310430432,2026-09-05,CONFIRMED,3,P013326,GROUP
BK004549,J000068,6318107191,2026-09-04,CONFIRMED,2,P013329,GROUP
BK004550,J000068,4255972575,2026-09-03,CONFIRMED,2,P013331,FAMILY
BK004551,J000068,6742603149,2026-09-02,CONFIRMED,4,P013333,GROUP
BK004552,J000068,1044352485,2026-09-01,CONFIRMED,1,P013337,INDIVIDUAL
BK004553,J000068,7116812772,2026-08-31,CONFIRMED,6,P013338,GROUP
BK004554,J000068,3810488241,2026-08-30,WAITLISTED,4,P013344,FAMILY
BK004555,J000068,9817899687,2026-08-29,CONFIRMED,3,P013348,FAMILY
BK004556,J000068,5432795213,2026-08-28,CONFIRMED,6,P013351,FAMILY
BK004557,J000069,3864510818,2026-08-30,CONFIRMED,4,P013357,FRIENDS
BK004558,J000069,1417344418,2026-08-29,CONFIRMED,4,P013361,FAMILY
BK004559,J000069,7125564300,2026-08-28,CONFIRMED,2,P013365,FRIENDS
BK004560,J000069,6952770966,2026-10-04,RAC,3,P013367,GROUP
BK004561,J000069,3321718761,2026-10-03,CONFIRMED,4,P013370,FRIENDS
BK004562,J000069,9028336339,2026-10-02,CONFIRMED,2,P013374,FAMILY
BK004563,J000069,8029779045,2026-10-01,CONFIRMED,1,P013376,INDIVIDUAL
BK004564,J000069,8831118928,2026-09-30,CONFIRMED,4,P013377,FAMILY
BK004565,J000069,6065597538,2026-09-29,CONFIRMED,3,P013381,FAMILY
BK004566,J000069,9648892101,2026-09-28,CONFIRMED,2,P013384,FAMILY
BK004567,J000069,4584858956,2026-09-27,CONFIRMED,4,P013386,GROUP
BK004568,J000069,4898633703,2026-09-26,CONFIRMED,8,P013390,FAMILY
BK004569,J000069,2610128077,2026-09-25,CONFIRMED,2,P013398,GROUP
BK004570,J000069,4917652791,2026-09-24,CONFIRMED,1,P013400,INDIVIDUAL
BK004571,J000069,4884436157,2026-09-23,CONFIRMED,1,P013401,INDIVIDUAL
BK004572,J000069,6373318193,2026-09-22,CONFIRMED,2,P013402,FRIENDS
BK004573,J000069,8604246209,2026-09-21,CONFIRMED,2,P013404,GROUP
BK004574,J000069,5323115645,2026-09-20,CONFIRMED,1,P013406,INDIVIDUAL
BK004575,J000069,9206618836,2026-09-19,CONFIRMED,4,P013407,GROUP
BK004576,J000069,8551159490,2026-09-18,CONFIRMED,3,P013411,GROUP
BK004577,J000069,6111796217,2026-09-17,CONFIRMED,4,P013414,FRIENDS
BK004578,J000069,2924507058,2026-09-16,CONFIRMED,4,P013418,FAMILY
BK004579,J000069,1705090789,2026-09-15,CONFIRMED,4,P013422,CAREGIVER_COMPANION
BK004580,J000069,2184370938,2026-09-14,CONFIRMED,1,P013426,INDIVIDUAL
BK004581,J000069,4302453434,2026-09-13,CONFIRMED,2,P013427,GROUP
BK004582,J000069,8927754034,2026-09-12,CONFIRMED,1,P013429,INDIVIDUAL
BK004583,J000069,1546633928,2026-09-11,CONFIRMED,1,P013430,INDIVIDUAL
BK004584,J000069,3911441493,2026-09-10,CONFIRMED,2,P013431,FRIENDS
BK004585,J000069,2155636016,2026-09-09,CONFIRMED,7,P013433,FAMILY
BK004586,J000069,2171518724,2026-09-08,CONFIRMED,1,P013440,INDIVIDUAL
BK004587,J000069,4925940405,2026-09-07,WAITLISTED,3,P013441,FAMILY
BK004588,J000069,4909121896,2026-09-06,CONFIRMED,2,P013444,FRIENDS
BK004589,J000069,1635711668,2026-09-05,CONFIRMED,4,P013446,FRIENDS
BK004590,J000069,2716205049,2026-09-04,CONFIRMED,3,P013450,FRIENDS
BK004591,J000069,2925358154,2026-09-03,CONFIRMED,1,P013453,INDIVIDUAL
BK004592,J000069,3333589231,2026-09-02,CONFIRMED,2,P013454,FRIENDS
BK004593,J000069,9943393358,2026-09-01,CONFIRMED,2,P013456,GROUP
BK004594,J000069,3620686450,2026-08-31,CONFIRMED,1,P013458,INDIVIDUAL
BK004595,J000069,4923574478,2026-08-30,CONFIRMED,2,P013459,FRIENDS
BK004596,J000069,5999852902,2026-08-29,CONFIRMED,8,P013461,FAMILY
BK004597,J000069,5405381042,2026-08-28,CONFIRMED,1,P013469,INDIVIDUAL
BK004598,J000069,9784203294,2026-10-04,CONFIRMED,5,P013470,CAREGIVER_COMPANION
BK004599,J000069,7333642029,2026-10-03,CONFIRMED,3,P013475,FAMILY
BK004600,J000069,3235417956,2026-10-02,CANCELLED,5,P013478,FRIENDS
BK004601,J000069,3423930406,2026-10-01,CONFIRMED,8,P013483,FRIENDS
BK004602,J000069,4946384281,2026-09-30,CONFIRMED,1,P013491,INDIVIDUAL
BK004603,J000069,1092872320,2026-09-29,CONFIRMED,7,P013492,FAMILY
BK004604,J000069,5456377925,2026-09-28,CONFIRMED,1,P013499,INDIVIDUAL
BK004605,J000069,7947118422,2026-09-27,CONFIRMED,1,P013500,INDIVIDUAL
BK004606,J000069,4360258874,2026-09-26,CONFIRMED,2,P013501,FAMILY
BK004607,J000069,9705784376,2026-09-25,CONFIRMED,4,P013503,GROUP
BK004608,J000069,1152975045,2026-09-24,CONFIRMED,2,P013507,FRIENDS
BK004609,J000069,3034898253,2026-09-23,CONFIRMED,4,P013509,FRIENDS
BK004610,J000069,6169236023,2026-09-22,CONFIRMED,1,P013513,INDIVIDUAL
BK004611,J000069,5758632852,2026-09-21,CONFIRMED,4,P013514,GROUP
BK004612,J000069,9332445037,2026-09-20,CONFIRMED,3,P013518,GROUP
BK004613,J000069,8034440972,2026-09-19,CONFIRMED,1,P013521,INDIVIDUAL
BK004614,J000069,8872525814,2026-09-18,CONFIRMED,2,P013522,FAMILY
BK004615,J000069,5799920700,2026-09-17,CONFIRMED,4,P013524,GROUP
BK004616,J000069,1717502143,2026-09-16,CONFIRMED,1,P013528,INDIVIDUAL
BK004617,J000069,5175858601,2026-09-15,CONFIRMED,3,P013529,FAMILY
BK004618,J000069,1921409988,2026-09-14,CONFIRMED,1,P013532,INDIVIDUAL
BK004619,J000069,5255128373,2026-09-13,CONFIRMED,3,P013533,FAMILY
BK004620,J000069,8436429693,2026-09-12,WAITLISTED,1,P013536,INDIVIDUAL
BK004621,J000069,2634814764,2026-09-11,CONFIRMED,1,P013537,INDIVIDUAL
BK004622,J000069,5474521655,2026-09-10,CONFIRMED,2,P013538,FAMILY
BK004623,J000069,5974364814,2026-09-09,CONFIRMED,1,P013540,INDIVIDUAL
BK004624,J000070,4835271638,2026-09-09,CONFIRMED,1,P013541,INDIVIDUAL
BK004625,J000070,4300098245,2026-09-08,CONFIRMED,3,P013542,FAMILY
BK004626,J000070,8187891762,2026-09-07,CONFIRMED,1,P013545,INDIVIDUAL
BK004627,J000070,7023944540,2026-09-06,CONFIRMED,1,P013546,INDIVIDUAL
BK004628,J000070,9904101962,2026-09-05,CONFIRMED,2,P013547,FRIENDS
BK004629,J000070,5930337753,2026-09-04,CONFIRMED,6,P013549,GROUP
BK004630,J000070,6158323941,2026-09-03,CONFIRMED,3,P013555,FRIENDS
BK004631,J000070,9545826438,2026-09-02,CONFIRMED,1,P013558,INDIVIDUAL
BK004632,J000070,4245998323,2026-09-01,CONFIRMED,1,P013559,INDIVIDUAL
BK004633,J000070,9195453379,2026-08-31,CONFIRMED,2,P013560,GROUP
BK004634,J000070,7834428708,2026-08-30,CONFIRMED,4,P013562,FAMILY
BK004635,J000070,2573715379,2026-08-29,CONFIRMED,1,P013566,INDIVIDUAL
BK004636,J000070,1998171733,2026-10-05,CONFIRMED,5,P013567,CAREGIVER_COMPANION
BK004637,J000070,1457619206,2026-10-04,CONFIRMED,6,P013572,GROUP
BK004638,J000070,7055106128,2026-10-03,CONFIRMED,2,P013578,FAMILY
BK004639,J000070,7915465816,2026-10-02,CONFIRMED,1,P013580,INDIVIDUAL
BK004640,J000070,9905288502,2026-10-01,RAC,4,P013581,FAMILY
BK004641,J000070,7607929978,2026-09-30,CONFIRMED,2,P013585,GROUP
BK004642,J000070,6732120344,2026-09-29,CONFIRMED,2,P013587,FAMILY
BK004643,J000070,2006170466,2026-09-28,CONFIRMED,4,P013589,GROUP
BK004644,J000070,5041423463,2026-09-27,CONFIRMED,8,P013593,FAMILY
BK004645,J000070,5762551889,2026-09-26,CONFIRMED,1,P013601,INDIVIDUAL
BK004646,J000070,9372574433,2026-09-25,CONFIRMED,4,P013602,FAMILY
BK004647,J000070,7303814805,2026-09-24,CONFIRMED,4,P013606,GROUP
BK004648,J000070,9600994750,2026-09-23,CONFIRMED,2,P013610,FRIENDS
BK004649,J000070,9457881202,2026-09-22,CONFIRMED,1,P013612,INDIVIDUAL
BK004650,J000070,8101753056,2026-09-21,CONFIRMED,5,P013613,GROUP
BK004651,J000070,4724101037,2026-09-20,CONFIRMED,4,P013618,GROUP
BK004652,J000070,2100937050,2026-09-19,CONFIRMED,4,P013622,FAMILY
BK004653,J000070,9685388666,2026-09-18,WAITLISTED,5,P013626,FAMILY
BK004654,J000070,6970108131,2026-09-17,CONFIRMED,2,P013631,FAMILY
BK004655,J000070,4090762094,2026-09-16,CONFIRMED,3,P013633,FAMILY
BK004656,J000070,7697728283,2026-09-15,CONFIRMED,1,P013636,INDIVIDUAL
BK004657,J000070,8056123918,2026-09-14,CONFIRMED,2,P013637,GROUP
BK004658,J000070,8674024164,2026-09-13,CONFIRMED,2,P013639,FAMILY
BK004659,J000070,6580827624,2026-09-12,CONFIRMED,8,P013641,GROUP
BK004660,J000070,3745282482,2026-09-11,CONFIRMED,5,P013649,FRIENDS
BK004661,J000070,9355767480,2026-09-10,CONFIRMED,2,P013654,GROUP
BK004662,J000070,6617662647,2026-09-09,CONFIRMED,2,P013656,FAMILY
BK004663,J000070,3440500920,2026-09-08,CONFIRMED,1,P013658,INDIVIDUAL
BK004664,J000070,6158850721,2026-09-07,CONFIRMED,8,P013659,FAMILY
BK004665,J000070,9190992799,2026-09-06,CONFIRMED,2,P013667,GROUP
BK004666,J000070,4996715282,2026-09-05,CONFIRMED,1,P013669,INDIVIDUAL
BK004667,J000070,9445106178,2026-09-04,CONFIRMED,1,P013670,INDIVIDUAL
BK004668,J000070,1488014980,2026-09-03,CONFIRMED,4,P013671,FAMILY
BK004669,J000070,6810212092,2026-09-02,CONFIRMED,2,P013675,GROUP
BK004670,J000070,4612642583,2026-09-01,CONFIRMED,1,P013677,INDIVIDUAL
BK004671,J000070,8583631969,2026-08-31,CONFIRMED,5,P013678,FAMILY
BK004672,J000070,1021899122,2026-08-30,CONFIRMED,2,P013683,FRIENDS
BK004673,J000070,4648691958,2026-08-29,CONFIRMED,3,P013685,FAMILY
BK004674,J000070,9143683669,2026-10-05,CONFIRMED,3,P013688,FRIENDS
BK004675,J000070,2239300155,2026-10-04,CONFIRMED,4,P013691,GROUP
BK004676,J000070,3429330078,2026-10-03,CONFIRMED,3,P013695,GROUP
BK004677,J000070,3176980818,2026-10-02,CONFIRMED,1,P013698,INDIVIDUAL
BK004678,J000070,8166449124,2026-10-01,CONFIRMED,3,P013699,FRIENDS
BK004679,J000070,8590035394,2026-09-30,CONFIRMED,2,P013702,FRIENDS
BK004680,J000070,3495182927,2026-09-29,RAC,1,P013704,INDIVIDUAL
BK004681,J000070,9515979818,2026-09-28,CONFIRMED,2,P013705,GROUP
BK004682,J000070,7923338335,2026-09-27,CONFIRMED,1,P013707,INDIVIDUAL
BK004683,J000070,1724474407,2026-09-26,CONFIRMED,2,P013708,FRIENDS
BK004684,J000070,8841607694,2026-09-25,CONFIRMED,3,P013710,GROUP
BK004685,J000070,7611480809,2026-09-24,CONFIRMED,8,P013713,FRIENDS
BK004686,J000070,4022591118,2026-09-23,WAITLISTED,2,P013721,FAMILY
BK004687,J000070,8589035176,2026-09-22,CONFIRMED,2,P013723,FRIENDS
BK004688,J000070,9301140674,2026-09-21,CONFIRMED,2,P013725,FRIENDS
BK004689,J000070,6830352797,2026-09-20,CONFIRMED,1,P013727,INDIVIDUAL
BK004690,J000070,2812316653,2026-09-19,CONFIRMED,4,P013728,FAMILY
BK004691,J000071,5507533731,2026-09-21,CONFIRMED,2,P013732,FRIENDS
BK004692,J000071,4057930931,2026-09-20,CONFIRMED,2,P013734,FRIENDS
BK004693,J000071,6417177483,2026-09-19,CONFIRMED,2,P013736,GROUP
BK004694,J000071,3095697923,2026-09-18,CONFIRMED,2,P013738,FAMILY
BK004695,J000071,7164492673,2026-09-17,CONFIRMED,2,P013740,FRIENDS
BK004696,J000071,5281925599,2026-09-16,CONFIRMED,1,P013742,INDIVIDUAL
BK004697,J000071,9013061304,2026-09-15,CONFIRMED,7,P013743,FAMILY
BK004698,J000071,6084680180,2026-09-14,CONFIRMED,4,P013750,FAMILY
BK004699,J000071,1716832381,2026-09-13,CONFIRMED,4,P013754,GROUP
BK004700,J000071,6344316391,2026-09-12,CANCELLED,3,P013758,GROUP
BK004701,J000071,7612465401,2026-09-11,CONFIRMED,1,P013761,INDIVIDUAL
BK004702,J000071,4207318839,2026-09-10,CONFIRMED,4,P013762,FAMILY
BK004703,J000071,2960916612,2026-09-09,CONFIRMED,2,P013766,FRIENDS
BK004704,J000071,5877376200,2026-09-08,CONFIRMED,1,P013768,INDIVIDUAL
BK004705,J000071,9750613929,2026-09-07,CONFIRMED,1,P013769,INDIVIDUAL
BK004706,J000071,1303511327,2026-09-06,CONFIRMED,2,P013770,FAMILY
BK004707,J000071,6617132815,2026-09-05,CONFIRMED,1,P013772,INDIVIDUAL
BK004708,J000071,2128414985,2026-09-04,CONFIRMED,6,P013773,FAMILY
BK004709,J000071,9685697151,2026-09-03,CONFIRMED,2,P013779,GROUP
BK004710,J000071,6327669695,2026-09-02,CONFIRMED,4,P013781,FAMILY
BK004711,J000071,9115497221,2026-09-01,CONFIRMED,6,P013785,FRIENDS
BK004712,J000071,2168535443,2026-10-08,CONFIRMED,2,P013791,FRIENDS
BK004713,J000071,7476788708,2026-10-07,CONFIRMED,4,P013793,FRIENDS
BK004714,J000071,9007433948,2026-10-06,CONFIRMED,1,P013797,INDIVIDUAL
BK004715,J000071,9957322967,2026-10-05,CONFIRMED,3,P013798,FAMILY
BK004716,J000071,6587099570,2026-10-04,CONFIRMED,3,P013801,GROUP
BK004717,J000071,7052858188,2026-10-03,CONFIRMED,2,P013804,GROUP
BK004718,J000071,9771541950,2026-10-02,CONFIRMED,1,P013806,INDIVIDUAL
BK004719,J000071,2225483674,2026-10-01,WAITLISTED,5,P013807,FAMILY
BK004720,J000071,3583803606,2026-09-30,RAC,2,P013812,FRIENDS
BK004721,J000071,7032829793,2026-09-29,CONFIRMED,3,P013814,FAMILY
BK004722,J000071,4476032674,2026-09-28,CONFIRMED,3,P013817,FRIENDS
BK004723,J000071,8604406852,2026-09-27,CONFIRMED,3,P013820,FAMILY
BK004724,J000071,8549177903,2026-09-26,CONFIRMED,3,P013823,GROUP
BK004725,J000071,8671510535,2026-09-25,CONFIRMED,5,P013826,FAMILY
BK004726,J000071,9021603568,2026-09-24,CONFIRMED,2,P013831,FAMILY
BK004727,J000071,2876645702,2026-09-23,CONFIRMED,4,P013833,GROUP
BK004728,J000071,4888599816,2026-09-22,CONFIRMED,1,P013837,INDIVIDUAL
BK004729,J000071,6535024480,2026-09-21,CONFIRMED,1,P013838,INDIVIDUAL
BK004730,J000071,6426813695,2026-09-20,CONFIRMED,1,P013839,INDIVIDUAL
BK004731,J000071,4060619464,2026-09-19,CONFIRMED,3,P013840,FAMILY
BK004732,J000071,9697406292,2026-09-18,CONFIRMED,1,P013843,INDIVIDUAL
BK004733,J000071,1099090126,2026-09-17,CONFIRMED,1,P013844,INDIVIDUAL
BK004734,J000071,1857057062,2026-09-16,CONFIRMED,5,P013845,GROUP
BK004735,J000071,8354556641,2026-09-15,CONFIRMED,1,P013850,INDIVIDUAL
BK004736,J000071,9417355128,2026-09-14,CONFIRMED,1,P013851,INDIVIDUAL
BK004737,J000071,6755651442,2026-09-13,CONFIRMED,1,P013852,INDIVIDUAL
BK004738,J000071,2270512538,2026-09-12,CONFIRMED,4,P013853,FAMILY
BK004739,J000071,2527630939,2026-09-11,CONFIRMED,4,P013857,GROUP
BK004740,J000071,5779341718,2026-09-10,CONFIRMED,2,P013861,FRIENDS
BK004741,J000071,1076805998,2026-09-09,CONFIRMED,1,P013863,INDIVIDUAL
BK004742,J000071,2275263007,2026-09-08,CONFIRMED,4,P013864,FAMILY
BK004743,J000071,3877658784,2026-09-07,CONFIRMED,4,P013868,GROUP
BK004744,J000071,9165403800,2026-09-06,CONFIRMED,7,P013872,GROUP
BK004745,J000071,1150267137,2026-09-05,CONFIRMED,2,P013879,GROUP
BK004746,J000071,1575546476,2026-09-04,CONFIRMED,4,P013881,FAMILY
BK004747,J000071,3593822678,2026-09-03,CONFIRMED,4,P013885,GROUP
BK004748,J000071,5737376896,2026-09-02,CONFIRMED,2,P013889,FRIENDS
BK004749,J000071,9370852754,2026-09-01,CONFIRMED,7,P013891,FAMILY
BK004750,J000071,5478238557,2026-10-08,CONFIRMED,2,P013898,FAMILY
BK004751,J000071,2547393364,2026-10-07,CONFIRMED,1,P013900,INDIVIDUAL
BK004752,J000071,5019549600,2026-10-06,WAITLISTED,3,P013901,GROUP
BK004753,J000071,7261035596,2026-10-05,CONFIRMED,4,P013904,FRIENDS
BK004754,J000071,2050103959,2026-10-04,CONFIRMED,6,P013908,FAMILY
BK004755,J000071,2869416017,2026-10-03,CONFIRMED,1,P013914,INDIVIDUAL
BK004756,J000071,6469049500,2026-10-02,CONFIRMED,4,P013915,FAMILY
BK004757,J000071,6802886201,2026-10-01,CONFIRMED,1,P013919,INDIVIDUAL
BK004758,J000072,7547531454,2026-10-03,CONFIRMED,4,P013920,FAMILY
BK004759,J000072,1733974295,2026-10-02,CONFIRMED,6,P013924,FRIENDS
BK004760,J000072,9958590888,2026-10-01,RAC,1,P013930,INDIVIDUAL
BK004761,J000072,8834933839,2026-09-30,CONFIRMED,4,P013931,FRIENDS
BK004762,J000072,5449795861,2026-09-29,CONFIRMED,1,P013935,INDIVIDUAL
BK004763,J000072,5738664491,2026-09-28,CONFIRMED,2,P013936,FRIENDS
BK004764,J000072,8666630693,2026-09-27,CONFIRMED,6,P013938,FAMILY
BK004765,J000072,2919185590,2026-09-26,CONFIRMED,2,P013944,GROUP
BK004766,J000072,4895426397,2026-09-25,CONFIRMED,1,P013946,INDIVIDUAL
BK004767,J000072,2083787458,2026-09-24,CONFIRMED,1,P013947,INDIVIDUAL
BK004768,J000072,2290543479,2026-09-23,CONFIRMED,3,P013948,GROUP
BK004769,J000072,9289866007,2026-09-22,CONFIRMED,4,P013951,CAREGIVER_COMPANION
BK004770,J000072,6807869377,2026-09-21,CONFIRMED,5,P013955,GROUP
BK004771,J000072,5569013183,2026-09-20,CONFIRMED,2,P013960,FRIENDS
BK004772,J000072,2343250415,2026-09-19,CONFIRMED,4,P013962,FAMILY
BK004773,J000072,3637859870,2026-09-18,CONFIRMED,1,P013966,INDIVIDUAL
BK004774,J000072,9453711253,2026-09-17,CONFIRMED,2,P013967,FAMILY
BK004775,J000072,2639076899,2026-09-16,CONFIRMED,4,P013969,GROUP
BK004776,J000072,9168059660,2026-09-15,CONFIRMED,4,P013973,FAMILY
BK004777,J000072,6698653774,2026-09-14,CONFIRMED,3,P013977,FAMILY
BK004778,J000072,6937133734,2026-09-13,CONFIRMED,4,P013980,FAMILY
BK004779,J000072,3391812190,2026-09-12,CONFIRMED,4,P013984,GROUP
BK004780,J000072,9743533245,2026-09-11,CONFIRMED,4,P013988,FAMILY
BK004781,J000072,4167448005,2026-09-10,CONFIRMED,4,P013992,FRIENDS
BK004782,J000072,2236116378,2026-09-09,CONFIRMED,2,P013996,FAMILY
BK004783,J000072,9559712177,2026-09-08,CONFIRMED,3,P013998,FAMILY
BK004784,J000072,4266931400,2026-09-07,CONFIRMED,8,P014001,FAMILY
BK004785,J000072,9381154487,2026-09-06,WAITLISTED,1,P014009,INDIVIDUAL
BK004786,J000072,5552060631,2026-09-05,CONFIRMED,3,P014010,FRIENDS
BK004787,J000072,3281636895,2026-09-04,CONFIRMED,4,P014013,GROUP
BK004788,J000072,6952354780,2026-10-11,CONFIRMED,5,P014017,CAREGIVER_COMPANION
BK004789,J000072,4827670603,2026-10-10,CONFIRMED,1,P014022,INDIVIDUAL
BK004790,J000072,4350362520,2026-10-09,CONFIRMED,1,P014023,INDIVIDUAL
BK004791,J000072,8469982398,2026-10-08,CONFIRMED,6,P014024,FRIENDS
BK004792,J000072,4474770010,2026-10-07,CONFIRMED,1,P014030,INDIVIDUAL
BK004793,J000072,1185265557,2026-10-06,CONFIRMED,1,P014031,INDIVIDUAL
BK004794,J000072,6356169185,2026-10-05,CONFIRMED,2,P014032,FAMILY
BK004795,J000072,8316011426,2026-10-04,CONFIRMED,1,P014034,INDIVIDUAL
BK004796,J000072,8415484282,2026-10-03,CONFIRMED,2,P014035,FRIENDS
BK004797,J000072,8212150034,2026-10-02,CONFIRMED,6,P014037,GROUP
BK004798,J000072,1461732230,2026-10-01,CONFIRMED,2,P014043,FAMILY
BK004799,J000072,9759715713,2026-09-30,CONFIRMED,2,P014045,FRIENDS
BK004800,J000072,3103169292,2026-09-29,CANCELLED,2,P014047,FRIENDS
BK004801,J000072,5540398748,2026-09-28,CONFIRMED,4,P014049,FRIENDS
BK004802,J000072,5308745051,2026-09-27,CONFIRMED,4,P014053,FAMILY
BK004803,J000072,3028438951,2026-09-26,CONFIRMED,2,P014057,FRIENDS
BK004804,J000072,2711040480,2026-09-25,CONFIRMED,6,P014059,FAMILY
BK004805,J000072,3732235745,2026-09-24,CONFIRMED,4,P014065,FRIENDS
BK004806,J000072,2194197330,2026-09-23,CONFIRMED,8,P014069,FAMILY
BK004807,J000072,2060700376,2026-09-22,CONFIRMED,2,P014077,FRIENDS
BK004808,J000072,8434674326,2026-09-21,CONFIRMED,1,P014079,INDIVIDUAL
BK004809,J000072,7944487250,2026-09-20,CONFIRMED,1,P014080,INDIVIDUAL
BK004810,J000072,2047924256,2026-09-19,CONFIRMED,4,P014081,FAMILY
BK004811,J000072,8033157829,2026-09-18,CONFIRMED,7,P014085,FAMILY
BK004812,J000072,2343830916,2026-09-17,CONFIRMED,2,P014092,FRIENDS
BK004813,J000072,1387359151,2026-09-16,CONFIRMED,1,P014094,INDIVIDUAL
BK004814,J000072,9940482528,2026-09-15,CONFIRMED,2,P014095,FAMILY
BK004815,J000072,9980177776,2026-09-14,CONFIRMED,1,P014097,INDIVIDUAL
BK004816,J000072,6494562221,2026-09-13,CONFIRMED,1,P014098,INDIVIDUAL
BK004817,J000072,4832428926,2026-09-12,CONFIRMED,4,P014099,FRIENDS
BK004818,J000072,7123478667,2026-09-11,WAITLISTED,3,P014103,FRIENDS
BK004819,J000072,8487315478,2026-09-10,CONFIRMED,1,P014106,INDIVIDUAL
BK004820,J000072,7566857660,2026-09-09,CONFIRMED,6,P014107,FAMILY
BK004821,J000072,3761565004,2026-09-08,CONFIRMED,4,P014113,FRIENDS
BK004822,J000072,8345799857,2026-09-07,CONFIRMED,2,P014117,FAMILY
BK004823,J000072,9475942110,2026-09-06,CONFIRMED,2,P014119,FRIENDS
BK004824,J000072,3583338492,2026-09-05,CONFIRMED,4,P014121,FAMILY
BK004825,J000073,1546477075,2026-08-24,CONFIRMED,2,P014125,GROUP
BK004826,J000073,6606514914,2026-09-30,CONFIRMED,3,P014127,FRIENDS
BK004827,J000073,5152513821,2026-09-29,CONFIRMED,3,P014130,FAMILY
BK004828,J000073,1965621234,2026-09-28,CONFIRMED,6,P014133,FAMILY
BK004829,J000073,4750837877,2026-09-27,CONFIRMED,1,P014139,INDIVIDUAL
BK004830,J000073,8280066990,2026-09-26,CONFIRMED,4,P014140,FAMILY
BK004831,J000073,3376033074,2026-09-25,CONFIRMED,1,P014144,INDIVIDUAL
BK004832,J000073,5789169666,2026-09-24,CONFIRMED,3,P014145,GROUP
BK004833,J000073,9239194986,2026-09-23,CONFIRMED,4,P014148,FRIENDS
BK004834,J000073,1527713870,2026-09-22,CONFIRMED,2,P014152,FAMILY
BK004835,J000073,4793906193,2026-09-21,CONFIRMED,2,P014154,FRIENDS
BK004836,J000073,6528927138,2026-09-20,CONFIRMED,1,P014156,INDIVIDUAL
BK004837,J000073,3678435773,2026-09-19,CONFIRMED,7,P014157,FAMILY
BK004838,J000073,7316934946,2026-09-18,CONFIRMED,3,P014164,FRIENDS
BK004839,J000073,2395471788,2026-09-17,CONFIRMED,3,P014167,FAMILY
BK004840,J000073,6761832777,2026-09-16,RAC,7,P014170,GROUP
BK004841,J000073,4771281268,2026-09-15,CONFIRMED,2,P014177,GROUP
BK004842,J000073,6448382191,2026-09-14,CONFIRMED,4,P014179,FAMILY
BK004843,J000073,8804605282,2026-09-13,CONFIRMED,6,P014183,FRIENDS
BK004844,J000073,4578281065,2026-09-12,CONFIRMED,2,P014189,FRIENDS
BK004845,J000073,4553154200,2026-09-11,CONFIRMED,2,P014191,GROUP
BK004846,J000073,4420443964,2026-09-10,CONFIRMED,4,P014193,FAMILY
BK004847,J000073,8586146834,2026-09-09,CONFIRMED,2,P014197,FRIENDS
BK004848,J000073,7019734456,2026-09-08,CONFIRMED,1,P014199,INDIVIDUAL
BK004849,J000073,6147016073,2026-09-07,CONFIRMED,4,P014200,FRIENDS
BK004850,J000073,8579335655,2026-09-06,CONFIRMED,3,P014204,FRIENDS
BK004851,J000073,7531921464,2026-09-05,WAITLISTED,5,P014207,FAMILY
BK004852,J000073,5893830839,2026-09-04,CONFIRMED,2,P014212,FRIENDS
BK004853,J000073,2092208226,2026-09-03,CONFIRMED,1,P014214,INDIVIDUAL
BK004854,J000073,2064091892,2026-09-02,CONFIRMED,4,P014215,FAMILY
BK004855,J000073,8301973572,2026-09-01,CONFIRMED,1,P014219,INDIVIDUAL
BK004856,J000073,3024545685,2026-08-31,CONFIRMED,3,P014220,GROUP
BK004857,J000073,7684042503,2026-08-30,CONFIRMED,2,P014223,GROUP
BK004858,J000073,9367608740,2026-08-29,CONFIRMED,2,P014225,FAMILY
BK004859,J000073,1846468690,2026-08-28,CONFIRMED,6,P014227,FRIENDS
BK004860,J000073,7363573121,2026-08-27,CONFIRMED,1,P014233,INDIVIDUAL
BK004861,J000073,4892414530,2026-08-26,CONFIRMED,2,P014234,GROUP
BK004862,J000073,9479304822,2026-08-25,CONFIRMED,5,P014236,GROUP
BK004863,J000073,2161317798,2026-08-24,CONFIRMED,2,P014241,FRIENDS
BK004864,J000073,9885967569,2026-09-30,CONFIRMED,4,P014243,CAREGIVER_COMPANION
BK004865,J000073,8446096276,2026-09-29,CONFIRMED,2,P014247,GROUP
BK004866,J000073,3534631308,2026-09-28,CONFIRMED,7,P014249,FRIENDS
BK004867,J000073,9391001235,2026-09-27,CONFIRMED,1,P014256,INDIVIDUAL
BK004868,J000073,7668022771,2026-09-26,CONFIRMED,4,P014257,FAMILY
BK004869,J000073,6750927743,2026-09-25,CONFIRMED,2,P014261,GROUP
BK004870,J000073,5238579560,2026-09-24,CONFIRMED,1,P014263,INDIVIDUAL
BK004871,J000073,3388258284,2026-09-23,CONFIRMED,5,P014264,FAMILY
BK004872,J000073,3734716327,2026-09-22,CONFIRMED,3,P014269,GROUP
BK004873,J000073,9406828187,2026-09-21,CONFIRMED,1,P014272,INDIVIDUAL
BK004874,J000073,3215881694,2026-09-20,CONFIRMED,2,P014273,FAMILY
BK004875,J000073,1592037428,2026-09-19,CONFIRMED,1,P014275,INDIVIDUAL
BK004876,J000073,1802901222,2026-09-18,CONFIRMED,3,P014276,GROUP
BK004877,J000073,7622553891,2026-09-17,CONFIRMED,3,P014279,FAMILY
BK004878,J000073,1966139827,2026-09-16,CONFIRMED,3,P014282,FRIENDS
BK004879,J000073,6643848841,2026-09-15,CONFIRMED,2,P014285,FRIENDS
BK004880,J000073,8434435292,2026-09-14,RAC,2,P014287,FRIENDS
BK004881,J000073,7958212037,2026-09-13,CONFIRMED,1,P014289,INDIVIDUAL
BK004882,J000073,1036791797,2026-09-12,CONFIRMED,5,P014290,GROUP
BK004883,J000073,8630037489,2026-09-11,CONFIRMED,4,P014295,CAREGIVER_COMPANION
BK004884,J000073,8993703400,2026-09-10,WAITLISTED,2,P014299,FRIENDS
BK004885,J000073,1422525285,2026-09-09,CONFIRMED,6,P014301,GROUP
BK004886,J000073,3048238498,2026-09-08,CONFIRMED,4,P014307,FAMILY
BK004887,J000073,9284563079,2026-09-07,CONFIRMED,4,P014311,GROUP
BK004888,J000073,6506105470,2026-09-06,CONFIRMED,4,P014315,FAMILY
BK004889,J000073,6473726464,2026-09-05,CONFIRMED,4,P014319,FRIENDS
BK004890,J000073,8484480727,2026-09-04,CONFIRMED,4,P014323,FAMILY
BK004891,J000073,4688267371,2026-09-03,CONFIRMED,3,P014327,FAMILY
BK004892,J000074,8816664748,2026-09-09,CONFIRMED,4,P014330,FAMILY
BK004893,J000074,6328551678,2026-09-08,CONFIRMED,3,P014334,FAMILY
BK004894,J000074,1544280699,2026-09-07,CONFIRMED,4,P014337,FAMILY
BK004895,J000074,5649649896,2026-09-06,CONFIRMED,4,P014341,GROUP
BK004896,J000074,9218759785,2026-09-05,CONFIRMED,3,P014345,GROUP
BK004897,J000074,2797828801,2026-09-04,CONFIRMED,6,P014348,GROUP
BK004898,J000074,7949064927,2026-09-03,CONFIRMED,3,P014354,FRIENDS
BK004899,J000074,7830855961,2026-09-02,CONFIRMED,4,P014357,GROUP
BK004900,J000074,6884189718,2026-09-01,CANCELLED,1,P014361,INDIVIDUAL
BK004901,J000074,7885963806,2026-08-31,CONFIRMED,4,P014362,FRIENDS
BK004902,J000074,5545210039,2026-10-07,CONFIRMED,3,P014366,FRIENDS
BK004903,J000074,3583399453,2026-10-06,CONFIRMED,1,P014369,INDIVIDUAL
BK004904,J000074,9704011473,2026-10-05,CONFIRMED,1,P014370,INDIVIDUAL
BK004905,J000074,3462481096,2026-10-04,CONFIRMED,1,P014371,INDIVIDUAL
BK004906,J000074,5727735538,2026-10-03,CONFIRMED,3,P014372,FRIENDS
BK004907,J000074,5899248891,2026-10-02,CONFIRMED,4,P014375,GROUP
BK004908,J000074,2504798614,2026-10-01,CONFIRMED,2,P014379,FRIENDS
BK004909,J000074,4461604143,2026-09-30,CONFIRMED,2,P014381,GROUP
BK004910,J000074,3778366604,2026-09-29,CONFIRMED,4,P014383,FAMILY
BK004911,J000074,5972171721,2026-09-28,CONFIRMED,4,P014387,GROUP
BK004912,J000074,9230336676,2026-09-27,CONFIRMED,4,P014391,FAMILY
BK004913,J000074,2768460609,2026-09-26,CONFIRMED,1,P014395,INDIVIDUAL
BK004914,J000074,6204391299,2026-09-25,CONFIRMED,6,P014396,FAMILY
BK004915,J000074,2956652186,2026-09-24,CONFIRMED,4,P014402,GROUP
BK004916,J000074,8026772770,2026-09-23,CONFIRMED,2,P014406,FRIENDS
BK004917,J000074,8726530918,2026-09-22,WAITLISTED,4,P014408,FRIENDS
BK004918,J000074,9627664350,2026-09-21,CONFIRMED,2,P014412,FAMILY
BK004919,J000074,9889393199,2026-09-20,CONFIRMED,2,P014414,FRIENDS
BK004920,J000074,3201745634,2026-09-19,RAC,4,P014416,FAMILY
BK004921,J000074,1071579480,2026-09-18,CONFIRMED,5,P014420,CAREGIVER_COMPANION
BK004922,J000074,8444961035,2026-09-17,CONFIRMED,3,P014425,FRIENDS
BK004923,J000074,8141026931,2026-09-16,CONFIRMED,4,P014428,GROUP
BK004924,J000074,7065193134,2026-09-15,CONFIRMED,4,P014432,FAMILY
BK004925,J000074,6157147982,2026-09-14,CONFIRMED,2,P014436,GROUP
BK004926,J000074,9956183198,2026-09-13,CONFIRMED,2,P014438,FAMILY
BK004927,J000074,5808218399,2026-09-12,CONFIRMED,1,P014440,INDIVIDUAL
BK004928,J000074,2451357123,2026-09-11,CONFIRMED,1,P014441,INDIVIDUAL
BK004929,J000074,4296092502,2026-09-10,CONFIRMED,1,P014442,INDIVIDUAL
BK004930,J000074,1747674570,2026-09-09,CONFIRMED,3,P014443,FRIENDS
BK004931,J000074,1711761539,2026-09-08,CONFIRMED,2,P014446,FRIENDS
BK004932,J000074,5335815645,2026-09-07,CONFIRMED,2,P014448,FRIENDS
BK004933,J000074,9828942801,2026-09-06,CONFIRMED,3,P014450,FAMILY
BK004934,J000074,1492024138,2026-09-05,CONFIRMED,3,P014453,FRIENDS
BK004935,J000074,2327079884,2026-09-04,CONFIRMED,4,P014456,GROUP
BK004936,J000074,3133910400,2026-09-03,CONFIRMED,2,P014460,FRIENDS
BK004937,J000074,6762844979,2026-09-02,CONFIRMED,3,P014462,FAMILY
BK004938,J000074,9022957754,2026-09-01,CONFIRMED,2,P014465,FAMILY
BK004939,J000074,1518600515,2026-08-31,CONFIRMED,1,P014467,INDIVIDUAL
BK004940,J000074,1196249669,2026-10-07,CONFIRMED,3,P014468,GROUP
BK004941,J000074,9335443795,2026-10-06,CONFIRMED,8,P014471,FRIENDS
BK004942,J000074,9711715043,2026-10-05,CONFIRMED,3,P014479,FRIENDS
BK004943,J000074,1796758991,2026-10-04,CONFIRMED,4,P014482,GROUP
BK004944,J000074,4991628698,2026-10-03,CONFIRMED,4,P014486,FAMILY
BK004945,J000074,6404675934,2026-10-02,CONFIRMED,1,P014490,INDIVIDUAL
BK004946,J000074,4740009088,2026-10-01,CONFIRMED,1,P014491,INDIVIDUAL
BK004947,J000074,9244515977,2026-09-30,CONFIRMED,3,P014492,FAMILY
BK004948,J000074,6762935973,2026-09-29,CONFIRMED,1,P014495,INDIVIDUAL
BK004949,J000074,2963855780,2026-09-28,CONFIRMED,2,P014496,GROUP
BK004950,J000074,3678884122,2026-09-27,WAITLISTED,4,P014498,FAMILY
BK004951,J000074,5950080796,2026-09-26,CONFIRMED,4,P014502,GROUP
BK004952,J000074,5315195873,2026-09-25,CONFIRMED,1,P014506,INDIVIDUAL
BK004953,J000074,8768046325,2026-09-24,CONFIRMED,1,P014507,INDIVIDUAL
BK004954,J000074,4452928722,2026-09-23,CONFIRMED,1,P014508,INDIVIDUAL
BK004955,J000074,9747728545,2026-09-22,CONFIRMED,3,P014509,FAMILY
BK004956,J000074,1302004466,2026-09-21,CONFIRMED,1,P014512,INDIVIDUAL
BK004957,J000074,7196328854,2026-09-20,CONFIRMED,6,P014513,GROUP
BK004958,J000074,8612547773,2026-09-19,CONFIRMED,5,P014519,GROUP
BK004959,J000075,8629521606,2026-09-25,CONFIRMED,6,P014524,CAREGIVER_COMPANION
BK004960,J000075,7845321054,2026-09-24,RAC,2,P014530,FRIENDS
BK004961,J000075,8561443083,2026-09-23,CONFIRMED,6,P014532,GROUP
BK004962,J000075,9724335218,2026-09-22,CONFIRMED,8,P014538,FAMILY
BK004963,J000075,8816031218,2026-09-21,CONFIRMED,2,P014546,FRIENDS
BK004964,J000075,4689285299,2026-09-20,CONFIRMED,1,P014548,INDIVIDUAL
BK004965,J000075,3071712605,2026-09-19,CONFIRMED,1,P014549,INDIVIDUAL
BK004966,J000075,5789613956,2026-09-18,CONFIRMED,4,P014550,FAMILY
BK004967,J000075,7962582824,2026-09-17,CONFIRMED,2,P014554,FRIENDS
BK004968,J000075,5258673876,2026-09-16,CONFIRMED,1,P014556,INDIVIDUAL
BK004969,J000075,9097190517,2026-09-15,CONFIRMED,2,P014557,GROUP
BK004970,J000075,3002895420,2026-09-14,CONFIRMED,3,P014559,FRIENDS
BK004971,J000075,8588123185,2026-09-13,CONFIRMED,1,P014562,INDIVIDUAL
BK004972,J000075,6077179632,2026-09-12,CONFIRMED,4,P014563,FAMILY
BK004973,J000075,3774274377,2026-09-11,CONFIRMED,2,P014567,GROUP
BK004974,J000075,7769232200,2026-09-10,CONFIRMED,3,P014569,FRIENDS
BK004975,J000075,9662780569,2026-09-09,CONFIRMED,5,P014572,FAMILY
BK004976,J000075,3081794673,2026-09-08,CONFIRMED,2,P014577,FRIENDS
BK004977,J000075,4349140204,2026-09-07,CONFIRMED,1,P014579,INDIVIDUAL
BK004978,J000075,5952782608,2026-10-14,CONFIRMED,6,P014580,CAREGIVER_COMPANION
BK004979,J000075,3973399363,2026-10-13,CONFIRMED,4,P014586,GROUP
BK004980,J000075,3033827871,2026-10-12,CONFIRMED,4,P014590,FAMILY
BK004981,J000075,5875436332,2026-10-11,CONFIRMED,3,P014594,FAMILY
BK004982,J000075,9520674604,2026-10-10,CONFIRMED,7,P014597,FRIENDS
BK004983,J000075,9553421207,2026-10-09,WAITLISTED,1,P014604,INDIVIDUAL
BK004984,J000075,4901063333,2026-10-08,CONFIRMED,7,P014605,GROUP
BK004985,J000075,7755770422,2026-10-07,CONFIRMED,1,P014612,INDIVIDUAL
BK004986,J000075,7929021513,2026-10-06,CONFIRMED,1,P014613,INDIVIDUAL
BK004987,J000075,2251682149,2026-10-05,CONFIRMED,2,P014614,FRIENDS
BK004988,J000075,2489615507,2026-10-04,CONFIRMED,6,P014616,FAMILY
BK004989,J000075,6788356746,2026-10-03,CONFIRMED,5,P014622,FAMILY
BK004990,J000075,5657166448,2026-10-02,CONFIRMED,2,P014627,FAMILY
BK004991,J000075,9914293308,2026-10-01,CONFIRMED,3,P014629,FAMILY
BK004992,J000075,2665928192,2026-09-30,CONFIRMED,1,P014632,INDIVIDUAL
BK004993,J000075,5053487076,2026-09-29,CONFIRMED,6,P014633,GROUP
BK004994,J000075,4816962211,2026-09-28,CONFIRMED,1,P014639,INDIVIDUAL
BK004995,J000075,5977970753,2026-09-27,CONFIRMED,4,P014640,GROUP
BK004996,J000075,2280705228,2026-09-26,CONFIRMED,1,P014644,INDIVIDUAL
BK004997,J000075,9271117954,2026-09-25,CONFIRMED,1,P014645,INDIVIDUAL
BK004998,J000075,9709615484,2026-09-24,CONFIRMED,2,P014646,FAMILY
BK004999,J000075,4235032257,2026-09-23,CONFIRMED,2,P014648,FRIENDS
BK005000,J000075,2023373777,2026-09-22,CANCELLED,2,P014650,FRIENDS
BK005001,J000075,3108583169,2026-09-21,CONFIRMED,2,P014652,GROUP
BK005002,J000075,4037493244,2026-09-20,CONFIRMED,1,P014654,INDIVIDUAL
BK005003,J000075,7011579282,2026-09-19,CONFIRMED,1,P014655,INDIVIDUAL
BK005004,J000075,7318404900,2026-09-18,CONFIRMED,5,P014656,FRIENDS
BK005005,J000075,9113512054,2026-09-17,CONFIRMED,3,P014661,FAMILY
BK005006,J000075,6682665552,2026-09-16,CONFIRMED,1,P014664,INDIVIDUAL
BK005007,J000075,9177752735,2026-09-15,CONFIRMED,1,P014665,INDIVIDUAL
BK005008,J000075,5809001146,2026-09-14,CONFIRMED,1,P014666,INDIVIDUAL
BK005009,J000075,6742465680,2026-09-13,CONFIRMED,1,P014667,INDIVIDUAL
BK005010,J000075,4803585068,2026-09-12,CONFIRMED,2,P014668,FAMILY
BK005011,J000075,9795989975,2026-09-11,CONFIRMED,3,P014670,FAMILY
BK005012,J000075,4170616123,2026-09-10,CONFIRMED,4,P014673,FAMILY
BK005013,J000075,4292635552,2026-09-09,CONFIRMED,1,P014677,INDIVIDUAL
BK005014,J000075,5874909296,2026-09-08,CONFIRMED,4,P014678,FAMILY
BK005015,J000075,5607316735,2026-09-07,CONFIRMED,2,P014682,FRIENDS
BK005016,J000075,5178930313,2026-10-14,WAITLISTED,1,P014684,INDIVIDUAL
BK005017,J000075,7286719658,2026-10-13,CONFIRMED,1,P014685,INDIVIDUAL
BK005018,J000075,7094090321,2026-10-12,CONFIRMED,1,P014686,INDIVIDUAL
BK005019,J000075,7732015581,2026-10-11,CONFIRMED,3,P014687,FAMILY
BK005020,J000075,6925979559,2026-10-10,CONFIRMED,1,P014690,INDIVIDUAL
BK005021,J000075,1429875122,2026-10-09,CONFIRMED,2,P014691,GROUP
BK005022,J000075,2819969504,2026-10-08,CONFIRMED,2,P014693,FAMILY
BK005023,J000075,1931255800,2026-10-07,CONFIRMED,6,P014695,FRIENDS
BK005024,J000075,7115215046,2026-10-06,CONFIRMED,2,P014701,FRIENDS
BK005025,J000075,5727227124,2026-10-05,CONFIRMED,4,P014703,FRIENDS
BK005026,J000076,6008303855,2026-10-11,CONFIRMED,8,P014707,FAMILY
BK005027,J000076,7411999224,2026-10-10,CONFIRMED,1,P014715,INDIVIDUAL
BK005028,J000076,3274444508,2026-10-09,CONFIRMED,4,P014716,FAMILY
BK005029,J000076,2594889756,2026-10-08,CONFIRMED,3,P014720,FAMILY
BK005030,J000076,8772893097,2026-10-07,CONFIRMED,4,P014723,FAMILY
BK005031,J000076,9708214102,2026-10-06,CONFIRMED,1,P014727,INDIVIDUAL
BK005032,J000076,3295313876,2026-10-05,CONFIRMED,1,P014728,INDIVIDUAL
BK005033,J000076,1357335262,2026-10-04,CONFIRMED,1,P014729,INDIVIDUAL
BK005034,J000076,3348637470,2026-10-03,CONFIRMED,2,P014730,FAMILY
BK005035,J000076,9705772286,2026-10-02,CONFIRMED,1,P014732,INDIVIDUAL
BK005036,J000076,2957987708,2026-10-01,CONFIRMED,4,P014733,FAMILY
BK005037,J000076,7348140826,2026-09-30,CONFIRMED,4,P014737,FRIENDS
BK005038,J000076,3397276082,2026-09-29,CONFIRMED,3,P014741,FRIENDS
BK005039,J000076,7487313003,2026-09-28,CONFIRMED,3,P014744,FAMILY
BK005040,J000076,2715710752,2026-09-27,RAC,4,P014747,FAMILY
BK005041,J000076,1804823668,2026-09-26,CONFIRMED,1,P014751,INDIVIDUAL
BK005042,J000076,7776608351,2026-09-25,CONFIRMED,4,P014752,FAMILY
BK005043,J000076,1369071879,2026-09-24,CONFIRMED,1,P014756,INDIVIDUAL
BK005044,J000076,4885110790,2026-09-23,CONFIRMED,3,P014757,GROUP
BK005045,J000076,7021001834,2026-09-22,CONFIRMED,4,P014760,FRIENDS
BK005046,J000076,9925633197,2026-09-21,CONFIRMED,4,P014764,FAMILY
BK005047,J000076,7963764819,2026-09-20,CONFIRMED,1,P014768,INDIVIDUAL
BK005048,J000076,6990819397,2026-09-19,CONFIRMED,3,P014769,GROUP
BK005049,J000076,8765360703,2026-09-18,WAITLISTED,3,P014772,FAMILY
BK005050,J000076,5020956499,2026-09-17,CONFIRMED,2,P014775,FAMILY
BK005051,J000076,7305581871,2026-09-16,CONFIRMED,2,P014777,FRIENDS
BK005052,J000076,4437227580,2026-09-15,CONFIRMED,3,P014779,GROUP
BK005053,J000076,8574886549,2026-09-14,CONFIRMED,4,P014782,FRIENDS
BK005054,J000076,2953915659,2026-10-21,CONFIRMED,4,P014786,CAREGIVER_COMPANION
BK005055,J000076,8647334394,2026-10-20,CONFIRMED,1,P014790,INDIVIDUAL
BK005056,J000076,5797533223,2026-10-19,CONFIRMED,7,P014791,GROUP
BK005057,J000076,1762887067,2026-10-18,CONFIRMED,1,P014798,INDIVIDUAL
BK005058,J000076,4625768303,2026-10-17,CONFIRMED,1,P014799,INDIVIDUAL
BK005059,J000076,5983597918,2026-10-16,CONFIRMED,1,P014800,INDIVIDUAL
BK005060,J000076,4762111505,2026-10-15,CONFIRMED,4,P014801,FAMILY
BK005061,J000076,5211846243,2026-10-14,CONFIRMED,6,P014805,GROUP
BK005062,J000076,1722941652,2026-10-13,CONFIRMED,1,P014811,INDIVIDUAL
BK005063,J000076,4223510461,2026-10-12,CONFIRMED,4,P014812,GROUP
BK005064,J000076,4536676920,2026-10-11,CONFIRMED,4,P014816,FAMILY
BK005065,J000076,2514728611,2026-10-10,CONFIRMED,1,P014820,INDIVIDUAL
BK005066,J000076,7570528141,2026-10-09,CONFIRMED,2,P014821,FAMILY
BK005067,J000076,9494630283,2026-10-08,CONFIRMED,4,P014823,GROUP
BK005068,J000076,2944546145,2026-10-07,CONFIRMED,3,P014827,GROUP
BK005069,J000076,1545667711,2026-10-06,CONFIRMED,6,P014830,GROUP
BK005070,J000076,9905339250,2026-10-05,CONFIRMED,1,P014836,INDIVIDUAL
BK005071,J000076,9367762406,2026-10-04,CONFIRMED,3,P014837,FAMILY
BK005072,J000076,6594243735,2026-10-03,CONFIRMED,1,P014840,INDIVIDUAL
BK005073,J000076,4061461841,2026-10-02,CONFIRMED,3,P014841,FAMILY
BK005074,J000076,8621895706,2026-10-01,CONFIRMED,5,P014844,GROUP
BK005075,J000076,2177137321,2026-09-30,CONFIRMED,3,P014849,FAMILY
BK005076,J000076,9940255725,2026-09-29,CONFIRMED,3,P014852,GROUP
BK005077,J000076,9374889780,2026-09-28,CONFIRMED,4,P014855,FRIENDS
BK005078,J000076,2863701240,2026-09-27,CONFIRMED,2,P014859,FAMILY
BK005079,J000076,4724699078,2026-09-26,CONFIRMED,2,P014861,FRIENDS
BK005080,J000076,6233677520,2026-09-25,RAC,1,P014863,INDIVIDUAL
BK005081,J000076,4786787584,2026-09-24,CONFIRMED,4,P014864,FRIENDS
BK005082,J000076,5273916557,2026-09-23,WAITLISTED,2,P014868,FAMILY
BK005083,J000076,4068304723,2026-09-22,CONFIRMED,7,P014870,FAMILY
BK005084,J000076,7526625477,2026-09-21,CONFIRMED,2,P014877,FRIENDS
BK005085,J000076,2561460800,2026-09-20,CONFIRMED,1,P014879,INDIVIDUAL
BK005086,J000076,6620520165,2026-09-19,CONFIRMED,4,P014880,FAMILY
BK005087,J000076,3605724693,2026-09-18,CONFIRMED,3,P014884,FAMILY
BK005088,J000076,6501575807,2026-09-17,CONFIRMED,2,P014887,FRIENDS
BK005089,J000076,1230073292,2026-09-16,CONFIRMED,3,P014889,FAMILY
BK005090,J000076,5346063219,2026-09-15,CONFIRMED,3,P014892,FRIENDS
BK005091,J000076,4840268796,2026-09-14,CONFIRMED,8,P014895,GROUP
BK005092,J000076,2379011943,2026-10-21,CONFIRMED,3,P014903,GROUP
BK005093,J000077,8631085304,2026-10-27,CONFIRMED,5,P014906,FAMILY
BK005094,J000077,2635163243,2026-10-26,CONFIRMED,2,P014911,FAMILY
BK005095,J000077,4818365141,2026-10-25,CONFIRMED,5,P014913,FAMILY
BK005096,J000077,5467102660,2026-10-24,CONFIRMED,1,P014918,INDIVIDUAL
BK005097,J000077,4071779843,2026-10-23,CONFIRMED,2,P014919,GROUP
BK005098,J000077,1219133780,2026-10-22,CONFIRMED,4,P014921,FAMILY
BK005099,J000077,3960975041,2026-10-21,CONFIRMED,4,P014925,GROUP
BK005100,J000077,5564482208,2026-10-20,CANCELLED,6,P014929,FAMILY
BK005101,J000077,2270548575,2026-10-19,CONFIRMED,4,P014935,FRIENDS
BK005102,J000077,9761946250,2026-10-18,CONFIRMED,4,P014939,FAMILY
BK005103,J000077,9394022570,2026-10-17,CONFIRMED,3,P014943,FAMILY
BK005104,J000077,8706622974,2026-10-16,CONFIRMED,2,P014946,FRIENDS
BK005105,J000077,3793613234,2026-10-15,CONFIRMED,2,P014948,GROUP
BK005106,J000077,3365249645,2026-10-14,CONFIRMED,4,P014950,FAMILY
BK005107,J000077,5241428688,2026-10-13,CONFIRMED,5,P014954,FAMILY
BK005108,J000077,2524497522,2026-10-12,CONFIRMED,3,P014959,GROUP
BK005109,J000077,7370984615,2026-10-11,CONFIRMED,3,P014962,FAMILY
BK005110,J000077,8413263532,2026-10-10,CONFIRMED,1,P014965,INDIVIDUAL
BK005111,J000077,4155782978,2026-10-09,CONFIRMED,1,P014966,INDIVIDUAL
BK005112,J000077,9912682526,2026-10-08,CONFIRMED,2,P014967,FRIENDS
BK005113,J000077,3731440826,2026-10-07,CONFIRMED,6,P014969,GROUP
BK005114,J000077,9056105658,2026-10-06,CONFIRMED,2,P014975,FAMILY
BK005115,J000077,2579725376,2026-10-05,WAITLISTED,2,P014977,FRIENDS
BK005116,J000077,1530103069,2026-10-04,CONFIRMED,4,P014979,FAMILY
BK005117,J000077,8020084949,2026-10-03,CONFIRMED,3,P014983,FAMILY
BK005118,J000077,1450492433,2026-10-02,CONFIRMED,1,P014986,INDIVIDUAL
BK005119,J000077,4937683156,2026-10-01,CONFIRMED,4,P014987,GROUP
BK005120,J000077,5074760026,2026-09-30,RAC,4,P014991,FAMILY
BK005121,J000077,9667160260,2026-09-29,CONFIRMED,1,P014995,INDIVIDUAL
BK005122,J000077,8724005543,2026-09-28,CONFIRMED,3,P014996,FRIENDS
BK005123,J000077,4895475236,2026-09-27,CONFIRMED,4,P014999,GROUP
BK005124,J000077,3377913385,2026-09-26,CONFIRMED,2,P015003,FRIENDS
BK005125,J000077,1721204847,2026-09-25,CONFIRMED,1,P015005,INDIVIDUAL
BK005126,J000077,7693601959,2026-09-24,CONFIRMED,1,P015006,INDIVIDUAL
BK005127,J000077,7738297139,2026-09-23,CONFIRMED,4,P015007,GROUP
BK005128,J000077,8041514925,2026-09-22,CONFIRMED,2,P015011,FRIENDS
BK005129,J000077,2377562187,2026-09-21,CONFIRMED,4,P015013,FRIENDS
BK005130,J000077,2948807328,2026-10-28,CONFIRMED,1,P015017,INDIVIDUAL
BK005131,J000077,5570139569,2026-10-27,CONFIRMED,3,P015018,FAMILY
BK005132,J000077,4771414079,2026-10-26,CONFIRMED,3,P015021,GROUP
BK005133,J000077,2596733174,2026-10-25,CONFIRMED,1,P015024,INDIVIDUAL
BK005134,J000077,1408544936,2026-10-24,CONFIRMED,5,P015025,GROUP
BK005135,J000077,4631019257,2026-10-23,CONFIRMED,2,P015030,FRIENDS
BK005136,J000077,1847929540,2026-10-22,CONFIRMED,3,P015032,GROUP
BK005137,J000077,3980665309,2026-10-21,CONFIRMED,1,P015035,INDIVIDUAL
BK005138,J000077,7711168342,2026-10-20,CONFIRMED,2,P015036,FAMILY
BK005139,J000077,2877698516,2026-10-19,CONFIRMED,1,P015038,INDIVIDUAL
BK005140,J000077,5838425858,2026-10-18,CONFIRMED,1,P015039,INDIVIDUAL
BK005141,J000077,3555419256,2026-10-17,CONFIRMED,2,P015040,GROUP
BK005142,J000077,6035271931,2026-10-16,CONFIRMED,4,P015042,FAMILY
BK005143,J000077,6360964557,2026-10-15,CONFIRMED,2,P015046,FRIENDS
BK005144,J000077,4806294794,2026-10-14,CONFIRMED,2,P015048,FRIENDS
BK005145,J000077,4195609817,2026-10-13,CONFIRMED,4,P015050,FRIENDS
BK005146,J000077,5412308329,2026-10-12,CONFIRMED,5,P015054,GROUP
BK005147,J000077,9271494732,2026-10-11,CONFIRMED,4,P015059,GROUP
BK005148,J000077,8689605794,2026-10-10,WAITLISTED,2,P015063,FRIENDS
BK005149,J000077,7594211610,2026-10-09,CONFIRMED,3,P015065,FAMILY
BK005150,J000077,4341695512,2026-10-08,CONFIRMED,2,P015068,FAMILY
BK005151,J000077,2868122096,2026-10-07,CONFIRMED,1,P015070,INDIVIDUAL
BK005152,J000077,5216502423,2026-10-06,CONFIRMED,1,P015071,INDIVIDUAL
BK005153,J000077,9245589931,2026-10-05,CONFIRMED,4,P015072,FRIENDS
BK005154,J000077,8957854083,2026-10-04,CONFIRMED,1,P015076,INDIVIDUAL
BK005155,J000077,1791579142,2026-10-03,CONFIRMED,2,P015077,FRIENDS
BK005156,J000077,2963004808,2026-10-02,CONFIRMED,1,P015079,INDIVIDUAL
BK005157,J000077,2922965554,2026-10-01,CONFIRMED,4,P015080,FRIENDS
BK005158,J000077,9653651535,2026-09-30,CONFIRMED,1,P015084,INDIVIDUAL
BK005159,J000077,9344182436,2026-09-29,CONFIRMED,2,P015085,FRIENDS
BK005160,J000078,6897414620,2026-10-05,RAC,5,P015087,FRIENDS
BK005161,J000078,6657816050,2026-10-04,CONFIRMED,2,P015092,GROUP
BK005162,J000078,1192515631,2026-10-03,CONFIRMED,1,P015094,INDIVIDUAL
BK005163,J000078,7467791284,2026-10-02,CONFIRMED,1,P015095,INDIVIDUAL
BK005164,J000078,5943402966,2026-10-01,CONFIRMED,3,P015096,GROUP
BK005165,J000078,1834948471,2026-09-30,CONFIRMED,6,P015099,GROUP
BK005166,J000078,9122707446,2026-09-29,CONFIRMED,6,P015105,FAMILY
BK005167,J000078,5110166726,2026-09-28,CONFIRMED,3,P015111,FAMILY
BK005168,J000078,3360266971,2026-11-04,CONFIRMED,2,P015114,FRIENDS
BK005169,J000078,4150560536,2026-11-03,CONFIRMED,4,P015116,FRIENDS
BK005170,J000078,9432736754,2026-11-02,CONFIRMED,4,P015120,FAMILY
BK005171,J000078,3307153710,2026-11-01,CONFIRMED,4,P015124,GROUP
BK005172,J000078,8404455062,2026-10-31,CONFIRMED,3,P015128,GROUP
BK005173,J000078,5035014123,2026-10-30,CONFIRMED,1,P015131,INDIVIDUAL
BK005174,J000078,5364251837,2026-10-29,CONFIRMED,4,P015132,FAMILY
BK005175,J000078,8202672658,2026-10-28,CONFIRMED,4,P015136,GROUP
BK005176,J000078,6930986134,2026-10-27,CONFIRMED,1,P015140,INDIVIDUAL
BK005177,J000078,6840400319,2026-10-26,CONFIRMED,4,P015141,FRIENDS
BK005178,J000078,4077659596,2026-10-25,CONFIRMED,3,P015145,FRIENDS
BK005179,J000078,2755569261,2026-10-24,CONFIRMED,1,P015148,INDIVIDUAL
BK005180,J000078,7627638933,2026-10-23,CONFIRMED,2,P015149,FRIENDS
BK005181,J000078,9136347620,2026-10-22,WAITLISTED,6,P015151,GROUP
BK005182,J000078,7624222944,2026-10-21,CONFIRMED,2,P015157,FAMILY
BK005183,J000078,8045847713,2026-10-20,CONFIRMED,7,P015159,FAMILY
BK005184,J000078,7943426785,2026-10-19,CONFIRMED,2,P015166,FRIENDS
BK005185,J000078,6690031207,2026-10-18,CONFIRMED,1,P015168,INDIVIDUAL
BK005186,J000078,8782249151,2026-10-17,CONFIRMED,3,P015169,FRIENDS
BK005187,J000078,1896553421,2026-10-16,CONFIRMED,3,P015172,FAMILY
BK005188,J000078,9280455138,2026-10-15,CONFIRMED,2,P015175,FRIENDS
BK005189,J000078,2593618417,2026-10-14,CONFIRMED,5,P015177,FAMILY
BK005190,J000078,9170981102,2026-10-13,CONFIRMED,1,P015182,INDIVIDUAL
BK005191,J000078,3058317812,2026-10-12,CONFIRMED,4,P015183,GROUP
BK005192,J000078,9620894854,2026-10-11,CONFIRMED,6,P015187,FAMILY
BK005193,J000078,5799645889,2026-10-10,CONFIRMED,1,P015193,INDIVIDUAL
BK005194,J000078,8572110502,2026-10-09,CONFIRMED,2,P015194,FAMILY
BK005195,J000078,2276039893,2026-10-08,CONFIRMED,2,P015196,FRIENDS
BK005196,J000078,8831985867,2026-10-07,CONFIRMED,7,P015198,GROUP
BK005197,J000078,9543134045,2026-10-06,CONFIRMED,1,P015205,INDIVIDUAL
BK005198,J000078,3971910856,2026-10-05,CONFIRMED,1,P015206,INDIVIDUAL
BK005199,J000078,5938178838,2026-10-04,CONFIRMED,4,P015207,GROUP
BK005200,J000078,4871411697,2026-10-03,CANCELLED,1,P015211,INDIVIDUAL
BK005201,J000078,7898943490,2026-10-02,CONFIRMED,3,P015212,FAMILY
BK005202,J000078,6065797430,2026-10-01,CONFIRMED,2,P015215,FAMILY
BK005203,J000078,6565640085,2026-09-30,CONFIRMED,1,P015217,INDIVIDUAL
BK005204,J000078,7211161964,2026-09-29,CONFIRMED,1,P015218,INDIVIDUAL
BK005205,J000078,4318744408,2026-09-28,CONFIRMED,3,P015219,FAMILY
BK005206,J000078,4896668163,2026-11-04,CONFIRMED,4,P015222,CAREGIVER_COMPANION
BK005207,J000078,5358994788,2026-11-03,CONFIRMED,3,P015226,FAMILY
BK005208,J000078,2953718239,2026-11-02,CONFIRMED,1,P015229,INDIVIDUAL
BK005209,J000078,5859710939,2026-11-01,CONFIRMED,4,P015230,FRIENDS
BK005210,J000078,8999479304,2026-10-31,CONFIRMED,4,P015234,FAMILY
BK005211,J000078,3805708025,2026-10-30,CONFIRMED,4,P015238,GROUP
BK005212,J000078,3307466030,2026-10-29,CONFIRMED,2,P015242,FRIENDS
BK005213,J000078,5655291914,2026-10-28,CONFIRMED,1,P015244,INDIVIDUAL
BK005214,J000078,4864168421,2026-10-27,WAITLISTED,5,P015245,GROUP
BK005215,J000078,1826016439,2026-10-26,CONFIRMED,4,P015250,GROUP
BK005216,J000078,5745246933,2026-10-25,CONFIRMED,2,P015254,FRIENDS
BK005217,J000078,2177575834,2026-10-24,CONFIRMED,1,P015256,INDIVIDUAL
BK005218,J000078,8445180991,2026-10-23,CONFIRMED,3,P015257,FRIENDS
BK005219,J000078,6482721477,2026-10-22,CONFIRMED,2,P015260,FRIENDS
BK005220,J000078,7077328028,2026-10-21,CONFIRMED,4,P015262,FAMILY
BK005221,J000078,2484448334,2026-10-20,CONFIRMED,3,P015266,FAMILY
BK005222,J000078,7599775415,2026-10-19,CONFIRMED,4,P015269,FAMILY
BK005223,J000078,7166769279,2026-10-18,CONFIRMED,2,P015273,FRIENDS
BK005224,J000078,9526816983,2026-10-17,CONFIRMED,4,P015275,FAMILY
BK005225,J000078,3865005206,2026-10-16,CONFIRMED,2,P015279,GROUP
BK005226,J000078,8619355985,2026-10-15,CONFIRMED,4,P015281,FAMILY
BK005227,J000079,2875986287,2026-09-11,CONFIRMED,2,P015285,FRIENDS
BK005228,J000079,3237322816,2026-09-10,CONFIRMED,2,P015287,FRIENDS
BK005229,J000079,3496132906,2026-09-09,CONFIRMED,2,P015289,GROUP
BK005230,J000079,7138013948,2026-09-08,CONFIRMED,1,P015291,INDIVIDUAL
BK005231,J000079,4966805289,2026-09-07,CONFIRMED,1,P015292,INDIVIDUAL
BK005232,J000079,8572750343,2026-09-06,CONFIRMED,1,P015293,INDIVIDUAL
BK005233,J000079,8986720401,2026-09-05,CONFIRMED,2,P015294,GROUP
BK005234,J000079,8506138469,2026-09-04,CONFIRMED,1,P015296,INDIVIDUAL
BK005235,J000079,4034341931,2026-09-03,CONFIRMED,2,P015297,FRIENDS
BK005236,J000079,9600481732,2026-09-02,CONFIRMED,4,P015299,FAMILY
BK005237,J000079,1780217412,2026-09-01,CONFIRMED,2,P015303,GROUP
BK005238,J000079,2198052181,2026-08-31,CONFIRMED,1,P015305,INDIVIDUAL
BK005239,J000079,6661612820,2026-08-30,CONFIRMED,2,P015306,FRIENDS
BK005240,J000079,4170541209,2026-08-29,RAC,1,P015308,INDIVIDUAL
BK005241,J000079,5977047390,2026-08-28,CONFIRMED,5,P015309,FAMILY
BK005242,J000079,5063903873,2026-08-27,CONFIRMED,3,P015314,FRIENDS
BK005243,J000079,5657694566,2026-08-26,CONFIRMED,4,P015317,GROUP
BK005244,J000079,7326442602,2026-10-02,CONFIRMED,7,P015321,CAREGIVER_COMPANION
BK005245,J000079,2403530314,2026-10-01,CONFIRMED,4,P015328,FRIENDS
BK005246,J000079,1005549245,2026-09-30,CONFIRMED,3,P015332,FRIENDS
BK005247,J000079,1275895115,2026-09-29,WAITLISTED,1,P015335,INDIVIDUAL
BK005248,J000079,5291263775,2026-09-28,CONFIRMED,5,P015336,FRIENDS
BK005249,J000079,8499647058,2026-09-27,CONFIRMED,7,P015341,FAMILY
BK005250,J000079,6555227139,2026-09-26,CONFIRMED,1,P015348,INDIVIDUAL
BK005251,J000079,6641794997,2026-09-25,CONFIRMED,3,P015349,FAMILY
BK005252,J000079,2657709592,2026-09-24,CONFIRMED,1,P015352,INDIVIDUAL
BK005253,J000079,3924198362,2026-09-23,CONFIRMED,1,P015353,INDIVIDUAL
BK005254,J000079,3064124177,2026-09-22,CONFIRMED,2,P015354,FAMILY
BK005255,J000079,6053846275,2026-09-21,CONFIRMED,2,P015356,FRIENDS
BK005256,J000079,2353462381,2026-09-20,CONFIRMED,1,P015358,INDIVIDUAL
BK005257,J000079,2618892877,2026-09-19,CONFIRMED,2,P015359,GROUP
BK005258,J000079,8800458665,2026-09-18,CONFIRMED,4,P015361,FAMILY
BK005259,J000079,8631703303,2026-09-17,CONFIRMED,1,P015365,INDIVIDUAL
BK005260,J000079,8050519439,2026-09-16,CONFIRMED,1,P015366,INDIVIDUAL
BK005261,J000079,2390263529,2026-09-15,CONFIRMED,8,P015367,FRIENDS
BK005262,J000079,4398104624,2026-09-14,CONFIRMED,3,P015375,FRIENDS
BK005263,J000079,7825102263,2026-09-13,CONFIRMED,2,P015378,FRIENDS
BK005264,J000079,5755342697,2026-09-12,CONFIRMED,4,P015380,FAMILY
BK005265,J000079,9204359486,2026-09-11,CONFIRMED,4,P015384,FRIENDS
BK005266,J000079,4952995704,2026-09-10,CONFIRMED,3,P015388,FRIENDS
BK005267,J000079,3741199991,2026-09-09,CONFIRMED,5,P015391,FAMILY
BK005268,J000079,5624158509,2026-09-08,CONFIRMED,2,P015396,FRIENDS
BK005269,J000079,8483456883,2026-09-07,CONFIRMED,1,P015398,INDIVIDUAL
BK005270,J000079,5553781100,2026-09-06,CONFIRMED,4,P015399,FAMILY
BK005271,J000079,8316765212,2026-09-05,CONFIRMED,4,P015403,GROUP
BK005272,J000079,9247797861,2026-09-04,CONFIRMED,4,P015407,FAMILY
BK005273,J000079,6528955087,2026-09-03,CONFIRMED,1,P015411,INDIVIDUAL
BK005274,J000079,2223526885,2026-09-02,CONFIRMED,4,P015412,FAMILY
BK005275,J000079,9234224029,2026-09-01,CONFIRMED,1,P015416,INDIVIDUAL
BK005276,J000079,4350283367,2026-08-31,CONFIRMED,5,P015417,FRIENDS
BK005277,J000079,8413723978,2026-08-30,CONFIRMED,4,P015422,FRIENDS
BK005278,J000079,3131530084,2026-08-29,CONFIRMED,1,P015426,INDIVIDUAL
BK005279,J000079,9228377177,2026-08-28,CONFIRMED,1,P015427,INDIVIDUAL
BK005280,J000079,9153622772,2026-08-27,RAC,1,P015428,INDIVIDUAL
BK005281,J000079,8695033981,2026-08-26,CONFIRMED,2,P015429,GROUP
BK005282,J000079,8434857833,2026-10-02,CONFIRMED,2,P015431,FAMILY
BK005283,J000079,5645840159,2026-10-01,CONFIRMED,3,P015433,FAMILY
BK005284,J000079,5785290274,2026-09-30,CONFIRMED,1,P015436,INDIVIDUAL
BK005285,J000079,4819949853,2026-09-29,CONFIRMED,6,P015437,GROUP
BK005286,J000079,9317913597,2026-09-28,CONFIRMED,2,P015443,FAMILY
BK005287,J000079,7482514957,2026-09-27,CONFIRMED,2,P015445,FRIENDS
BK005288,J000079,3680872725,2026-09-26,CONFIRMED,5,P015447,FRIENDS
BK005289,J000079,1495206655,2026-09-25,CONFIRMED,1,P015452,INDIVIDUAL
BK005290,J000079,9662436522,2026-09-24,CONFIRMED,4,P015453,FAMILY
BK005291,J000079,1039318141,2026-09-23,CONFIRMED,1,P015457,INDIVIDUAL
BK005292,J000079,4757463881,2026-09-22,CONFIRMED,4,P015458,FAMILY
BK005293,J000079,6611528713,2026-09-21,CONFIRMED,1,P015462,INDIVIDUAL
BK005294,J000080,1606530715,2026-09-23,CONFIRMED,3,P015463,FRIENDS
BK005295,J000080,3337279274,2026-09-22,CONFIRMED,4,P015466,GROUP
BK005296,J000080,5357675933,2026-09-21,CONFIRMED,3,P015470,GROUP
BK005297,J000080,3915712754,2026-09-20,CONFIRMED,2,P015473,GROUP
BK005298,J000080,5855420638,2026-09-19,CONFIRMED,8,P015475,FAMILY
BK005299,J000080,8053050904,2026-09-18,CONFIRMED,2,P015483,FRIENDS
BK005300,J000080,3235352150,2026-09-17,CANCELLED,4,P015485,FAMILY
BK005301,J000080,1699106418,2026-09-16,CONFIRMED,1,P015489,INDIVIDUAL
BK005302,J000080,4139609306,2026-09-15,CONFIRMED,4,P015490,FAMILY
BK005303,J000080,6088463062,2026-09-14,CONFIRMED,4,P015494,GROUP
BK005304,J000080,3215221658,2026-09-13,CONFIRMED,1,P015498,INDIVIDUAL
BK005305,J000080,2772417244,2026-09-12,CONFIRMED,1,P015499,INDIVIDUAL
BK005306,J000080,5723659569,2026-09-11,CONFIRMED,4,P015500,FAMILY
BK005307,J000080,2361779935,2026-09-10,CONFIRMED,4,P015504,GROUP
BK005308,J000080,1729831448,2026-09-09,CONFIRMED,3,P015508,GROUP
BK005309,J000080,2688523243,2026-09-08,CONFIRMED,5,P015511,FAMILY
BK005310,J000080,4380489549,2026-09-07,CONFIRMED,3,P015516,FRIENDS
BK005311,J000080,6692910645,2026-09-06,CONFIRMED,6,P015519,FRIENDS
BK005312,J000080,3348023226,2026-09-05,CONFIRMED,6,P015525,FAMILY
BK005313,J000080,4468046783,2026-09-04,WAITLISTED,6,P015531,GROUP
BK005314,J000080,6980281408,2026-09-03,CONFIRMED,6,P015537,FAMILY
BK005315,J000080,7427689543,2026-09-02,CONFIRMED,1,P015543,INDIVIDUAL
BK005316,J000080,6458121987,2026-09-01,CONFIRMED,6,P015544,FAMILY
BK005317,J000080,7995484859,2026-08-31,CONFIRMED,4,P015550,FRIENDS
BK005318,J000080,3524703593,2026-08-30,CONFIRMED,1,P015554,INDIVIDUAL
BK005319,J000080,1893986942,2026-08-29,CONFIRMED,1,P015555,INDIVIDUAL
BK005320,J000080,5788318598,2026-10-05,RAC,3,P015556,GROUP
BK005321,J000080,5715305257,2026-10-04,CONFIRMED,1,P015559,INDIVIDUAL
BK005322,J000080,2017079205,2026-10-03,CONFIRMED,1,P015560,INDIVIDUAL
BK005323,J000080,4392088332,2026-10-02,CONFIRMED,1,P015561,INDIVIDUAL
BK005324,J000080,9779318716,2026-10-01,CONFIRMED,4,P015562,FAMILY
BK005325,J000080,2472573188,2026-09-30,CONFIRMED,2,P015566,GROUP
BK005326,J000080,7234918202,2026-09-29,CONFIRMED,2,P015568,FAMILY
BK005327,J000080,4804861132,2026-09-28,CONFIRMED,2,P015570,FRIENDS
BK005328,J000080,6588347957,2026-09-27,CONFIRMED,1,P015572,INDIVIDUAL
BK005329,J000080,5806669853,2026-09-26,CONFIRMED,4,P015573,FRIENDS
BK005330,J000080,5042713416,2026-09-25,CONFIRMED,1,P015577,INDIVIDUAL
BK005331,J000080,7539681410,2026-09-24,CONFIRMED,2,P015578,FRIENDS
BK005332,J000080,4599272001,2026-09-23,CONFIRMED,3,P015580,GROUP
BK005333,J000080,9127781153,2026-09-22,CONFIRMED,3,P015583,FAMILY
BK005334,J000080,9443568360,2026-09-21,CONFIRMED,1,P015586,INDIVIDUAL
BK005335,J000080,5037104040,2026-09-20,CONFIRMED,3,P015587,FAMILY
BK005336,J000080,2422034972,2026-09-19,CONFIRMED,3,P015590,GROUP
BK005337,J000080,9835258628,2026-09-18,CONFIRMED,2,P015593,GROUP
BK005338,J000080,7495966654,2026-09-17,CONFIRMED,1,P015595,INDIVIDUAL
BK005339,J000080,9058780545,2026-09-16,CONFIRMED,6,P015596,CAREGIVER_COMPANION
BK005340,J000080,9879410494,2026-09-15,CONFIRMED,1,P015602,INDIVIDUAL
BK005341,J000080,5266990165,2026-09-14,CONFIRMED,1,P015603,INDIVIDUAL
BK005342,J000080,2323107985,2026-09-13,CONFIRMED,7,P015604,FRIENDS
BK005343,J000080,8885771268,2026-09-12,CONFIRMED,6,P015611,FRIENDS
BK005344,J000080,8645181294,2026-09-11,CONFIRMED,2,P015617,FRIENDS
BK005345,J000080,2555237763,2026-09-10,CONFIRMED,2,P015619,GROUP
BK005346,J000080,7127595571,2026-09-09,WAITLISTED,1,P015621,INDIVIDUAL
BK005347,J000080,2918807832,2026-09-08,CONFIRMED,1,P015622,INDIVIDUAL
BK005348,J000080,9839873169,2026-09-07,CONFIRMED,1,P015623,INDIVIDUAL
BK005349,J000080,9978624046,2026-09-06,CONFIRMED,1,P015624,INDIVIDUAL
BK005350,J000080,9505430931,2026-09-05,CONFIRMED,5,P015625,GROUP
BK005351,J000080,6360442370,2026-09-04,CONFIRMED,3,P015630,FAMILY
BK005352,J000080,8045604337,2026-09-03,CONFIRMED,4,P015633,FAMILY
BK005353,J000080,7847906105,2026-09-02,CONFIRMED,1,P015637,INDIVIDUAL
BK005354,J000080,3403627596,2026-09-01,CONFIRMED,1,P015638,INDIVIDUAL
BK005355,J000080,9853695641,2026-08-31,CONFIRMED,2,P015639,FRIENDS
BK005356,J000080,9270797471,2026-08-30,CONFIRMED,4,P015641,FAMILY
BK005357,J000080,9808470119,2026-08-29,CONFIRMED,3,P015645,FAMILY
BK005358,J000080,7550175121,2026-10-05,CONFIRMED,1,P015648,INDIVIDUAL
BK005359,J000080,5341402524,2026-10-04,CONFIRMED,2,P015649,FRIENDS
BK005360,J000080,6358230916,2026-10-03,RAC,7,P015651,GROUP
BK005361,J000081,4554178780,2026-10-06,CONFIRMED,2,P015658,GROUP
BK005362,J000081,3230026492,2026-10-05,CONFIRMED,1,P015660,INDIVIDUAL
BK005363,J000081,1935941140,2026-10-04,CONFIRMED,6,P015661,FRIENDS
BK005364,J000081,1494693108,2026-10-03,CONFIRMED,1,P015667,INDIVIDUAL
BK005365,J000081,9143647991,2026-10-02,CONFIRMED,4,P015668,FRIENDS
BK005366,J000081,5547977987,2026-10-01,CONFIRMED,2,P015672,FAMILY
BK005367,J000081,5848605728,2026-09-30,CONFIRMED,2,P015674,FRIENDS
BK005368,J000081,2343111753,2026-09-29,CONFIRMED,2,P015676,FRIENDS
BK005369,J000081,1935644378,2026-09-28,CONFIRMED,1,P015678,INDIVIDUAL
BK005370,J000081,7018626737,2026-09-27,CONFIRMED,1,P015679,INDIVIDUAL
BK005371,J000081,8790572360,2026-09-26,CONFIRMED,7,P015680,FAMILY
BK005372,J000081,4516058168,2026-09-25,CONFIRMED,1,P015687,INDIVIDUAL
BK005373,J000081,2874815604,2026-09-24,CONFIRMED,8,P015688,FRIENDS
BK005374,J000081,7648887836,2026-09-23,CONFIRMED,3,P015696,FRIENDS
BK005375,J000081,9811656991,2026-09-22,CONFIRMED,1,P015699,INDIVIDUAL
BK005376,J000081,3789901553,2026-09-21,CONFIRMED,2,P015700,FRIENDS
BK005377,J000081,7068321655,2026-09-20,CONFIRMED,1,P015702,INDIVIDUAL
BK005378,J000081,5933474542,2026-09-19,CONFIRMED,2,P015703,FAMILY
BK005379,J000081,2410966437,2026-09-18,WAITLISTED,4,P015705,GROUP
BK005380,J000081,2473708345,2026-09-17,CONFIRMED,1,P015709,INDIVIDUAL
BK005381,J000081,5338577715,2026-09-16,CONFIRMED,1,P015710,INDIVIDUAL
BK005382,J000081,3859265916,2026-09-15,CONFIRMED,2,P015711,FAMILY
BK005383,J000081,5541050769,2026-09-14,CONFIRMED,1,P015713,INDIVIDUAL
BK005384,J000081,7125041168,2026-09-13,CONFIRMED,4,P015714,FAMILY
BK005385,J000081,7883157430,2026-09-12,CONFIRMED,3,P015718,FAMILY
BK005386,J000081,7829203915,2026-09-11,CONFIRMED,2,P015721,FAMILY
BK005387,J000081,4177621441,2026-09-10,CONFIRMED,2,P015723,FRIENDS
BK005388,J000081,7516261777,2026-09-09,CONFIRMED,2,P015725,FRIENDS
BK005389,J000081,2017496356,2026-09-08,CONFIRMED,4,P015727,FRIENDS
BK005390,J000081,3747589765,2026-09-07,CONFIRMED,8,P015731,FAMILY
BK005391,J000081,1661598880,2026-09-06,CONFIRMED,4,P015739,GROUP
BK005392,J000081,6633831387,2026-09-05,CONFIRMED,3,P015743,GROUP
BK005393,J000081,8256882493,2026-09-04,CONFIRMED,5,P015746,FAMILY
BK005394,J000081,3067399403,2026-09-03,CONFIRMED,1,P015751,INDIVIDUAL
BK005395,J000081,7537909167,2026-09-02,CONFIRMED,4,P015752,GROUP
BK005396,J000081,7160208740,2026-10-09,CONFIRMED,4,P015756,CAREGIVER_COMPANION
BK005397,J000081,9845185840,2026-10-08,CONFIRMED,2,P015760,GROUP
BK005398,J000081,3056818898,2026-10-07,CONFIRMED,3,P015762,FRIENDS
BK005399,J000081,3882242830,2026-10-06,CONFIRMED,4,P015765,GROUP
BK005400,J000081,7930573120,2026-10-05,CANCELLED,2,P015769,FRIENDS
BK005401,J000081,1013554922,2026-10-04,CONFIRMED,3,P015771,FAMILY
BK005402,J000081,7132017553,2026-10-03,CONFIRMED,1,P015774,INDIVIDUAL
BK005403,J000081,1543444856,2026-10-02,CONFIRMED,3,P015775,FAMILY
BK005404,J000081,9927454994,2026-10-01,CONFIRMED,3,P015778,GROUP
BK005405,J000081,9922171169,2026-09-30,CONFIRMED,4,P015781,FRIENDS
BK005406,J000081,5462493171,2026-09-29,CONFIRMED,8,P015785,FAMILY
BK005407,J000081,5974274768,2026-09-28,CONFIRMED,2,P015793,FRIENDS
BK005408,J000081,6603691999,2026-09-27,CONFIRMED,3,P015795,GROUP
BK005409,J000081,9087694662,2026-09-26,CONFIRMED,4,P015798,FRIENDS
BK005410,J000081,6698140071,2026-09-25,CONFIRMED,1,P015802,INDIVIDUAL
BK005411,J000081,6695869777,2026-09-24,CONFIRMED,2,P015803,FRIENDS
BK005412,J000081,8649634886,2026-09-23,WAITLISTED,7,P015805,GROUP
BK005413,J000081,3915164086,2026-09-22,CONFIRMED,1,P015812,INDIVIDUAL
BK005414,J000081,2097687357,2026-09-21,CONFIRMED,5,P015813,GROUP
BK005415,J000081,1637322578,2026-09-20,CONFIRMED,3,P015818,FAMILY
BK005416,J000081,1470537095,2026-09-19,CONFIRMED,7,P015821,GROUP
BK005417,J000081,4741678034,2026-09-18,CONFIRMED,2,P015828,GROUP
BK005418,J000081,1649354770,2026-09-17,CONFIRMED,3,P015830,FRIENDS
BK005419,J000081,7984735438,2026-09-16,CONFIRMED,2,P015833,FRIENDS
BK005420,J000081,1064066346,2026-09-15,CONFIRMED,1,P015835,INDIVIDUAL
BK005421,J000081,6407903002,2026-09-14,CONFIRMED,3,P015836,FAMILY
BK005422,J000081,1653046294,2026-09-13,CONFIRMED,1,P015839,INDIVIDUAL
BK005423,J000081,1669968762,2026-09-12,CONFIRMED,3,P015840,FAMILY
BK005424,J000081,6269458512,2026-09-11,CONFIRMED,3,P015843,GROUP
BK005425,J000081,9527818360,2026-09-10,CONFIRMED,5,P015846,FAMILY
BK005426,J000081,8653892532,2026-09-09,CONFIRMED,1,P015851,INDIVIDUAL
BK005427,J000081,4042064588,2026-09-08,CONFIRMED,3,P015852,FAMILY
BK005428,J000082,1436983541,2026-09-10,CONFIRMED,4,P015855,FAMILY
BK005429,J000082,3442865460,2026-09-09,CONFIRMED,1,P015859,INDIVIDUAL
BK005430,J000082,6872539280,2026-09-08,CONFIRMED,1,P015860,INDIVIDUAL
BK005431,J000082,3396704612,2026-09-07,CONFIRMED,2,P015861,FRIENDS
BK005432,J000082,4865596016,2026-09-06,CONFIRMED,6,P015863,FAMILY
BK005433,J000082,9604462914,2026-09-05,CONFIRMED,3,P015869,FAMILY
BK005434,J000082,7481309257,2026-10-12,CONFIRMED,1,P015872,INDIVIDUAL
BK005435,J000082,6323267780,2026-10-11,CONFIRMED,4,P015873,GROUP
BK005436,J000082,3314693994,2026-10-10,CONFIRMED,2,P015877,FRIENDS
BK005437,J000082,5195271097,2026-10-09,CONFIRMED,2,P015879,GROUP
BK005438,J000082,4287392217,2026-10-08,CONFIRMED,2,P015881,FAMILY
BK005439,J000082,9181724323,2026-10-07,CONFIRMED,1,P015883,INDIVIDUAL
BK005440,J000082,9213144782,2026-10-06,RAC,2,P015884,FRIENDS
BK005441,J000082,9860961405,2026-10-05,CONFIRMED,4,P015886,FRIENDS
BK005442,J000082,1905202121,2026-10-04,CONFIRMED,1,P015890,INDIVIDUAL
BK005443,J000082,1170939781,2026-10-03,CONFIRMED,2,P015891,FRIENDS
BK005444,J000082,7060389992,2026-10-02,CONFIRMED,4,P015893,FAMILY
BK005445,J000082,7194957555,2026-10-01,WAITLISTED,2,P015897,GROUP
BK005446,J000082,2196563674,2026-09-30,CONFIRMED,1,P015899,INDIVIDUAL
BK005447,J000082,7086682727,2026-09-29,CONFIRMED,4,P015900,GROUP
BK005448,J000082,6216341769,2026-09-28,CONFIRMED,4,P015904,FAMILY
BK005449,J000082,5082691516,2026-09-27,CONFIRMED,2,P015908,GROUP
BK005450,J000082,8113332190,2026-09-26,CONFIRMED,2,P015910,FAMILY
BK005451,J000082,2453965140,2026-09-25,CONFIRMED,3,P015912,FAMILY
BK005452,J000082,5877660046,2026-09-24,CONFIRMED,3,P015915,GROUP
BK005453,J000082,3534538248,2026-09-23,CONFIRMED,2,P015918,GROUP
BK005454,J000082,5504827299,2026-09-22,CONFIRMED,3,P015920,FRIENDS
BK005455,J000082,2527965186,2026-09-21,CONFIRMED,4,P015923,GROUP
BK005456,J000082,9822119142,2026-09-20,CONFIRMED,4,P015927,FAMILY
BK005457,J000082,3384320433,2026-09-19,CONFIRMED,1,P015931,INDIVIDUAL
BK005458,J000082,3513139891,2026-09-18,CONFIRMED,3,P015932,FRIENDS
BK005459,J000082,7661026152,2026-09-17,CONFIRMED,7,P015935,FAMILY
BK005460,J000082,7788501020,2026-09-16,CONFIRMED,4,P015942,FAMILY
BK005461,J000082,7158798219,2026-09-15,CONFIRMED,4,P015946,FRIENDS
BK005462,J000082,3578735326,2026-09-14,CONFIRMED,2,P015950,FAMILY
BK005463,J000082,7543621484,2026-09-13,CONFIRMED,2,P015952,FRIENDS
BK005464,J000082,4866112912,2026-09-12,CONFIRMED,3,P015954,GROUP
BK005465,J000082,1619616566,2026-09-11,CONFIRMED,2,P015957,GROUP
BK005466,J000082,3093450408,2026-09-10,CONFIRMED,2,P015959,FAMILY
BK005467,J000082,5267315771,2026-09-09,CONFIRMED,2,P015961,FRIENDS
BK005468,J000082,7496924773,2026-09-08,CONFIRMED,2,P015963,FRIENDS
BK005469,J000082,2759989247,2026-09-07,CONFIRMED,3,P015965,FAMILY
BK005470,J000082,9925460809,2026-09-06,CONFIRMED,1,P015968,INDIVIDUAL
BK005471,J000082,8392669555,2026-09-05,CONFIRMED,2,P015969,FRIENDS
BK005472,J000082,9478068095,2026-10-12,CONFIRMED,1,P015971,INDIVIDUAL
BK005473,J000082,4387441030,2026-10-11,CONFIRMED,1,P015972,INDIVIDUAL
BK005474,J000082,6329175142,2026-10-10,CONFIRMED,4,P015973,FAMILY
BK005475,J000082,4911170064,2026-10-09,CONFIRMED,2,P015977,FRIENDS
BK005476,J000082,9011659040,2026-10-08,CONFIRMED,7,P015979,GROUP
BK005477,J000082,2378069032,2026-10-07,CONFIRMED,2,P015986,GROUP
BK005478,J000082,5941846074,2026-10-06,WAITLISTED,4,P015988,FAMILY
BK005479,J000082,9995920450,2026-10-05,CONFIRMED,1,P015992,INDIVIDUAL
BK005480,J000082,9183321078,2026-10-04,RAC,4,P015993,FAMILY
BK005481,J000082,6133951744,2026-10-03,CONFIRMED,4,P015997,FRIENDS
BK005482,J000082,7048765606,2026-10-02,CONFIRMED,4,P016001,FAMILY
BK005483,J000082,3978462165,2026-10-01,CONFIRMED,1,P016005,INDIVIDUAL
BK005484,J000082,3421653477,2026-09-30,CONFIRMED,4,P016006,FAMILY
BK005485,J000082,6366757173,2026-09-29,CONFIRMED,2,P016010,GROUP
BK005486,J000082,2898946650,2026-09-28,CONFIRMED,3,P016012,FRIENDS
BK005487,J000082,4463457273,2026-09-27,CONFIRMED,4,P016015,GROUP
BK005488,J000082,6573893005,2026-09-26,CONFIRMED,1,P016019,INDIVIDUAL
BK005489,J000082,3936850895,2026-09-25,CONFIRMED,4,P016020,FRIENDS
BK005490,J000082,3368970615,2026-09-24,CONFIRMED,1,P016024,INDIVIDUAL
BK005491,J000082,7518810703,2026-09-23,CONFIRMED,4,P016025,CAREGIVER_COMPANION
BK005492,J000082,9341494429,2026-09-22,CONFIRMED,4,P016029,FAMILY
BK005493,J000082,9158330010,2026-09-21,CONFIRMED,4,P016033,FRIENDS
BK005494,J000082,8284835628,2026-09-20,CONFIRMED,4,P016037,FAMILY
BK005495,J000083,7235632456,2026-09-23,CONFIRMED,2,P016041,FRIENDS
BK005496,J000083,2940763966,2026-09-22,CONFIRMED,1,P016043,INDIVIDUAL
BK005497,J000083,7616014927,2026-09-21,CONFIRMED,1,P016044,INDIVIDUAL
BK005498,J000083,3262321826,2026-09-20,CONFIRMED,2,P016045,FAMILY
BK005499,J000083,9912073216,2026-09-19,CONFIRMED,3,P016047,FAMILY
BK005500,J000083,7519741284,2026-09-18,CANCELLED,2,P016050,FRIENDS
BK005501,J000083,9434781600,2026-09-17,CONFIRMED,7,P016052,FAMILY
BK005502,J000083,6994376261,2026-09-16,CONFIRMED,4,P016059,FAMILY
BK005503,J000083,3991017205,2026-09-15,CONFIRMED,2,P016063,FRIENDS
BK005504,J000083,7130620952,2026-09-14,CONFIRMED,5,P016065,FRIENDS
BK005505,J000083,8186382969,2026-09-13,CONFIRMED,2,P016070,GROUP
BK005506,J000083,6435296807,2026-09-12,CONFIRMED,4,P016072,FAMILY
BK005507,J000083,8056333706,2026-09-11,CONFIRMED,2,P016076,FRIENDS
BK005508,J000083,4644056211,2026-09-10,CONFIRMED,3,P016078,GROUP
BK005509,J000083,3154307340,2026-09-09,CONFIRMED,4,P016081,FRIENDS
BK005510,J000083,5276181663,2026-10-16,CONFIRMED,4,P016085,CAREGIVER_COMPANION
BK005511,J000083,5599527747,2026-10-15,WAITLISTED,1,P016089,INDIVIDUAL
BK005512,J000083,8346331635,2026-10-14,CONFIRMED,3,P016090,GROUP
BK005513,J000083,6862929536,2026-10-13,CONFIRMED,3,P016093,FAMILY
BK005514,J000083,9147514627,2026-10-12,CONFIRMED,1,P016096,INDIVIDUAL
BK005515,J000083,9596927817,2026-10-11,CONFIRMED,4,P016097,GROUP
BK005516,J000083,6143819819,2026-10-10,CONFIRMED,3,P016101,GROUP
BK005517,J000083,3436744845,2026-10-09,CONFIRMED,2,P016104,GROUP
BK005518,J000083,1561930143,2026-10-08,CONFIRMED,4,P016106,FAMILY
BK005519,J000083,7361637951,2026-10-07,CONFIRMED,5,P016110,FAMILY
BK005520,J000083,6178733101,2026-10-06,RAC,6,P016115,FAMILY
BK005521,J000083,7656686749,2026-10-05,CONFIRMED,2,P016121,GROUP
BK005522,J000083,7202112554,2026-10-04,CONFIRMED,4,P016123,FAMILY
BK005523,J000083,9800524745,2026-10-03,CONFIRMED,4,P016127,GROUP
BK005524,J000083,1540554127,2026-10-02,CONFIRMED,4,P016131,FAMILY
BK005525,J000083,1315197763,2026-10-01,CONFIRMED,3,P016135,FAMILY
BK005526,J000083,8608495011,2026-09-30,CONFIRMED,2,P016138,FAMILY
BK005527,J000083,5099265094,2026-09-29,CONFIRMED,7,P016140,FAMILY
BK005528,J000083,1784819016,2026-09-28,CONFIRMED,2,P016147,FRIENDS
BK005529,J000083,1365127035,2026-09-27,CONFIRMED,4,P016149,CAREGIVER_COMPANION
BK005530,J000083,3672502639,2026-09-26,CONFIRMED,3,P016153,FRIENDS
BK005531,J000083,3191162607,2026-09-25,CONFIRMED,3,P016156,FAMILY
BK005532,J000083,2813152129,2026-09-24,CONFIRMED,1,P016159,INDIVIDUAL
BK005533,J000083,1576554416,2026-09-23,CONFIRMED,4,P016160,FRIENDS
BK005534,J000083,1869523129,2026-09-22,CONFIRMED,4,P016164,FAMILY
BK005535,J000083,7210117099,2026-09-21,CONFIRMED,2,P016168,FRIENDS
BK005536,J000083,7711394226,2026-09-20,CONFIRMED,2,P016170,FRIENDS
BK005537,J000083,9159982367,2026-09-19,CONFIRMED,4,P016172,FRIENDS
BK005538,J000083,3320388091,2026-09-18,CONFIRMED,1,P016176,INDIVIDUAL
BK005539,J000083,8180126432,2026-09-17,CONFIRMED,2,P016177,FRIENDS
BK005540,J000083,5473674693,2026-09-16,CONFIRMED,2,P016179,FRIENDS
BK005541,J000083,1405596648,2026-09-15,CONFIRMED,4,P016181,FRIENDS
BK005542,J000083,3724623279,2026-09-14,CONFIRMED,2,P016185,FAMILY
BK005543,J000083,4627984986,2026-09-13,CONFIRMED,4,P016187,GROUP
BK005544,J000083,4895288407,2026-09-12,WAITLISTED,4,P016191,FAMILY
BK005545,J000083,6675329307,2026-09-11,CONFIRMED,5,P016195,FAMILY
BK005546,J000083,5455932180,2026-09-10,CONFIRMED,1,P016200,INDIVIDUAL
BK005547,J000083,6020817598,2026-09-09,CONFIRMED,4,P016201,GROUP
BK005548,J000083,7143071890,2026-10-16,CONFIRMED,3,P016205,GROUP
BK005549,J000083,8471578167,2026-10-15,CONFIRMED,5,P016208,FAMILY
BK005550,J000083,3580812249,2026-10-14,CONFIRMED,1,P016213,INDIVIDUAL
BK005551,J000083,5495202305,2026-10-13,CONFIRMED,1,P016214,INDIVIDUAL
BK005552,J000083,6634726641,2026-10-12,CONFIRMED,3,P016215,GROUP
BK005553,J000083,4533058615,2026-10-11,CONFIRMED,1,P016218,INDIVIDUAL
BK005554,J000083,9029327443,2026-10-10,CONFIRMED,2,P016219,FAMILY
BK005555,J000083,9659151118,2026-10-09,CONFIRMED,4,P016221,GROUP
BK005556,J000083,4176156038,2026-10-08,CONFIRMED,2,P016225,FRIENDS
BK005557,J000083,4040066398,2026-10-07,CONFIRMED,5,P016227,FAMILY
BK005558,J000083,1030418376,2026-10-06,CONFIRMED,4,P016232,FAMILY
BK005559,J000083,8030782950,2026-10-05,CONFIRMED,1,P016236,INDIVIDUAL
BK005560,J000083,7785359789,2026-10-04,RAC,1,P016237,INDIVIDUAL
BK005561,J000083,9126255520,2026-10-03,CONFIRMED,2,P016238,GROUP
BK005562,J000084,8751281323,2026-10-05,CONFIRMED,1,P016240,INDIVIDUAL
BK005563,J000084,2117816131,2026-10-04,CONFIRMED,3,P016241,FAMILY
BK005564,J000084,4642840702,2026-10-03,CONFIRMED,1,P016244,INDIVIDUAL
BK005565,J000084,2807904844,2026-10-02,CONFIRMED,5,P016245,FAMILY
BK005566,J000084,5873939404,2026-10-01,CONFIRMED,1,P016250,INDIVIDUAL
BK005567,J000084,5092351272,2026-09-30,CONFIRMED,4,P016251,CAREGIVER_COMPANION
BK005568,J000084,3507823757,2026-09-29,CONFIRMED,3,P016255,GROUP
BK005569,J000084,4184982453,2026-09-28,CONFIRMED,4,P016258,FRIENDS
BK005570,J000084,7621754647,2026-09-27,CONFIRMED,2,P016262,FAMILY
BK005571,J000084,7044258736,2026-09-26,CONFIRMED,6,P016264,FRIENDS
BK005572,J000084,2818440981,2026-09-25,CONFIRMED,4,P016270,FAMILY
BK005573,J000084,5055223717,2026-09-24,CONFIRMED,2,P016274,GROUP
BK005574,J000084,7133595979,2026-09-23,CONFIRMED,3,P016276,FRIENDS
BK005575,J000084,4548685543,2026-09-22,CONFIRMED,4,P016279,GROUP
BK005576,J000084,7900983809,2026-09-21,CONFIRMED,7,P016283,GROUP
BK005577,J000084,1235442269,2026-09-20,WAITLISTED,1,P016290,INDIVIDUAL
BK005578,J000084,7099575816,2026-09-19,CONFIRMED,1,P016291,INDIVIDUAL
BK005579,J000084,8719586619,2026-09-18,CONFIRMED,4,P016292,GROUP
BK005580,J000084,8797447216,2026-09-17,CONFIRMED,2,P016296,FRIENDS
BK005581,J000084,3081299692,2026-09-16,CONFIRMED,1,P016298,INDIVIDUAL
BK005582,J000084,5378572674,2026-09-15,CONFIRMED,1,P016299,INDIVIDUAL
BK005583,J000084,2404876012,2026-09-14,CONFIRMED,1,P016300,INDIVIDUAL
BK005584,J000084,6227784782,2026-09-13,CONFIRMED,4,P016301,FAMILY
BK005585,J000084,9459008840,2026-09-12,CONFIRMED,5,P016305,FAMILY
BK005586,J000084,2233553811,2026-10-19,CONFIRMED,4,P016310,CAREGIVER_COMPANION
BK005587,J000084,4986351939,2026-10-18,CONFIRMED,5,P016314,FAMILY
BK005588,J000084,5406438009,2026-10-17,CONFIRMED,2,P016319,FRIENDS
BK005589,J000084,7499951171,2026-10-16,CONFIRMED,2,P016321,GROUP
BK005590,J000084,7528287221,2026-10-15,CONFIRMED,1,P016323,INDIVIDUAL
BK005591,J000084,8096468237,2026-10-14,CONFIRMED,4,P016324,GROUP
BK005592,J000084,2016687827,2026-10-13,CONFIRMED,1,P016328,INDIVIDUAL
BK005593,J000084,1388427002,2026-10-12,CONFIRMED,1,P016329,INDIVIDUAL
BK005594,J000084,2234761939,2026-10-11,CONFIRMED,5,P016330,GROUP
BK005595,J000084,9444999982,2026-10-10,CONFIRMED,2,P016335,FRIENDS
BK005596,J000084,9413878660,2026-10-09,CONFIRMED,2,P016337,FRIENDS
BK005597,J000084,5359818460,2026-10-08,CONFIRMED,1,P016339,INDIVIDUAL
BK005598,J000084,9547481131,2026-10-07,CONFIRMED,8,P016340,FAMILY
BK005599,J000084,8387304590,2026-10-06,CONFIRMED,8,P016348,GROUP
BK005600,J000084,3500846423,2026-10-05,CANCELLED,4,P016356,FAMILY
BK005601,J000084,2955735545,2026-10-04,CONFIRMED,3,P016360,FAMILY
BK005602,J000084,9008434785,2026-10-03,CONFIRMED,8,P016363,FAMILY
BK005603,J000084,2013501736,2026-10-02,CONFIRMED,3,P016371,FAMILY
BK005604,J000084,5998964790,2026-10-01,CONFIRMED,1,P016374,INDIVIDUAL
BK005605,J000084,4728821275,2026-09-30,CONFIRMED,4,P016375,CAREGIVER_COMPANION
BK005606,J000084,6468155895,2026-09-29,CONFIRMED,2,P016379,FAMILY
BK005607,J000084,2813056618,2026-09-28,CONFIRMED,1,P016381,INDIVIDUAL
BK005608,J000084,4817460118,2026-09-27,CONFIRMED,1,P016382,INDIVIDUAL
BK005609,J000084,8204396244,2026-09-26,CONFIRMED,8,P016383,FRIENDS
BK005610,J000084,4623282517,2026-09-25,WAITLISTED,2,P016391,FAMILY
BK005611,J000084,7808863260,2026-09-24,CONFIRMED,6,P016393,FRIENDS
BK005612,J000084,9801809159,2026-09-23,CONFIRMED,3,P016399,GROUP
BK005613,J000084,6554891117,2026-09-22,CONFIRMED,8,P016402,FRIENDS
BK005614,J000084,9235395145,2026-09-21,CONFIRMED,3,P016410,FRIENDS
BK005615,J000084,9994140704,2026-09-20,CONFIRMED,4,P016413,GROUP
BK005616,J000084,8961280471,2026-09-19,CONFIRMED,4,P016417,FAMILY
BK005617,J000084,9005650471,2026-09-18,CONFIRMED,3,P016421,FAMILY
BK005618,J000084,6864615491,2026-09-17,CONFIRMED,3,P016424,FRIENDS
BK005619,J000084,4630750666,2026-09-16,CONFIRMED,2,P016427,FRIENDS
BK005620,J000084,9304923179,2026-09-15,CONFIRMED,2,P016429,FRIENDS
BK005621,J000084,3703199907,2026-09-14,CONFIRMED,2,P016431,GROUP
BK005622,J000084,4007482121,2026-09-13,CONFIRMED,4,P016433,FAMILY
BK005623,J000084,4658296015,2026-09-12,CONFIRMED,2,P016437,FRIENDS
BK005624,J000084,3575888969,2026-10-19,CONFIRMED,1,P016439,INDIVIDUAL
BK005625,J000084,2414835534,2026-10-18,CONFIRMED,1,P016440,INDIVIDUAL
BK005626,J000084,5425502044,2026-10-17,CONFIRMED,1,P016441,INDIVIDUAL
BK005627,J000084,8937939263,2026-10-16,CONFIRMED,4,P016442,GROUP
BK005628,J000084,3465105802,2026-10-15,CONFIRMED,2,P016446,FRIENDS
BK005629,J000085,7383013468,2026-09-28,CONFIRMED,2,P016448,GROUP
BK005630,J000085,8065547420,2026-09-27,CONFIRMED,1,P016450,INDIVIDUAL
BK005631,J000085,4593502666,2026-09-26,CONFIRMED,2,P016451,FRIENDS
BK005632,J000085,6542253011,2026-09-25,CONFIRMED,2,P016453,FRIENDS
BK005633,J000085,7394680001,2026-09-24,CONFIRMED,4,P016455,FRIENDS
BK005634,J000085,4585577987,2026-09-23,CONFIRMED,3,P016459,FRIENDS
BK005635,J000085,9437482933,2026-09-22,CONFIRMED,1,P016462,INDIVIDUAL
BK005636,J000085,3267623613,2026-09-21,CONFIRMED,3,P016463,GROUP
BK005637,J000085,6707622403,2026-09-20,CONFIRMED,1,P016466,INDIVIDUAL
BK005638,J000085,2368751101,2026-09-19,CONFIRMED,8,P016467,FAMILY
BK005639,J000085,3470003383,2026-09-18,CONFIRMED,4,P016475,GROUP
BK005640,J000085,5117390591,2026-09-17,RAC,3,P016479,GROUP
BK005641,J000085,8269188351,2026-09-16,CONFIRMED,2,P016482,GROUP
BK005642,J000085,5464696643,2026-09-15,CONFIRMED,3,P016484,FRIENDS
BK005643,J000085,6367868188,2026-09-14,WAITLISTED,4,P016487,CAREGIVER_COMPANION
BK005644,J000085,5745537611,2026-09-13,CONFIRMED,3,P016491,GROUP
BK005645,J000085,1008282167,2026-09-12,CONFIRMED,4,P016494,FRIENDS
BK005646,J000085,2717569624,2026-09-11,CONFIRMED,6,P016498,FAMILY
BK005647,J000085,9737131523,2026-09-10,CONFIRMED,7,P016504,FAMILY
BK005648,J000085,1482731522,2026-09-09,CONFIRMED,6,P016511,FAMILY
BK005649,J000085,7375853850,2026-09-08,CONFIRMED,2,P016517,GROUP
BK005650,J000085,6272622054,2026-09-07,CONFIRMED,4,P016519,FAMILY
BK005651,J000085,4478369028,2026-09-06,CONFIRMED,2,P016523,FRIENDS
BK005652,J000085,7424237696,2026-09-05,CONFIRMED,2,P016525,FRIENDS
BK005653,J000085,1327130597,2026-09-04,CONFIRMED,4,P016527,FRIENDS
BK005654,J000085,9138522208,2026-09-03,CONFIRMED,6,P016531,FAMILY
BK005655,J000085,5697969669,2026-09-02,CONFIRMED,3,P016537,FAMILY
BK005656,J000085,2670161981,2026-09-01,CONFIRMED,1,P016540,INDIVIDUAL
BK005657,J000085,3295108825,2026-08-31,CONFIRMED,1,P016541,INDIVIDUAL
BK005658,J000085,3619334358,2026-08-30,CONFIRMED,1,P016542,INDIVIDUAL
BK005659,J000085,5827379350,2026-08-29,CONFIRMED,5,P016543,FAMILY
BK005660,J000085,8990719928,2026-08-28,CONFIRMED,1,P016548,INDIVIDUAL
BK005661,J000085,5657622215,2026-08-27,CONFIRMED,3,P016549,FAMILY
BK005662,J000085,5567913702,2026-10-03,CONFIRMED,4,P016552,CAREGIVER_COMPANION
BK005663,J000085,5108539496,2026-10-02,CONFIRMED,2,P016556,FRIENDS
BK005664,J000085,5041374908,2026-10-01,CONFIRMED,3,P016558,GROUP
BK005665,J000085,9814721533,2026-09-30,CONFIRMED,1,P016561,INDIVIDUAL
BK005666,J000085,1310316201,2026-09-29,CONFIRMED,1,P016562,INDIVIDUAL
BK005667,J000085,7620398208,2026-09-28,CONFIRMED,1,P016563,INDIVIDUAL
BK005668,J000085,7187504721,2026-09-27,CONFIRMED,2,P016564,FRIENDS
BK005669,J000085,2260256615,2026-09-26,CONFIRMED,3,P016566,FAMILY
BK005670,J000085,4952620661,2026-09-25,CONFIRMED,1,P016569,INDIVIDUAL
BK005671,J000085,4238299030,2026-09-24,CONFIRMED,3,P016570,FAMILY
BK005672,J000085,3934439135,2026-09-23,CONFIRMED,7,P016573,GROUP
BK005673,J000085,7067162803,2026-09-22,CONFIRMED,8,P016580,FRIENDS
BK005674,J000085,5792121630,2026-09-21,CONFIRMED,3,P016588,FRIENDS
BK005675,J000085,3197790552,2026-09-20,CONFIRMED,1,P016591,INDIVIDUAL
BK005676,J000085,1780050312,2026-09-19,WAITLISTED,4,P016592,FAMILY
BK005677,J000085,9336480575,2026-09-18,CONFIRMED,7,P016596,FAMILY
BK005678,J000085,8636458821,2026-09-17,CONFIRMED,4,P016603,FAMILY
BK005679,J000085,3373408539,2026-09-16,CONFIRMED,4,P016607,GROUP
BK005680,J000085,1482732011,2026-09-15,RAC,1,P016611,INDIVIDUAL
BK005681,J000085,5851012940,2026-09-14,CONFIRMED,4,P016612,CAREGIVER_COMPANION
BK005682,J000085,1022248432,2026-09-13,CONFIRMED,1,P016616,INDIVIDUAL
BK005683,J000085,6921352532,2026-09-12,CONFIRMED,4,P016617,GROUP
BK005684,J000085,9391234374,2026-09-11,CONFIRMED,2,P016621,FRIENDS
BK005685,J000085,9809108668,2026-09-10,CONFIRMED,3,P016623,FAMILY
BK005686,J000085,8521869713,2026-09-09,CONFIRMED,7,P016626,FRIENDS
BK005687,J000085,9464684967,2026-09-08,CONFIRMED,2,P016633,FRIENDS
BK005688,J000085,6772190928,2026-09-07,CONFIRMED,4,P016635,FAMILY
BK005689,J000085,7488069236,2026-09-06,CONFIRMED,6,P016639,GROUP
BK005690,J000085,8907092275,2026-09-05,CONFIRMED,2,P016645,FAMILY
BK005691,J000085,3680654632,2026-09-04,CONFIRMED,3,P016647,FAMILY
BK005692,J000085,1982458111,2026-09-03,CONFIRMED,2,P016650,FRIENDS
BK005693,J000085,5849808754,2026-09-02,CONFIRMED,1,P016652,INDIVIDUAL
BK005694,J000085,1196744274,2026-09-01,CONFIRMED,3,P016653,FRIENDS
BK005695,J000085,3140887573,2026-08-31,CONFIRMED,2,P016656,FRIENDS
BK005696,J000086,7575336839,2026-08-31,CONFIRMED,1,P016658,INDIVIDUAL
BK005697,J000086,8769919030,2026-08-30,CONFIRMED,2,P016659,GROUP
BK005698,J000086,2607408837,2026-08-29,CONFIRMED,3,P016661,FRIENDS
BK005699,J000086,2722829757,2026-08-28,CONFIRMED,4,P016664,GROUP
BK005700,J000086,2536804812,2026-10-04,CANCELLED,4,P016668,CAREGIVER_COMPANION
BK005701,J000086,2301388389,2026-10-03,CONFIRMED,3,P016672,FAMILY
BK005702,J000086,8148862170,2026-10-02,CONFIRMED,3,P016675,FRIENDS
BK005703,J000086,3082587752,2026-10-01,CONFIRMED,2,P016678,FRIENDS
BK005704,J000086,3105528346,2026-09-30,CONFIRMED,4,P016680,FAMILY
BK005705,J000086,2390841914,2026-09-29,CONFIRMED,4,P016684,FRIENDS
BK005706,J000086,4148126999,2026-09-28,CONFIRMED,3,P016688,FRIENDS
BK005707,J000086,1619917176,2026-09-27,CONFIRMED,3,P016691,FAMILY
BK005708,J000086,8383739855,2026-09-26,CONFIRMED,3,P016694,GROUP
BK005709,J000086,2149762568,2026-09-25,WAITLISTED,2,P016697,GROUP
BK005710,J000086,9670161364,2026-09-24,CONFIRMED,4,P016699,FAMILY
BK005711,J000086,5105021256,2026-09-23,CONFIRMED,2,P016703,FRIENDS
BK005712,J000086,1964557235,2026-09-22,CONFIRMED,4,P016705,FAMILY
BK005713,J000086,7247848523,2026-09-21,CONFIRMED,4,P016709,FRIENDS
BK005714,J000086,6010746974,2026-09-20,CONFIRMED,1,P016713,INDIVIDUAL
BK005715,J000086,5269645793,2026-09-19,CONFIRMED,2,P016714,FRIENDS
BK005716,J000086,6330032149,2026-09-18,CONFIRMED,3,P016716,GROUP
BK005717,J000086,8010769190,2026-09-17,CONFIRMED,1,P016719,INDIVIDUAL
BK005718,J000086,4222864213,2026-09-16,CONFIRMED,3,P016720,FRIENDS
BK005719,J000086,3624267188,2026-09-15,CONFIRMED,1,P016723,INDIVIDUAL
BK005720,J000086,5023788417,2026-09-14,RAC,1,P016724,INDIVIDUAL
BK005721,J000086,7687592054,2026-09-13,CONFIRMED,4,P016725,FRIENDS
BK005722,J000086,3608420537,2026-09-12,CONFIRMED,2,P016729,FAMILY
BK005723,J000086,8614613863,2026-09-11,CONFIRMED,4,P016731,GROUP
BK005724,J000086,7954505660,2026-09-10,CONFIRMED,1,P016735,INDIVIDUAL
BK005725,J000086,8341074590,2026-09-09,CONFIRMED,8,P016736,FRIENDS
BK005726,J000086,6292229226,2026-09-08,CONFIRMED,2,P016744,FAMILY
BK005727,J000086,1195304698,2026-09-07,CONFIRMED,2,P016746,FRIENDS
BK005728,J000086,5678559142,2026-09-06,CONFIRMED,5,P016748,FRIENDS
BK005729,J000086,3980176247,2026-09-05,CONFIRMED,2,P016753,GROUP
BK005730,J000086,3154048691,2026-09-04,CONFIRMED,3,P016755,FRIENDS
BK005731,J000086,7169994075,2026-09-03,CONFIRMED,2,P016758,FRIENDS
BK005732,J000086,1149812340,2026-09-02,CONFIRMED,1,P016760,INDIVIDUAL
BK005733,J000086,7522503157,2026-09-01,CONFIRMED,4,P016761,FRIENDS
BK005734,J000086,9617632710,2026-08-31,CONFIRMED,4,P016765,FAMILY
BK005735,J000086,4041316989,2026-08-30,CONFIRMED,4,P016769,GROUP
BK005736,J000086,4777825347,2026-08-29,CONFIRMED,4,P016773,FAMILY
BK005737,J000086,8997519918,2026-08-28,CONFIRMED,6,P016777,GROUP
BK005738,J000086,6934297560,2026-10-04,CONFIRMED,1,P016783,INDIVIDUAL
BK005739,J000086,9194998186,2026-10-03,CONFIRMED,3,P016784,FAMILY
BK005740,J000086,4044781831,2026-10-02,CONFIRMED,2,P016787,FRIENDS
BK005741,J000086,4831435444,2026-10-01,CONFIRMED,1,P016789,INDIVIDUAL
BK005742,J000086,2851478186,2026-09-30,WAITLISTED,4,P016790,FAMILY
BK005743,J000086,6756333208,2026-09-29,CONFIRMED,4,P016794,GROUP
BK005744,J000086,9169831742,2026-09-28,CONFIRMED,2,P016798,FRIENDS
BK005745,J000086,6626779839,2026-09-27,CONFIRMED,7,P016800,FAMILY
BK005746,J000086,5003487318,2026-09-26,CONFIRMED,3,P016807,FRIENDS
BK005747,J000086,8486735501,2026-09-25,CONFIRMED,2,P016810,FRIENDS
BK005748,J000086,5697095834,2026-09-24,CONFIRMED,2,P016812,FRIENDS
BK005749,J000086,8714916278,2026-09-23,CONFIRMED,3,P016814,FAMILY
BK005750,J000086,2983966222,2026-09-22,CONFIRMED,4,P016817,FAMILY
BK005751,J000086,3817016270,2026-09-21,CONFIRMED,4,P016821,GROUP
BK005752,J000086,1647279910,2026-09-20,CONFIRMED,1,P016825,INDIVIDUAL
BK005753,J000086,7487147099,2026-09-19,CONFIRMED,1,P016826,INDIVIDUAL
BK005754,J000086,1571365555,2026-09-18,CONFIRMED,5,P016827,GROUP
BK005755,J000086,6737472480,2026-09-17,CONFIRMED,4,P016832,GROUP
BK005756,J000086,2575299815,2026-09-16,CONFIRMED,4,P016836,FAMILY
BK005757,J000086,2279298306,2026-09-15,CONFIRMED,6,P016840,CAREGIVER_COMPANION
BK005758,J000086,7817063793,2026-09-14,CONFIRMED,4,P016846,FAMILY
BK005759,J000086,3357016135,2026-09-13,CONFIRMED,6,P016850,FRIENDS
BK005760,J000086,8168857143,2026-09-12,RAC,2,P016856,FRIENDS
BK005761,J000086,4576055714,2026-09-11,CONFIRMED,4,P016858,FRIENDS
BK005762,J000086,1322587615,2026-09-10,CONFIRMED,1,P016862,INDIVIDUAL
BK005763,J000087,4349002489,2026-09-12,CONFIRMED,1,P016863,INDIVIDUAL
BK005764,J000087,1848796959,2026-09-11,CONFIRMED,2,P016864,FRIENDS
BK005765,J000087,5375724081,2026-09-10,CONFIRMED,4,P016866,FRIENDS
BK005766,J000087,1005673921,2026-09-09,CONFIRMED,1,P016870,INDIVIDUAL
BK005767,J000087,3409047557,2026-09-08,CONFIRMED,2,P016871,FRIENDS
BK005768,J000087,1622225663,2026-09-07,CONFIRMED,4,P016873,FAMILY
BK005769,J000087,1644233092,2026-09-06,CONFIRMED,6,P016877,GROUP
BK005770,J000087,5954228472,2026-09-05,CONFIRMED,5,P016883,GROUP
BK005771,J000087,9920779135,2026-09-04,CONFIRMED,1,P016888,INDIVIDUAL
BK005772,J000087,3707519572,2026-09-03,CONFIRMED,8,P016889,FAMILY
BK005773,J000087,3058257513,2026-09-02,CONFIRMED,4,P016897,FRIENDS
BK005774,J000087,8906364155,2026-09-01,CONFIRMED,4,P016901,FAMILY
BK005775,J000087,7170738311,2026-08-31,WAITLISTED,2,P016905,FRIENDS
BK005776,J000087,4974047245,2026-10-07,CONFIRMED,7,P016907,CAREGIVER_COMPANION
BK005777,J000087,5794894920,2026-10-06,CONFIRMED,2,P016914,GROUP
BK005778,J000087,9068691626,2026-10-05,CONFIRMED,1,P016916,INDIVIDUAL
BK005779,J000087,7510700811,2026-10-04,CONFIRMED,4,P016917,GROUP
BK005780,J000087,7766790772,2026-10-03,CONFIRMED,3,P016921,GROUP
BK005781,J000087,8120954686,2026-10-02,CONFIRMED,2,P016924,GROUP
BK005782,J000087,7270499991,2026-10-01,CONFIRMED,1,P016926,INDIVIDUAL
BK005783,J000087,1958505508,2026-09-30,CONFIRMED,4,P016927,GROUP
BK005784,J000087,3905369155,2026-09-29,CONFIRMED,2,P016931,FRIENDS
BK005785,J000087,3751747967,2026-09-28,CONFIRMED,1,P016933,INDIVIDUAL
BK005786,J000087,1338068750,2026-09-27,CONFIRMED,1,P016934,INDIVIDUAL
BK005787,J000087,3465272747,2026-09-26,CONFIRMED,2,P016935,FRIENDS
BK005788,J000087,8064709707,2026-09-25,CONFIRMED,8,P016937,FAMILY
BK005789,J000087,8146031790,2026-09-24,CONFIRMED,3,P016945,FAMILY
BK005790,J000087,2811263023,2026-09-23,CONFIRMED,1,P016948,INDIVIDUAL
BK005791,J000087,3597145790,2026-09-22,CONFIRMED,1,P016949,INDIVIDUAL
BK005792,J000087,3897835480,2026-09-21,CONFIRMED,2,P016950,FRIENDS
BK005793,J000087,5325109374,2026-09-20,CONFIRMED,1,P016952,INDIVIDUAL
BK005794,J000087,9642019251,2026-09-19,CONFIRMED,2,P016953,FAMILY
BK005795,J000087,5705552142,2026-09-18,CONFIRMED,1,P016955,INDIVIDUAL
BK005796,J000087,9916232688,2026-09-17,CONFIRMED,2,P016956,FRIENDS
BK005797,J000087,7982745727,2026-09-16,CONFIRMED,3,P016958,FAMILY
BK005798,J000087,7921013584,2026-09-15,CONFIRMED,6,P016961,FAMILY
BK005799,J000087,2087750736,2026-09-14,CONFIRMED,8,P016967,GROUP
BK005800,J000087,6998149420,2026-09-13,CANCELLED,1,P016975,INDIVIDUAL
BK005801,J000087,2126773412,2026-09-12,CONFIRMED,3,P016976,FAMILY
BK005802,J000087,9974177283,2026-09-11,CONFIRMED,1,P016979,INDIVIDUAL
BK005803,J000087,6848280071,2026-09-10,CONFIRMED,3,P016980,FAMILY
BK005804,J000087,6662305379,2026-09-09,CONFIRMED,1,P016983,INDIVIDUAL
BK005805,J000087,4887975510,2026-09-08,CONFIRMED,6,P016984,GROUP
BK005806,J000087,9072667612,2026-09-07,CONFIRMED,1,P016990,INDIVIDUAL
BK005807,J000087,5478189779,2026-09-06,CONFIRMED,1,P016991,INDIVIDUAL
BK005808,J000087,3454889576,2026-09-05,WAITLISTED,4,P016992,FAMILY
BK005809,J000087,3376774988,2026-09-04,CONFIRMED,8,P016996,FRIENDS
BK005810,J000087,7970770413,2026-09-03,CONFIRMED,2,P017004,FAMILY
BK005811,J000087,7381353823,2026-09-02,CONFIRMED,4,P017006,GROUP
BK005812,J000087,1925045374,2026-09-01,CONFIRMED,4,P017010,FAMILY
BK005813,J000087,9896578305,2026-08-31,CONFIRMED,1,P017014,INDIVIDUAL
BK005814,J000087,5156155366,2026-10-07,CONFIRMED,4,P017015,CAREGIVER_COMPANION
BK005815,J000087,6550196836,2026-10-06,CONFIRMED,2,P017019,FRIENDS
BK005816,J000087,3404346760,2026-10-05,CONFIRMED,1,P017021,INDIVIDUAL
BK005817,J000087,2392934808,2026-10-04,CONFIRMED,4,P017022,FRIENDS
BK005818,J000087,4812347414,2026-10-03,CONFIRMED,3,P017026,FRIENDS
BK005819,J000087,3681346462,2026-10-02,CONFIRMED,3,P017029,FAMILY
BK005820,J000087,1393966612,2026-10-01,CONFIRMED,4,P017032,FAMILY
BK005821,J000087,8326912246,2026-09-30,CONFIRMED,2,P017036,GROUP
BK005822,J000087,7069314263,2026-09-29,CONFIRMED,4,P017038,FAMILY
BK005823,J000087,6952231661,2026-09-28,CONFIRMED,5,P017042,FAMILY
BK005824,J000087,9241365197,2026-09-27,CONFIRMED,8,P017047,FAMILY
BK005825,J000087,4555086003,2026-09-26,CONFIRMED,1,P017055,INDIVIDUAL
BK005826,J000087,5637107211,2026-09-25,CONFIRMED,1,P017056,INDIVIDUAL
BK005827,J000087,4314674900,2026-09-24,CONFIRMED,2,P017057,FRIENDS
BK005828,J000087,7425358665,2026-09-23,CONFIRMED,2,P017059,FRIENDS
BK005829,J000087,9584493071,2026-09-22,CONFIRMED,2,P017061,GROUP
BK005830,J000088,8022997005,2026-09-24,CONFIRMED,6,P017063,FAMILY
BK005831,J000088,2162601460,2026-09-23,CONFIRMED,2,P017069,FRIENDS
BK005832,J000088,9365550733,2026-09-22,CONFIRMED,6,P017071,FAMILY
BK005833,J000088,1948973596,2026-09-21,CONFIRMED,4,P017077,CAREGIVER_COMPANION
BK005834,J000088,6711639374,2026-09-20,CONFIRMED,2,P017081,FAMILY
BK005835,J000088,8906244970,2026-09-19,CONFIRMED,1,P017083,INDIVIDUAL
BK005836,J000088,7558124520,2026-09-18,CONFIRMED,6,P017084,FAMILY
BK005837,J000088,1497074489,2026-09-17,CONFIRMED,2,P017090,GROUP
BK005838,J000088,6152959386,2026-09-16,CONFIRMED,3,P017092,FRIENDS
BK005839,J000088,8052192361,2026-09-15,CONFIRMED,2,P017095,FRIENDS
BK005840,J000088,8851215918,2026-09-14,RAC,4,P017097,FAMILY
BK005841,J000088,3687137707,2026-09-13,WAITLISTED,3,P017101,FAMILY
BK005842,J000088,6050887194,2026-09-12,CONFIRMED,5,P017104,GROUP
BK005843,J000088,5882250886,2026-09-11,CONFIRMED,6,P017109,FRIENDS
BK005844,J000088,7839283507,2026-09-10,CONFIRMED,4,P017115,FAMILY
BK005845,J000088,5478935055,2026-09-09,CONFIRMED,2,P017119,GROUP
BK005846,J000088,7237355865,2026-09-08,CONFIRMED,4,P017121,FAMILY
BK005847,J000088,7417081044,2026-09-07,CONFIRMED,1,P017125,INDIVIDUAL
BK005848,J000088,7213420817,2026-09-06,CONFIRMED,5,P017126,FRIENDS
BK005849,J000088,4203321956,2026-09-05,CONFIRMED,1,P017131,INDIVIDUAL
BK005850,J000088,7976717069,2026-09-04,CONFIRMED,1,P017132,INDIVIDUAL
BK005851,J000088,3270463234,2026-09-03,CONFIRMED,4,P017133,GROUP
BK005852,J000088,6593044903,2026-10-10,CONFIRMED,2,P017137,FRIENDS
BK005853,J000088,9440203262,2026-10-09,CONFIRMED,4,P017139,FRIENDS
BK005854,J000088,2500092256,2026-10-08,CONFIRMED,5,P017143,GROUP
BK005855,J000088,6141024150,2026-10-07,CONFIRMED,1,P017148,INDIVIDUAL
BK005856,J000088,3443279293,2026-10-06,CONFIRMED,1,P017149,INDIVIDUAL
BK005857,J000088,9886234030,2026-10-05,CONFIRMED,2,P017150,GROUP
BK005858,J000088,6717528684,2026-10-04,CONFIRMED,3,P017152,FRIENDS
BK005859,J000088,8992714929,2026-10-03,CONFIRMED,1,P017155,INDIVIDUAL
BK005860,J000088,7030619189,2026-10-02,CONFIRMED,1,P017156,INDIVIDUAL
BK005861,J000088,4967038893,2026-10-01,CONFIRMED,3,P017157,FAMILY
BK005862,J000088,9626587017,2026-09-30,CONFIRMED,1,P017160,INDIVIDUAL
BK005863,J000088,7509601450,2026-09-29,CONFIRMED,4,P017161,GROUP
BK005864,J000088,9645453683,2026-09-28,CONFIRMED,4,P017165,FAMILY
BK005865,J000088,2602692314,2026-09-27,CONFIRMED,1,P017169,INDIVIDUAL
BK005866,J000088,7421407263,2026-09-26,CONFIRMED,7,P017170,FRIENDS
BK005867,J000088,6872442760,2026-09-25,CONFIRMED,4,P017177,GROUP
BK005868,J000088,2840868122,2026-09-24,CONFIRMED,4,P017181,FAMILY
BK005869,J000088,4256773437,2026-09-23,CONFIRMED,1,P017185,INDIVIDUAL
BK005870,J000088,2337196505,2026-09-22,CONFIRMED,2,P017186,FAMILY
BK005871,J000088,3691799317,2026-09-21,CONFIRMED,4,P017188,CAREGIVER_COMPANION
BK005872,J000088,3315176988,2026-09-20,CONFIRMED,2,P017192,FRIENDS
BK005873,J000088,4303733445,2026-09-19,CONFIRMED,4,P017194,FRIENDS
BK005874,J000088,7933346330,2026-09-18,WAITLISTED,1,P017198,INDIVIDUAL
BK005875,J000088,3166426509,2026-09-17,CONFIRMED,3,P017199,FAMILY
BK005876,J000088,8303363579,2026-09-16,CONFIRMED,2,P017202,FRIENDS
BK005877,J000088,9316759293,2026-09-15,CONFIRMED,1,P017204,INDIVIDUAL
BK005878,J000088,3539063775,2026-09-14,CONFIRMED,5,P017205,GROUP
BK005879,J000088,9474261795,2026-09-13,CONFIRMED,6,P017210,FRIENDS
BK005880,J000088,3444889521,2026-09-12,RAC,4,P017216,FAMILY
BK005881,J000088,2804054087,2026-09-11,CONFIRMED,2,P017220,GROUP
BK005882,J000088,9562742938,2026-09-10,CONFIRMED,2,P017222,FAMILY
BK005883,J000088,3139434147,2026-09-09,CONFIRMED,3,P017224,FAMILY
BK005884,J000088,8010173383,2026-09-08,CONFIRMED,5,P017227,FRIENDS
BK005885,J000088,4831041856,2026-09-07,CONFIRMED,1,P017232,INDIVIDUAL
BK005886,J000088,6966485760,2026-09-06,CONFIRMED,3,P017233,FRIENDS
BK005887,J000088,3713787553,2026-09-05,CONFIRMED,4,P017236,GROUP
BK005888,J000088,2378058885,2026-09-04,CONFIRMED,4,P017240,FAMILY
BK005889,J000088,5209558947,2026-09-03,CONFIRMED,5,P017244,FAMILY
BK005890,J000088,9329117225,2026-10-10,CONFIRMED,2,P017249,FAMILY
BK005891,J000088,5888766984,2026-10-09,CONFIRMED,2,P017251,FRIENDS
BK005892,J000088,7109352452,2026-10-08,CONFIRMED,3,P017253,GROUP
BK005893,J000088,2684190843,2026-10-07,CONFIRMED,2,P017256,GROUP
BK005894,J000088,7041014870,2026-10-06,CONFIRMED,6,P017258,FAMILY
BK005895,J000088,2208285538,2026-10-05,CONFIRMED,1,P017264,INDIVIDUAL
BK005896,J000088,5607356435,2026-10-04,CONFIRMED,6,P017265,FAMILY
BK005897,J000089,6122130357,2026-10-04,CONFIRMED,2,P017271,GROUP
BK005898,J000089,6042113500,2026-10-03,CONFIRMED,3,P017273,FRIENDS
BK005899,J000089,2406492261,2026-10-02,CONFIRMED,2,P017276,FRIENDS
BK005900,J000089,9944621468,2026-10-01,CANCELLED,4,P017278,FAMILY
BK005901,J000089,6114895012,2026-09-30,CONFIRMED,4,P017282,FRIENDS
BK005902,J000089,9658441474,2026-09-29,CONFIRMED,4,P017286,FAMILY
BK005903,J000089,7361713739,2026-09-28,CONFIRMED,2,P017290,FRIENDS
BK005904,J000089,8801558220,2026-09-27,CONFIRMED,6,P017292,FAMILY
BK005905,J000089,7358618853,2026-09-26,CONFIRMED,8,P017298,FRIENDS
BK005906,J000089,7820155891,2026-09-25,CONFIRMED,1,P017306,INDIVIDUAL
BK005907,J000089,8976360810,2026-09-24,WAITLISTED,1,P017307,INDIVIDUAL
BK005908,J000089,7474417286,2026-09-23,CONFIRMED,3,P017308,GROUP
BK005909,J000089,7583441321,2026-09-22,CONFIRMED,2,P017311,GROUP
BK005910,J000089,5883400669,2026-09-21,CONFIRMED,7,P017313,FRIENDS
BK005911,J000089,3243100071,2026-09-20,CONFIRMED,1,P017320,INDIVIDUAL
BK005912,J000089,9264931175,2026-09-19,CONFIRMED,2,P017321,FRIENDS
BK005913,J000089,2603386248,2026-09-18,CONFIRMED,2,P017323,GROUP
BK005914,J000089,2627325661,2026-09-17,CONFIRMED,2,P017325,FAMILY
BK005915,J000089,2965752352,2026-09-16,CONFIRMED,7,P017327,FAMILY
BK005916,J000089,9181066065,2026-09-15,CONFIRMED,3,P017334,GROUP
BK005917,J000089,1392743610,2026-09-14,CONFIRMED,3,P017337,FAMILY
BK005918,J000089,7335104817,2026-09-13,CONFIRMED,6,P017340,FAMILY
BK005919,J000089,4950454820,2026-09-12,CONFIRMED,2,P017346,FRIENDS
BK005920,J000089,2281802585,2026-09-11,RAC,4,P017348,FAMILY
BK005921,J000089,3826749359,2026-09-10,CONFIRMED,2,P017352,GROUP
BK005922,J000089,7660268322,2026-09-09,CONFIRMED,1,P017354,INDIVIDUAL
BK005923,J000089,3980797428,2026-09-08,CONFIRMED,1,P017355,INDIVIDUAL
BK005924,J000089,4880882467,2026-09-07,CONFIRMED,6,P017356,FAMILY
BK005925,J000089,2391970599,2026-09-06,CONFIRMED,2,P017362,GROUP
BK005926,J000089,1273658256,2026-09-05,CONFIRMED,4,P017364,FAMILY
BK005927,J000089,8233877526,2026-09-04,CONFIRMED,2,P017368,FRIENDS
BK005928,J000089,9245233940,2026-10-11,CONFIRMED,2,P017370,FRIENDS
BK005929,J000089,1875920768,2026-10-10,CONFIRMED,2,P017372,GROUP
BK005930,J000089,3829507398,2026-10-09,CONFIRMED,3,P017374,FRIENDS
BK005931,J000089,2985531008,2026-10-08,CONFIRMED,1,P017377,INDIVIDUAL
BK005932,J000089,1949751494,2026-10-07,CONFIRMED,1,P017378,INDIVIDUAL
BK005933,J000089,7295882485,2026-10-06,CONFIRMED,2,P017379,GROUP
BK005934,J000089,3594474255,2026-10-05,CONFIRMED,1,P017381,INDIVIDUAL
BK005935,J000089,7509990506,2026-10-04,CONFIRMED,1,P017382,INDIVIDUAL
BK005936,J000089,2119762918,2026-10-03,CONFIRMED,1,P017383,INDIVIDUAL
BK005937,J000089,3323066903,2026-10-02,CONFIRMED,1,P017384,INDIVIDUAL
BK005938,J000089,9475150950,2026-10-01,CONFIRMED,3,P017385,FRIENDS
BK005939,J000089,3999397468,2026-09-30,CONFIRMED,4,P017388,GROUP
BK005940,J000089,6953623517,2026-09-29,WAITLISTED,4,P017392,FAMILY
BK005941,J000089,1874201600,2026-09-28,CONFIRMED,1,P017396,INDIVIDUAL
BK005942,J000089,8276424720,2026-09-27,CONFIRMED,8,P017397,FAMILY
BK005943,J000089,3674343131,2026-09-26,CONFIRMED,2,P017405,FRIENDS
BK005944,J000089,3885947404,2026-09-25,CONFIRMED,1,P017407,INDIVIDUAL
BK005945,J000089,6267908976,2026-09-24,CONFIRMED,4,P017408,FRIENDS
BK005946,J000089,4505797141,2026-09-23,CONFIRMED,2,P017412,FAMILY
BK005947,J000089,7046559318,2026-09-22,CONFIRMED,2,P017414,FRIENDS
BK005948,J000089,3295320819,2026-09-21,CONFIRMED,5,P017416,FRIENDS
BK005949,J000089,8478110762,2026-09-20,CONFIRMED,2,P017421,GROUP
BK005950,J000089,5879287841,2026-09-19,CONFIRMED,3,P017423,FRIENDS
BK005951,J000089,7236570781,2026-09-18,CONFIRMED,3,P017426,FAMILY
BK005952,J000089,6140830332,2026-09-17,CONFIRMED,3,P017429,GROUP
BK005953,J000089,1886586771,2026-09-16,CONFIRMED,2,P017432,GROUP
BK005954,J000089,8996502792,2026-09-15,CONFIRMED,3,P017434,FRIENDS
BK005955,J000089,4445731222,2026-09-14,CONFIRMED,3,P017437,FAMILY
BK005956,J000089,2734269695,2026-09-13,CONFIRMED,1,P017440,INDIVIDUAL
BK005957,J000089,7945972120,2026-09-12,CONFIRMED,4,P017441,FRIENDS
BK005958,J000089,9198776356,2026-09-11,CONFIRMED,1,P017445,INDIVIDUAL
BK005959,J000089,9766967723,2026-09-10,CONFIRMED,2,P017446,FRIENDS
BK005960,J000089,6367893766,2026-09-09,RAC,6,P017448,FAMILY
BK005961,J000089,5089040524,2026-09-08,CONFIRMED,2,P017454,GROUP
BK005962,J000089,4198990625,2026-09-07,CONFIRMED,2,P017456,FAMILY
BK005963,J000089,1271819230,2026-09-06,CONFIRMED,2,P017458,FRIENDS
BK005964,J000090,9169979442,2026-09-08,CONFIRMED,4,P017460,FAMILY
BK005965,J000090,2742565328,2026-09-07,CONFIRMED,4,P017464,FRIENDS
BK005966,J000090,4834576378,2026-10-14,CONFIRMED,8,P017468,CAREGIVER_COMPANION
BK005967,J000090,5417664446,2026-10-13,CONFIRMED,3,P017476,FAMILY
BK005968,J000090,6062769401,2026-10-12,CONFIRMED,3,P017479,GROUP
BK005969,J000090,8795896599,2026-10-11,CONFIRMED,4,P017482,FRIENDS
BK005970,J000090,2483509544,2026-10-10,CONFIRMED,1,P017486,INDIVIDUAL
BK005971,J000090,8483023621,2026-10-09,CONFIRMED,1,P017487,INDIVIDUAL
BK005972,J000090,3680310505,2026-10-08,CONFIRMED,4,P017488,FAMILY
BK005973,J000090,6163151482,2026-10-07,WAITLISTED,2,P017492,GROUP
BK005974,J000090,7817270298,2026-10-06,CONFIRMED,4,P017494,FAMILY
BK005975,J000090,6578015416,2026-10-05,CONFIRMED,2,P017498,FRIENDS
BK005976,J000090,3607786708,2026-10-04,CONFIRMED,1,P017500,INDIVIDUAL
BK005977,J000090,2698316650,2026-10-03,CONFIRMED,4,P017501,FRIENDS
BK005978,J000090,6193126976,2026-10-02,CONFIRMED,1,P017505,INDIVIDUAL
BK005979,J000090,8105508810,2026-10-01,CONFIRMED,3,P017506,FAMILY
BK005980,J000090,5787449887,2026-09-30,CONFIRMED,7,P017509,GROUP
BK005981,J000090,7136441643,2026-09-29,CONFIRMED,3,P017516,FAMILY
BK005982,J000090,1469497680,2026-09-28,CONFIRMED,4,P017519,FAMILY
BK005983,J000090,5607200876,2026-09-27,CONFIRMED,7,P017523,FAMILY
BK005984,J000090,7519815896,2026-09-26,CONFIRMED,1,P017530,INDIVIDUAL
BK005985,J000090,4965231640,2026-09-25,CONFIRMED,3,P017531,FAMILY
BK005986,J000090,1660499418,2026-09-24,CONFIRMED,3,P017534,FRIENDS
BK005987,J000090,6431035923,2026-09-23,CONFIRMED,1,P017537,INDIVIDUAL
BK005988,J000090,4311078963,2026-09-22,CONFIRMED,2,P017538,FRIENDS
BK005989,J000090,3993211323,2026-09-21,CONFIRMED,3,P017540,FAMILY
BK005990,J000090,3020323273,2026-09-20,CONFIRMED,3,P017543,FRIENDS
BK005991,J000090,1862452700,2026-09-19,CONFIRMED,1,P017546,INDIVIDUAL
BK005992,J000090,9821447228,2026-09-18,CONFIRMED,4,P017547,FAMILY
BK005993,J000090,4028756958,2026-09-17,CONFIRMED,4,P017551,FRIENDS
BK005994,J000090,3990372791,2026-09-16,CONFIRMED,3,P017555,FRIENDS
BK005995,J000090,3188623701,2026-09-15,CONFIRMED,5,P017558,FAMILY
BK005996,J000090,7040363014,2026-09-14,CONFIRMED,4,P017563,FAMILY
BK005997,J000090,4383558340,2026-09-13,CONFIRMED,3,P017567,FAMILY
BK005998,J000090,7256631947,2026-09-12,CONFIRMED,2,P017570,FAMILY
BK005999,J000090,5290529458,2026-09-11,CONFIRMED,6,P017572,FRIENDS
BK006000,J000090,8643242168,2026-09-10,CANCELLED,1,P017578,INDIVIDUAL
BK006001,J000090,2177290908,2026-09-09,CONFIRMED,1,P017579,INDIVIDUAL
BK006002,J000090,2108208851,2026-09-08,CONFIRMED,3,P017580,FRIENDS
BK006003,J000090,6430857911,2026-09-07,CONFIRMED,2,P017583,FRIENDS
BK006004,J000090,9549594906,2026-10-14,CONFIRMED,1,P017585,INDIVIDUAL
BK006005,J000090,4116749186,2026-10-13,CONFIRMED,3,P017586,FAMILY
BK006006,J000090,9278363868,2026-10-12,WAITLISTED,4,P017589,FAMILY
BK006007,J000090,9746351625,2026-10-11,CONFIRMED,7,P017593,FAMILY
BK006008,J000090,2944006048,2026-10-10,CONFIRMED,2,P017600,FRIENDS
BK006009,J000090,8149909701,2026-10-09,CONFIRMED,4,P017602,FRIENDS
BK006010,J000090,9370611797,2026-10-08,CONFIRMED,4,P017606,FAMILY
BK006011,J000090,5135227302,2026-10-07,CONFIRMED,3,P017610,FAMILY
BK006012,J000090,1271004462,2026-10-06,CONFIRMED,4,P017613,FAMILY
BK006013,J000090,9640405425,2026-10-05,CONFIRMED,2,P017617,GROUP
BK006014,J000090,6620815580,2026-10-04,CONFIRMED,3,P017619,FRIENDS
BK006015,J000090,1946899789,2026-10-03,CONFIRMED,1,P017622,INDIVIDUAL
BK006016,J000090,1051767212,2026-10-02,CONFIRMED,3,P017623,GROUP
BK006017,J000090,1983003634,2026-10-01,CONFIRMED,4,P017626,FRIENDS
BK006018,J000090,7596099132,2026-09-30,CONFIRMED,4,P017630,FAMILY
BK006019,J000090,3362937843,2026-09-29,CONFIRMED,4,P017634,GROUP
BK006020,J000090,6573624443,2026-09-28,CONFIRMED,3,P017638,GROUP
BK006021,J000090,6058563932,2026-09-27,CONFIRMED,5,P017641,FAMILY
BK006022,J000090,8119294391,2026-09-26,CONFIRMED,3,P017646,FRIENDS
BK006023,J000090,5800876107,2026-09-25,CONFIRMED,2,P017649,FRIENDS
BK006024,J000090,3306896688,2026-09-24,CONFIRMED,3,P017651,GROUP
BK006025,J000090,1536812134,2026-09-23,CONFIRMED,6,P017654,GROUP
BK006026,J000090,7465953229,2026-09-22,CONFIRMED,2,P017660,FAMILY
BK006027,J000090,9055232892,2026-09-21,CONFIRMED,4,P017662,GROUP
BK006028,J000090,9540574201,2026-09-20,CONFIRMED,3,P017666,GROUP
BK006029,J000090,9136941406,2026-09-19,CONFIRMED,3,P017669,FAMILY
BK006030,J000090,8159075784,2026-09-18,CONFIRMED,1,P017672,INDIVIDUAL
BK006031,J000091,1859034670,2026-09-09,CONFIRMED,3,P017673,FAMILY
BK006032,J000091,4263610159,2026-09-08,CONFIRMED,2,P017676,FRIENDS
BK006033,J000091,8735753012,2026-09-07,CONFIRMED,2,P017678,GROUP
BK006034,J000091,2520076185,2026-09-06,CONFIRMED,6,P017680,FAMILY
BK006035,J000091,3484878646,2026-09-05,CONFIRMED,7,P017686,FAMILY
BK006036,J000091,2965423553,2026-09-04,CONFIRMED,5,P017693,FRIENDS
BK006037,J000091,4069376092,2026-09-03,CONFIRMED,2,P017698,GROUP
BK006038,J000091,3186294901,2026-09-02,CONFIRMED,1,P017700,INDIVIDUAL
BK006039,J000091,6897153995,2026-09-01,WAITLISTED,3,P017701,FAMILY
BK006040,J000091,5326390981,2026-08-31,RAC,1,P017704,INDIVIDUAL
BK006041,J000091,5463573154,2026-08-30,CONFIRMED,5,P017705,FAMILY
BK006042,J000091,6402244897,2026-10-06,CONFIRMED,4,P017710,CAREGIVER_COMPANION
BK006043,J000091,5340835448,2026-10-05,CONFIRMED,5,P017714,FAMILY
BK006044,J000091,3085555442,2026-10-04,CONFIRMED,1,P017719,INDIVIDUAL
BK006045,J000091,1102527725,2026-10-03,CONFIRMED,1,P017720,INDIVIDUAL
BK006046,J000091,1948799315,2026-10-02,CONFIRMED,3,P017721,FRIENDS
BK006047,J000091,9981014189,2026-10-01,CONFIRMED,2,P017724,FRIENDS
BK006048,J000091,4808459091,2026-09-30,CONFIRMED,2,P017726,FRIENDS
BK006049,J000091,1135639442,2026-09-29,CONFIRMED,1,P017728,INDIVIDUAL
BK006050,J000091,2417907716,2026-09-28,CONFIRMED,5,P017729,GROUP
BK006051,J000091,5926781422,2026-09-27,CONFIRMED,3,P017734,FAMILY
BK006052,J000091,8200881106,2026-09-26,CONFIRMED,1,P017737,INDIVIDUAL
BK006053,J000091,7912444115,2026-09-25,CONFIRMED,2,P017738,GROUP
BK006054,J000091,1170666697,2026-09-24,CONFIRMED,4,P017740,FAMILY
BK006055,J000091,9889038200,2026-09-23,CONFIRMED,2,P017744,FRIENDS
BK006056,J000091,7517159058,2026-09-22,CONFIRMED,3,P017746,GROUP
BK006057,J000091,9578141258,2026-09-21,CONFIRMED,4,P017749,FRIENDS
BK006058,J000091,1941300135,2026-09-20,CONFIRMED,4,P017753,FAMILY
BK006059,J000091,2212107212,2026-09-19,CONFIRMED,1,P017757,INDIVIDUAL
BK006060,J000091,5913542103,2026-09-18,CONFIRMED,1,P017758,INDIVIDUAL
BK006061,J000091,3245258461,2026-09-17,CONFIRMED,1,P017759,INDIVIDUAL
BK006062,J000091,2365261139,2026-09-16,CONFIRMED,4,P017760,FAMILY
BK006063,J000091,5973350873,2026-09-15,CONFIRMED,2,P017764,FRIENDS
BK006064,J000091,4623391163,2026-09-14,CONFIRMED,4,P017766,FAMILY
BK006065,J000091,7523027078,2026-09-13,CONFIRMED,1,P017770,INDIVIDUAL
BK006066,J000091,9351183778,2026-09-12,CONFIRMED,1,P017771,INDIVIDUAL
BK006067,J000091,8350792308,2026-09-11,CONFIRMED,2,P017772,FRIENDS
BK006068,J000091,2352316598,2026-09-10,CONFIRMED,5,P017774,FRIENDS
BK006069,J000091,6593252648,2026-09-09,CONFIRMED,4,P017779,FRIENDS
BK006070,J000091,2882008428,2026-09-08,CONFIRMED,2,P017783,FAMILY
BK006071,J000091,2136061960,2026-09-07,CONFIRMED,2,P017785,FRIENDS
BK006072,J000091,7430222117,2026-09-06,WAITLISTED,2,P017787,FRIENDS
BK006073,J000091,7911017584,2026-09-05,CONFIRMED,2,P017789,GROUP
BK006074,J000091,6882654317,2026-09-04,CONFIRMED,2,P017791,FAMILY
BK006075,J000091,2807049857,2026-09-03,CONFIRMED,2,P017793,FRIENDS
BK006076,J000091,7680170601,2026-09-02,CONFIRMED,1,P017795,INDIVIDUAL
BK006077,J000091,2198843171,2026-09-01,CONFIRMED,4,P017796,FRIENDS
BK006078,J000091,1451968047,2026-08-31,CONFIRMED,1,P017800,INDIVIDUAL
BK006079,J000091,5617029943,2026-08-30,CONFIRMED,1,P017801,INDIVIDUAL
BK006080,J000091,1210367054,2026-10-06,RAC,8,P017802,CAREGIVER_COMPANION
BK006081,J000091,6372614031,2026-10-05,CONFIRMED,2,P017810,GROUP
BK006082,J000091,2956644741,2026-10-04,CONFIRMED,2,P017812,FAMILY
BK006083,J000091,6947629308,2026-10-03,CONFIRMED,7,P017814,FAMILY
BK006084,J000091,3239448646,2026-10-02,CONFIRMED,4,P017821,FAMILY
BK006085,J000091,9518384089,2026-10-01,CONFIRMED,1,P017825,INDIVIDUAL
BK006086,J000091,3449962434,2026-09-30,CONFIRMED,2,P017826,FAMILY
BK006087,J000091,9424069530,2026-09-29,CONFIRMED,2,P017828,FRIENDS
BK006088,J000091,1773045718,2026-09-28,CONFIRMED,1,P017830,INDIVIDUAL
BK006089,J000091,8210088251,2026-09-27,CONFIRMED,1,P017831,INDIVIDUAL
BK006090,J000091,9040273395,2026-09-26,CONFIRMED,4,P017832,FAMILY
BK006091,J000091,6873268278,2026-09-25,CONFIRMED,2,P017836,FRIENDS
BK006092,J000091,1549579942,2026-09-24,CONFIRMED,3,P017838,GROUP
BK006093,J000091,8499025856,2026-09-23,CONFIRMED,7,P017841,FAMILY
BK006094,J000091,2929708299,2026-09-22,CONFIRMED,1,P017848,INDIVIDUAL
BK006095,J000091,9650013791,2026-09-21,CONFIRMED,2,P017849,FRIENDS
BK006096,J000091,1198577566,2026-09-20,CONFIRMED,2,P017851,FRIENDS
BK006097,J000091,1779796674,2026-09-19,CONFIRMED,2,P017853,GROUP
BK006098,J000092,2335070249,2026-09-25,CONFIRMED,4,P017855,FAMILY
BK006099,J000092,4008037619,2026-09-24,CONFIRMED,2,P017859,FRIENDS
BK006100,J000092,3282511917,2026-09-23,CANCELLED,3,P017861,GROUP
BK006101,J000092,6667592556,2026-09-22,CONFIRMED,6,P017864,GROUP
BK006102,J000092,1318232597,2026-09-21,CONFIRMED,4,P017870,FAMILY
BK006103,J000092,5547763624,2026-09-20,CONFIRMED,1,P017874,INDIVIDUAL
BK006104,J000092,2337007766,2026-09-19,CONFIRMED,2,P017875,FRIENDS
BK006105,J000092,7644239413,2026-09-18,WAITLISTED,4,P017877,FRIENDS
BK006106,J000092,7449696086,2026-09-17,CONFIRMED,4,P017881,FAMILY
BK006107,J000092,5027848857,2026-09-16,CONFIRMED,1,P017885,INDIVIDUAL
BK006108,J000092,9864454390,2026-09-15,CONFIRMED,4,P017886,FAMILY
BK006109,J000092,7361411555,2026-09-14,CONFIRMED,1,P017890,INDIVIDUAL
BK006110,J000092,1741288632,2026-09-13,CONFIRMED,4,P017891,FAMILY
BK006111,J000092,6642797030,2026-09-12,CONFIRMED,2,P017895,FRIENDS
BK006112,J000092,7472993397,2026-09-11,CONFIRMED,2,P017897,FRIENDS
BK006113,J000092,9043904089,2026-09-10,CONFIRMED,2,P017899,GROUP
BK006114,J000092,1415410882,2026-09-09,CONFIRMED,3,P017901,FRIENDS
BK006115,J000092,7896311498,2026-09-08,CONFIRMED,4,P017904,GROUP
BK006116,J000092,5160621194,2026-09-07,CONFIRMED,4,P017908,FAMILY
BK006117,J000092,6548574500,2026-09-06,CONFIRMED,1,P017912,INDIVIDUAL
BK006118,J000092,6492478225,2026-10-13,CONFIRMED,1,P017913,INDIVIDUAL
BK006119,J000092,1753753128,2026-10-12,CONFIRMED,2,P017914,FRIENDS
BK006120,J000092,9281865375,2026-10-11,RAC,2,P017916,FRIENDS
BK006121,J000092,7361819006,2026-10-10,CONFIRMED,4,P017918,FRIENDS
BK006122,J000092,2202807509,2026-10-09,CONFIRMED,1,P017922,INDIVIDUAL
BK006123,J000092,3124143397,2026-10-08,CONFIRMED,4,P017923,GROUP
BK006124,J000092,9855500870,2026-10-07,CONFIRMED,1,P017927,INDIVIDUAL
BK006125,J000092,2806749097,2026-10-06,CONFIRMED,2,P017928,GROUP
BK006126,J000092,8828005018,2026-10-05,CONFIRMED,2,P017930,FAMILY
BK006127,J000092,9657289479,2026-10-04,CONFIRMED,4,P017932,GROUP
BK006128,J000092,2179806098,2026-10-03,CONFIRMED,2,P017936,FRIENDS
BK006129,J000092,2565211659,2026-10-02,CONFIRMED,4,P017938,FRIENDS
BK006130,J000092,3157993786,2026-10-01,CONFIRMED,2,P017942,FAMILY
BK006131,J000092,5936240557,2026-09-30,CONFIRMED,7,P017944,FAMILY
BK006132,J000092,8623211769,2026-09-29,CONFIRMED,4,P017951,FAMILY
BK006133,J000092,6045198630,2026-09-28,CONFIRMED,2,P017955,GROUP
BK006134,J000092,1019163820,2026-09-27,CONFIRMED,1,P017957,INDIVIDUAL
BK006135,J000092,8644329215,2026-09-26,CONFIRMED,4,P017958,GROUP
BK006136,J000092,4313899556,2026-09-25,CONFIRMED,4,P017962,FAMILY
BK006137,J000092,3165850985,2026-09-24,CONFIRMED,1,P017966,INDIVIDUAL
BK006138,J000092,6615910919,2026-09-23,WAITLISTED,3,P017967,FRIENDS
BK006139,J000092,7598026471,2026-09-22,CONFIRMED,1,P017970,INDIVIDUAL
BK006140,J000092,3424690945,2026-09-21,CONFIRMED,1,P017971,INDIVIDUAL
BK006141,J000092,3056955840,2026-09-20,CONFIRMED,5,P017972,FAMILY
BK006142,J000092,9189370673,2026-09-19,CONFIRMED,6,P017977,FAMILY
BK006143,J000092,2484827735,2026-09-18,CONFIRMED,2,P017983,FRIENDS
BK006144,J000092,6303557053,2026-09-17,CONFIRMED,2,P017985,FRIENDS
BK006145,J000092,1062244375,2026-09-16,CONFIRMED,1,P017987,INDIVIDUAL
BK006146,J000092,1728184549,2026-09-15,CONFIRMED,4,P017988,FAMILY
BK006147,J000092,1364631396,2026-09-14,CONFIRMED,6,P017992,FRIENDS
BK006148,J000092,3199037573,2026-09-13,CONFIRMED,3,P017998,GROUP
BK006149,J000092,9099995127,2026-09-12,CONFIRMED,4,P018001,FRIENDS
BK006150,J000092,5037966641,2026-09-11,CONFIRMED,2,P018005,FAMILY
BK006151,J000092,3477434089,2026-09-10,CONFIRMED,4,P018007,GROUP
BK006152,J000092,3280899773,2026-09-09,CONFIRMED,7,P018011,GROUP
BK006153,J000092,5952392862,2026-09-08,CONFIRMED,4,P018018,FRIENDS
BK006154,J000092,5731868005,2026-09-07,CONFIRMED,4,P018022,FAMILY
BK006155,J000092,7846921486,2026-09-06,CONFIRMED,4,P018026,GROUP
BK006156,J000092,3324625534,2026-10-13,CONFIRMED,2,P018030,FRIENDS
BK006157,J000092,6337809518,2026-10-12,CONFIRMED,3,P018032,FAMILY
BK006158,J000092,1492514313,2026-10-11,CONFIRMED,3,P018035,FRIENDS
BK006159,J000092,8770634318,2026-10-10,CONFIRMED,8,P018038,GROUP
BK006160,J000092,1528887592,2026-10-09,RAC,3,P018046,GROUP
BK006161,J000092,8844112068,2026-10-08,CONFIRMED,1,P018049,INDIVIDUAL
BK006162,J000092,2889696761,2026-10-07,CONFIRMED,2,P018050,FAMILY
BK006163,J000092,4004128177,2026-10-06,CONFIRMED,4,P018052,GROUP
BK006164,J000092,5792421695,2026-10-05,CONFIRMED,4,P018056,FAMILY
BK006165,J000093,1277722798,2026-10-11,CONFIRMED,4,P018060,FRIENDS
BK006166,J000093,5828079867,2026-10-10,CONFIRMED,2,P018064,FAMILY
BK006167,J000093,2992790572,2026-10-09,CONFIRMED,2,P018066,FRIENDS
BK006168,J000093,6097132905,2026-10-08,CONFIRMED,2,P018068,FRIENDS
BK006169,J000093,7953445521,2026-10-07,CONFIRMED,1,P018070,INDIVIDUAL
BK006170,J000093,6326821592,2026-10-06,CONFIRMED,3,P018071,FRIENDS
BK006171,J000093,6968409269,2026-10-05,WAITLISTED,2,P018074,FRIENDS
BK006172,J000093,2329708896,2026-10-04,CONFIRMED,3,P018076,GROUP
BK006173,J000093,6702557814,2026-10-03,CONFIRMED,1,P018079,INDIVIDUAL
BK006174,J000093,4423037590,2026-10-02,CONFIRMED,6,P018080,FAMILY
BK006175,J000093,6463793374,2026-10-01,CONFIRMED,4,P018086,CAREGIVER_COMPANION
BK006176,J000093,1023359826,2026-09-30,CONFIRMED,3,P018090,GROUP
BK006177,J000093,2542806076,2026-09-29,CONFIRMED,1,P018093,INDIVIDUAL
BK006178,J000093,6435415885,2026-09-28,CONFIRMED,5,P018094,GROUP
BK006179,J000093,8865075359,2026-09-27,CONFIRMED,3,P018099,FAMILY
BK006180,J000093,8410839755,2026-09-26,CONFIRMED,1,P018102,INDIVIDUAL
BK006181,J000093,1745913867,2026-09-25,CONFIRMED,2,P018103,GROUP
BK006182,J000093,4042507332,2026-09-24,CONFIRMED,2,P018105,FAMILY
BK006183,J000093,2816683357,2026-09-23,CONFIRMED,1,P018107,INDIVIDUAL
BK006184,J000093,4971509217,2026-09-22,CONFIRMED,5,P018108,FRIENDS
BK006185,J000093,4289485946,2026-09-21,CONFIRMED,2,P018113,GROUP
BK006186,J000093,8713857088,2026-09-20,CONFIRMED,2,P018115,FAMILY
BK006187,J000093,6949487911,2026-09-19,CONFIRMED,1,P018117,INDIVIDUAL
BK006188,J000093,6244832351,2026-09-18,CONFIRMED,3,P018118,GROUP
BK006189,J000093,7991406223,2026-09-17,CONFIRMED,2,P018121,GROUP
BK006190,J000093,6688711990,2026-09-16,CONFIRMED,2,P018123,FAMILY
BK006191,J000093,3375737336,2026-09-15,CONFIRMED,4,P018125,GROUP
BK006192,J000093,2757175740,2026-09-14,CONFIRMED,4,P018129,FAMILY
BK006193,J000093,9639160356,2026-09-13,CONFIRMED,1,P018133,INDIVIDUAL
BK006194,J000093,2633353540,2026-10-20,CONFIRMED,2,P018134,FAMILY
BK006195,J000093,9556059949,2026-10-19,CONFIRMED,1,P018136,INDIVIDUAL
BK006196,J000093,2869178195,2026-10-18,CONFIRMED,1,P018137,INDIVIDUAL
BK006197,J000093,3032760533,2026-10-17,CONFIRMED,4,P018138,FRIENDS
BK006198,J000093,3921127555,2026-10-16,CONFIRMED,4,P018142,FAMILY
BK006199,J000093,5990584505,2026-10-15,CONFIRMED,4,P018146,GROUP
BK006200,J000093,5716557951,2026-10-14,CANCELLED,1,P018150,INDIVIDUAL
BK006201,J000093,2872070623,2026-10-13,CONFIRMED,2,P018151,GROUP
BK006202,J000093,4023636289,2026-10-12,CONFIRMED,4,P018153,FAMILY
BK006203,J000093,6893933034,2026-10-11,CONFIRMED,2,P018157,FRIENDS
BK006204,J000093,6025784313,2026-10-10,WAITLISTED,4,P018159,FAMILY
BK006205,J000093,4306065357,2026-10-09,CONFIRMED,3,P018163,FAMILY
BK006206,J000093,5158839712,2026-10-08,CONFIRMED,2,P018166,FAMILY
BK006207,J000093,1534139955,2026-10-07,CONFIRMED,2,P018168,FRIENDS
BK006208,J000093,6914626373,2026-10-06,CONFIRMED,1,P018170,INDIVIDUAL
BK006209,J000093,3277974449,2026-10-05,CONFIRMED,2,P018171,GROUP
BK006210,J000093,3260434618,2026-10-04,CONFIRMED,4,P018173,FAMILY
BK006211,J000093,7776673575,2026-10-03,CONFIRMED,2,P018177,FRIENDS
BK006212,J000093,7339202286,2026-10-02,CONFIRMED,3,P018179,GROUP
BK006213,J000093,3555338033,2026-10-01,CONFIRMED,4,P018182,CAREGIVER_COMPANION
BK006214,J000093,7767531475,2026-09-30,CONFIRMED,4,P018186,FAMILY
BK006215,J000093,2773234237,2026-09-29,CONFIRMED,3,P018190,FAMILY
BK006216,J000093,2278650336,2026-09-28,CONFIRMED,2,P018193,FRIENDS
BK006217,J000093,2687684465,2026-09-27,CONFIRMED,3,P018195,FAMILY
BK006218,J000093,7761003720,2026-09-26,CONFIRMED,2,P018198,FAMILY
BK006219,J000093,3244921168,2026-09-25,CONFIRMED,2,P018200,FRIENDS
BK006220,J000093,2952409930,2026-09-24,CONFIRMED,2,P018202,FRIENDS
BK006221,J000093,3558048892,2026-09-23,CONFIRMED,4,P018204,FRIENDS
BK006222,J000093,9195406506,2026-09-22,CONFIRMED,2,P018208,FAMILY
BK006223,J000093,6992221718,2026-09-21,CONFIRMED,2,P018210,FRIENDS
BK006224,J000093,4009807330,2026-09-20,CONFIRMED,6,P018212,FAMILY
BK006225,J000093,7726018425,2026-09-19,CONFIRMED,3,P018218,FAMILY
BK006226,J000093,8747066610,2026-09-18,CONFIRMED,4,P018221,FAMILY
BK006227,J000093,9922819476,2026-09-17,CONFIRMED,3,P018225,FAMILY
BK006228,J000093,6967736564,2026-09-16,CONFIRMED,8,P018228,FAMILY
BK006229,J000093,2959243618,2026-09-15,CONFIRMED,2,P018236,GROUP
BK006230,J000093,5865582794,2026-09-14,CONFIRMED,2,P018238,FAMILY
BK006231,J000093,9231272393,2026-09-13,CONFIRMED,5,P018240,FAMILY
BK006232,J000094,8737680558,2026-10-27,CONFIRMED,2,P018245,FRIENDS
BK006233,J000094,5965331339,2026-10-26,CONFIRMED,5,P018247,FAMILY
BK006234,J000094,9418005306,2026-10-25,CONFIRMED,3,P018252,FRIENDS
BK006235,J000094,4224689306,2026-10-24,CONFIRMED,4,P018255,GROUP
BK006236,J000094,6573975170,2026-10-23,CONFIRMED,1,P018259,INDIVIDUAL
BK006237,J000094,9368014947,2026-10-22,WAITLISTED,6,P018260,GROUP
BK006238,J000094,7775002237,2026-10-21,CONFIRMED,4,P018266,FAMILY
BK006239,J000094,7673016267,2026-10-20,CONFIRMED,3,P018270,FAMILY
BK006240,J000094,7267020487,2026-10-19,RAC,3,P018273,GROUP
BK006241,J000094,5041207361,2026-10-18,CONFIRMED,4,P018276,FRIENDS
BK006242,J000094,9130317735,2026-10-17,CONFIRMED,3,P018280,FRIENDS
BK006243,J000094,7349199691,2026-10-16,CONFIRMED,3,P018283,FAMILY
BK006244,J000094,7883446245,2026-10-15,CONFIRMED,1,P018286,INDIVIDUAL
BK006245,J000094,5783277303,2026-10-14,CONFIRMED,1,P018287,INDIVIDUAL
BK006246,J000094,8926163591,2026-10-13,CONFIRMED,3,P018288,FRIENDS
BK006247,J000094,5771234499,2026-10-12,CONFIRMED,4,P018291,GROUP
BK006248,J000094,9815369533,2026-10-11,CONFIRMED,3,P018295,GROUP
BK006249,J000094,1503371661,2026-10-10,CONFIRMED,1,P018298,INDIVIDUAL
BK006250,J000094,4353998228,2026-10-09,CONFIRMED,3,P018299,FRIENDS
BK006251,J000094,5533852910,2026-10-08,CONFIRMED,1,P018302,INDIVIDUAL
BK006252,J000094,5418975730,2026-10-07,CONFIRMED,2,P018303,FRIENDS
BK006253,J000094,4805158880,2026-10-06,CONFIRMED,6,P018305,GROUP
BK006254,J000094,3921066002,2026-10-05,CONFIRMED,3,P018311,FRIENDS
BK006255,J000094,2868399377,2026-10-04,CONFIRMED,2,P018314,FRIENDS
BK006256,J000094,8323396843,2026-10-03,CONFIRMED,1,P018316,INDIVIDUAL
BK006257,J000094,2339709938,2026-10-02,CONFIRMED,4,P018317,FRIENDS
BK006258,J000094,8106027659,2026-10-01,CONFIRMED,2,P018321,FAMILY
BK006259,J000094,6278048551,2026-09-30,CONFIRMED,1,P018323,INDIVIDUAL
BK006260,J000094,6976685935,2026-09-29,CONFIRMED,1,P018324,INDIVIDUAL
BK006261,J000094,5116959167,2026-09-28,CONFIRMED,1,P018325,INDIVIDUAL
BK006262,J000094,8414745839,2026-09-27,CONFIRMED,4,P018326,FAMILY
BK006263,J000094,5700831821,2026-09-26,CONFIRMED,6,P018330,FRIENDS
BK006264,J000094,1013350357,2026-09-25,CONFIRMED,2,P018336,FRIENDS
BK006265,J000094,7567534097,2026-09-24,CONFIRMED,2,P018338,GROUP
BK006266,J000094,9315624361,2026-09-23,CONFIRMED,6,P018340,FAMILY
BK006267,J000094,2514911721,2026-09-22,CONFIRMED,2,P018346,FRIENDS
BK006268,J000094,2096432582,2026-09-21,CONFIRMED,4,P018348,FAMILY
BK006269,J000094,3982056115,2026-09-20,CONFIRMED,1,P018352,INDIVIDUAL
BK006270,J000094,7834642739,2026-10-27,WAITLISTED,1,P018353,INDIVIDUAL
BK006271,J000094,8858615598,2026-10-26,CONFIRMED,4,P018354,GROUP
BK006272,J000094,6597932334,2026-10-25,CONFIRMED,1,P018358,INDIVIDUAL
BK006273,J000094,7423338373,2026-10-24,CONFIRMED,2,P018359,GROUP
BK006274,J000094,6340228242,2026-10-23,CONFIRMED,4,P018361,FAMILY
BK006275,J000094,7807360424,2026-10-22,CONFIRMED,1,P018365,INDIVIDUAL
BK006276,J000094,6328181869,2026-10-21,CONFIRMED,5,P018366,FRIENDS
BK006277,J000094,6767353610,2026-10-20,CONFIRMED,2,P018371,GROUP
BK006278,J000094,7186383380,2026-10-19,CONFIRMED,2,P018373,FAMILY
BK006279,J000094,9838340319,2026-10-18,CONFIRMED,3,P018375,FAMILY
BK006280,J000094,5661649008,2026-10-17,RAC,2,P018378,FRIENDS
BK006281,J000094,5068143858,2026-10-16,CONFIRMED,4,P018380,FRIENDS
BK006282,J000094,3971678525,2026-10-15,CONFIRMED,4,P018384,FAMILY
BK006283,J000094,2296399712,2026-10-14,CONFIRMED,7,P018388,FAMILY
BK006284,J000094,2889624381,2026-10-13,CONFIRMED,3,P018395,GROUP
BK006285,J000094,6931155837,2026-10-12,CONFIRMED,8,P018398,FRIENDS
BK006286,J000094,3440632833,2026-10-11,CONFIRMED,3,P018406,FRIENDS
BK006287,J000094,9324181598,2026-10-10,CONFIRMED,4,P018409,GROUP
BK006288,J000094,8482233310,2026-10-09,CONFIRMED,3,P018413,GROUP
BK006289,J000094,8164036663,2026-10-08,CONFIRMED,2,P018416,GROUP
BK006290,J000094,4134316766,2026-10-07,CONFIRMED,4,P018418,FAMILY
BK006291,J000094,8390338641,2026-10-06,CONFIRMED,2,P018422,FRIENDS
BK006292,J000094,9736362531,2026-10-05,CONFIRMED,2,P018424,FRIENDS
BK006293,J000094,2447145147,2026-10-04,CONFIRMED,2,P018426,GROUP
BK006294,J000094,7203597935,2026-10-03,CONFIRMED,1,P018428,INDIVIDUAL
BK006295,J000094,2562612317,2026-10-02,CONFIRMED,4,P018429,GROUP
BK006296,J000094,7784519905,2026-10-01,CONFIRMED,6,P018433,FAMILY
BK006297,J000094,4539008157,2026-09-30,CONFIRMED,5,P018439,FAMILY
BK006298,J000094,5916293559,2026-09-29,CONFIRMED,2,P018444,FAMILY
BK006299,J000095,1985871487,2026-10-05,CONFIRMED,2,P018446,FRIENDS
BK006300,J000095,9020972957,2026-10-04,CANCELLED,2,P018448,FRIENDS
BK006301,J000095,7847554446,2026-10-03,CONFIRMED,2,P018450,GROUP
BK006302,J000095,4560939732,2026-10-02,CONFIRMED,2,P018452,FAMILY
BK006303,J000095,6479745438,2026-10-01,WAITLISTED,1,P018454,INDIVIDUAL
BK006304,J000095,2317851324,2026-09-30,CONFIRMED,2,P018455,FRIENDS
BK006305,J000095,6341846240,2026-09-29,CONFIRMED,1,P018457,INDIVIDUAL
BK006306,J000095,1268134453,2026-09-28,CONFIRMED,4,P018458,FAMILY
BK006307,J000095,4104256194,2026-09-27,CONFIRMED,1,P018462,INDIVIDUAL
BK006308,J000095,2876225977,2026-11-03,CONFIRMED,6,P018463,CAREGIVER_COMPANION
BK006309,J000095,7254438817,2026-11-02,CONFIRMED,5,P018469,FAMILY
BK006310,J000095,5917274683,2026-11-01,CONFIRMED,1,P018474,INDIVIDUAL
BK006311,J000095,7252554480,2026-10-31,CONFIRMED,6,P018475,FRIENDS
BK006312,J000095,5590011441,2026-10-30,CONFIRMED,2,P018481,FRIENDS
BK006313,J000095,8657468187,2026-10-29,CONFIRMED,1,P018483,INDIVIDUAL
BK006314,J000095,6331418697,2026-10-28,CONFIRMED,4,P018484,FAMILY
BK006315,J000095,1398552280,2026-10-27,CONFIRMED,8,P018488,GROUP
BK006316,J000095,4620150009,2026-10-26,CONFIRMED,2,P018496,FRIENDS
BK006317,J000095,1693917824,2026-10-25,CONFIRMED,2,P018498,GROUP
BK006318,J000095,8275843383,2026-10-24,CONFIRMED,4,P018500,FAMILY
BK006319,J000095,3985106701,2026-10-23,CONFIRMED,4,P018504,GROUP
BK006320,J000095,7771841368,2026-10-22,RAC,2,P018508,FRIENDS
BK006321,J000095,6455151512,2026-10-21,CONFIRMED,2,P018510,GROUP
BK006322,J000095,1647210929,2026-10-20,CONFIRMED,4,P018512,FAMILY
BK006323,J000095,7700788421,2026-10-19,CONFIRMED,2,P018516,FRIENDS
BK006324,J000095,9368067997,2026-10-18,CONFIRMED,2,P018518,FRIENDS
BK006325,J000095,1127829393,2026-10-17,CONFIRMED,6,P018520,GROUP
BK006326,J000095,1998602471,2026-10-16,CONFIRMED,2,P018526,FAMILY
BK006327,J000095,4753701060,2026-10-15,CONFIRMED,4,P018528,CAREGIVER_COMPANION
BK006328,J000095,3358642163,2026-10-14,CONFIRMED,7,P018532,GROUP
BK006329,J000095,7191055907,2026-10-13,CONFIRMED,1,P018539,INDIVIDUAL
BK006330,J000095,6772284668,2026-10-12,CONFIRMED,3,P018540,FRIENDS
BK006331,J000095,6644130160,2026-10-11,CONFIRMED,2,P018543,FRIENDS
BK006332,J000095,6537337148,2026-10-10,CONFIRMED,1,P018545,INDIVIDUAL
BK006333,J000095,9349896741,2026-10-09,CONFIRMED,8,P018546,FRIENDS
BK006334,J000095,5575754352,2026-10-08,CONFIRMED,3,P018554,FRIENDS
BK006335,J000095,1028731319,2026-10-07,CONFIRMED,6,P018557,FRIENDS
BK006336,J000095,9411872136,2026-10-06,WAITLISTED,5,P018563,FRIENDS
BK006337,J000095,7884151458,2026-10-05,CONFIRMED,6,P018568,GROUP
BK006338,J000095,7114062652,2026-10-04,CONFIRMED,6,P018574,FAMILY
BK006339,J000095,4201271511,2026-10-03,CONFIRMED,1,P018580,INDIVIDUAL
BK006340,J000095,8673490392,2026-10-02,CONFIRMED,2,P018581,FRIENDS
BK006341,J000095,1640499796,2026-10-01,CONFIRMED,5,P018583,FAMILY
BK006342,J000095,9971406298,2026-09-30,CONFIRMED,1,P018588,INDIVIDUAL
BK006343,J000095,8662249037,2026-09-29,CONFIRMED,2,P018589,FRIENDS
BK006344,J000095,5382444621,2026-09-28,CONFIRMED,8,P018591,FAMILY
BK006345,J000095,1898043063,2026-09-27,CONFIRMED,1,P018599,INDIVIDUAL
BK006346,J000095,8880478650,2026-11-03,CONFIRMED,4,P018600,CAREGIVER_COMPANION
BK006347,J000095,9019497122,2026-11-02,CONFIRMED,3,P018604,FAMILY
BK006348,J000095,3506640095,2026-11-01,CONFIRMED,2,P018607,FRIENDS
BK006349,J000095,9364087083,2026-10-31,CONFIRMED,5,P018609,FAMILY
BK006350,J000095,7251080760,2026-10-30,CONFIRMED,2,P018614,FAMILY
BK006351,J000095,6346953114,2026-10-29,CONFIRMED,3,P018616,FAMILY
BK006352,J000095,3477705636,2026-10-28,CONFIRMED,8,P018619,FAMILY
BK006353,J000095,3063625958,2026-10-27,CONFIRMED,2,P018627,GROUP
BK006354,J000095,4576388337,2026-10-26,CONFIRMED,6,P018629,FAMILY
BK006355,J000095,5335095249,2026-10-25,CONFIRMED,7,P018635,FAMILY
BK006356,J000095,7124490672,2026-10-24,CONFIRMED,5,P018642,FRIENDS
BK006357,J000095,9196134896,2026-10-23,CONFIRMED,3,P018647,FAMILY
BK006358,J000095,9748114877,2026-10-22,CONFIRMED,1,P018650,INDIVIDUAL
BK006359,J000095,9865959601,2026-10-21,CONFIRMED,4,P018651,GROUP
BK006360,J000095,4494603670,2026-10-20,RAC,3,P018655,GROUP
BK006361,J000095,4415294023,2026-10-19,CONFIRMED,1,P018658,INDIVIDUAL
BK006362,J000095,9733835636,2026-10-18,CONFIRMED,4,P018659,FAMILY
BK006363,J000095,3168857778,2026-10-17,CONFIRMED,2,P018663,FRIENDS
BK006364,J000095,2977653401,2026-10-16,CONFIRMED,2,P018665,FRIENDS
BK006365,J000095,3740921785,2026-10-15,CONFIRMED,6,P018667,CAREGIVER_COMPANION
BK006366,J000096,6871505246,2026-10-21,CONFIRMED,4,P018673,FAMILY
BK006367,J000096,3676872916,2026-10-20,CONFIRMED,5,P018677,FAMILY
BK006368,J000096,1425661100,2026-10-19,CONFIRMED,6,P018682,FAMILY
BK006369,J000096,9504321187,2026-10-18,WAITLISTED,1,P018688,INDIVIDUAL
BK006370,J000096,1406664850,2026-10-17,CONFIRMED,6,P018689,FAMILY
BK006371,J000096,5685216074,2026-10-16,CONFIRMED,3,P018695,FAMILY
BK006372,J000096,3321567014,2026-10-15,CONFIRMED,1,P018698,INDIVIDUAL
BK006373,J000096,1981519204,2026-10-14,CONFIRMED,2,P018699,GROUP
BK006374,J000096,1107681547,2026-10-13,CONFIRMED,1,P018701,INDIVIDUAL
BK006375,J000096,5686999278,2026-10-12,CONFIRMED,2,P018702,FRIENDS
BK006376,J000096,9032438961,2026-10-11,CONFIRMED,4,P018704,FAMILY
BK006377,J000096,9675910871,2026-10-10,CONFIRMED,1,P018708,INDIVIDUAL
BK006378,J000096,1207490615,2026-10-09,CONFIRMED,3,P018709,FRIENDS
BK006379,J000096,1510839781,2026-10-08,CONFIRMED,4,P018712,GROUP
BK006380,J000096,9148658686,2026-10-07,CONFIRMED,4,P018716,FAMILY
BK006381,J000096,4501793411,2026-10-06,CONFIRMED,8,P018720,FRIENDS
BK006382,J000096,4204193844,2026-10-05,CONFIRMED,1,P018728,INDIVIDUAL
BK006383,J000096,8614788598,2026-10-04,CONFIRMED,4,P018729,GROUP
BK006384,J000096,3285501480,2026-11-10,CONFIRMED,2,P018733,FRIENDS
BK006385,J000096,7957690362,2026-11-09,CONFIRMED,4,P018735,FRIENDS
BK006386,J000096,6107929680,2026-11-08,CONFIRMED,4,P018739,FAMILY
BK006387,J000096,4064604973,2026-11-07,CONFIRMED,4,P018743,GROUP
BK006388,J000096,1999743791,2026-11-06,CONFIRMED,2,P018747,FRIENDS
BK006389,J000096,8888991826,2026-11-05,CONFIRMED,2,P018749,GROUP
BK006390,J000096,1037957195,2026-11-04,CONFIRMED,1,P018751,INDIVIDUAL
BK006391,J000096,3977837274,2026-11-03,CONFIRMED,1,P018752,INDIVIDUAL
BK006392,J000096,1098978802,2026-11-02,CONFIRMED,1,P018753,INDIVIDUAL
BK006393,J000096,1332151939,2026-11-01,CONFIRMED,3,P018754,FAMILY
BK006394,J000096,2511927252,2026-10-31,CONFIRMED,2,P018757,FAMILY
BK006395,J000096,1476424699,2026-10-30,CONFIRMED,3,P018759,FAMILY
BK006396,J000096,5036634042,2026-10-29,CONFIRMED,7,P018762,GROUP
BK006397,J000096,5811173375,2026-10-28,CONFIRMED,5,P018769,FAMILY
BK006398,J000096,2359755563,2026-10-27,CONFIRMED,4,P018774,FAMILY
BK006399,J000096,4338948367,2026-10-26,CONFIRMED,4,P018778,GROUP
BK006400,J000096,9589943133,2026-10-25,CANCELLED,3,P018782,GROUP
BK006401,J000096,2806518005,2026-10-24,CONFIRMED,3,P018785,FAMILY
BK006402,J000096,5376511377,2026-10-23,WAITLISTED,1,P018788,INDIVIDUAL
BK006403,J000096,5951134793,2026-10-22,CONFIRMED,2,P018789,FRIENDS
BK006404,J000096,2114707627,2026-10-21,CONFIRMED,8,P018791,FAMILY
BK006405,J000096,4907874094,2026-10-20,CONFIRMED,4,P018799,FRIENDS
BK006406,J000096,5101593713,2026-10-19,CONFIRMED,3,P018803,FRIENDS
BK006407,J000096,7030730841,2026-10-18,CONFIRMED,2,P018806,FRIENDS
BK006408,J000096,7203263199,2026-10-17,CONFIRMED,6,P018808,FAMILY
BK006409,J000096,2331153384,2026-10-16,CONFIRMED,5,P018814,FAMILY
BK006410,J000096,7688277747,2026-10-15,CONFIRMED,1,P018819,INDIVIDUAL
BK006411,J000096,7659040509,2026-10-14,CONFIRMED,4,P018820,GROUP
BK006412,J000096,2451935103,2026-10-13,CONFIRMED,1,P018824,INDIVIDUAL
BK006413,J000096,9933479730,2026-10-12,CONFIRMED,4,P018825,FRIENDS
BK006414,J000096,9261383746,2026-10-11,CONFIRMED,3,P018829,FRIENDS
BK006415,J000096,9911690236,2026-10-10,CONFIRMED,6,P018832,FRIENDS
BK006416,J000096,4930828426,2026-10-09,CONFIRMED,1,P018838,INDIVIDUAL
BK006417,J000096,9899721340,2026-10-08,CONFIRMED,3,P018839,FAMILY
BK006418,J000096,9650405607,2026-10-07,CONFIRMED,3,P018842,FRIENDS
BK006419,J000096,4858660097,2026-10-06,CONFIRMED,2,P018845,FRIENDS
BK006420,J000096,4549108976,2026-10-05,CONFIRMED,4,P018847,FAMILY
BK006421,J000096,2939478733,2026-10-04,CONFIRMED,6,P018851,GROUP
BK006422,J000096,1586324383,2026-11-10,CONFIRMED,1,P018857,INDIVIDUAL
BK006423,J000096,1783448631,2026-11-09,CONFIRMED,5,P018858,FAMILY
BK006424,J000096,4580544486,2026-11-08,CONFIRMED,1,P018863,INDIVIDUAL
BK006425,J000096,1368283297,2026-11-07,CONFIRMED,3,P018864,FAMILY
BK006426,J000096,3994726890,2026-11-06,CONFIRMED,3,P018867,FRIENDS
BK006427,J000096,9259635641,2026-11-05,CONFIRMED,2,P018870,FRIENDS
BK006428,J000096,2319702932,2026-11-04,CONFIRMED,2,P018872,FRIENDS
BK006429,J000096,2425549061,2026-11-03,CONFIRMED,3,P018874,FAMILY
BK006430,J000096,1614857005,2026-11-02,CONFIRMED,8,P018877,FAMILY
BK006431,J000096,5188367347,2026-11-01,CONFIRMED,1,P018885,INDIVIDUAL
BK006432,J000096,5931644252,2026-10-31,CONFIRMED,2,P018886,FRIENDS
BK006433,J000097,5791933355,2026-09-23,CONFIRMED,1,P018888,INDIVIDUAL
BK006434,J000097,2940970318,2026-09-22,CONFIRMED,4,P018889,FAMILY
BK006435,J000097,3337519772,2026-09-21,WAITLISTED,5,P018893,FAMILY
BK006436,J000097,6997165142,2026-09-20,CONFIRMED,3,P018898,GROUP
BK006437,J000097,4466015544,2026-09-19,CONFIRMED,1,P018901,INDIVIDUAL
BK006438,J000097,8353693646,2026-09-18,CONFIRMED,1,P018902,INDIVIDUAL
BK006439,J000097,6197612213,2026-09-17,CONFIRMED,6,P018903,FRIENDS
BK006440,J000097,1891545638,2026-09-16,RAC,4,P018909,FAMILY
BK006441,J000097,5444290914,2026-09-15,CONFIRMED,1,P018913,INDIVIDUAL
BK006442,J000097,1616767789,2026-09-14,CONFIRMED,1,P018914,INDIVIDUAL
BK006443,J000097,9292069515,2026-09-13,CONFIRMED,5,P018915,FAMILY
BK006444,J000097,1726058814,2026-09-12,CONFIRMED,4,P018920,FAMILY
BK006445,J000097,1777122895,2026-09-11,CONFIRMED,3,P018924,FAMILY
BK006446,J000097,7151403377,2026-09-10,CONFIRMED,1,P018927,INDIVIDUAL
BK006447,J000097,7566788464,2026-09-09,CONFIRMED,3,P018928,FAMILY
BK006448,J000097,2364399845,2026-09-08,CONFIRMED,4,P018931,FAMILY
BK006449,J000097,9927083566,2026-09-07,CONFIRMED,2,P018935,GROUP
BK006450,J000097,3467708679,2026-09-06,CONFIRMED,2,P018937,FAMILY
BK006451,J000097,9950906519,2026-09-05,CONFIRMED,8,P018939,GROUP
BK006452,J000097,4119941292,2026-09-04,CONFIRMED,2,P018947,FRIENDS
BK006453,J000097,4142110198,2026-09-03,CONFIRMED,2,P018949,GROUP
BK006454,J000097,4743570867,2026-09-02,CONFIRMED,1,P018951,INDIVIDUAL
BK006455,J000097,5364848321,2026-09-01,CONFIRMED,4,P018952,GROUP
BK006456,J000097,5441015968,2026-08-31,CONFIRMED,2,P018956,FRIENDS
BK006457,J000097,9959393750,2026-08-30,CONFIRMED,5,P018958,FAMILY
BK006458,J000097,1230888865,2026-08-29,CONFIRMED,4,P018963,FAMILY
BK006459,J000097,1758143013,2026-08-28,CONFIRMED,4,P018967,GROUP
BK006460,J000097,3300099297,2026-10-04,CONFIRMED,1,P018971,INDIVIDUAL
BK006461,J000097,1515968466,2026-10-03,CONFIRMED,4,P018972,FRIENDS
BK006462,J000097,7720810542,2026-10-02,CONFIRMED,3,P018976,FRIENDS
BK006463,J000097,3239555145,2026-10-01,CONFIRMED,2,P018979,FRIENDS
BK006464,J000097,5269061172,2026-09-30,CONFIRMED,2,P018981,FRIENDS
BK006465,J000097,4982848986,2026-09-29,CONFIRMED,1,P018983,INDIVIDUAL
BK006466,J000097,1349654003,2026-09-28,CONFIRMED,2,P018984,FAMILY
BK006467,J000097,6365697386,2026-09-27,CONFIRMED,1,P018986,INDIVIDUAL
BK006468,J000097,8207988973,2026-09-26,WAITLISTED,2,P018987,FRIENDS
BK006469,J000097,8753317490,2026-09-25,CONFIRMED,1,P018989,INDIVIDUAL
BK006470,J000097,8644425740,2026-09-24,CONFIRMED,6,P018990,FAMILY
BK006471,J000097,4920393444,2026-09-23,CONFIRMED,1,P018996,INDIVIDUAL
BK006472,J000097,6643119145,2026-09-22,CONFIRMED,5,P018997,FRIENDS
BK006473,J000097,5894570915,2026-09-21,CONFIRMED,1,P019002,INDIVIDUAL
BK006474,J000097,3547642244,2026-09-20,CONFIRMED,3,P019003,FRIENDS
BK006475,J000097,3186186292,2026-09-19,CONFIRMED,1,P019006,INDIVIDUAL
BK006476,J000097,5186473648,2026-09-18,CONFIRMED,3,P019007,GROUP
BK006477,J000097,6320149689,2026-09-17,CONFIRMED,4,P019010,FRIENDS
BK006478,J000097,7469512563,2026-09-16,CONFIRMED,4,P019014,FAMILY
BK006479,J000097,7437749604,2026-09-15,CONFIRMED,1,P019018,INDIVIDUAL
BK006480,J000097,6569489574,2026-09-14,RAC,4,P019019,FAMILY
BK006481,J000097,3195332213,2026-09-13,CONFIRMED,1,P019023,INDIVIDUAL
BK006482,J000097,5683187140,2026-09-12,CONFIRMED,6,P019024,FAMILY
BK006483,J000097,5692508351,2026-09-11,CONFIRMED,7,P019030,FAMILY
BK006484,J000097,7843683655,2026-09-10,CONFIRMED,6,P019037,FAMILY
BK006485,J000097,4871687000,2026-09-09,CONFIRMED,4,P019043,FRIENDS
BK006486,J000097,9777589674,2026-09-08,CONFIRMED,1,P019047,INDIVIDUAL
BK006487,J000097,2918992401,2026-09-07,CONFIRMED,1,P019048,INDIVIDUAL
BK006488,J000097,9258915347,2026-09-06,CONFIRMED,6,P019049,FAMILY
BK006489,J000097,2411051617,2026-09-05,CONFIRMED,1,P019055,INDIVIDUAL
BK006490,J000097,1901011797,2026-09-04,CONFIRMED,2,P019056,FAMILY
BK006491,J000097,5291563701,2026-09-03,CONFIRMED,6,P019058,FRIENDS
BK006492,J000097,4837734385,2026-09-02,CONFIRMED,2,P019064,FRIENDS
BK006493,J000097,5292135016,2026-09-01,CONFIRMED,6,P019066,GROUP
BK006494,J000097,5335892786,2026-08-31,CONFIRMED,2,P019072,FAMILY
BK006495,J000097,2841945274,2026-08-30,CONFIRMED,2,P019074,FRIENDS
BK006496,J000097,3801717520,2026-08-29,CONFIRMED,8,P019076,FAMILY
BK006497,J000097,7504963013,2026-08-28,CONFIRMED,3,P019084,FAMILY
BK006498,J000097,2257480349,2026-10-04,CONFIRMED,2,P019087,FAMILY
BK006499,J000097,2638585373,2026-10-03,CONFIRMED,3,P019089,FAMILY
BK006500,J000098,7886410490,2026-10-06,CANCELLED,2,P019092,FRIENDS
BK006501,J000098,7885316154,2026-10-05,WAITLISTED,2,P019094,GROUP
BK006502,J000098,4219882701,2026-10-04,CONFIRMED,3,P019096,FRIENDS
BK006503,J000098,3686604241,2026-10-03,CONFIRMED,4,P019099,GROUP
BK006504,J000098,6316977635,2026-10-02,CONFIRMED,3,P019103,GROUP
BK006505,J000098,6341315523,2026-10-01,CONFIRMED,2,P019106,GROUP
BK006506,J000098,8983822173,2026-09-30,CONFIRMED,1,P019108,INDIVIDUAL
BK006507,J000098,6541589234,2026-09-29,CONFIRMED,2,P019109,FRIENDS
BK006508,J000098,7504171549,2026-09-28,CONFIRMED,1,P019111,INDIVIDUAL
BK006509,J000098,6978404852,2026-09-27,CONFIRMED,1,P019112,INDIVIDUAL
BK006510,J000098,5183172610,2026-09-26,CONFIRMED,3,P019113,FRIENDS
BK006511,J000098,2031121409,2026-09-25,CONFIRMED,4,P019116,GROUP
BK006512,J000098,9893856594,2026-09-24,CONFIRMED,2,P019120,FRIENDS
BK006513,J000098,4611306869,2026-09-23,CONFIRMED,2,P019122,GROUP
BK006514,J000098,8873218976,2026-09-22,CONFIRMED,6,P019124,FAMILY
BK006515,J000098,9827655941,2026-09-21,CONFIRMED,6,P019130,FRIENDS
BK006516,J000098,8162080239,2026-09-20,CONFIRMED,4,P019136,FAMILY
BK006517,J000098,2856751122,2026-09-19,CONFIRMED,4,P019140,CAREGIVER_COMPANION
BK006518,J000098,9658202115,2026-09-18,CONFIRMED,4,P019144,FAMILY
BK006519,J000098,5301324733,2026-09-17,CONFIRMED,2,P019148,FRIENDS
BK006520,J000098,9499039739,2026-09-16,RAC,3,P019150,GROUP
BK006521,J000098,7107252635,2026-09-15,CONFIRMED,2,P019153,GROUP
BK006522,J000098,3944273328,2026-09-14,CONFIRMED,1,P019155,INDIVIDUAL
BK006523,J000098,9821872992,2026-09-13,CONFIRMED,2,P019156,FRIENDS
BK006524,J000098,1601820572,2026-09-12,CONFIRMED,3,P019158,GROUP
BK006525,J000098,2403512424,2026-09-11,CONFIRMED,4,P019161,FRIENDS
BK006526,J000098,7375357658,2026-09-10,CONFIRMED,1,P019165,INDIVIDUAL
BK006527,J000098,4743636465,2026-09-09,CONFIRMED,4,P019166,GROUP
BK006528,J000098,5031810532,2026-09-08,CONFIRMED,1,P019170,INDIVIDUAL
BK006529,J000098,7123519334,2026-09-07,CONFIRMED,1,P019171,INDIVIDUAL
BK006530,J000098,3436161770,2026-09-06,CONFIRMED,6,P019172,FAMILY
BK006531,J000098,4061870625,2026-09-05,CONFIRMED,4,P019178,GROUP
BK006532,J000098,8497757807,2026-09-04,CONFIRMED,4,P019182,FAMILY
BK006533,J000098,1493661312,2026-09-03,CONFIRMED,3,P019186,FAMILY
BK006534,J000098,6432983731,2026-09-02,WAITLISTED,3,P019189,FRIENDS
BK006535,J000098,6915968952,2026-09-01,CONFIRMED,3,P019192,FAMILY
BK006536,J000098,1639492013,2026-10-08,CONFIRMED,1,P019195,INDIVIDUAL
BK006537,J000098,8251663183,2026-10-07,CONFIRMED,3,P019196,FAMILY
BK006538,J000098,7448488574,2026-10-06,CONFIRMED,2,P019199,FAMILY
BK006539,J000098,9889707161,2026-10-05,CONFIRMED,4,P019201,GROUP
BK006540,J000098,6465107242,2026-10-04,CONFIRMED,7,P019205,GROUP
BK006541,J000098,2740095463,2026-10-03,CONFIRMED,1,P019212,INDIVIDUAL
BK006542,J000098,2716035616,2026-10-02,CONFIRMED,3,P019213,FRIENDS
BK006543,J000098,7147201026,2026-10-01,CONFIRMED,7,P019216,FAMILY
BK006544,J000098,7358299125,2026-09-30,CONFIRMED,4,P019223,FAMILY
BK006545,J000098,4320861195,2026-09-29,CONFIRMED,3,P019227,FAMILY
BK006546,J000098,8492261474,2026-09-28,CONFIRMED,3,P019230,FRIENDS
BK006547,J000098,7702928899,2026-09-27,CONFIRMED,3,P019233,FAMILY
BK006548,J000098,3681108630,2026-09-26,CONFIRMED,2,P019236,FRIENDS
BK006549,J000098,3595718172,2026-09-25,CONFIRMED,8,P019238,FRIENDS
BK006550,J000098,1432615219,2026-09-24,CONFIRMED,6,P019246,FAMILY
BK006551,J000098,8820696305,2026-09-23,CONFIRMED,2,P019252,FRIENDS
BK006552,J000098,6723939586,2026-09-22,CONFIRMED,1,P019254,INDIVIDUAL
BK006553,J000098,1849558169,2026-09-21,CONFIRMED,3,P019255,FAMILY
BK006554,J000098,9396765853,2026-09-20,CONFIRMED,2,P019258,FAMILY
BK006555,J000098,7329838598,2026-09-19,CONFIRMED,1,P019260,INDIVIDUAL
BK006556,J000098,3244029311,2026-09-18,CONFIRMED,1,P019261,INDIVIDUAL
BK006557,J000098,6703372684,2026-09-17,CONFIRMED,1,P019262,INDIVIDUAL
BK006558,J000098,4554604950,2026-09-16,CONFIRMED,6,P019263,FAMILY
BK006559,J000098,8023524211,2026-09-15,CONFIRMED,1,P019269,INDIVIDUAL
BK006560,J000098,8187234624,2026-09-14,RAC,4,P019270,FAMILY
BK006561,J000098,2695384549,2026-09-13,CONFIRMED,1,P019274,INDIVIDUAL
BK006562,J000098,7765263320,2026-09-12,CONFIRMED,6,P019275,FAMILY
BK006563,J000098,6602836184,2026-09-11,CONFIRMED,1,P019281,INDIVIDUAL
BK006564,J000098,1543198683,2026-09-10,CONFIRMED,1,P019282,INDIVIDUAL
BK006565,J000098,2561095140,2026-09-09,CONFIRMED,4,P019283,FRIENDS
BK006566,J000098,5137342371,2026-09-08,CONFIRMED,3,P019287,FRIENDS
BK006567,J000099,7213550583,2026-09-10,WAITLISTED,2,P019290,FRIENDS
BK006568,J000099,3252868173,2026-09-09,CONFIRMED,4,P019292,FAMILY
BK006569,J000099,3927126913,2026-09-08,CONFIRMED,3,P019296,FAMILY
BK006570,J000099,3221829536,2026-09-07,CONFIRMED,1,P019299,INDIVIDUAL
BK006571,J000099,9152341938,2026-09-06,CONFIRMED,3,P019300,FAMILY
BK006572,J000099,8167057822,2026-09-05,CONFIRMED,3,P019303,GROUP
BK006573,J000099,7569939746,2026-09-04,CONFIRMED,1,P019306,INDIVIDUAL
BK006574,J000099,9902443059,2026-10-11,CONFIRMED,4,P019307,CAREGIVER_COMPANION
BK006575,J000099,8924371053,2026-10-10,CONFIRMED,4,P019311,GROUP
BK006576,J000099,3678794977,2026-10-09,CONFIRMED,6,P019315,FAMILY
BK006577,J000099,2668888833,2026-10-08,CONFIRMED,2,P019321,GROUP
BK006578,J000099,9542491179,2026-10-07,CONFIRMED,2,P019323,FAMILY
BK006579,J000099,6709990523,2026-10-06,CONFIRMED,1,P019325,INDIVIDUAL
BK006580,J000099,6323124238,2026-10-05,CONFIRMED,3,P019326,GROUP
BK006581,J000099,4646820766,2026-10-04,CONFIRMED,3,P019329,FAMILY
BK006582,J000099,3556458262,2026-10-03,CONFIRMED,1,P019332,INDIVIDUAL
BK006583,J000099,7729721220,2026-10-02,CONFIRMED,4,P019333,GROUP
BK006584,J000099,6786973905,2026-10-01,CONFIRMED,5,P019337,FRIENDS
BK006585,J000099,3778710790,2026-09-30,CONFIRMED,4,P019342,FRIENDS
BK006586,J000099,3213049260,2026-09-29,CONFIRMED,4,P019346,FAMILY
BK006587,J000099,8700097793,2026-09-28,CONFIRMED,2,P019350,FRIENDS
BK006588,J000099,9967697191,2026-09-27,CONFIRMED,4,P019352,FAMILY
BK006589,J000099,1050611363,2026-09-26,CONFIRMED,2,P019356,GROUP
BK006590,J000099,4516475855,2026-09-25,CONFIRMED,3,P019358,FRIENDS
BK006591,J000099,9722362796,2026-09-24,CONFIRMED,1,P019361,INDIVIDUAL
BK006592,J000099,3285523505,2026-09-23,CONFIRMED,1,P019362,INDIVIDUAL
BK006593,J000099,4415469299,2026-09-22,CONFIRMED,1,P019363,INDIVIDUAL
BK006594,J000099,3412900827,2026-09-21,CONFIRMED,3,P019364,FRIENDS
BK006595,J000099,8640946204,2026-09-20,CONFIRMED,1,P019367,INDIVIDUAL
BK006596,J000099,4996242024,2026-09-19,CONFIRMED,2,P019368,FRIENDS
BK006597,J000099,8309465237,2026-09-18,CONFIRMED,1,P019370,INDIVIDUAL
BK006598,J000099,2244098408,2026-09-17,CONFIRMED,2,P019371,FAMILY
BK006599,J000099,4791803493,2026-09-16,CONFIRMED,2,P019373,FRIENDS
BK006600,J000099,2290573534,2026-09-15,CANCELLED,3,P019375,GROUP
BK006601,J000099,4064935400,2026-09-14,CONFIRMED,2,P019378,GROUP
BK006602,J000099,7363513624,2026-09-13,CONFIRMED,1,P019380,INDIVIDUAL
BK006603,J000099,9570899493,2026-09-12,CONFIRMED,1,P019381,INDIVIDUAL
BK006604,J000099,7985774405,2026-09-11,CONFIRMED,4,P019382,FAMILY
BK006605,J000099,6957729616,2026-09-10,CONFIRMED,4,P019386,FRIENDS
BK006606,J000099,7934070086,2026-09-09,CONFIRMED,1,P019390,INDIVIDUAL
BK006607,J000099,3541651438,2026-09-08,CONFIRMED,1,P019391,INDIVIDUAL
BK006608,J000099,6612571651,2026-09-07,CONFIRMED,1,P019392,INDIVIDUAL
BK006609,J000099,5943977735,2026-09-06,CONFIRMED,1,P019393,INDIVIDUAL
BK006610,J000099,2942176180,2026-09-05,CONFIRMED,3,P019394,FRIENDS
BK006611,J000099,3235738315,2026-09-04,CONFIRMED,4,P019397,GROUP
BK006612,J000099,8176156854,2026-10-11,CONFIRMED,6,P019401,CAREGIVER_COMPANION
BK006613,J000099,9377986198,2026-10-10,CONFIRMED,4,P019407,FRIENDS
BK006614,J000099,4244164736,2026-10-09,CONFIRMED,3,P019411,FRIENDS
BK006615,J000099,3048445217,2026-10-08,CONFIRMED,3,P019414,FAMILY
BK006616,J000099,8724496597,2026-10-07,CONFIRMED,3,P019417,GROUP
BK006617,J000099,5188913424,2026-10-06,CONFIRMED,6,P019420,GROUP
BK006618,J000099,4731861612,2026-10-05,CONFIRMED,3,P019426,FRIENDS
BK006619,J000099,1040791127,2026-10-04,CONFIRMED,3,P019429,FAMILY
BK006620,J000099,3021334967,2026-10-03,CONFIRMED,4,P019432,FAMILY
BK006621,J000099,9697952254,2026-10-02,CONFIRMED,2,P019436,GROUP
BK006622,J000099,9064291517,2026-10-01,CONFIRMED,3,P019438,FRIENDS
BK006623,J000099,4567247524,2026-09-30,CONFIRMED,4,P019441,GROUP
BK006624,J000099,8844964434,2026-09-29,CONFIRMED,3,P019445,GROUP
BK006625,J000099,8065044128,2026-09-28,CONFIRMED,1,P019448,INDIVIDUAL
BK006626,J000099,2458428825,2026-09-27,CONFIRMED,8,P019449,FAMILY
BK006627,J000099,7531445168,2026-09-26,CONFIRMED,4,P019457,GROUP
BK006628,J000099,1128681218,2026-09-25,CONFIRMED,2,P019461,FRIENDS
BK006629,J000099,4994575169,2026-09-24,CONFIRMED,2,P019463,GROUP
BK006630,J000099,9514253692,2026-09-23,CONFIRMED,2,P019465,FAMILY
BK006631,J000099,8362185154,2026-09-22,CONFIRMED,1,P019467,INDIVIDUAL
BK006632,J000099,8914199467,2026-09-21,CONFIRMED,4,P019468,FAMILY
BK006633,J000099,1558843107,2026-09-20,WAITLISTED,1,P019472,INDIVIDUAL
BK006634,J000100,7762926989,2026-09-23,CONFIRMED,2,P019473,FAMILY
BK006635,J000100,6830742014,2026-09-22,CONFIRMED,4,P019475,GROUP
BK006636,J000100,1047776382,2026-09-21,CONFIRMED,1,P019479,INDIVIDUAL
BK006637,J000100,4970039848,2026-09-20,CONFIRMED,4,P019480,FRIENDS
BK006638,J000100,8957916985,2026-09-19,CONFIRMED,1,P019484,INDIVIDUAL
BK006639,J000100,6895598503,2026-09-18,CONFIRMED,1,P019485,INDIVIDUAL
BK006640,J000100,6895190275,2026-09-17,RAC,2,P019486,FRIENDS
BK006641,J000100,2516999154,2026-09-16,CONFIRMED,7,P019488,FAMILY
BK006642,J000100,2352050608,2026-09-15,CONFIRMED,1,P019495,INDIVIDUAL
BK006643,J000100,3122819034,2026-09-14,CONFIRMED,4,P019496,GROUP
BK006644,J000100,1876636823,2026-09-13,CONFIRMED,3,P019500,GROUP
BK006645,J000100,6600172682,2026-09-12,CONFIRMED,1,P019503,INDIVIDUAL
BK006646,J000100,2109077725,2026-09-11,CONFIRMED,5,P019504,GROUP
BK006647,J000100,5642821129,2026-09-10,CONFIRMED,1,P019509,INDIVIDUAL
BK006648,J000100,6696364015,2026-09-09,CONFIRMED,1,P019510,INDIVIDUAL
BK006649,J000100,6606386839,2026-09-08,CONFIRMED,2,P019511,GROUP
BK006650,J000100,8811804382,2026-10-15,CONFIRMED,2,P019513,FAMILY
BK006651,J000100,1499905874,2026-10-14,CONFIRMED,3,P019515,FAMILY
BK006652,J000100,1285363341,2026-10-13,CONFIRMED,7,P019518,GROUP
BK006653,J000100,8514914519,2026-10-12,CONFIRMED,2,P019525,GROUP
BK006654,J000100,8741882286,2026-10-11,CONFIRMED,1,P019527,INDIVIDUAL
BK006655,J000100,8344831221,2026-10-10,CONFIRMED,1,P019528,INDIVIDUAL
BK006656,J000100,4261487193,2026-10-09,CONFIRMED,8,P019529,FAMILY
BK006657,J000100,9513212469,2026-10-08,CONFIRMED,1,P019537,INDIVIDUAL
BK006658,J000100,8750023039,2026-10-07,CONFIRMED,2,P019538,FAMILY
BK006659,J000100,2734226976,2026-10-06,CONFIRMED,6,P019540,FRIENDS
BK006660,J000100,8131642733,2026-10-05,CONFIRMED,1,P019546,INDIVIDUAL
BK006661,J000100,4726566994,2026-10-04,CONFIRMED,2,P019547,GROUP
BK006662,J000100,5007927881,2026-10-03,CONFIRMED,3,P019549,FRIENDS
BK006663,J000100,4654684155,2026-10-02,CONFIRMED,1,P019552,INDIVIDUAL
BK006664,J000100,2779468708,2026-10-01,CONFIRMED,1,P019553,INDIVIDUAL
BK006665,J000100,2453858124,2026-09-30,CONFIRMED,1,P019554,INDIVIDUAL
BK006666,J000100,2678932599,2026-09-29,WAITLISTED,3,P019555,FRIENDS
BK006667,J000100,8276879765,2026-09-28,CONFIRMED,1,P019558,INDIVIDUAL
BK006668,J000100,6151944579,2026-09-27,CONFIRMED,1,P019559,INDIVIDUAL
BK006669,J000100,7407362548,2026-09-26,CONFIRMED,1,P019560,INDIVIDUAL
BK006670,J000100,3763061040,2026-09-25,CONFIRMED,8,P019561,FAMILY
BK006671,J000100,3498601462,2026-09-24,CONFIRMED,2,P019569,FRIENDS
BK006672,J000100,7683559445,2026-09-23,CONFIRMED,1,P019571,INDIVIDUAL
BK006673,J000100,9381912518,2026-09-22,CONFIRMED,1,P019572,INDIVIDUAL
BK006674,J000100,1663684942,2026-09-21,CONFIRMED,4,P019573,FAMILY
BK006675,J000100,2836952525,2026-09-20,CONFIRMED,2,P019577,FRIENDS
BK006676,J000100,6766352125,2026-09-19,CONFIRMED,2,P019579,FRIENDS
BK006677,J000100,2081973087,2026-09-18,CONFIRMED,5,P019581,FAMILY
BK006678,J000100,8109871220,2026-09-17,CONFIRMED,4,P019586,FAMILY
BK006679,J000100,1955471613,2026-09-16,CONFIRMED,2,P019590,FRIENDS
BK006680,J000100,3318355134,2026-09-15,RAC,2,P019592,FRIENDS
BK006681,J000100,7096723309,2026-09-14,CONFIRMED,2,P019594,GROUP
BK006682,J000100,1560590465,2026-09-13,CONFIRMED,1,P019596,INDIVIDUAL
BK006683,J000100,9767644636,2026-09-12,CONFIRMED,3,P019597,FAMILY
BK006684,J000100,9230514824,2026-09-11,CONFIRMED,6,P019600,FAMILY
BK006685,J000100,8180169929,2026-09-10,CONFIRMED,2,P019606,GROUP
BK006686,J000100,9981436708,2026-09-09,CONFIRMED,4,P019608,FAMILY
BK006687,J000100,3057705207,2026-09-08,CONFIRMED,2,P019612,FRIENDS
BK006688,J000100,9598476110,2026-10-15,CONFIRMED,1,P019614,INDIVIDUAL
BK006689,J000100,4105600189,2026-10-14,CONFIRMED,2,P019615,GROUP
BK006690,J000100,7974849693,2026-10-13,CONFIRMED,6,P019617,FAMILY
BK006691,J000100,7123034383,2026-10-12,CONFIRMED,2,P019623,FRIENDS
BK006692,J000100,8702414388,2026-10-11,CONFIRMED,4,P019625,FAMILY
BK006693,J000100,7603550049,2026-10-10,CONFIRMED,2,P019629,GROUP
BK006694,J000100,6405765851,2026-10-09,CONFIRMED,2,P019631,FAMILY
BK006695,J000100,5360702905,2026-10-08,CONFIRMED,1,P019633,INDIVIDUAL
BK006696,J000100,9730531296,2026-10-07,CONFIRMED,4,P019634,FAMILY
BK006697,J000100,1474358189,2026-10-06,CONFIRMED,6,P019638,GROUP
BK006698,J000100,6761860010,2026-10-05,CONFIRMED,3,P019644,FRIENDS
BK006699,J000100,5092488222,2026-10-04,WAITLISTED,4,P019647,GROUP
BK006700,J000100,7868655457,2026-10-03,CANCELLED,3,P019651,GROUP
BK006701,J000101,9180846781,2026-10-05,CONFIRMED,2,P019654,GROUP
BK006702,J000101,4893473107,2026-10-04,CONFIRMED,8,P019656,FAMILY
BK006703,J000101,3738946834,2026-10-03,CONFIRMED,2,P019664,FRIENDS
BK006704,J000101,4836366587,2026-10-02,CONFIRMED,1,P019666,INDIVIDUAL
BK006705,J000101,5035890717,2026-10-01,CONFIRMED,2,P019667,GROUP
BK006706,J000101,9462857907,2026-09-30,CONFIRMED,2,P019669,FAMILY
BK006707,J000101,9671967468,2026-09-29,CONFIRMED,6,P019671,CAREGIVER_COMPANION
BK006708,J000101,6799181645,2026-09-28,CONFIRMED,3,P019677,GROUP
BK006709,J000101,4207414785,2026-09-27,CONFIRMED,2,P019680,GROUP
BK006710,J000101,7785668494,2026-09-26,CONFIRMED,3,P019682,FRIENDS
BK006711,J000101,5120745994,2026-09-25,CONFIRMED,6,P019685,FRIENDS
BK006712,J000101,8274051057,2026-09-24,CONFIRMED,4,P019691,FAMILY
BK006713,J000101,1770129281,2026-09-23,CONFIRMED,7,P019695,FAMILY
BK006714,J000101,6442807838,2026-09-22,CONFIRMED,3,P019702,FRIENDS
BK006715,J000101,7882167869,2026-09-21,CONFIRMED,3,P019705,FAMILY
BK006716,J000101,3294466299,2026-09-20,CONFIRMED,1,P019708,INDIVIDUAL
BK006717,J000101,1632647721,2026-09-19,CONFIRMED,2,P019709,GROUP
BK006718,J000101,3395011272,2026-09-18,CONFIRMED,2,P019711,FAMILY
BK006719,J000101,1631085378,2026-09-17,CONFIRMED,1,P019713,INDIVIDUAL
BK006720,J000101,6008391826,2026-09-16,RAC,3,P019714,GROUP
BK006721,J000101,1061355816,2026-09-15,CONFIRMED,4,P019717,FRIENDS
BK006722,J000101,8185163007,2026-09-14,CONFIRMED,8,P019721,FAMILY
BK006723,J000101,7032979761,2026-09-13,CONFIRMED,1,P019729,INDIVIDUAL
BK006724,J000101,5965139703,2026-09-12,CONFIRMED,3,P019730,GROUP
BK006725,J000101,4729016734,2026-09-11,CONFIRMED,5,P019733,FAMILY
BK006726,J000101,3905751199,2026-10-18,CONFIRMED,2,P019738,FAMILY
BK006727,J000101,9609979290,2026-10-17,CONFIRMED,2,P019740,FRIENDS
BK006728,J000101,7748707997,2026-10-16,CONFIRMED,2,P019742,FRIENDS
BK006729,J000101,2241881844,2026-10-15,CONFIRMED,3,P019744,FAMILY
BK006730,J000101,5026670650,2026-10-14,CONFIRMED,3,P019747,FRIENDS
BK006731,J000101,8632611092,2026-10-13,CONFIRMED,3,P019750,FAMILY
BK006732,J000101,6375416387,2026-10-12,WAITLISTED,4,P019753,FAMILY
BK006733,J000101,2724090299,2026-10-11,CONFIRMED,4,P019757,FRIENDS
BK006734,J000101,2641138284,2026-10-10,CONFIRMED,5,P019761,GROUP
BK006735,J000101,6645297349,2026-10-09,CONFIRMED,4,P019766,GROUP
BK006736,J000101,5029470146,2026-10-08,CONFIRMED,1,P019770,INDIVIDUAL
BK006737,J000101,4738253262,2026-10-07,CONFIRMED,2,P019771,GROUP
BK006738,J000101,3042986812,2026-10-06,CONFIRMED,8,P019773,FAMILY
BK006739,J000101,4601034958,2026-10-05,CONFIRMED,3,P019781,FAMILY
BK006740,J000101,1342513124,2026-10-04,CONFIRMED,2,P019784,FRIENDS
BK006741,J000101,2417059642,2026-10-03,CONFIRMED,3,P019786,FAMILY
BK006742,J000101,3625190743,2026-10-02,CONFIRMED,7,P019789,FRIENDS
BK006743,J000101,5825762989,2026-10-01,CONFIRMED,1,P019796,INDIVIDUAL
BK006744,J000101,6706379830,2026-09-30,CONFIRMED,2,P019797,FRIENDS
BK006745,J000101,6340815250,2026-09-29,CONFIRMED,8,P019799,CAREGIVER_COMPANION
BK006746,J000101,8505653157,2026-09-28,CONFIRMED,8,P019807,FAMILY
BK006747,J000101,2590526017,2026-09-27,CONFIRMED,1,P019815,INDIVIDUAL
BK006748,J000101,5420102864,2026-09-26,CONFIRMED,2,P019816,FRIENDS
BK006749,J000101,5753073366,2026-09-25,CONFIRMED,7,P019818,FAMILY
BK006750,J000101,9452197455,2026-09-24,CONFIRMED,3,P019825,FRIENDS
BK006751,J000101,1236524168,2026-09-23,CONFIRMED,4,P019828,GROUP
BK006752,J000101,8074657737,2026-09-22,CONFIRMED,2,P019832,FRIENDS
BK006753,J000101,7444348083,2026-09-21,CONFIRMED,5,P019834,FAMILY
BK006754,J000101,8722917837,2026-09-20,CONFIRMED,3,P019839,FRIENDS
BK006755,J000101,8139079605,2026-09-19,CONFIRMED,1,P019842,INDIVIDUAL
BK006756,J000101,4158939856,2026-09-18,CONFIRMED,1,P019843,INDIVIDUAL
BK006757,J000101,1702679580,2026-09-17,CONFIRMED,4,P019844,FRIENDS
BK006758,J000101,3235306558,2026-09-16,CONFIRMED,4,P019848,FAMILY
BK006759,J000101,8416621289,2026-09-15,CONFIRMED,2,P019852,FRIENDS
BK006760,J000101,8783713094,2026-09-14,RAC,4,P019854,FAMILY
BK006761,J000101,7859625815,2026-09-13,CONFIRMED,3,P019858,FAMILY
BK006762,J000101,5234122437,2026-09-12,CONFIRMED,6,P019861,FAMILY
BK006763,J000101,3576552899,2026-09-11,CONFIRMED,4,P019867,GROUP
BK006764,J000101,2693619351,2026-10-18,CONFIRMED,1,P019871,INDIVIDUAL
BK006765,J000101,4765853503,2026-10-17,WAITLISTED,2,P019872,GROUP
BK006766,J000101,9397530672,2026-10-16,CONFIRMED,3,P019874,FRIENDS
BK006767,J000101,5597109904,2026-10-15,CONFIRMED,4,P019877,GROUP
BK006768,J000102,8379059737,2026-10-18,CONFIRMED,8,P019881,FAMILY
BK006769,J000102,1777475892,2026-10-17,CONFIRMED,1,P019889,INDIVIDUAL
BK006770,J000102,3266470826,2026-10-16,CONFIRMED,7,P019890,FRIENDS
BK006771,J000102,6960514470,2026-10-15,CONFIRMED,4,P019897,GROUP
BK006772,J000102,9192310583,2026-10-14,CONFIRMED,4,P019901,FAMILY
BK006773,J000102,8432400417,2026-10-13,CONFIRMED,2,P019905,GROUP
BK006774,J000102,9093793172,2026-10-12,CONFIRMED,1,P019907,INDIVIDUAL
BK006775,J000102,2220376327,2026-10-11,CONFIRMED,1,P019908,INDIVIDUAL
BK006776,J000102,5363444680,2026-10-10,CONFIRMED,8,P019909,FAMILY
BK006777,J000102,2997942511,2026-10-09,CONFIRMED,4,P019917,FRIENDS
BK006778,J000102,4585801000,2026-10-08,CONFIRMED,4,P019921,FAMILY
BK006779,J000102,6783372538,2026-10-07,CONFIRMED,3,P019925,FAMILY
BK006780,J000102,3933104185,2026-10-06,CONFIRMED,5,P019928,FRIENDS
BK006781,J000102,1589383814,2026-10-05,CONFIRMED,4,P019933,FRIENDS
BK006782,J000102,8996488257,2026-10-04,CONFIRMED,3,P019937,FRIENDS
BK006783,J000102,4595378769,2026-10-03,CONFIRMED,4,P019940,CAREGIVER_COMPANION
BK006784,J000102,5629597084,2026-10-02,CONFIRMED,1,P019944,INDIVIDUAL
BK006785,J000102,1558630400,2026-10-01,CONFIRMED,2,P019945,GROUP
BK006786,J000102,7963815237,2026-09-30,CONFIRMED,4,P019947,FAMILY
BK006787,J000102,4980612066,2026-09-29,CONFIRMED,2,P019951,FRIENDS
BK006788,J000102,8415427240,2026-09-28,CONFIRMED,1,P019953,INDIVIDUAL
BK006789,J000102,5094560494,2026-09-27,CONFIRMED,2,P019954,GROUP
BK006790,J000102,2541467287,2026-09-26,CONFIRMED,4,P019956,FAMILY
BK006791,J000102,5122060277,2026-09-25,CONFIRMED,1,P019960,INDIVIDUAL
BK006792,J000102,5701807199,2026-09-24,CONFIRMED,5,P019961,FRIENDS
BK006793,J000102,6710602051,2026-09-23,CONFIRMED,4,P019966,FRIENDS
BK006794,J000102,9165060045,2026-09-22,CONFIRMED,1,P019970,INDIVIDUAL
BK006795,J000102,1587754910,2026-09-21,CONFIRMED,5,P019971,FAMILY
BK006796,J000102,1290173559,2026-09-20,CONFIRMED,2,P019976,FRIENDS
BK006797,J000102,8894787191,2026-09-19,CONFIRMED,2,P019978,GROUP
BK006798,J000102,1608600517,2026-09-18,WAITLISTED,2,P019980,FAMILY
BK006799,J000102,7756888863,2026-09-17,CONFIRMED,2,P019982,FRIENDS
BK006800,J000102,6533819853,2026-09-16,CANCELLED,5,P019984,FRIENDS
BK006801,J000102,5733876433,2026-09-15,CONFIRMED,3,P019989,FAMILY
BK006802,J000102,6548702763,2026-10-22,CONFIRMED,4,P019992,CAREGIVER_COMPANION
BK006803,J000102,4167573672,2026-10-21,CONFIRMED,1,P019996,INDIVIDUAL
BK006804,J000102,9535245260,2026-10-20,CONFIRMED,1,P019997,INDIVIDUAL
BK006805,J000102,8489008819,2026-10-19,CONFIRMED,2,P019998,GROUP
BK006806,J000102,2625544872,2026-10-18,CONFIRMED,3,P020000,FRIENDS
BK006807,J000102,8813568239,2026-10-17,CONFIRMED,5,P020003,FAMILY
BK006808,J000102,5992100568,2026-10-16,CONFIRMED,7,P020008,GROUP
BK006809,J000102,3986931837,2026-10-15,CONFIRMED,2,P020015,GROUP
BK006810,J000102,7542854964,2026-10-14,CONFIRMED,1,P020017,INDIVIDUAL
BK006811,J000102,5427008467,2026-10-13,CONFIRMED,4,P020018,GROUP
BK006812,J000102,8622222458,2026-10-12,CONFIRMED,4,P020022,FAMILY
BK006813,J000102,1765684033,2026-10-11,CONFIRMED,3,P020026,FAMILY
BK006814,J000102,1862575515,2026-10-10,CONFIRMED,5,P020029,GROUP
BK006815,J000102,7421341793,2026-10-09,CONFIRMED,4,P020034,GROUP
BK006816,J000102,9900675799,2026-10-08,CONFIRMED,1,P020038,INDIVIDUAL
BK006817,J000102,7028523908,2026-10-07,CONFIRMED,2,P020039,GROUP
BK006818,J000102,9126819079,2026-10-06,CONFIRMED,1,P020041,INDIVIDUAL
BK006819,J000102,8149731822,2026-10-05,CONFIRMED,1,P020042,INDIVIDUAL
BK006820,J000102,5562088527,2026-10-04,CONFIRMED,4,P020043,FAMILY
BK006821,J000102,7518803813,2026-10-03,CONFIRMED,1,P020047,INDIVIDUAL
BK006822,J000102,8370499323,2026-10-02,CONFIRMED,2,P020048,FAMILY
BK006823,J000102,9194070293,2026-10-01,CONFIRMED,4,P020050,GROUP
BK006824,J000102,3874177109,2026-09-30,CONFIRMED,4,P020054,FAMILY
BK006825,J000102,3870969483,2026-09-29,CONFIRMED,2,P020058,GROUP
BK006826,J000102,1903696105,2026-09-28,CONFIRMED,2,P020060,FAMILY
BK006827,J000102,7799903588,2026-09-27,CONFIRMED,4,P020062,GROUP
BK006828,J000102,5859382292,2026-09-26,CONFIRMED,1,P020066,INDIVIDUAL
BK006829,J000102,7342525768,2026-09-25,CONFIRMED,4,P020067,FRIENDS
BK006830,J000102,7391626753,2026-09-24,CONFIRMED,2,P020071,FAMILY
BK006831,J000102,1149489714,2026-09-23,WAITLISTED,1,P020073,INDIVIDUAL
BK006832,J000102,1338328125,2026-09-22,CONFIRMED,2,P020074,FRIENDS
BK006833,J000102,4706096783,2026-09-21,CONFIRMED,1,P020076,INDIVIDUAL
BK006834,J000102,7826859183,2026-09-20,CONFIRMED,4,P020077,FAMILY
BK006835,J000103,4777432000,2026-09-03,CONFIRMED,4,P020081,GROUP
BK006836,J000103,7367203874,2026-09-02,CONFIRMED,1,P020085,INDIVIDUAL
BK006837,J000103,2559917253,2026-09-01,CONFIRMED,2,P020086,GROUP
BK006838,J000103,4797331907,2026-08-31,CONFIRMED,1,P020088,INDIVIDUAL
BK006839,J000103,4178023278,2026-08-30,CONFIRMED,2,P020089,FRIENDS
BK006840,J000103,1776772949,2026-10-06,RAC,3,P020091,GROUP
BK006841,J000103,4086643923,2026-10-05,CONFIRMED,4,P020094,FRIENDS
BK006842,J000103,7806682445,2026-10-04,CONFIRMED,8,P020098,FAMILY
BK006843,J000103,9273015407,2026-10-03,CONFIRMED,1,P020106,INDIVIDUAL
BK006844,J000103,5345975541,2026-10-02,CONFIRMED,1,P020107,INDIVIDUAL
BK006845,J000103,1215551332,2026-10-01,CONFIRMED,7,P020108,FAMILY
BK006846,J000103,1435584766,2026-09-30,CONFIRMED,6,P020115,FAMILY
BK006847,J000103,5841048936,2026-09-29,CONFIRMED,2,P020121,FRIENDS
BK006848,J000103,8109939199,2026-09-28,CONFIRMED,5,P020123,FRIENDS
BK006849,J000103,1792376559,2026-09-27,CONFIRMED,2,P020128,GROUP
BK006850,J000103,7968600452,2026-09-26,CONFIRMED,4,P020130,FAMILY
BK006851,J000103,2735849731,2026-09-25,CONFIRMED,2,P020134,FRIENDS
BK006852,J000103,9327209890,2026-09-24,CONFIRMED,7,P020136,GROUP
BK006853,J000103,2887878389,2026-09-23,CONFIRMED,8,P020143,FRIENDS
BK006854,J000103,6301963811,2026-09-22,CONFIRMED,2,P020151,FAMILY
BK006855,J000103,5691165243,2026-09-21,CONFIRMED,4,P020153,GROUP
BK006856,J000103,2316895494,2026-09-20,CONFIRMED,2,P020157,FRIENDS
BK006857,J000103,5949512835,2026-09-19,CONFIRMED,1,P020159,INDIVIDUAL
BK006858,J000103,9372577491,2026-09-18,CONFIRMED,1,P020160,INDIVIDUAL
BK006859,J000103,8666534323,2026-09-17,CONFIRMED,1,P020161,INDIVIDUAL
BK006860,J000103,5386011851,2026-09-16,CONFIRMED,4,P020162,FAMILY
BK006861,J000103,5445780475,2026-09-15,CONFIRMED,6,P020166,GROUP
BK006862,J000103,5426566891,2026-09-14,CONFIRMED,2,P020172,FAMILY
BK006863,J000103,2913005133,2026-09-13,CONFIRMED,1,P020174,INDIVIDUAL
BK006864,J000103,8972344626,2026-09-12,WAITLISTED,4,P020175,FAMILY
BK006865,J000103,7867725388,2026-09-11,CONFIRMED,2,P020179,GROUP
BK006866,J000103,7916019829,2026-09-10,CONFIRMED,2,P020181,FAMILY
BK006867,J000103,7619373817,2026-09-09,CONFIRMED,2,P020183,FRIENDS
BK006868,J000103,9228562029,2026-09-08,CONFIRMED,2,P020185,FRIENDS
BK006869,J000103,1483574785,2026-09-07,CONFIRMED,5,P020187,FAMILY
BK006870,J000103,2789297655,2026-09-06,CONFIRMED,7,P020192,FRIENDS
BK006871,J000103,9755901195,2026-09-05,CONFIRMED,2,P020199,FRIENDS
BK006872,J000103,4065185295,2026-09-04,CONFIRMED,5,P020201,FRIENDS
BK006873,J000103,6303007047,2026-09-03,CONFIRMED,6,P020206,GROUP
BK006874,J000103,7484224135,2026-09-02,CONFIRMED,5,P020212,GROUP
BK006875,J000103,6732258055,2026-09-01,CONFIRMED,1,P020217,INDIVIDUAL
BK006876,J000103,7901210479,2026-08-31,CONFIRMED,3,P020218,GROUP
BK006877,J000103,1506827828,2026-08-30,CONFIRMED,2,P020221,GROUP
BK006878,J000103,1655960610,2026-10-06,CONFIRMED,5,P020223,CAREGIVER_COMPANION
BK006879,J000103,1292431315,2026-10-05,CONFIRMED,7,P020228,FAMILY
BK006880,J000103,1994808877,2026-10-04,RAC,2,P020235,FRIENDS
BK006881,J000103,9314847025,2026-10-03,CONFIRMED,1,P020237,INDIVIDUAL
BK006882,J000103,5436742674,2026-10-02,CONFIRMED,2,P020238,FAMILY
BK006883,J000103,5258088565,2026-10-01,CONFIRMED,2,P020240,FRIENDS
BK006884,J000103,9090216525,2026-09-30,CONFIRMED,1,P020242,INDIVIDUAL
BK006885,J000103,9645211628,2026-09-29,CONFIRMED,2,P020243,GROUP
BK006886,J000103,1322208620,2026-09-28,CONFIRMED,5,P020245,GROUP
BK006887,J000103,9350453549,2026-09-27,CONFIRMED,4,P020250,GROUP
BK006888,J000103,6061891683,2026-09-26,CONFIRMED,1,P020254,INDIVIDUAL
BK006889,J000103,9672375093,2026-09-25,CONFIRMED,1,P020255,INDIVIDUAL
BK006890,J000103,3866503118,2026-09-24,CONFIRMED,2,P020256,FAMILY
BK006891,J000103,5053037225,2026-09-23,CONFIRMED,3,P020258,FAMILY
BK006892,J000103,4080477804,2026-09-22,CONFIRMED,3,P020261,GROUP
BK006893,J000103,9255279620,2026-09-21,CONFIRMED,2,P020264,GROUP
BK006894,J000103,6294616350,2026-09-20,CONFIRMED,3,P020266,FRIENDS
BK006895,J000103,1289042219,2026-09-19,CONFIRMED,2,P020269,FRIENDS
BK006896,J000103,2318452069,2026-09-18,CONFIRMED,2,P020271,FRIENDS
BK006897,J000103,3631096157,2026-09-17,WAITLISTED,4,P020273,CAREGIVER_COMPANION
BK006898,J000103,5544742629,2026-09-16,CONFIRMED,3,P020277,FRIENDS
BK006899,J000103,3783052879,2026-09-15,CONFIRMED,4,P020280,GROUP
BK006900,J000103,6274239767,2026-09-14,CANCELLED,3,P020284,GROUP
BK006901,J000103,4256672144,2026-09-13,CONFIRMED,1,P020287,INDIVIDUAL
BK006902,J000104,8098662221,2026-09-15,CONFIRMED,4,P020288,FAMILY
BK006903,J000104,7042926073,2026-09-14,CONFIRMED,1,P020292,INDIVIDUAL
BK006904,J000104,9742538321,2026-09-13,CONFIRMED,2,P020293,FRIENDS
BK006905,J000104,5295428882,2026-09-12,CONFIRMED,2,P020295,GROUP
BK006906,J000104,3084100496,2026-09-11,CONFIRMED,2,P020297,FAMILY
BK006907,J000104,4602413134,2026-09-10,CONFIRMED,3,P020299,FAMILY
BK006908,J000104,9098818003,2026-09-09,CONFIRMED,2,P020302,FRIENDS
BK006909,J000104,8735361757,2026-09-08,CONFIRMED,2,P020304,GROUP
BK006910,J000104,1051255674,2026-09-07,CONFIRMED,3,P020306,FRIENDS
BK006911,J000104,3945883146,2026-09-06,CONFIRMED,1,P020309,INDIVIDUAL
BK006912,J000104,3163366759,2026-09-05,CONFIRMED,2,P020310,FRIENDS
BK006913,J000104,3611963838,2026-09-04,CONFIRMED,2,P020312,GROUP
BK006914,J000104,2540515059,2026-09-03,CONFIRMED,2,P020314,FAMILY
BK006915,J000104,3271398303,2026-09-02,CONFIRMED,4,P020316,GROUP
BK006916,J000104,8218888913,2026-10-09,CONFIRMED,1,P020320,INDIVIDUAL
BK006917,J000104,3235849514,2026-10-08,CONFIRMED,1,P020321,INDIVIDUAL
BK006918,J000104,9059954423,2026-10-07,CONFIRMED,2,P020322,FAMILY
BK006919,J000104,3322616421,2026-10-06,CONFIRMED,2,P020324,FRIENDS
BK006920,J000104,8755370489,2026-10-05,RAC,3,P020326,GROUP
BK006921,J000104,6564680631,2026-10-04,CONFIRMED,7,P020329,FAMILY
BK006922,J000104,5792668649,2026-10-03,CONFIRMED,2,P020336,FAMILY
BK006923,J000104,6344364344,2026-10-02,CONFIRMED,1,P020338,INDIVIDUAL
BK006924,J000104,1217310604,2026-10-01,CONFIRMED,6,P020339,FAMILY
BK006925,J000104,7340150824,2026-09-30,CONFIRMED,4,P020345,FRIENDS
BK006926,J000104,9612653913,2026-09-29,CONFIRMED,6,P020349,FAMILY
BK006927,J000104,7233926502,2026-09-28,CONFIRMED,1,P020355,INDIVIDUAL
BK006928,J000104,9754856890,2026-09-27,CONFIRMED,2,P020356,FRIENDS
BK006929,J000104,7286123600,2026-09-26,CONFIRMED,1,P020358,INDIVIDUAL
BK006930,J000104,3464131055,2026-09-25,WAITLISTED,6,P020359,FAMILY
BK006931,J000104,4049740613,2026-09-24,CONFIRMED,1,P020365,INDIVIDUAL
BK006932,J000104,6630598026,2026-09-23,CONFIRMED,1,P020366,INDIVIDUAL
BK006933,J000104,6763389153,2026-09-22,CONFIRMED,4,P020367,FRIENDS
BK006934,J000104,5264137862,2026-09-21,CONFIRMED,1,P020371,INDIVIDUAL
BK006935,J000104,2403305039,2026-09-20,CONFIRMED,1,P020372,INDIVIDUAL
BK006936,J000104,1199972550,2026-09-19,CONFIRMED,2,P020373,FRIENDS
BK006937,J000104,1178581046,2026-09-18,CONFIRMED,3,P020375,FAMILY
BK006938,J000104,4105272813,2026-09-17,CONFIRMED,7,P020378,FRIENDS
BK006939,J000104,4224937254,2026-09-16,CONFIRMED,3,P020385,FAMILY
BK006940,J000104,7931952773,2026-09-15,CONFIRMED,3,P020388,GROUP
BK006941,J000104,3239303184,2026-09-14,CONFIRMED,2,P020391,GROUP
BK006942,J000104,6630075617,2026-09-13,CONFIRMED,2,P020393,FAMILY
BK006943,J000104,7022256159,2026-09-12,CONFIRMED,2,P020395,FRIENDS
BK006944,J000104,1930212043,2026-09-11,CONFIRMED,4,P020397,FAMILY
BK006945,J000104,3748753305,2026-09-10,CONFIRMED,4,P020401,FRIENDS
BK006946,J000104,3911691843,2026-09-09,CONFIRMED,4,P020405,FAMILY
BK006947,J000104,3179908144,2026-09-08,CONFIRMED,4,P020409,GROUP
BK006948,J000104,6128583900,2026-09-07,CONFIRMED,4,P020413,FAMILY
BK006949,J000104,8690173290,2026-09-06,CONFIRMED,5,P020417,FAMILY
BK006950,J000104,5540533539,2026-09-05,CONFIRMED,3,P020422,FRIENDS
BK006951,J000104,9681825053,2026-09-04,CONFIRMED,1,P020425,INDIVIDUAL
BK006952,J000104,2771414746,2026-09-03,CONFIRMED,1,P020426,INDIVIDUAL
BK006953,J000104,9003611055,2026-09-02,CONFIRMED,3,P020427,FAMILY
BK006954,J000104,7659252514,2026-10-09,CONFIRMED,7,P020430,CAREGIVER_COMPANION
BK006955,J000104,6771634647,2026-10-08,CONFIRMED,1,P020437,INDIVIDUAL
BK006956,J000104,3266655317,2026-10-07,CONFIRMED,1,P020438,INDIVIDUAL
BK006957,J000104,6270936294,2026-10-06,CONFIRMED,4,P020439,FRIENDS
BK006958,J000104,9628436303,2026-10-05,CONFIRMED,1,P020443,INDIVIDUAL
BK006959,J000104,1949766903,2026-10-04,CONFIRMED,4,P020444,GROUP
BK006960,J000104,5671729745,2026-10-03,RAC,1,P020448,INDIVIDUAL
BK006961,J000104,9875797429,2026-10-02,CONFIRMED,2,P020449,GROUP
BK006962,J000104,4817284712,2026-10-01,CONFIRMED,2,P020451,FAMILY
BK006963,J000104,8994846808,2026-09-30,WAITLISTED,1,P020453,INDIVIDUAL
BK006964,J000104,1676435874,2026-09-29,CONFIRMED,4,P020454,FAMILY
BK006965,J000104,4311021288,2026-09-28,CONFIRMED,2,P020458,GROUP
BK006966,J000104,3932505283,2026-09-27,CONFIRMED,1,P020460,INDIVIDUAL
BK006967,J000104,4402736116,2026-09-26,CONFIRMED,1,P020461,INDIVIDUAL
BK006968,J000104,7164309018,2026-09-25,CONFIRMED,6,P020462,FAMILY
BK006969,J000105,9705269046,2026-09-25,CONFIRMED,1,P020468,INDIVIDUAL
BK006970,J000105,4042977037,2026-09-24,CONFIRMED,5,P020469,GROUP
BK006971,J000105,2653561402,2026-09-23,CONFIRMED,2,P020474,FRIENDS
BK006972,J000105,2199812119,2026-09-22,CONFIRMED,3,P020476,GROUP
BK006973,J000105,3832981817,2026-09-21,CONFIRMED,1,P020479,INDIVIDUAL
BK006974,J000105,2076828475,2026-09-20,CONFIRMED,2,P020480,FAMILY
BK006975,J000105,2672889001,2026-09-19,CONFIRMED,2,P020482,FRIENDS
BK006976,J000105,4966154149,2026-09-18,CONFIRMED,4,P020484,FAMILY
BK006977,J000105,4551917738,2026-09-17,CONFIRMED,6,P020488,GROUP
BK006978,J000105,1538797456,2026-09-16,CONFIRMED,4,P020494,FAMILY
BK006979,J000105,7247499863,2026-09-15,CONFIRMED,2,P020498,FRIENDS
BK006980,J000105,9592674169,2026-09-14,CONFIRMED,1,P020500,INDIVIDUAL
BK006981,J000105,2786287283,2026-09-13,CONFIRMED,3,P020501,FAMILY
BK006982,J000105,8066399130,2026-09-12,CONFIRMED,1,P020504,INDIVIDUAL
BK006983,J000105,5392065593,2026-09-11,CONFIRMED,7,P020505,FAMILY
BK006984,J000105,9128176513,2026-09-10,CONFIRMED,4,P020512,FAMILY
BK006985,J000105,6385806777,2026-09-09,CONFIRMED,1,P020516,INDIVIDUAL
BK006986,J000105,1905494455,2026-09-08,CONFIRMED,4,P020517,FAMILY
BK006987,J000105,6973182391,2026-09-07,CONFIRMED,1,P020521,INDIVIDUAL
BK006988,J000105,7518577399,2026-09-06,CONFIRMED,2,P020522,FRIENDS
BK006989,J000105,3943288655,2026-09-05,CONFIRMED,2,P020524,GROUP
BK006990,J000105,2766625995,2026-09-04,CONFIRMED,5,P020526,GROUP
BK006991,J000105,2078283094,2026-09-03,CONFIRMED,2,P020531,FRIENDS
BK006992,J000105,6905166887,2026-10-10,CONFIRMED,1,P020533,INDIVIDUAL
BK006993,J000105,3394252480,2026-10-09,CONFIRMED,1,P020534,INDIVIDUAL
BK006994,J000105,6658941244,2026-10-08,CONFIRMED,4,P020535,FAMILY
BK006995,J000105,1086335974,2026-10-07,CONFIRMED,4,P020539,GROUP
BK006996,J000105,4002734579,2026-10-06,WAITLISTED,4,P020543,FAMILY
BK006997,J000105,4398422059,2026-10-05,CONFIRMED,4,P020547,FRIENDS
BK006998,J000105,2262064576,2026-10-04,CONFIRMED,4,P020551,FAMILY
BK006999,J000105,9119932663,2026-10-03,CONFIRMED,5,P020555,FAMILY
BK007000,J000105,8831472706,2026-10-02,CANCELLED,7,P020560,GROUP
BK007001,J000105,5113859272,2026-10-01,CONFIRMED,1,P020567,INDIVIDUAL
BK007002,J000105,8954548447,2026-09-30,CONFIRMED,4,P020568,FAMILY
BK007003,J000105,5418880733,2026-09-29,CONFIRMED,1,P020572,INDIVIDUAL
BK007004,J000105,6516038946,2026-09-28,CONFIRMED,1,P020573,INDIVIDUAL
BK007005,J000105,5328141330,2026-09-27,CONFIRMED,1,P020574,INDIVIDUAL
BK007006,J000105,8840979227,2026-09-26,CONFIRMED,3,P020575,FRIENDS
BK007007,J000105,4074658519,2026-09-25,CONFIRMED,1,P020578,INDIVIDUAL
BK007008,J000105,5351916182,2026-09-24,CONFIRMED,2,P020579,FRIENDS
BK007009,J000105,9840611998,2026-09-23,CONFIRMED,5,P020581,FAMILY
BK007010,J000105,5460224512,2026-09-22,CONFIRMED,5,P020586,GROUP
BK007011,J000105,7464273233,2026-09-21,CONFIRMED,4,P020591,CAREGIVER_COMPANION
BK007012,J000105,1328711990,2026-09-20,CONFIRMED,7,P020595,GROUP
BK007013,J000105,9187329553,2026-09-19,CONFIRMED,4,P020602,FRIENDS
BK007014,J000105,8617756334,2026-09-18,CONFIRMED,4,P020606,FAMILY
BK007015,J000105,6664983190,2026-09-17,CONFIRMED,6,P020610,FRIENDS
BK007016,J000105,8013516142,2026-09-16,CONFIRMED,1,P020616,INDIVIDUAL
BK007017,J000105,6826643361,2026-09-15,CONFIRMED,1,P020617,INDIVIDUAL
BK007018,J000105,7333638141,2026-09-14,CONFIRMED,4,P020618,FAMILY
BK007019,J000105,6317145810,2026-09-13,CONFIRMED,4,P020622,GROUP
BK007020,J000105,1144169174,2026-09-12,CONFIRMED,3,P020626,GROUP
BK007021,J000105,2451909320,2026-09-11,CONFIRMED,1,P020629,INDIVIDUAL
BK007022,J000105,8861505224,2026-09-10,CONFIRMED,1,P020630,INDIVIDUAL
BK007023,J000105,7350281723,2026-09-09,CONFIRMED,4,P020631,GROUP
BK007024,J000105,9356016516,2026-09-08,CONFIRMED,3,P020635,GROUP
BK007025,J000105,7353198069,2026-09-07,CONFIRMED,4,P020638,FRIENDS
BK007026,J000105,8539533441,2026-09-06,CONFIRMED,4,P020642,FAMILY
BK007027,J000105,1064785613,2026-09-05,CONFIRMED,2,P020646,FRIENDS
BK007028,J000105,5381077239,2026-09-04,CONFIRMED,6,P020648,FAMILY
BK007029,J000105,9371769875,2026-09-03,WAITLISTED,1,P020654,INDIVIDUAL
BK007030,J000105,1130567600,2026-10-10,CONFIRMED,2,P020655,FAMILY
BK007031,J000105,3226742881,2026-10-09,CONFIRMED,2,P020657,FRIENDS
BK007032,J000105,8012406455,2026-10-08,CONFIRMED,2,P020659,FRIENDS
BK007033,J000105,9615653175,2026-10-07,CONFIRMED,3,P020661,FAMILY
BK007034,J000105,4948585321,2026-10-06,CONFIRMED,1,P020664,INDIVIDUAL
BK007035,J000105,2227319713,2026-10-05,CONFIRMED,2,P020665,FRIENDS
BK007036,J000106,2906267989,2026-10-07,CONFIRMED,1,P020667,INDIVIDUAL
BK007037,J000106,2499176118,2026-10-06,CONFIRMED,2,P020668,GROUP
BK007038,J000106,8787169286,2026-10-05,CONFIRMED,1,P020670,INDIVIDUAL
BK007039,J000106,7038422231,2026-10-04,CONFIRMED,3,P020671,FAMILY
BK007040,J000106,3496533603,2026-10-03,RAC,2,P020674,FRIENDS
BK007041,J000106,4609003200,2026-10-02,CONFIRMED,5,P020676,FAMILY
BK007042,J000106,1785936166,2026-10-01,CONFIRMED,2,P020681,FAMILY
BK007043,J000106,9813074128,2026-09-30,CONFIRMED,4,P020683,GROUP
BK007044,J000106,1949366441,2026-09-29,CONFIRMED,2,P020687,FRIENDS
BK007045,J000106,7298818396,2026-09-28,CONFIRMED,3,P020689,FAMILY
BK007046,J000106,5850947860,2026-09-27,CONFIRMED,2,P020692,FAMILY
BK007047,J000106,6976583295,2026-09-26,CONFIRMED,4,P020694,GROUP
BK007048,J000106,8915989435,2026-09-25,CONFIRMED,4,P020698,FAMILY
BK007049,J000106,1850756161,2026-09-24,CONFIRMED,2,P020702,GROUP
BK007050,J000106,4625824400,2026-09-23,CONFIRMED,1,P020704,INDIVIDUAL
BK007051,J000106,9794430749,2026-09-22,CONFIRMED,6,P020705,FRIENDS
BK007052,J000106,9629748765,2026-09-21,CONFIRMED,3,P020711,GROUP
BK007053,J000106,2754514130,2026-09-20,CONFIRMED,1,P020714,INDIVIDUAL
BK007054,J000106,2583965418,2026-09-19,CONFIRMED,2,P020715,FAMILY
BK007055,J000106,1369269938,2026-09-18,CONFIRMED,3,P020717,FAMILY
BK007056,J000106,7347034311,2026-09-17,CONFIRMED,1,P020720,INDIVIDUAL
BK007057,J000106,2784762537,2026-09-16,CONFIRMED,1,P020721,INDIVIDUAL
BK007058,J000106,7801986223,2026-09-15,CONFIRMED,1,P020722,INDIVIDUAL
BK007059,J000106,8014193255,2026-09-14,CONFIRMED,1,P020723,INDIVIDUAL
BK007060,J000106,6281495002,2026-09-13,CONFIRMED,4,P020724,FAMILY
BK007061,J000106,2270799008,2026-09-12,CONFIRMED,1,P020728,INDIVIDUAL
BK007062,J000106,6754300162,2026-09-11,WAITLISTED,1,P020729,INDIVIDUAL
BK007063,J000106,2275297973,2026-09-10,CONFIRMED,4,P020730,GROUP
BK007064,J000106,5244313466,2026-09-09,CONFIRMED,4,P020734,FAMILY
BK007065,J000106,2474891541,2026-09-08,CONFIRMED,4,P020738,FRIENDS
BK007066,J000106,8125571981,2026-09-07,CONFIRMED,2,P020742,FAMILY
BK007067,J000106,5478003477,2026-09-06,CONFIRMED,3,P020744,FAMILY
BK007068,J000106,6325290897,2026-10-13,CONFIRMED,8,P020747,CAREGIVER_COMPANION
BK007069,J000106,7367523490,2026-10-12,CONFIRMED,2,P020755,GROUP
BK007070,J000106,1138509468,2026-10-11,CONFIRMED,4,P020757,FAMILY
BK007071,J000106,2410756492,2026-10-10,CONFIRMED,1,P020761,INDIVIDUAL
BK007072,J000106,4399383826,2026-10-09,CONFIRMED,3,P020762,GROUP
BK007073,J000106,7998675384,2026-10-08,CONFIRMED,1,P020765,INDIVIDUAL
BK007074,J000106,7364474393,2026-10-07,CONFIRMED,1,P020766,INDIVIDUAL
BK007075,J000106,4185560386,2026-10-06,CONFIRMED,7,P020767,FAMILY
BK007076,J000106,8948027834,2026-10-05,CONFIRMED,4,P020774,FAMILY
BK007077,J000106,8346365945,2026-10-04,CONFIRMED,1,P020778,INDIVIDUAL
BK007078,J000106,4879373947,2026-10-03,CONFIRMED,4,P020779,FAMILY
BK007079,J000106,3941952915,2026-10-02,CONFIRMED,3,P020783,FAMILY
BK007080,J000106,5619241062,2026-10-01,RAC,2,P020786,FRIENDS
BK007081,J000106,4218748453,2026-09-30,CONFIRMED,1,P020788,INDIVIDUAL
BK007082,J000106,9386212571,2026-09-29,CONFIRMED,1,P020789,INDIVIDUAL
BK007083,J000106,7431098029,2026-09-28,CONFIRMED,5,P020790,FAMILY
BK007084,J000106,5901214328,2026-09-27,CONFIRMED,1,P020795,INDIVIDUAL
BK007085,J000106,5304795433,2026-09-26,CONFIRMED,5,P020796,FAMILY
BK007086,J000106,7580046938,2026-09-25,CONFIRMED,4,P020801,FAMILY
BK007087,J000106,5750636746,2026-09-24,CONFIRMED,6,P020805,CAREGIVER_COMPANION
BK007088,J000106,7727464089,2026-09-23,CONFIRMED,2,P020811,FRIENDS
BK007089,J000106,6002177695,2026-09-22,CONFIRMED,3,P020813,FAMILY
BK007090,J000106,9184066255,2026-09-21,CONFIRMED,3,P020816,FRIENDS
BK007091,J000106,9438797400,2026-09-20,CONFIRMED,5,P020819,FAMILY
BK007092,J000106,5554800225,2026-09-19,CONFIRMED,2,P020824,FRIENDS
BK007093,J000106,3768157128,2026-09-18,CONFIRMED,4,P020826,FRIENDS
BK007094,J000106,2411647171,2026-09-17,CONFIRMED,1,P020830,INDIVIDUAL
BK007095,J000106,2551138503,2026-09-16,WAITLISTED,4,P020831,GROUP
BK007096,J000106,2482471387,2026-09-15,CONFIRMED,4,P020835,FAMILY
BK007097,J000106,4239640164,2026-09-14,CONFIRMED,4,P020839,FRIENDS
BK007098,J000106,9923305068,2026-09-13,CONFIRMED,2,P020843,FAMILY
BK007099,J000106,2238429941,2026-09-12,CONFIRMED,1,P020845,INDIVIDUAL
BK007100,J000106,6414365252,2026-09-11,CANCELLED,8,P020846,FAMILY
BK007101,J000106,4443048221,2026-09-10,CONFIRMED,2,P020854,GROUP
BK007102,J000106,3654353245,2026-09-09,CONFIRMED,1,P020856,INDIVIDUAL
BK007103,J000107,4142910608,2026-09-11,CONFIRMED,3,P020857,FAMILY
BK007104,J000107,3930044011,2026-09-10,CONFIRMED,2,P020860,FRIENDS
BK007105,J000107,6160978678,2026-09-09,CONFIRMED,1,P020862,INDIVIDUAL
BK007106,J000107,3297915368,2026-10-16,CONFIRMED,1,P020863,INDIVIDUAL
BK007107,J000107,6675599227,2026-10-15,CONFIRMED,4,P020864,GROUP
BK007108,J000107,3042746738,2026-10-14,CONFIRMED,5,P020868,FRIENDS
BK007109,J000107,3567035195,2026-10-13,CONFIRMED,4,P020873,FRIENDS
BK007110,J000107,4230715167,2026-10-12,CONFIRMED,4,P020877,FAMILY
BK007111,J000107,7623759825,2026-10-11,CONFIRMED,3,P020881,FAMILY
BK007112,J000107,8626571364,2026-10-10,CONFIRMED,5,P020884,FRIENDS
BK007113,J000107,5449047698,2026-10-09,CONFIRMED,3,P020889,FAMILY
BK007114,J000107,9806175791,2026-10-08,CONFIRMED,1,P020892,INDIVIDUAL
BK007115,J000107,1541325581,2026-10-07,CONFIRMED,3,P020893,FAMILY
BK007116,J000107,9333232692,2026-10-06,CONFIRMED,1,P020896,INDIVIDUAL
BK007117,J000107,9372177406,2026-10-05,CONFIRMED,2,P020897,GROUP
BK007118,J000107,1535581517,2026-10-04,CONFIRMED,4,P020899,FAMILY
BK007119,J000107,1367296448,2026-10-03,CONFIRMED,1,P020903,INDIVIDUAL
BK007120,J000107,2815918782,2026-10-02,RAC,1,P020904,INDIVIDUAL
BK007121,J000107,5511362694,2026-10-01,CONFIRMED,7,P020905,FAMILY
BK007122,J000107,4903106712,2026-09-30,CONFIRMED,1,P020912,INDIVIDUAL
BK007123,J000107,4783260242,2026-09-29,CONFIRMED,1,P020913,INDIVIDUAL
BK007124,J000107,8804776975,2026-09-28,CONFIRMED,5,P020914,FRIENDS
BK007125,J000107,8557531883,2026-09-27,CONFIRMED,4,P020919,CAREGIVER_COMPANION
BK007126,J000107,6851898559,2026-09-26,CONFIRMED,2,P020923,FAMILY
BK007127,J000107,4445440825,2026-09-25,CONFIRMED,6,P020925,FRIENDS
BK007128,J000107,6859724058,2026-09-24,WAITLISTED,2,P020931,FRIENDS
BK007129,J000107,7464891038,2026-09-23,CONFIRMED,1,P020933,INDIVIDUAL
BK007130,J000107,2757953342,2026-09-22,CONFIRMED,2,P020934,FAMILY
BK007131,J000107,6021114789,2026-09-21,CONFIRMED,8,P020936,GROUP
BK007132,J000107,5691850114,2026-09-20,CONFIRMED,5,P020944,FRIENDS
BK007133,J000107,8939804525,2026-09-19,CONFIRMED,1,P020949,INDIVIDUAL
BK007134,J000107,6527581368,2026-09-18,CONFIRMED,5,P020950,GROUP
BK007135,J000107,9619470704,2026-09-17,CONFIRMED,2,P020955,FRIENDS
BK007136,J000107,6973915196,2026-09-16,CONFIRMED,4,P020957,FAMILY
BK007137,J000107,8542500730,2026-09-15,CONFIRMED,4,P020961,FRIENDS
BK007138,J000107,9251532331,2026-09-14,CONFIRMED,4,P020965,FAMILY
BK007139,J000107,9060196360,2026-09-13,CONFIRMED,1,P020969,INDIVIDUAL
BK007140,J000107,4955822712,2026-09-12,CONFIRMED,2,P020970,FRIENDS
BK007141,J000107,3349525556,2026-09-11,CONFIRMED,1,P020972,INDIVIDUAL
BK007142,J000107,1471602429,2026-09-10,CONFIRMED,2,P020973,FAMILY
BK007143,J000107,5970253888,2026-09-09,CONFIRMED,2,P020975,FRIENDS
BK007144,J000107,8588500807,2026-10-16,CONFIRMED,5,P020977,CAREGIVER_COMPANION
BK007145,J000107,8349625730,2026-10-15,CONFIRMED,1,P020982,INDIVIDUAL
BK007146,J000107,7541839787,2026-10-14,CONFIRMED,3,P020983,FRIENDS
BK007147,J000107,8432433514,2026-10-13,CONFIRMED,2,P020986,FRIENDS
BK007148,J000107,5751253683,2026-10-12,CONFIRMED,3,P020988,GROUP
BK007149,J000107,8147256273,2026-10-11,CONFIRMED,2,P020991,GROUP
BK007150,J000107,5845109212,2026-10-10,CONFIRMED,4,P020993,FAMILY
BK007151,J000107,4283436342,2026-10-09,CONFIRMED,2,P020997,FRIENDS
BK007152,J000107,6350274069,2026-10-08,CONFIRMED,1,P020999,INDIVIDUAL
BK007153,J000107,6619703982,2026-10-07,CONFIRMED,1,P021000,INDIVIDUAL
BK007154,J000107,3667318150,2026-10-06,CONFIRMED,1,P021001,INDIVIDUAL
BK007155,J000107,8703763342,2026-10-05,CONFIRMED,2,P021002,FRIENDS
BK007156,J000107,6679968312,2026-10-04,CONFIRMED,1,P021004,INDIVIDUAL
BK007157,J000107,3451257899,2026-10-03,CONFIRMED,1,P021005,INDIVIDUAL
BK007158,J000107,8800706257,2026-10-02,CONFIRMED,3,P021006,FRIENDS
BK007159,J000107,8540528618,2026-10-01,CONFIRMED,2,P021009,FRIENDS
BK007160,J000107,9820831306,2026-09-30,RAC,2,P021011,FRIENDS
BK007161,J000107,3013761599,2026-09-29,WAITLISTED,6,P021013,GROUP
BK007162,J000107,2136445366,2026-09-28,CONFIRMED,4,P021019,FAMILY
BK007163,J000107,2260123802,2026-09-27,CONFIRMED,3,P021023,FAMILY
BK007164,J000107,3194846227,2026-09-26,CONFIRMED,1,P021026,INDIVIDUAL
BK007165,J000107,7408746408,2026-09-25,CONFIRMED,4,P021027,FRIENDS
BK007166,J000107,3232245670,2026-09-24,CONFIRMED,5,P021031,GROUP
BK007167,J000107,8260865954,2026-09-23,CONFIRMED,6,P021036,FRIENDS
BK007168,J000107,1256389395,2026-09-22,CONFIRMED,1,P021042,INDIVIDUAL
BK007169,J000107,2978266468,2026-09-21,CONFIRMED,4,P021043,FRIENDS
BK007170,J000108,1004712626,2026-09-21,CONFIRMED,2,P021047,FAMILY
BK007171,J000108,7429686082,2026-09-20,CONFIRMED,3,P021049,FAMILY
BK007172,J000108,7474965706,2026-09-19,CONFIRMED,8,P021052,FAMILY
BK007173,J000108,1966095117,2026-09-18,CONFIRMED,3,P021060,FAMILY
BK007174,J000108,9778760421,2026-09-17,CONFIRMED,6,P021063,FAMILY
BK007175,J000108,6930200478,2026-09-16,CONFIRMED,4,P021069,GROUP
BK007176,J000108,5538942226,2026-09-15,CONFIRMED,1,P021073,INDIVIDUAL
BK007177,J000108,2175977496,2026-09-14,CONFIRMED,5,P021074,FAMILY
BK007178,J000108,4175025805,2026-09-13,CONFIRMED,2,P021079,FAMILY
BK007179,J000108,8894241178,2026-09-12,CONFIRMED,1,P021081,INDIVIDUAL
BK007180,J000108,1652700470,2026-09-11,CONFIRMED,3,P021082,GROUP
BK007181,J000108,3058126586,2026-09-10,CONFIRMED,2,P021085,GROUP
BK007182,J000108,9624223411,2026-10-17,CONFIRMED,2,P021087,FAMILY
BK007183,J000108,6459037232,2026-10-16,CONFIRMED,4,P021089,GROUP
BK007184,J000108,7315341719,2026-10-15,CONFIRMED,2,P021093,FRIENDS
BK007185,J000108,2354666623,2026-10-14,CONFIRMED,3,P021095,FAMILY
BK007186,J000108,9796502983,2026-10-13,CONFIRMED,1,P021098,INDIVIDUAL
BK007187,J000108,1526646025,2026-10-12,CONFIRMED,8,P021099,GROUP
BK007188,J000108,2811008675,2026-10-11,CONFIRMED,1,P021107,INDIVIDUAL
BK007189,J000108,3606461014,2026-10-10,CONFIRMED,3,P021108,FAMILY
BK007190,J000108,4033464035,2026-10-09,CONFIRMED,2,P021111,FAMILY
BK007191,J000108,5073396674,2026-10-08,CONFIRMED,3,P021113,FAMILY
BK007192,J000108,5938270218,2026-10-07,CONFIRMED,5,P021116,FRIENDS
BK007193,J000108,5880019585,2026-10-06,CONFIRMED,2,P021121,GROUP
BK007194,J000108,5128787260,2026-10-05,WAITLISTED,3,P021123,FRIENDS
BK007195,J000108,3681755143,2026-10-04,CONFIRMED,1,P021126,INDIVIDUAL
BK007196,J000108,6350624320,2026-10-03,CONFIRMED,1,P021127,INDIVIDUAL
BK007197,J000108,3022832340,2026-10-02,CONFIRMED,1,P021128,INDIVIDUAL
BK007198,J000108,7697483564,2026-10-01,CONFIRMED,6,P021129,FAMILY
BK007199,J000108,5875273321,2026-09-30,CONFIRMED,2,P021135,FRIENDS
BK007200,J000108,8541998237,2026-09-29,CANCELLED,4,P021137,FAMILY
BK007201,J000108,1263650813,2026-09-28,CONFIRMED,3,P021141,FAMILY
BK007202,J000108,7868461193,2026-09-27,CONFIRMED,1,P021144,INDIVIDUAL
BK007203,J000108,8103267010,2026-09-26,CONFIRMED,3,P021145,FAMILY
BK007204,J000108,5096970940,2026-09-25,CONFIRMED,2,P021148,FRIENDS
BK007205,J000108,1864004093,2026-09-24,CONFIRMED,1,P021150,INDIVIDUAL
BK007206,J000108,3122312475,2026-09-23,CONFIRMED,1,P021151,INDIVIDUAL
BK007207,J000108,6772403894,2026-09-22,CONFIRMED,4,P021152,GROUP
BK007208,J000108,1263193229,2026-09-21,CONFIRMED,1,P021156,INDIVIDUAL
BK007209,J000108,5258153297,2026-09-20,CONFIRMED,1,P021157,INDIVIDUAL
BK007210,J000108,3657035530,2026-09-19,CONFIRMED,4,P021158,FAMILY
BK007211,J000108,4782171186,2026-09-18,CONFIRMED,2,P021162,FRIENDS
BK007212,J000108,8719230185,2026-09-17,CONFIRMED,4,P021164,FAMILY
BK007213,J000108,2544439056,2026-09-16,CONFIRMED,2,P021168,GROUP
BK007214,J000108,7979054230,2026-09-15,CONFIRMED,4,P021170,FAMILY
BK007215,J000108,9482066030,2026-09-14,CONFIRMED,2,P021174,FRIENDS
BK007216,J000108,4377479732,2026-09-13,CONFIRMED,3,P021176,GROUP
BK007217,J000108,6689128132,2026-09-12,CONFIRMED,1,P021179,INDIVIDUAL
BK007218,J000108,2836767672,2026-09-11,CONFIRMED,4,P021180,FAMILY
BK007219,J000108,4149530744,2026-09-10,CONFIRMED,3,P021184,FAMILY
BK007220,J000108,4284562502,2026-10-17,CONFIRMED,2,P021187,FRIENDS
BK007221,J000108,1166480504,2026-10-16,CONFIRMED,6,P021189,GROUP
BK007222,J000108,2196231937,2026-10-15,CONFIRMED,1,P021195,INDIVIDUAL
BK007223,J000108,8420514999,2026-10-14,CONFIRMED,1,P021196,INDIVIDUAL
BK007224,J000108,4596305737,2026-10-13,CONFIRMED,1,P021197,INDIVIDUAL
BK007225,J000108,9040132520,2026-10-12,CONFIRMED,1,P021198,INDIVIDUAL
BK007226,J000108,6083322898,2026-10-11,CONFIRMED,1,P021199,INDIVIDUAL
BK007227,J000108,9810910463,2026-10-10,WAITLISTED,2,P021200,FRIENDS
BK007228,J000108,1063080020,2026-10-09,CONFIRMED,1,P021202,INDIVIDUAL
BK007229,J000108,5201444524,2026-10-08,CONFIRMED,4,P021203,FRIENDS
BK007230,J000108,3119547185,2026-10-07,CONFIRMED,4,P021207,FAMILY
BK007231,J000108,6226232204,2026-10-06,CONFIRMED,4,P021211,GROUP
BK007232,J000108,5082999214,2026-10-05,CONFIRMED,4,P021215,FAMILY
BK007233,J000108,6464550512,2026-10-04,CONFIRMED,1,P021219,INDIVIDUAL
BK007234,J000108,6020652020,2026-10-03,CONFIRMED,8,P021220,FAMILY
BK007235,J000108,3669188750,2026-10-02,CONFIRMED,1,P021228,INDIVIDUAL
BK007236,J000108,5410878302,2026-10-01,CONFIRMED,1,P021229,INDIVIDUAL
BK007237,J000109,8980728839,2026-09-18,CONFIRMED,5,P021230,FAMILY
BK007238,J000109,7704576267,2026-09-17,CONFIRMED,1,P021235,INDIVIDUAL
BK007239,J000109,9582720847,2026-09-16,CONFIRMED,2,P021236,FRIENDS
BK007240,J000109,2376927449,2026-09-15,RAC,1,P021238,INDIVIDUAL
BK007241,J000109,2002149762,2026-09-14,CONFIRMED,2,P021239,GROUP
BK007242,J000109,5749879941,2026-09-13,CONFIRMED,8,P021241,FAMILY
BK007243,J000109,4273628474,2026-09-12,CONFIRMED,4,P021249,GROUP
BK007244,J000109,6676020845,2026-09-11,CONFIRMED,7,P021253,GROUP
BK007245,J000109,9675738077,2026-09-10,CONFIRMED,1,P021260,INDIVIDUAL
BK007246,J000109,5648744957,2026-09-09,CONFIRMED,2,P021261,FAMILY
BK007247,J000109,6350337584,2026-09-08,CONFIRMED,3,P021263,FAMILY
BK007248,J000109,8265262290,2026-09-07,CONFIRMED,2,P021266,FRIENDS
BK007249,J000109,3559855710,2026-09-06,CONFIRMED,2,P021268,GROUP
BK007250,J000109,5018743301,2026-09-05,CONFIRMED,1,P021270,INDIVIDUAL
BK007251,J000109,3896806599,2026-09-04,CONFIRMED,2,P021271,FRIENDS
BK007252,J000109,3551165172,2026-09-03,CONFIRMED,4,P021273,FAMILY
BK007253,J000109,2398620760,2026-09-02,CONFIRMED,1,P021277,INDIVIDUAL
BK007254,J000109,4874864761,2026-09-01,CONFIRMED,3,P021278,FRIENDS
BK007255,J000109,4595487221,2026-08-31,CONFIRMED,4,P021281,GROUP
BK007256,J000109,6588373215,2026-08-30,CONFIRMED,1,P021285,INDIVIDUAL
BK007257,J000109,7338018995,2026-08-29,CONFIRMED,7,P021286,FAMILY
BK007258,J000109,6449766791,2026-10-05,CONFIRMED,8,P021293,CAREGIVER_COMPANION
BK007259,J000109,8990359070,2026-10-04,CONFIRMED,2,P021301,FRIENDS
BK007260,J000109,6177423845,2026-10-03,WAITLISTED,4,P021303,FAMILY
BK007261,J000109,4296087091,2026-10-02,CONFIRMED,6,P021307,GROUP
BK007262,J000109,6907409891,2026-10-01,CONFIRMED,8,P021313,FAMILY
BK007263,J000109,5736991062,2026-09-30,CONFIRMED,5,P021321,FAMILY
BK007264,J000109,4557601216,2026-09-29,CONFIRMED,2,P021326,FRIENDS
BK007265,J000109,6085925888,2026-09-28,CONFIRMED,2,P021328,GROUP
BK007266,J000109,3154878253,2026-09-27,CONFIRMED,3,P021330,FRIENDS
BK007267,J000109,2912517528,2026-09-26,CONFIRMED,2,P021333,FRIENDS
BK007268,J000109,8048950571,2026-09-25,CONFIRMED,2,P021335,FRIENDS
BK007269,J000109,6082743899,2026-09-24,CONFIRMED,1,P021337,INDIVIDUAL
BK007270,J000109,1758911291,2026-09-23,CONFIRMED,6,P021338,FAMILY
BK007271,J000109,7559143712,2026-09-22,CONFIRMED,1,P021344,INDIVIDUAL
BK007272,J000109,5915296947,2026-09-21,CONFIRMED,7,P021345,GROUP
BK007273,J000109,1528645300,2026-09-20,CONFIRMED,1,P021352,INDIVIDUAL
BK007274,J000109,4240567908,2026-09-19,CONFIRMED,1,P021353,INDIVIDUAL
BK007275,J000109,5401796377,2026-09-18,CONFIRMED,2,P021354,FRIENDS
BK007276,J000109,9859863689,2026-09-17,CONFIRMED,4,P021356,FAMILY
BK007277,J000109,7902122095,2026-09-16,CONFIRMED,2,P021360,GROUP
BK007278,J000109,3192429443,2026-09-15,CONFIRMED,2,P021362,FAMILY
BK007279,J000109,7314599874,2026-09-14,CONFIRMED,5,P021364,FAMILY
BK007280,J000109,2127353525,2026-09-13,RAC,4,P021369,FAMILY
BK007281,J000109,7143548163,2026-09-12,CONFIRMED,3,P021373,FAMILY
BK007282,J000109,9155876027,2026-09-11,CONFIRMED,1,P021376,INDIVIDUAL
BK007283,J000109,5747559610,2026-09-10,CONFIRMED,5,P021377,FAMILY
BK007284,J000109,7537593276,2026-09-09,CONFIRMED,6,P021382,FAMILY
BK007285,J000109,7720094766,2026-09-08,CONFIRMED,2,P021388,GROUP
BK007286,J000109,3696900876,2026-09-07,CONFIRMED,3,P021390,FRIENDS
BK007287,J000109,5230359187,2026-09-06,CONFIRMED,3,P021393,FAMILY
BK007288,J000109,4896776779,2026-09-05,CONFIRMED,4,P021396,FAMILY
BK007289,J000109,1857218284,2026-09-04,CONFIRMED,1,P021400,INDIVIDUAL
BK007290,J000109,5358772618,2026-09-03,CONFIRMED,1,P021401,INDIVIDUAL
BK007291,J000109,1265850153,2026-09-02,CONFIRMED,1,P021402,INDIVIDUAL
BK007292,J000109,1172239795,2026-09-01,CONFIRMED,4,P021403,FAMILY
BK007293,J000109,6251278697,2026-08-31,WAITLISTED,2,P021407,GROUP
BK007294,J000109,5799186316,2026-08-30,CONFIRMED,1,P021409,INDIVIDUAL
BK007295,J000109,9149610607,2026-08-29,CONFIRMED,2,P021410,FRIENDS
BK007296,J000109,7612405485,2026-10-05,CONFIRMED,1,P021412,INDIVIDUAL
BK007297,J000109,6890513029,2026-10-04,CONFIRMED,4,P021413,FRIENDS
BK007298,J000109,2629503766,2026-10-03,CONFIRMED,1,P021417,INDIVIDUAL
BK007299,J000109,8633253708,2026-10-02,CONFIRMED,2,P021418,FRIENDS
BK007300,J000109,3354611806,2026-10-01,CANCELLED,1,P021420,INDIVIDUAL
BK007301,J000109,7572477145,2026-09-30,CONFIRMED,2,P021421,GROUP
BK007302,J000109,5309030787,2026-09-29,CONFIRMED,1,P021423,INDIVIDUAL
BK007303,J000109,9945456990,2026-09-28,CONFIRMED,4,P021424,GROUP
BK007304,J000110,2915061590,2026-10-04,CONFIRMED,2,P021428,FRIENDS
BK007305,J000110,7997312209,2026-10-03,CONFIRMED,2,P021430,GROUP
BK007306,J000110,3941806083,2026-10-02,CONFIRMED,4,P021432,FAMILY
BK007307,J000110,2277326522,2026-10-01,CONFIRMED,2,P021436,FRIENDS
BK007308,J000110,3187353553,2026-09-30,CONFIRMED,6,P021438,FAMILY
BK007309,J000110,6893305525,2026-09-29,CONFIRMED,7,P021444,FAMILY
BK007310,J000110,1923310120,2026-09-28,CONFIRMED,3,P021451,FRIENDS
BK007311,J000110,5551955257,2026-09-27,CONFIRMED,1,P021454,INDIVIDUAL
BK007312,J000110,6238552489,2026-09-26,CONFIRMED,1,P021455,INDIVIDUAL
BK007313,J000110,1757904709,2026-09-25,CONFIRMED,4,P021456,FRIENDS
BK007314,J000110,2514813797,2026-09-24,CONFIRMED,3,P021460,FRIENDS
BK007315,J000110,2036831661,2026-09-23,CONFIRMED,5,P021463,CAREGIVER_COMPANION
BK007316,J000110,6468096855,2026-09-22,CONFIRMED,1,P021468,INDIVIDUAL
BK007317,J000110,5844071821,2026-09-21,CONFIRMED,2,P021469,GROUP
BK007318,J000110,2521930045,2026-09-20,CONFIRMED,5,P021471,GROUP
BK007319,J000110,9805081576,2026-09-19,CONFIRMED,1,P021476,INDIVIDUAL
BK007320,J000110,9065616038,2026-09-18,RAC,4,P021477,FAMILY
BK007321,J000110,9156455263,2026-09-17,CONFIRMED,4,P021481,FRIENDS
BK007322,J000110,8999576619,2026-09-16,CONFIRMED,4,P021485,FAMILY
BK007323,J000110,9226388876,2026-09-15,CONFIRMED,8,P021489,GROUP
BK007324,J000110,1897690542,2026-09-14,CONFIRMED,1,P021497,INDIVIDUAL
BK007325,J000110,7488316129,2026-09-13,CONFIRMED,3,P021498,FAMILY
BK007326,J000110,2662061204,2026-09-12,WAITLISTED,3,P021501,FRIENDS
BK007327,J000110,2937198762,2026-09-11,CONFIRMED,3,P021504,FAMILY
BK007328,J000110,8457360440,2026-09-10,CONFIRMED,4,P021507,FAMILY
BK007329,J000110,2044095366,2026-09-09,CONFIRMED,4,P021511,FRIENDS
BK007330,J000110,1302033020,2026-09-08,CONFIRMED,3,P021515,FRIENDS
BK007331,J000110,8579564147,2026-09-07,CONFIRMED,2,P021518,FRIENDS
BK007332,J000110,4777848489,2026-09-06,CONFIRMED,2,P021520,FRIENDS
BK007333,J000110,7356684884,2026-09-05,CONFIRMED,4,P021522,FRIENDS
BK007334,J000110,3154970778,2026-10-12,CONFIRMED,2,P021526,FAMILY
BK007335,J000110,1296615149,2026-10-11,CONFIRMED,4,P021528,GROUP
BK007336,J000110,5025510605,2026-10-10,CONFIRMED,4,P021532,FAMILY
BK007337,J000110,3430426605,2026-10-09,CONFIRMED,4,P021536,FRIENDS
BK007338,J000110,7824045745,2026-10-08,CONFIRMED,4,P021540,FAMILY
BK007339,J000110,7423920223,2026-10-07,CONFIRMED,4,P021544,GROUP
BK007340,J000110,5972833721,2026-10-06,CONFIRMED,4,P021548,FAMILY
BK007341,J000110,9948198005,2026-10-05,CONFIRMED,1,P021552,INDIVIDUAL
BK007342,J000110,3632491894,2026-10-04,CONFIRMED,3,P021553,FRIENDS
BK007343,J000110,4616770105,2026-10-03,CONFIRMED,1,P021556,INDIVIDUAL
BK007344,J000110,7558300102,2026-10-02,CONFIRMED,2,P021557,FRIENDS
BK007345,J000110,5012525747,2026-10-01,CONFIRMED,2,P021559,GROUP
BK007346,J000110,7195413548,2026-09-30,CONFIRMED,2,P021561,FAMILY
BK007347,J000110,6969133101,2026-09-29,CONFIRMED,1,P021563,INDIVIDUAL
BK007348,J000110,4019685699,2026-09-28,CONFIRMED,1,P021564,INDIVIDUAL
BK007349,J000110,4483404681,2026-09-27,CONFIRMED,1,P021565,INDIVIDUAL
BK007350,J000110,2399263383,2026-09-26,CONFIRMED,7,P021566,FRIENDS
BK007351,J000110,1058799891,2026-09-25,CONFIRMED,8,P021573,GROUP
BK007352,J000110,6172028811,2026-09-24,CONFIRMED,5,P021581,FRIENDS
BK007353,J000110,4627772383,2026-09-23,CONFIRMED,1,P021586,INDIVIDUAL
BK007354,J000110,2192534483,2026-09-22,CONFIRMED,3,P021587,FRIENDS
BK007355,J000110,6184162729,2026-09-21,CONFIRMED,4,P021590,GROUP
BK007356,J000110,2216600509,2026-09-20,CONFIRMED,3,P021594,GROUP
BK007357,J000110,9208574762,2026-09-19,CONFIRMED,1,P021597,INDIVIDUAL
BK007358,J000110,2510374787,2026-09-18,CONFIRMED,1,P021598,INDIVIDUAL
BK007359,J000110,4962837254,2026-09-17,WAITLISTED,2,P021599,FRIENDS
BK007360,J000110,8393169635,2026-09-16,RAC,2,P021601,FRIENDS
BK007361,J000110,9197594446,2026-09-15,CONFIRMED,1,P021603,INDIVIDUAL
BK007362,J000110,5196708627,2026-09-14,CONFIRMED,2,P021604,FAMILY
BK007363,J000110,4948407383,2026-09-13,CONFIRMED,2,P021606,FRIENDS
BK007364,J000110,6177480709,2026-09-12,CONFIRMED,2,P021608,FRIENDS
BK007365,J000110,6903724984,2026-09-11,CONFIRMED,2,P021610,GROUP
BK007366,J000110,7656938222,2026-09-10,CONFIRMED,2,P021612,FAMILY
BK007367,J000110,1458850435,2026-09-09,CONFIRMED,4,P021614,GROUP
BK007368,J000110,1894758755,2026-09-08,CONFIRMED,4,P021618,FAMILY
BK007369,J000110,3490992843,2026-09-07,CONFIRMED,4,P021622,FRIENDS
BK007370,J000110,9624381131,2026-09-06,CONFIRMED,7,P021626,FRIENDS
BK007371,J000111,7629620281,2026-09-12,CONFIRMED,2,P021633,FRIENDS
BK007372,J000111,2930358680,2026-10-19,CONFIRMED,5,P021635,CAREGIVER_COMPANION
BK007373,J000111,9801405056,2026-10-18,CONFIRMED,2,P021640,GROUP
BK007374,J000111,9843252106,2026-10-17,CONFIRMED,4,P021642,FAMILY
BK007375,J000111,8069177105,2026-10-16,CONFIRMED,8,P021646,GROUP
BK007376,J000111,8979797972,2026-10-15,CONFIRMED,1,P021654,INDIVIDUAL
BK007377,J000111,7492166854,2026-10-14,CONFIRMED,1,P021655,INDIVIDUAL
BK007378,J000111,4404679764,2026-10-13,CONFIRMED,1,P021656,INDIVIDUAL
BK007379,J000111,3693051367,2026-10-12,CONFIRMED,2,P021657,FRIENDS
BK007380,J000111,5625833098,2026-10-11,CONFIRMED,2,P021659,FRIENDS
BK007381,J000111,7709398493,2026-10-10,CONFIRMED,4,P021661,FRIENDS
BK007382,J000111,9816133602,2026-10-09,CONFIRMED,4,P021665,FAMILY
BK007383,J000111,6628997461,2026-10-08,CONFIRMED,2,P021669,FRIENDS
BK007384,J000111,3239416841,2026-10-07,CONFIRMED,3,P021671,GROUP
BK007385,J000111,9919653794,2026-10-06,CONFIRMED,3,P021674,FAMILY
BK007386,J000111,2083428978,2026-10-05,CONFIRMED,1,P021677,INDIVIDUAL
BK007387,J000111,4116946152,2026-10-04,CONFIRMED,1,P021678,INDIVIDUAL
BK007388,J000111,8371655136,2026-10-03,CONFIRMED,1,P021679,INDIVIDUAL
BK007389,J000111,9465292975,2026-10-02,CONFIRMED,6,P021680,GROUP
BK007390,J000111,3105867239,2026-10-01,CONFIRMED,2,P021686,FAMILY
BK007391,J000111,4972797102,2026-09-30,CONFIRMED,3,P021688,FAMILY
BK007392,J000111,6106133882,2026-09-29,WAITLISTED,2,P021691,FRIENDS
BK007393,J000111,2100738215,2026-09-28,CONFIRMED,5,P021693,FAMILY
BK007394,J000111,8384002375,2026-09-27,CONFIRMED,1,P021698,INDIVIDUAL
BK007395,J000111,9028924412,2026-09-26,CONFIRMED,2,P021699,FRIENDS
BK007396,J000111,5924323772,2026-09-25,CONFIRMED,2,P021701,FRIENDS
BK007397,J000111,8348373183,2026-09-24,CONFIRMED,1,P021703,INDIVIDUAL
BK007398,J000111,1970351009,2026-09-23,CONFIRMED,3,P021704,FRIENDS
BK007399,J000111,8257290999,2026-09-22,CONFIRMED,1,P021707,INDIVIDUAL
BK007400,J000111,7893710496,2026-09-21,CANCELLED,1,P021708,INDIVIDUAL
BK007401,J000111,6215861225,2026-09-20,CONFIRMED,2,P021709,GROUP
BK007402,J000111,2077038985,2026-09-19,CONFIRMED,1,P021711,INDIVIDUAL
BK007403,J000111,5998604351,2026-09-18,CONFIRMED,3,P021712,FAMILY
BK007404,J000111,7140793013,2026-09-17,CONFIRMED,3,P021715,GROUP
BK007405,J000111,8520770330,2026-09-16,CONFIRMED,1,P021718,INDIVIDUAL
BK007406,J000111,8620923697,2026-09-15,CONFIRMED,1,P021719,INDIVIDUAL
BK007407,J000111,8244461248,2026-09-14,CONFIRMED,2,P021720,FRIENDS
BK007408,J000111,3282801696,2026-09-13,CONFIRMED,4,P021722,FAMILY
BK007409,J000111,8725796027,2026-09-12,CONFIRMED,1,P021726,INDIVIDUAL
BK007410,J000111,5901477603,2026-10-19,CONFIRMED,1,P021727,INDIVIDUAL
BK007411,J000111,5778718053,2026-10-18,CONFIRMED,1,P021728,INDIVIDUAL
BK007412,J000111,9442227720,2026-10-17,CONFIRMED,4,P021729,FAMILY
BK007413,J000111,3462751866,2026-10-16,CONFIRMED,1,P021733,INDIVIDUAL
BK007414,J000111,7815658424,2026-10-15,CONFIRMED,1,P021734,INDIVIDUAL
BK007415,J000111,3406446712,2026-10-14,CONFIRMED,2,P021735,FRIENDS
BK007416,J000111,7105341647,2026-10-13,CONFIRMED,3,P021737,GROUP
BK007417,J000111,8637846131,2026-10-12,CONFIRMED,8,P021740,FRIENDS
BK007418,J000111,5104175742,2026-10-11,CONFIRMED,1,P021748,INDIVIDUAL
BK007419,J000111,1203510044,2026-10-10,CONFIRMED,3,P021749,FAMILY
BK007420,J000111,8571527718,2026-10-09,CONFIRMED,1,P021752,INDIVIDUAL
BK007421,J000111,1878291587,2026-10-08,CONFIRMED,3,P021753,FAMILY
BK007422,J000111,5926998084,2026-10-07,CONFIRMED,4,P021756,FAMILY
BK007423,J000111,2220280527,2026-10-06,CONFIRMED,4,P021760,GROUP
BK007424,J000111,6805379239,2026-10-05,CONFIRMED,2,P021764,FRIENDS
BK007425,J000111,1109457617,2026-10-04,WAITLISTED,3,P021766,FAMILY
BK007426,J000111,5747522219,2026-10-03,CONFIRMED,3,P021769,FRIENDS
BK007427,J000111,2365521993,2026-10-02,CONFIRMED,2,P021772,FRIENDS
BK007428,J000111,9106617126,2026-10-01,CONFIRMED,4,P021774,FAMILY
BK007429,J000111,9471688169,2026-09-30,CONFIRMED,2,P021778,GROUP
BK007430,J000111,5085248640,2026-09-29,CONFIRMED,4,P021780,FAMILY
BK007431,J000111,1294433003,2026-09-28,CONFIRMED,2,P021784,FRIENDS
BK007432,J000111,4291981888,2026-09-27,CONFIRMED,2,P021786,FRIENDS
BK007433,J000111,9852994104,2026-09-26,CONFIRMED,1,P021788,INDIVIDUAL
BK007434,J000111,4746301818,2026-09-25,CONFIRMED,2,P021789,FAMILY
BK007435,J000111,8914376306,2026-09-24,CONFIRMED,1,P021791,INDIVIDUAL
BK007436,J000111,5343453804,2026-09-23,CONFIRMED,1,P021792,INDIVIDUAL
BK007437,J000111,1685388483,2026-09-22,CONFIRMED,4,P021793,FRIENDS
BK007438,J000112,8866800656,2026-09-28,CONFIRMED,3,P021797,FRIENDS
BK007439,J000112,7627608740,2026-09-27,CONFIRMED,4,P021800,GROUP
BK007440,J000112,1829326601,2026-09-26,RAC,4,P021804,FAMILY
BK007441,J000112,8043936175,2026-09-25,CONFIRMED,4,P021808,FRIENDS
BK007442,J000112,2836231528,2026-09-24,CONFIRMED,1,P021812,INDIVIDUAL
BK007443,J000112,6494320017,2026-09-23,CONFIRMED,2,P021813,FRIENDS
BK007444,J000112,3005961193,2026-09-22,CONFIRMED,4,P021815,FAMILY
BK007445,J000112,8054119411,2026-09-21,CONFIRMED,8,P021819,FRIENDS
BK007446,J000112,8286797364,2026-09-20,CONFIRMED,3,P021827,FRIENDS
BK007447,J000112,8175943264,2026-09-19,CONFIRMED,7,P021830,FAMILY
BK007448,J000112,1858709782,2026-10-26,CONFIRMED,8,P021837,CAREGIVER_COMPANION
BK007449,J000112,8482835660,2026-10-25,CONFIRMED,2,P021845,GROUP
BK007450,J000112,5818703140,2026-10-24,CONFIRMED,4,P021847,FAMILY
BK007451,J000112,6804016971,2026-10-23,CONFIRMED,3,P021851,FAMILY
BK007452,J000112,8893557841,2026-10-22,CONFIRMED,2,P021854,FRIENDS
BK007453,J000112,5223514046,2026-10-21,CONFIRMED,2,P021856,GROUP
BK007454,J000112,9580275558,2026-10-20,CONFIRMED,4,P021858,FAMILY
BK007455,J000112,2668970701,2026-10-19,CONFIRMED,4,P021862,GROUP
BK007456,J000112,1619857842,2026-10-18,CONFIRMED,1,P021866,INDIVIDUAL
BK007457,J000112,9165650668,2026-10-17,CONFIRMED,2,P021867,GROUP
BK007458,J000112,5376847558,2026-10-16,WAITLISTED,2,P021869,FAMILY
BK007459,J000112,1110718257,2026-10-15,CONFIRMED,6,P021871,FRIENDS
BK007460,J000112,6708406481,2026-10-14,CONFIRMED,4,P021877,FAMILY
BK007461,J000112,8376843718,2026-10-13,CONFIRMED,1,P021881,INDIVIDUAL
BK007462,J000112,4931868071,2026-10-12,CONFIRMED,2,P021882,FAMILY
BK007463,J000112,3213724655,2026-10-11,CONFIRMED,2,P021884,FRIENDS
BK007464,J000112,8637368746,2026-10-10,CONFIRMED,2,P021886,FRIENDS
BK007465,J000112,1591315280,2026-10-09,CONFIRMED,2,P021888,GROUP
BK007466,J000112,7597225631,2026-10-08,CONFIRMED,2,P021890,FAMILY
BK007467,J000112,3957175705,2026-10-07,CONFIRMED,2,P021892,FRIENDS
BK007468,J000112,1363326664,2026-10-06,CONFIRMED,1,P021894,INDIVIDUAL
BK007469,J000112,4818151944,2026-10-05,CONFIRMED,1,P021895,INDIVIDUAL
BK007470,J000112,3146821945,2026-10-04,CONFIRMED,1,P021896,INDIVIDUAL
BK007471,J000112,1636867845,2026-10-03,CONFIRMED,2,P021897,FRIENDS
BK007472,J000112,6189332648,2026-10-02,CONFIRMED,2,P021899,FRIENDS
BK007473,J000112,5631154634,2026-10-01,CONFIRMED,1,P021901,INDIVIDUAL
BK007474,J000112,5666939936,2026-09-30,CONFIRMED,5,P021902,GROUP
BK007475,J000112,2829133389,2026-09-29,CONFIRMED,3,P021907,FAMILY
BK007476,J000112,3708642355,2026-09-28,CONFIRMED,2,P021910,FRIENDS
BK007477,J000112,6994390550,2026-09-27,CONFIRMED,5,P021912,FAMILY
BK007478,J000112,2124203908,2026-09-26,CONFIRMED,2,P021917,FAMILY
BK007479,J000112,1845992151,2026-09-25,CONFIRMED,3,P021919,FAMILY
BK007480,J000112,9572211632,2026-09-24,RAC,3,P021922,GROUP
BK007481,J000112,4415789079,2026-09-23,CONFIRMED,4,P021925,FRIENDS
BK007482,J000112,4030650423,2026-09-22,CONFIRMED,4,P021929,FAMILY
BK007483,J000112,8227474254,2026-09-21,CONFIRMED,3,P021933,FAMILY
BK007484,J000112,1561260847,2026-09-20,CONFIRMED,2,P021936,FRIENDS
BK007485,J000112,8869498957,2026-09-19,CONFIRMED,1,P021938,INDIVIDUAL
BK007486,J000112,5649132146,2026-10-26,CONFIRMED,2,P021939,FAMILY
BK007487,J000112,6808629208,2026-10-25,CONFIRMED,4,P021941,GROUP
BK007488,J000112,9830797557,2026-10-24,CONFIRMED,1,P021945,INDIVIDUAL
BK007489,J000112,5751644212,2026-10-23,CONFIRMED,1,P021946,INDIVIDUAL
BK007490,J000112,7892434131,2026-10-22,CONFIRMED,1,P021947,INDIVIDUAL
BK007491,J000112,9747416869,2026-10-21,WAITLISTED,2,P021948,FRIENDS
BK007492,J000112,9058325120,2026-10-20,CONFIRMED,4,P021950,FAMILY
BK007493,J000112,4607267386,2026-10-19,CONFIRMED,4,P021954,FRIENDS
BK007494,J000112,7684474051,2026-10-18,CONFIRMED,4,P021958,FAMILY
BK007495,J000112,8976548492,2026-10-17,CONFIRMED,2,P021962,FRIENDS
BK007496,J000112,1982429191,2026-10-16,CONFIRMED,8,P021964,FAMILY
BK007497,J000112,8860392933,2026-10-15,CONFIRMED,8,P021972,FRIENDS
BK007498,J000112,7887844177,2026-10-14,CONFIRMED,3,P021980,FRIENDS
BK007499,J000112,9661044576,2026-10-13,CONFIRMED,2,P021983,FRIENDS
BK007500,J000112,2132173408,2026-10-12,CANCELLED,3,P021985,GROUP
BK007501,J000112,4840974811,2026-10-11,CONFIRMED,3,P021988,FAMILY
BK007502,J000112,4787022625,2026-10-10,CONFIRMED,2,P021991,FAMILY
BK007503,J000112,3150290875,2026-10-09,CONFIRMED,4,P021993,GROUP
BK007504,J000112,6613249974,2026-10-08,CONFIRMED,4,P021997,FAMILY
BK007505,J000113,7733073995,2026-10-14,CONFIRMED,2,P022001,GROUP
BK007506,J000113,2339630814,2026-10-13,CONFIRMED,3,P022003,FRIENDS
BK007507,J000113,3574296291,2026-10-12,CONFIRMED,2,P022006,FRIENDS
BK007508,J000113,2776552267,2026-10-11,CONFIRMED,1,P022008,INDIVIDUAL
BK007509,J000113,4136561146,2026-10-10,CONFIRMED,5,P022009,FAMILY
BK007510,J000113,9489461083,2026-10-09,CONFIRMED,6,P022014,FAMILY
BK007511,J000113,6299346752,2026-10-08,CONFIRMED,6,P022020,FRIENDS
BK007512,J000113,9026458742,2026-10-07,CONFIRMED,1,P022026,INDIVIDUAL
BK007513,J000113,8113961130,2026-10-06,CONFIRMED,6,P022027,GROUP
BK007514,J000113,9317287378,2026-10-05,CONFIRMED,4,P022033,FAMILY
BK007515,J000113,3073351613,2026-10-04,CONFIRMED,1,P022037,INDIVIDUAL
BK007516,J000113,7655342725,2026-10-03,CONFIRMED,2,P022038,FRIENDS
BK007517,J000113,4462852314,2026-10-02,CONFIRMED,4,P022040,FRIENDS
BK007518,J000113,5898329173,2026-10-01,CONFIRMED,2,P022044,FAMILY
BK007519,J000113,5835106195,2026-09-30,CONFIRMED,1,P022046,INDIVIDUAL
BK007520,J000113,1181434923,2026-09-29,RAC,2,P022047,FRIENDS
BK007521,J000113,8383240826,2026-09-28,CONFIRMED,6,P022049,GROUP
BK007522,J000113,3455219909,2026-09-27,CONFIRMED,3,P022055,FRIENDS
BK007523,J000113,1977979792,2026-09-26,CONFIRMED,3,P022058,FAMILY
BK007524,J000113,4311028115,2026-11-02,WAITLISTED,3,P022061,GROUP
BK007525,J000113,5782558619,2026-11-01,CONFIRMED,1,P022064,INDIVIDUAL
BK007526,J000113,7907466364,2026-10-31,CONFIRMED,5,P022065,GROUP
BK007527,J000113,1601451038,2026-10-30,CONFIRMED,1,P022070,INDIVIDUAL
BK007528,J000113,1975162666,2026-10-29,CONFIRMED,1,P022071,INDIVIDUAL
BK007529,J000113,5002319796,2026-10-28,CONFIRMED,4,P022072,FRIENDS
BK007530,J000113,9002398721,2026-10-27,CONFIRMED,2,P022076,FAMILY
BK007531,J000113,5390426300,2026-10-26,CONFIRMED,6,P022078,FRIENDS
BK007532,J000113,2247132942,2026-10-25,CONFIRMED,3,P022084,GROUP
BK007533,J000113,8271857112,2026-10-24,CONFIRMED,2,P022087,GROUP
BK007534,J000113,4118375017,2026-10-23,CONFIRMED,4,P022089,FAMILY
BK007535,J000113,7623549111,2026-10-22,CONFIRMED,4,P022093,GROUP
BK007536,J000113,3476939299,2026-10-21,CONFIRMED,6,P022097,FAMILY
BK007537,J000113,8919138513,2026-10-20,CONFIRMED,1,P022103,INDIVIDUAL
BK007538,J000113,3949569957,2026-10-19,CONFIRMED,7,P022104,FRIENDS
BK007539,J000113,8337430273,2026-10-18,CONFIRMED,3,P022111,FAMILY
BK007540,J000113,8597720766,2026-10-17,CONFIRMED,8,P022114,FAMILY
BK007541,J000113,2384138479,2026-10-16,CONFIRMED,3,P022122,FAMILY
BK007542,J000113,8679414028,2026-10-15,CONFIRMED,1,P022125,INDIVIDUAL
BK007543,J000113,1461929508,2026-10-14,CONFIRMED,6,P022126,CAREGIVER_COMPANION
BK007544,J000113,2744264116,2026-10-13,CONFIRMED,1,P022132,INDIVIDUAL
BK007545,J000113,9050791124,2026-10-12,CONFIRMED,2,P022133,GROUP
BK007546,J000113,5501349718,2026-10-11,CONFIRMED,1,P022135,INDIVIDUAL
BK007547,J000113,5638383755,2026-10-10,CONFIRMED,3,P022136,FAMILY
BK007548,J000113,6702857314,2026-10-09,CONFIRMED,4,P022139,FAMILY
BK007549,J000113,7782506863,2026-10-08,CONFIRMED,7,P022143,FAMILY
BK007550,J000113,5377620880,2026-10-07,CONFIRMED,5,P022150,GROUP
BK007551,J000113,6668605002,2026-10-06,CONFIRMED,2,P022155,FRIENDS
BK007552,J000113,3396285560,2026-10-05,CONFIRMED,3,P022157,GROUP
BK007553,J000113,3263156672,2026-10-04,CONFIRMED,4,P022160,FRIENDS
BK007554,J000113,5548986885,2026-10-03,CONFIRMED,2,P022164,FAMILY
BK007555,J000113,5636151952,2026-10-02,CONFIRMED,1,P022166,INDIVIDUAL
BK007556,J000113,5692542772,2026-10-01,CONFIRMED,1,P022167,INDIVIDUAL
BK007557,J000113,3288261317,2026-09-30,WAITLISTED,4,P022168,FRIENDS
BK007558,J000113,7348633191,2026-09-29,CONFIRMED,2,P022172,FAMILY
BK007559,J000113,6519863107,2026-09-28,CONFIRMED,1,P022174,INDIVIDUAL
BK007560,J000113,6069082055,2026-09-27,RAC,1,P022175,INDIVIDUAL
BK007561,J000113,2460613722,2026-09-26,CONFIRMED,5,P022176,FAMILY
BK007562,J000113,9969866380,2026-11-02,CONFIRMED,3,P022181,FRIENDS
BK007563,J000113,9696858072,2026-11-01,CONFIRMED,2,P022184,FRIENDS
BK007564,J000113,2212975911,2026-10-31,CONFIRMED,2,P022186,FRIENDS
BK007565,J000113,6586468203,2026-10-30,CONFIRMED,4,P022188,FRIENDS
BK007566,J000113,1607010574,2026-10-29,CONFIRMED,1,P022192,INDIVIDUAL
BK007567,J000113,6135510839,2026-10-28,CONFIRMED,4,P022193,GROUP
BK007568,J000113,1569290032,2026-10-27,CONFIRMED,2,P022197,FRIENDS
BK007569,J000113,3019501204,2026-10-26,CONFIRMED,1,P022199,INDIVIDUAL
BK007570,J000113,5832470051,2026-10-25,CONFIRMED,1,P022200,INDIVIDUAL
BK007571,J000113,8306623623,2026-10-24,CONFIRMED,1,P022201,INDIVIDUAL
BK007572,J000114,3518736213,2026-10-30,CONFIRMED,3,P022202,GROUP
BK007573,J000114,5069201225,2026-10-29,CONFIRMED,2,P022205,GROUP
BK007574,J000114,9588333989,2026-10-28,CONFIRMED,2,P022207,FAMILY
BK007575,J000114,9513104028,2026-10-27,CONFIRMED,7,P022209,FAMILY
BK007576,J000114,2894043766,2026-10-26,CONFIRMED,4,P022216,FAMILY
BK007577,J000114,2609649221,2026-10-25,CONFIRMED,4,P022220,FRIENDS
BK007578,J000114,2610994844,2026-10-24,CONFIRMED,1,P022224,INDIVIDUAL
BK007579,J000114,8545607719,2026-10-23,CONFIRMED,4,P022225,GROUP
BK007580,J000114,6718832742,2026-10-22,CONFIRMED,4,P022229,FAMILY
BK007581,J000114,8898821737,2026-10-21,CONFIRMED,2,P022233,GROUP
BK007582,J000114,8903567050,2026-10-20,CONFIRMED,4,P022235,FAMILY
BK007583,J000114,6557923947,2026-10-19,CONFIRMED,2,P022239,FRIENDS
BK007584,J000114,3585482297,2026-10-18,CONFIRMED,1,P022241,INDIVIDUAL
BK007585,J000114,2800646394,2026-10-17,CONFIRMED,2,P022242,GROUP
BK007586,J000114,9673734832,2026-10-16,CONFIRMED,4,P022244,FAMILY
BK007587,J000114,4803203512,2026-10-15,CONFIRMED,2,P022248,FRIENDS
BK007588,J000114,3872584864,2026-10-14,CONFIRMED,2,P022250,FRIENDS
BK007589,J000114,4612763152,2026-10-13,CONFIRMED,2,P022252,GROUP
BK007590,J000114,4354391066,2026-10-12,WAITLISTED,4,P022254,FAMILY
BK007591,J000114,5733504500,2026-10-11,CONFIRMED,3,P022258,FAMILY
BK007592,J000114,3509999716,2026-10-10,CONFIRMED,1,P022261,INDIVIDUAL
BK007593,J000114,4341332171,2026-10-09,CONFIRMED,3,P022262,FAMILY
BK007594,J000114,5345626038,2026-10-08,CONFIRMED,1,P022265,INDIVIDUAL
BK007595,J000114,4411585772,2026-10-07,CONFIRMED,1,P022266,INDIVIDUAL
BK007596,J000114,2621485184,2026-10-06,CONFIRMED,4,P022267,FAMILY
BK007597,J000114,8005068311,2026-10-05,CONFIRMED,1,P022271,INDIVIDUAL
BK007598,J000114,8954485752,2026-10-04,CONFIRMED,3,P022272,FRIENDS
BK007599,J000114,4331811720,2026-10-03,CONFIRMED,1,P022275,INDIVIDUAL
BK007600,J000114,1665295651,2026-11-09,CANCELLED,3,P022276,GROUP
BK007601,J000114,8978041661,2026-11-08,CONFIRMED,4,P022279,FRIENDS
BK007602,J000114,8610660657,2026-11-07,CONFIRMED,4,P022283,FAMILY
BK007603,J000114,6350444899,2026-11-06,CONFIRMED,3,P022287,FAMILY
BK007604,J000114,2409660612,2026-11-05,CONFIRMED,1,P022290,INDIVIDUAL
BK007605,J000114,8022421653,2026-11-04,CONFIRMED,4,P022291,FRIENDS
BK007606,J000114,2785061444,2026-11-03,CONFIRMED,2,P022295,FAMILY
BK007607,J000114,5191776784,2026-11-02,CONFIRMED,6,P022297,FRIENDS
BK007608,J000114,3910369316,2026-11-01,CONFIRMED,6,P022303,FAMILY
BK007609,J000114,7375986822,2026-10-31,CONFIRMED,1,P022309,INDIVIDUAL
BK007610,J000114,4340811985,2026-10-30,CONFIRMED,4,P022310,FAMILY
BK007611,J000114,3805904856,2026-10-29,CONFIRMED,1,P022314,INDIVIDUAL
BK007612,J000114,7643247835,2026-10-28,CONFIRMED,1,P022315,INDIVIDUAL
BK007613,J000114,1241442846,2026-10-27,CONFIRMED,4,P022316,FRIENDS
BK007614,J000114,3857462959,2026-10-26,CONFIRMED,2,P022320,FAMILY
BK007615,J000114,7042386412,2026-10-25,CONFIRMED,6,P022322,FRIENDS
BK007616,J000114,9047333341,2026-10-24,CONFIRMED,1,P022328,INDIVIDUAL
BK007617,J000114,9487182888,2026-10-23,CONFIRMED,5,P022329,FAMILY
BK007618,J000114,4332326191,2026-10-22,CONFIRMED,2,P022334,FAMILY
BK007619,J000114,8878004712,2026-10-21,CONFIRMED,4,P022336,CAREGIVER_COMPANION
BK007620,J000114,7100692832,2026-10-20,CONFIRMED,4,P022340,FAMILY
BK007621,J000114,3606999895,2026-10-19,CONFIRMED,1,P022344,INDIVIDUAL
BK007622,J000114,4679014983,2026-10-18,CONFIRMED,4,P022345,FAMILY
BK007623,J000114,5766995690,2026-10-17,WAITLISTED,4,P022349,GROUP
BK007624,J000114,7916710169,2026-10-16,CONFIRMED,3,P022353,GROUP
BK007625,J000114,8976271321,2026-10-15,CONFIRMED,1,P022356,INDIVIDUAL
BK007626,J000114,2460634058,2026-10-14,CONFIRMED,1,P022357,INDIVIDUAL
BK007627,J000114,4374887220,2026-10-13,CONFIRMED,4,P022358,GROUP
BK007628,J000114,7763687630,2026-10-12,CONFIRMED,1,P022362,INDIVIDUAL
BK007629,J000114,2542265264,2026-10-11,CONFIRMED,2,P022363,GROUP
BK007630,J000114,3112766179,2026-10-10,CONFIRMED,2,P022365,FAMILY
BK007631,J000114,4337053578,2026-10-09,CONFIRMED,2,P022367,FRIENDS
BK007632,J000114,8454526281,2026-10-08,CONFIRMED,3,P022369,GROUP
BK007633,J000114,3376930709,2026-10-07,CONFIRMED,4,P022372,FRIENDS
BK007634,J000114,2893981541,2026-10-06,CONFIRMED,2,P022376,FAMILY
BK007635,J000114,8794434186,2026-10-05,CONFIRMED,3,P022378,FAMILY
BK007636,J000114,2872048965,2026-10-04,CONFIRMED,1,P022381,INDIVIDUAL
BK007637,J000114,7791570597,2026-10-03,CONFIRMED,2,P022382,GROUP
BK007638,J000114,6065466963,2026-11-09,CONFIRMED,2,P022384,FAMILY
BK007639,J000115,1421823303,2026-10-06,CONFIRMED,3,P022386,FAMILY
BK007640,J000115,5539662667,2026-10-05,RAC,4,P022389,FAMILY
BK007641,J000115,6299680855,2026-10-04,CONFIRMED,6,P022393,GROUP
BK007642,J000115,7851610499,2026-10-03,CONFIRMED,8,P022399,FAMILY
BK007643,J000115,2116553634,2026-10-02,CONFIRMED,2,P022407,FRIENDS
BK007644,J000115,1098940292,2026-10-01,CONFIRMED,3,P022409,GROUP
BK007645,J000115,4639411449,2026-09-30,CONFIRMED,1,P022412,INDIVIDUAL
BK007646,J000115,8698866593,2026-09-29,CONFIRMED,7,P022413,FRIENDS
BK007647,J000115,1918294943,2026-09-28,CONFIRMED,1,P022420,INDIVIDUAL
BK007648,J000115,6244988747,2026-09-27,CONFIRMED,2,P022421,FRIENDS
BK007649,J000115,3013798504,2026-09-26,CONFIRMED,1,P022423,INDIVIDUAL
BK007650,J000115,3307444540,2026-09-25,CONFIRMED,3,P022424,FRIENDS
BK007651,J000115,1188339815,2026-09-24,CONFIRMED,1,P022427,INDIVIDUAL
BK007652,J000115,1820529090,2026-09-23,CONFIRMED,3,P022428,GROUP
BK007653,J000115,5599527202,2026-09-22,CONFIRMED,2,P022431,GROUP
BK007654,J000115,1308689720,2026-09-21,CONFIRMED,3,P022433,FRIENDS
BK007655,J000115,8763675708,2026-09-20,CONFIRMED,2,P022436,FRIENDS
BK007656,J000115,9336845052,2026-09-19,WAITLISTED,4,P022438,FAMILY
BK007657,J000115,6057524618,2026-09-18,CONFIRMED,2,P022442,GROUP
BK007658,J000115,3300516124,2026-09-17,CONFIRMED,4,P022444,FAMILY
BK007659,J000115,9362080090,2026-09-16,CONFIRMED,2,P022448,FRIENDS
BK007660,J000115,7483978861,2026-09-15,CONFIRMED,3,P022450,GROUP
BK007661,J000115,6418119124,2026-09-14,CONFIRMED,4,P022453,FRIENDS
BK007662,J000115,8596111145,2026-09-13,CONFIRMED,3,P022457,FRIENDS
BK007663,J000115,5196697507,2026-09-12,CONFIRMED,1,P022460,INDIVIDUAL
BK007664,J000115,5749756343,2026-09-11,CONFIRMED,2,P022461,FRIENDS
BK007665,J000115,2020687416,2026-09-10,CONFIRMED,4,P022463,FRIENDS
BK007666,J000115,3406716873,2026-09-09,CONFIRMED,2,P022467,FAMILY
BK007667,J000115,3963953509,2026-09-08,CONFIRMED,2,P022469,FRIENDS
BK007668,J000115,8516473494,2026-09-07,CONFIRMED,2,P022471,FRIENDS
BK007669,J000115,6081055852,2026-09-06,CONFIRMED,3,P022473,FAMILY
BK007670,J000115,4648262054,2026-09-05,CONFIRMED,1,P022476,INDIVIDUAL
BK007671,J000115,4654795261,2026-09-04,CONFIRMED,2,P022477,FRIENDS
BK007672,J000115,7001877951,2026-09-03,CONFIRMED,3,P022479,GROUP
BK007673,J000115,6176904839,2026-09-02,CONFIRMED,3,P022482,FAMILY
BK007674,J000115,3999179422,2026-09-01,CONFIRMED,2,P022485,FAMILY
BK007675,J000115,5338477894,2026-08-31,CONFIRMED,2,P022487,FRIENDS
BK007676,J000115,5440265132,2026-10-07,CONFIRMED,4,P022489,CAREGIVER_COMPANION
BK007677,J000115,9132808956,2026-10-06,CONFIRMED,2,P022493,GROUP
BK007678,J000115,1834252454,2026-10-05,CONFIRMED,2,P022495,FAMILY
BK007679,J000115,8949327901,2026-10-04,CONFIRMED,2,P022497,FRIENDS
BK007680,J000115,6610697777,2026-10-03,RAC,1,P022499,INDIVIDUAL
BK007681,J000115,8433125887,2026-10-02,CONFIRMED,4,P022500,FRIENDS
BK007682,J000115,3892091120,2026-10-01,CONFIRMED,7,P022504,FRIENDS
BK007683,J000115,5866507805,2026-09-30,CONFIRMED,2,P022511,FRIENDS
BK007684,J000115,8606039379,2026-09-29,CONFIRMED,3,P022513,GROUP
BK007685,J000115,4072620773,2026-09-28,CONFIRMED,4,P022516,FRIENDS
BK007686,J000115,7705429179,2026-09-27,CONFIRMED,3,P022520,FRIENDS
BK007687,J000115,9168652333,2026-09-26,CONFIRMED,1,P022523,INDIVIDUAL
BK007688,J000115,5468903430,2026-09-25,CONFIRMED,4,P022524,FAMILY
BK007689,J000115,8678085442,2026-09-24,WAITLISTED,1,P022528,INDIVIDUAL
BK007690,J000115,3440217704,2026-09-23,CONFIRMED,8,P022529,FAMILY
BK007691,J000115,4063600764,2026-09-22,CONFIRMED,2,P022537,FRIENDS
BK007692,J000115,3429253796,2026-09-21,CONFIRMED,2,P022539,FRIENDS
BK007693,J000115,3265833612,2026-09-20,CONFIRMED,6,P022541,GROUP
BK007694,J000115,7212195906,2026-09-19,CONFIRMED,6,P022547,FAMILY
BK007695,J000115,7681740368,2026-09-18,CONFIRMED,4,P022553,CAREGIVER_COMPANION
BK007696,J000115,1925361960,2026-09-17,CONFIRMED,5,P022557,FRIENDS
BK007697,J000115,3164574346,2026-09-16,CONFIRMED,4,P022562,FRIENDS
BK007698,J000115,5555891376,2026-09-15,CONFIRMED,5,P022566,GROUP
BK007699,J000115,1199296572,2026-09-14,CONFIRMED,2,P022571,FRIENDS
BK007700,J000115,4868204641,2026-09-13,CANCELLED,4,P022573,FAMILY
BK007701,J000115,9296269822,2026-09-12,CONFIRMED,4,P022577,FRIENDS
BK007702,J000115,8645115611,2026-09-11,CONFIRMED,2,P022581,FAMILY
BK007703,J000115,3497671037,2026-09-10,CONFIRMED,6,P022583,FRIENDS
BK007704,J000115,1092837048,2026-09-09,CONFIRMED,3,P022589,GROUP
BK007705,J000115,4599447771,2026-09-08,CONFIRMED,2,P022592,GROUP
BK007706,J000116,6242223940,2026-09-10,CONFIRMED,2,P022594,FAMILY
BK007707,J000116,9530365968,2026-09-09,CONFIRMED,1,P022596,INDIVIDUAL
BK007708,J000116,7072100681,2026-09-08,CONFIRMED,6,P022597,FAMILY
BK007709,J000116,3694899954,2026-09-07,CONFIRMED,4,P022603,FRIENDS
BK007710,J000116,1433541157,2026-09-06,CONFIRMED,1,P022607,INDIVIDUAL
BK007711,J000116,8794714518,2026-09-05,CONFIRMED,2,P022608,FRIENDS
BK007712,J000116,4319783089,2026-09-04,CONFIRMED,2,P022610,FRIENDS
BK007713,J000116,8637332514,2026-09-03,CONFIRMED,3,P022612,FAMILY
BK007714,J000116,3951272420,2026-10-10,CONFIRMED,1,P022615,INDIVIDUAL
BK007715,J000116,1243287840,2026-10-09,CONFIRMED,4,P022616,GROUP
BK007716,J000116,7020188898,2026-10-08,CONFIRMED,2,P022620,FRIENDS
BK007717,J000116,8121732463,2026-10-07,CONFIRMED,1,P022622,INDIVIDUAL
BK007718,J000116,2363123979,2026-10-06,CONFIRMED,1,P022623,INDIVIDUAL
BK007719,J000116,8809102698,2026-10-05,CONFIRMED,1,P022624,INDIVIDUAL
BK007720,J000116,5083665182,2026-10-04,RAC,5,P022625,FRIENDS
BK007721,J000116,8373680820,2026-10-03,CONFIRMED,2,P022630,GROUP
BK007722,J000116,8920117931,2026-10-02,WAITLISTED,1,P022632,INDIVIDUAL
BK007723,J000116,7665989720,2026-10-01,CONFIRMED,4,P022633,GROUP
BK007724,J000116,7037006134,2026-09-30,CONFIRMED,1,P022637,INDIVIDUAL
BK007725,J000116,2923193233,2026-09-29,CONFIRMED,2,P022638,GROUP
BK007726,J000116,7845309409,2026-09-28,CONFIRMED,4,P022640,FAMILY
BK007727,J000116,2001568100,2026-09-27,CONFIRMED,2,P022644,FRIENDS
BK007728,J000116,4926379011,2026-09-26,CONFIRMED,2,P022646,FRIENDS
BK007729,J000116,2933508201,2026-09-25,CONFIRMED,1,P022648,INDIVIDUAL
BK007730,J000116,6872584072,2026-09-24,CONFIRMED,3,P022649,FRIENDS
BK007731,J000116,9197985401,2026-09-23,CONFIRMED,4,P022652,GROUP
BK007732,J000116,5578911093,2026-09-22,CONFIRMED,2,P022656,FRIENDS
BK007733,J000116,6277392538,2026-09-21,CONFIRMED,8,P022658,CAREGIVER_COMPANION
BK007734,J000116,4207420782,2026-09-20,CONFIRMED,1,P022666,INDIVIDUAL
BK007735,J000116,3535679731,2026-09-19,CONFIRMED,2,P022667,FRIENDS
BK007736,J000116,2961771545,2026-09-18,CONFIRMED,4,P022669,FAMILY
BK007737,J000116,8090578569,2026-09-17,CONFIRMED,2,P022673,GROUP
BK007738,J000116,8639974694,2026-09-16,CONFIRMED,1,P022675,INDIVIDUAL
BK007739,J000116,3380614614,2026-09-15,CONFIRMED,1,P022676,INDIVIDUAL
BK007740,J000116,6337375273,2026-09-14,CONFIRMED,4,P022677,FAMILY
BK007741,J000116,6368001844,2026-09-13,CONFIRMED,1,P022681,INDIVIDUAL
BK007742,J000116,6416656490,2026-09-12,CONFIRMED,2,P022682,FAMILY
BK007743,J000116,8143603502,2026-09-11,CONFIRMED,1,P022684,INDIVIDUAL
BK007744,J000116,3033866932,2026-09-10,CONFIRMED,4,P022685,FAMILY
BK007745,J000116,7194236279,2026-09-09,CONFIRMED,6,P022689,GROUP
BK007746,J000116,7151186353,2026-09-08,CONFIRMED,4,P022695,FAMILY
BK007747,J000116,4764319253,2026-09-07,CONFIRMED,2,P022699,FRIENDS
BK007748,J000116,3623551093,2026-09-06,CONFIRMED,8,P022701,FAMILY
BK007749,J000116,5907713336,2026-09-05,CONFIRMED,4,P022709,FRIENDS
BK007750,J000116,9995180115,2026-09-04,CONFIRMED,5,P022713,GROUP
BK007751,J000116,8087961501,2026-09-03,CONFIRMED,1,P022718,INDIVIDUAL
BK007752,J000116,6156788442,2026-10-10,CONFIRMED,3,P022719,GROUP
BK007753,J000116,2629338618,2026-10-09,CONFIRMED,2,P022722,GROUP
BK007754,J000116,1402951473,2026-10-08,CONFIRMED,1,P022724,INDIVIDUAL
BK007755,J000116,4892924349,2026-10-07,WAITLISTED,5,P022725,FAMILY
BK007756,J000116,7846842946,2026-10-06,CONFIRMED,4,P022730,FAMILY
BK007757,J000116,6388139316,2026-10-05,CONFIRMED,4,P022734,FRIENDS
BK007758,J000116,8050804357,2026-10-04,CONFIRMED,2,P022738,FAMILY
BK007759,J000116,7107801816,2026-10-03,CONFIRMED,2,P022740,FRIENDS
BK007760,J000116,5692811004,2026-10-02,RAC,1,P022742,INDIVIDUAL
BK007761,J000116,3155884299,2026-10-01,CONFIRMED,1,P022743,INDIVIDUAL
BK007762,J000116,4603553583,2026-09-30,CONFIRMED,3,P022744,FRIENDS
BK007763,J000116,6196659668,2026-09-29,CONFIRMED,3,P022747,FAMILY
BK007764,J000116,2116573794,2026-09-28,CONFIRMED,2,P022750,FRIENDS
BK007765,J000116,7735510429,2026-09-27,CONFIRMED,2,P022752,GROUP
BK007766,J000116,1567974122,2026-09-26,CONFIRMED,1,P022754,INDIVIDUAL
BK007767,J000116,9709286811,2026-09-25,CONFIRMED,1,P022755,INDIVIDUAL
BK007768,J000116,6409423197,2026-09-24,CONFIRMED,1,P022756,INDIVIDUAL
BK007769,J000116,6179786736,2026-09-23,CONFIRMED,5,P022757,FAMILY
BK007770,J000116,8156705617,2026-09-22,CONFIRMED,2,P022762,FAMILY
BK007771,J000116,6649326331,2026-09-21,CONFIRMED,3,P022764,FAMILY
BK007772,J000116,7669299191,2026-09-20,CONFIRMED,2,P022767,FRIENDS
BK007773,J000117,3735551062,2026-09-23,CONFIRMED,6,P022769,GROUP
BK007774,J000117,4161156569,2026-09-22,CONFIRMED,2,P022775,FAMILY
BK007775,J000117,7046187764,2026-09-21,CONFIRMED,1,P022777,INDIVIDUAL
BK007776,J000117,6861330675,2026-09-20,CONFIRMED,4,P022778,FAMILY
BK007777,J000117,5281981868,2026-09-19,CONFIRMED,8,P022782,FRIENDS
BK007778,J000117,6222348619,2026-09-18,CONFIRMED,4,P022790,FAMILY
BK007779,J000117,5734060962,2026-09-17,CONFIRMED,4,P022794,GROUP
BK007780,J000117,2476765454,2026-09-16,CONFIRMED,1,P022798,INDIVIDUAL
BK007781,J000117,7425686160,2026-09-15,CONFIRMED,2,P022799,GROUP
BK007782,J000117,4465727371,2026-09-14,CONFIRMED,2,P022801,FAMILY
BK007783,J000117,6610637639,2026-09-13,CONFIRMED,2,P022803,FRIENDS
BK007784,J000117,5837110638,2026-09-12,CONFIRMED,4,P022805,FAMILY
BK007785,J000117,8239516937,2026-09-11,CONFIRMED,6,P022809,GROUP
BK007786,J000117,5476399282,2026-09-10,CONFIRMED,2,P022815,FAMILY
BK007787,J000117,4077469685,2026-09-09,CONFIRMED,1,P022817,INDIVIDUAL
BK007788,J000117,2000891774,2026-09-08,WAITLISTED,5,P022818,FRIENDS
BK007789,J000117,7885375357,2026-09-07,CONFIRMED,4,P022823,FRIENDS
BK007790,J000117,3941056805,2026-10-14,CONFIRMED,5,P022827,CAREGIVER_COMPANION
BK007791,J000117,8345987791,2026-10-13,CONFIRMED,4,P022832,GROUP
BK007792,J000117,1812413090,2026-10-12,CONFIRMED,4,P022836,FAMILY
BK007793,J000117,2607632423,2026-10-11,CONFIRMED,1,P022840,INDIVIDUAL
BK007794,J000117,8571601439,2026-10-10,CONFIRMED,1,P022841,INDIVIDUAL
BK007795,J000117,4956242304,2026-10-09,CONFIRMED,4,P022842,GROUP
BK007796,J000117,6130353401,2026-10-08,CONFIRMED,4,P022846,FAMILY
BK007797,J000117,9863702998,2026-10-07,CONFIRMED,2,P022850,GROUP
BK007798,J000117,3546120541,2026-10-06,CONFIRMED,2,P022852,FAMILY
BK007799,J000117,3946313447,2026-10-05,CONFIRMED,1,P022854,INDIVIDUAL
BK007800,J000117,1251976832,2026-10-04,CANCELLED,3,P022855,GROUP
BK007801,J000117,7156817506,2026-10-03,CONFIRMED,1,P022858,INDIVIDUAL
BK007802,J000117,6990554306,2026-10-02,CONFIRMED,2,P022859,FAMILY
BK007803,J000117,4008866225,2026-10-01,CONFIRMED,5,P022861,FAMILY
BK007804,J000117,6526092865,2026-09-30,CONFIRMED,2,P022866,FRIENDS
BK007805,J000117,3871846565,2026-09-29,CONFIRMED,3,P022868,FAMILY
BK007806,J000117,8947720806,2026-09-28,CONFIRMED,1,P022871,INDIVIDUAL
BK007807,J000117,1415571733,2026-09-27,CONFIRMED,3,P022872,FAMILY
BK007808,J000117,9104518914,2026-09-26,CONFIRMED,4,P022875,FAMILY
BK007809,J000117,5689068028,2026-09-25,CONFIRMED,4,P022879,CAREGIVER_COMPANION
BK007810,J000117,4735659202,2026-09-24,CONFIRMED,2,P022883,FAMILY
BK007811,J000117,4231386864,2026-09-23,CONFIRMED,2,P022885,FRIENDS
BK007812,J000117,8482756650,2026-09-22,CONFIRMED,5,P022887,FRIENDS
BK007813,J000117,7460559014,2026-09-21,CONFIRMED,1,P022892,INDIVIDUAL
BK007814,J000117,4178877973,2026-09-20,CONFIRMED,1,P022893,INDIVIDUAL
BK007815,J000117,6447003095,2026-09-19,CONFIRMED,3,P022894,FAMILY
BK007816,J000117,6092734267,2026-09-18,CONFIRMED,1,P022897,INDIVIDUAL
BK007817,J000117,2994070910,2026-09-17,CONFIRMED,2,P022898,GROUP
BK007818,J000117,3878641822,2026-09-16,CONFIRMED,2,P022900,FAMILY
BK007819,J000117,7724747465,2026-09-15,CONFIRMED,7,P022902,FAMILY
BK007820,J000117,7723723362,2026-09-14,CONFIRMED,1,P022909,INDIVIDUAL
BK007821,J000117,2630897904,2026-09-13,WAITLISTED,4,P022910,FRIENDS
BK007822,J000117,1860871098,2026-09-12,CONFIRMED,4,P022914,FAMILY
BK007823,J000117,9567097174,2026-09-11,CONFIRMED,1,P022918,INDIVIDUAL
BK007824,J000117,2483299849,2026-09-10,CONFIRMED,4,P022919,FAMILY
BK007825,J000117,7074242523,2026-09-09,CONFIRMED,6,P022923,GROUP
BK007826,J000117,2217357016,2026-09-08,CONFIRMED,1,P022929,INDIVIDUAL
BK007827,J000117,6088782976,2026-09-07,CONFIRMED,3,P022930,FAMILY
BK007828,J000117,4768046209,2026-10-14,CONFIRMED,3,P022933,GROUP
BK007829,J000117,8283740389,2026-10-13,CONFIRMED,4,P022936,FRIENDS
BK007830,J000117,2026027110,2026-10-12,CONFIRMED,2,P022940,FAMILY
BK007831,J000117,5885408716,2026-10-11,CONFIRMED,2,P022942,FRIENDS
BK007832,J000117,7112615699,2026-10-10,CONFIRMED,4,P022944,FAMILY
BK007833,J000117,6922802559,2026-10-09,CONFIRMED,4,P022948,FRIENDS
BK007834,J000117,8839097481,2026-10-08,CONFIRMED,2,P022952,FAMILY
BK007835,J000117,4860214453,2026-10-07,CONFIRMED,1,P022954,INDIVIDUAL
BK007836,J000117,3399555780,2026-10-06,CONFIRMED,6,P022955,FAMILY
BK007837,J000117,7356424936,2026-10-05,CONFIRMED,2,P022961,GROUP
BK007838,J000117,3387939777,2026-10-04,CONFIRMED,2,P022963,FAMILY
BK007839,J000117,4713163806,2026-10-03,CONFIRMED,6,P022965,FRIENDS
BK007840,J000118,3045225129,2026-10-05,RAC,1,P022971,INDIVIDUAL
BK007841,J000118,4307432017,2026-10-04,CONFIRMED,2,P022972,GROUP
BK007842,J000118,2082461023,2026-10-03,CONFIRMED,1,P022974,INDIVIDUAL
BK007843,J000118,3503661497,2026-10-02,CONFIRMED,4,P022975,GROUP
BK007844,J000118,9777156408,2026-10-01,CONFIRMED,2,P022979,FRIENDS
BK007845,J000118,4918219494,2026-09-30,CONFIRMED,1,P022981,INDIVIDUAL
BK007846,J000118,3687183370,2026-09-29,CONFIRMED,1,P022982,INDIVIDUAL
BK007847,J000118,8180791574,2026-09-28,CONFIRMED,4,P022983,CAREGIVER_COMPANION
BK007848,J000118,3421027538,2026-09-27,CONFIRMED,1,P022987,INDIVIDUAL
BK007849,J000118,3016123276,2026-09-26,CONFIRMED,1,P022988,INDIVIDUAL
BK007850,J000118,3610523295,2026-09-25,CONFIRMED,2,P022989,FAMILY
BK007851,J000118,7999972456,2026-09-24,CONFIRMED,2,P022991,FRIENDS
BK007852,J000118,7387189699,2026-09-23,CONFIRMED,2,P022993,FRIENDS
BK007853,J000118,3064518490,2026-09-22,CONFIRMED,2,P022995,GROUP
BK007854,J000118,1123266881,2026-09-21,WAITLISTED,6,P022997,FAMILY
BK007855,J000118,4299926291,2026-09-20,CONFIRMED,8,P023003,GROUP
BK007856,J000118,3009389745,2026-09-19,CONFIRMED,2,P023011,FRIENDS
BK007857,J000118,2900962353,2026-09-18,CONFIRMED,1,P023013,INDIVIDUAL
BK007858,J000118,4641512010,2026-09-17,CONFIRMED,1,P023014,INDIVIDUAL
BK007859,J000118,9404876682,2026-09-16,CONFIRMED,4,P023015,GROUP
BK007860,J000118,7529572896,2026-09-15,CONFIRMED,2,P023019,FRIENDS
BK007861,J000118,3268049955,2026-09-14,CONFIRMED,1,P023021,INDIVIDUAL
BK007862,J000118,7141385613,2026-09-13,CONFIRMED,1,P023022,INDIVIDUAL
BK007863,J000118,4685036157,2026-09-12,CONFIRMED,6,P023023,FRIENDS
BK007864,J000118,2571433084,2026-09-11,CONFIRMED,1,P023029,INDIVIDUAL
BK007865,J000118,3507646050,2026-09-10,CONFIRMED,1,P023030,INDIVIDUAL
BK007866,J000118,6450602675,2026-10-17,CONFIRMED,1,P023031,INDIVIDUAL
BK007867,J000118,5492066008,2026-10-16,CONFIRMED,2,P023032,FRIENDS
BK007868,J000118,1039776440,2026-10-15,CONFIRMED,3,P023034,GROUP
BK007869,J000118,8287758236,2026-10-14,CONFIRMED,2,P023037,GROUP
BK007870,J000118,5882778980,2026-10-13,CONFIRMED,1,P023039,INDIVIDUAL
BK007871,J000118,2433149461,2026-10-12,CONFIRMED,1,P023040,INDIVIDUAL
BK007872,J000118,5003052273,2026-10-11,CONFIRMED,4,P023041,FAMILY
BK007873,J000118,1266073967,2026-10-10,CONFIRMED,2,P023045,GROUP
BK007874,J000118,3904566412,2026-10-09,CONFIRMED,8,P023047,FAMILY
BK007875,J000118,4732550103,2026-10-08,CONFIRMED,4,P023055,GROUP
BK007876,J000118,6020409134,2026-10-07,CONFIRMED,1,P023059,INDIVIDUAL
BK007877,J000118,3033374538,2026-10-06,CONFIRMED,1,P023060,INDIVIDUAL
BK007878,J000118,9050600469,2026-10-05,CONFIRMED,4,P023061,FAMILY
BK007879,J000118,3498054079,2026-10-04,CONFIRMED,1,P023065,INDIVIDUAL
BK007880,J000118,7630311642,2026-10-03,RAC,4,P023066,FAMILY
BK007881,J000118,1541435423,2026-10-02,CONFIRMED,1,P023070,INDIVIDUAL
BK007882,J000118,9872558485,2026-10-01,CONFIRMED,1,P023071,INDIVIDUAL
BK007883,J000118,6890091473,2026-09-30,CONFIRMED,3,P023072,FAMILY
BK007884,J000118,2618335602,2026-09-29,CONFIRMED,3,P023075,GROUP
BK007885,J000118,4234318201,2026-09-28,CONFIRMED,4,P023078,CAREGIVER_COMPANION
BK007886,J000118,4129861130,2026-09-27,CONFIRMED,3,P023082,FRIENDS
BK007887,J000118,9385955293,2026-09-26,WAITLISTED,3,P023085,FAMILY
BK007888,J000118,8044804173,2026-09-25,CONFIRMED,1,P023088,INDIVIDUAL
BK007889,J000118,4583032092,2026-09-24,CONFIRMED,1,P023089,INDIVIDUAL
BK007890,J000118,3879567759,2026-09-23,CONFIRMED,1,P023090,INDIVIDUAL
BK007891,J000118,1400210979,2026-09-22,CONFIRMED,2,P023091,FRIENDS
BK007892,J000118,6652866339,2026-09-21,CONFIRMED,3,P023093,GROUP
BK007893,J000118,3912616316,2026-09-20,CONFIRMED,3,P023096,FAMILY
BK007894,J000118,4160755959,2026-09-19,CONFIRMED,3,P023099,FRIENDS
BK007895,J000118,7341531434,2026-09-18,CONFIRMED,3,P023102,FAMILY
BK007896,J000118,3183682730,2026-09-17,CONFIRMED,1,P023105,INDIVIDUAL
BK007897,J000118,5588966345,2026-09-16,CONFIRMED,1,P023106,INDIVIDUAL
BK007898,J000118,8825531390,2026-09-15,CONFIRMED,1,P023107,INDIVIDUAL
BK007899,J000118,2620631793,2026-09-14,CONFIRMED,2,P023108,FRIENDS
BK007900,J000118,3564957958,2026-09-13,CANCELLED,1,P023110,INDIVIDUAL
BK007901,J000118,4653960678,2026-09-12,CONFIRMED,2,P023111,GROUP
BK007902,J000118,9031518832,2026-09-11,CONFIRMED,2,P023113,FAMILY
BK007903,J000118,1268889057,2026-09-10,CONFIRMED,1,P023115,INDIVIDUAL
BK007904,J000118,1578636938,2026-10-17,CONFIRMED,1,P023116,INDIVIDUAL
BK007905,J000118,6244600765,2026-10-16,CONFIRMED,2,P023117,GROUP
BK007906,J000118,5465188551,2026-10-15,CONFIRMED,2,P023119,FAMILY
BK007907,J000119,9357295887,2026-10-18,CONFIRMED,1,P023121,INDIVIDUAL
BK007908,J000119,5664552244,2026-10-17,CONFIRMED,5,P023122,FRIENDS
BK007909,J000119,3790606225,2026-10-16,CONFIRMED,2,P023127,GROUP
BK007910,J000119,7972786642,2026-10-15,CONFIRMED,2,P023129,FAMILY
BK007911,J000119,9260948079,2026-10-14,CONFIRMED,4,P023131,GROUP
BK007912,J000119,2159692340,2026-10-13,CONFIRMED,1,P023135,INDIVIDUAL
BK007913,J000119,3457564743,2026-10-12,CONFIRMED,2,P023136,GROUP
BK007914,J000119,1951527749,2026-10-11,CONFIRMED,2,P023138,FAMILY
BK007915,J000119,1933381658,2026-10-10,CONFIRMED,2,P023140,FRIENDS
BK007916,J000119,5295451508,2026-10-09,CONFIRMED,2,P023142,FRIENDS
BK007917,J000119,9769601084,2026-10-08,CONFIRMED,4,P023144,FRIENDS
BK007918,J000119,6893376273,2026-10-07,CONFIRMED,2,P023148,FAMILY
BK007919,J000119,3923470257,2026-10-06,CONFIRMED,4,P023150,GROUP
BK007920,J000119,7309141812,2026-10-05,RAC,4,P023154,FAMILY
BK007921,J000119,6624193783,2026-10-04,CONFIRMED,4,P023158,FRIENDS
BK007922,J000119,8295126418,2026-10-03,CONFIRMED,3,P023162,FRIENDS
BK007923,J000119,7542407020,2026-10-02,CONFIRMED,2,P023165,FRIENDS
BK007924,J000119,7424391542,2026-10-01,CONFIRMED,3,P023167,GROUP
BK007925,J000119,9973969484,2026-09-30,CONFIRMED,4,P023170,FRIENDS
BK007926,J000119,1206159557,2026-09-29,CONFIRMED,4,P023174,FAMILY
BK007927,J000119,8603666939,2026-09-28,CONFIRMED,3,P023178,FAMILY
BK007928,J000119,8786689077,2026-09-27,CONFIRMED,1,P023181,INDIVIDUAL
BK007929,J000119,7197695686,2026-09-26,CONFIRMED,3,P023182,FAMILY
BK007930,J000119,6214568740,2026-09-25,CONFIRMED,1,P023185,INDIVIDUAL
BK007931,J000119,3182575249,2026-09-24,CONFIRMED,3,P023186,FAMILY
BK007932,J000119,7088897364,2026-09-23,CONFIRMED,4,P023189,FAMILY
BK007933,J000119,3646536068,2026-09-22,CONFIRMED,3,P023193,FAMILY
BK007934,J000119,4687572093,2026-09-21,CONFIRMED,5,P023196,GROUP
BK007935,J000119,9303327408,2026-09-20,CONFIRMED,3,P023201,FAMILY
BK007936,J000119,7270888410,2026-09-19,CONFIRMED,2,P023204,FRIENDS
BK007937,J000119,9276101104,2026-09-18,CONFIRMED,1,P023206,INDIVIDUAL
BK007938,J000119,7539685643,2026-09-17,CONFIRMED,3,P023207,FRIENDS
BK007939,J000119,4598318867,2026-09-16,CONFIRMED,2,P023210,FRIENDS
BK007940,J000119,1028927019,2026-09-15,CONFIRMED,1,P023212,INDIVIDUAL
BK007941,J000119,3894338733,2026-09-14,CONFIRMED,1,P023213,INDIVIDUAL
BK007942,J000119,8667575200,2026-10-21,CONFIRMED,1,P023214,INDIVIDUAL
BK007943,J000119,5708815758,2026-10-20,CONFIRMED,4,P023215,GROUP
BK007944,J000119,9513067791,2026-10-19,CONFIRMED,2,P023219,FRIENDS
BK007945,J000119,3795604327,2026-10-18,CONFIRMED,1,P023221,INDIVIDUAL
BK007946,J000119,5005202799,2026-10-17,CONFIRMED,1,P023222,INDIVIDUAL
BK007947,J000119,9912632503,2026-10-16,CONFIRMED,1,P023223,INDIVIDUAL
BK007948,J000119,9453374878,2026-10-15,CONFIRMED,4,P023224,FAMILY
BK007949,J000119,7740525845,2026-10-14,CONFIRMED,3,P023228,FAMILY
BK007950,J000119,9594720526,2026-10-13,CONFIRMED,2,P023231,FAMILY
BK007951,J000119,9028654615,2026-10-12,CONFIRMED,6,P023233,FRIENDS
BK007952,J000119,8388034470,2026-10-11,CONFIRMED,1,P023239,INDIVIDUAL
BK007953,J000119,2932175885,2026-10-10,WAITLISTED,2,P023240,GROUP
BK007954,J000119,5823681632,2026-10-09,CONFIRMED,4,P023242,FAMILY
BK007955,J000119,7451147953,2026-10-08,CONFIRMED,3,P023246,FAMILY
BK007956,J000119,1201303268,2026-10-07,CONFIRMED,4,P023249,FAMILY
BK007957,J000119,4700738259,2026-10-06,CONFIRMED,2,P023253,GROUP
BK007958,J000119,7172116497,2026-10-05,CONFIRMED,2,P023255,FAMILY
BK007959,J000119,6346216321,2026-10-04,CONFIRMED,2,P023257,FRIENDS
BK007960,J000119,1761915738,2026-10-03,RAC,5,P023259,FRIENDS
BK007961,J000119,5283538643,2026-10-02,CONFIRMED,2,P023264,GROUP
BK007962,J000119,3250257228,2026-10-01,CONFIRMED,5,P023266,GROUP
BK007963,J000119,4340239464,2026-09-30,CONFIRMED,2,P023271,FRIENDS
BK007964,J000119,3207999794,2026-09-29,CONFIRMED,3,P023273,GROUP
BK007965,J000119,7836765140,2026-09-28,CONFIRMED,3,P023276,FAMILY
BK007966,J000119,2088608596,2026-09-27,CONFIRMED,8,P023279,FAMILY
BK007967,J000119,8980890128,2026-09-26,CONFIRMED,4,P023287,GROUP
BK007968,J000119,2714069947,2026-09-25,CONFIRMED,3,P023291,GROUP
BK007969,J000119,4544039295,2026-09-24,CONFIRMED,6,P023294,GROUP
BK007970,J000119,5365707418,2026-09-23,CONFIRMED,4,P023300,FAMILY
BK007971,J000119,2244847613,2026-09-22,CONFIRMED,1,P023304,INDIVIDUAL
BK007972,J000119,4197481254,2026-09-21,CONFIRMED,1,P023305,INDIVIDUAL
BK007973,J000119,3647707991,2026-09-20,CONFIRMED,1,P023306,INDIVIDUAL
BK007974,J000120,6758087291,2026-09-22,CONFIRMED,1,P023307,INDIVIDUAL
BK007975,J000120,1234819796,2026-09-21,CONFIRMED,4,P023308,GROUP
BK007976,J000120,2813080097,2026-09-20,CONFIRMED,6,P023312,FAMILY
BK007977,J000120,5957919142,2026-09-19,CONFIRMED,2,P023318,GROUP
BK007978,J000120,1454305069,2026-09-18,CONFIRMED,2,P023320,FAMILY
BK007979,J000120,9936028302,2026-09-17,CONFIRMED,3,P023322,FAMILY
BK007980,J000120,7181885120,2026-10-24,CONFIRMED,4,P023325,CAREGIVER_COMPANION
BK007981,J000120,4938504639,2026-10-23,CONFIRMED,1,P023329,INDIVIDUAL
BK007982,J000120,4456363701,2026-10-22,CONFIRMED,1,P023330,INDIVIDUAL
BK007983,J000120,1239519018,2026-10-21,CONFIRMED,1,P023331,INDIVIDUAL
BK007984,J000120,1084124659,2026-10-20,CONFIRMED,2,P023332,FRIENDS
BK007985,J000120,4160398746,2026-10-19,CONFIRMED,2,P023334,GROUP
BK007986,J000120,9538197981,2026-10-18,WAITLISTED,3,P023336,FRIENDS
BK007987,J000120,9105057761,2026-10-17,CONFIRMED,4,P023339,GROUP
BK007988,J000120,3709690480,2026-10-16,CONFIRMED,2,P023343,FRIENDS
BK007989,J000120,1616445220,2026-10-15,CONFIRMED,6,P023345,GROUP
BK007990,J000120,5650780922,2026-10-14,CONFIRMED,3,P023351,FRIENDS
BK007991,J000120,4948089414,2026-10-13,CONFIRMED,2,P023354,FRIENDS
BK007992,J000120,5181293115,2026-10-12,CONFIRMED,2,P023356,FRIENDS
BK007993,J000120,6655537723,2026-10-11,CONFIRMED,1,P023358,INDIVIDUAL
BK007994,J000120,5810173615,2026-10-10,CONFIRMED,4,P023359,FAMILY
BK007995,J000120,7560559749,2026-10-09,CONFIRMED,1,P023363,INDIVIDUAL
BK007996,J000120,4868004672,2026-10-08,CONFIRMED,4,P023364,FAMILY
BK007997,J000120,3165868340,2026-10-07,CONFIRMED,1,P023368,INDIVIDUAL
BK007998,J000120,3498660877,2026-10-06,CONFIRMED,1,P023369,INDIVIDUAL
BK007999,J000120,3057970656,2026-10-05,CONFIRMED,2,P023370,FRIENDS
BK008000,J000120,2501594169,2026-10-04,CANCELLED,2,P023372,FRIENDS
BK008001,J000120,4984751047,2026-10-03,CONFIRMED,4,P023374,FRIENDS
BK008002,J000120,3002537989,2026-10-02,CONFIRMED,1,P023378,INDIVIDUAL
BK008003,J000120,5128535679,2026-10-01,CONFIRMED,2,P023379,FRIENDS
BK008004,J000120,1437079614,2026-09-30,CONFIRMED,2,P023381,FRIENDS
BK008005,J000120,2145741399,2026-09-29,CONFIRMED,4,P023383,FRIENDS
BK008006,J000120,2652080122,2026-09-28,CONFIRMED,1,P023387,INDIVIDUAL
BK008007,J000120,9629599685,2026-09-27,CONFIRMED,3,P023388,FAMILY
BK008008,J000120,7420105150,2026-09-26,CONFIRMED,1,P023391,INDIVIDUAL
BK008009,J000120,1088281637,2026-09-25,CONFIRMED,4,P023392,FRIENDS
BK008010,J000120,4600551088,2026-09-24,CONFIRMED,3,P023396,FRIENDS
BK008011,J000120,5205434352,2026-09-23,CONFIRMED,2,P023399,FRIENDS
BK008012,J000120,6937108648,2026-09-22,CONFIRMED,5,P023401,FRIENDS
BK008013,J000120,2716936850,2026-09-21,CONFIRMED,2,P023406,GROUP
BK008014,J000120,2855158262,2026-09-20,CONFIRMED,1,P023408,INDIVIDUAL
BK008015,J000120,3322033038,2026-09-19,CONFIRMED,3,P023409,FAMILY
BK008016,J000120,7202310962,2026-09-18,CONFIRMED,3,P023412,GROUP
BK008017,J000120,6109166783,2026-09-17,CONFIRMED,2,P023415,GROUP
BK008018,J000120,1001082295,2026-10-24,CONFIRMED,5,P023417,CAREGIVER_COMPANION
BK008019,J000120,7859988612,2026-10-23,WAITLISTED,4,P023422,GROUP
BK008020,J000120,2719145717,2026-10-22,CONFIRMED,3,P023426,GROUP
BK008021,J000120,1400020777,2026-10-21,CONFIRMED,5,P023429,FAMILY
BK008022,J000120,4290730212,2026-10-20,CONFIRMED,1,P023434,INDIVIDUAL
BK008023,J000120,5115115843,2026-10-19,CONFIRMED,3,P023435,FAMILY
BK008024,J000120,9290071339,2026-10-18,CONFIRMED,2,P023438,FRIENDS
BK008025,J000120,9671362833,2026-10-17,CONFIRMED,2,P023440,GROUP
BK008026,J000120,8842313319,2026-10-16,CONFIRMED,5,P023442,GROUP
BK008027,J000120,9392771807,2026-10-15,CONFIRMED,4,P023447,GROUP
BK008028,J000120,8192554254,2026-10-14,CONFIRMED,4,P023451,FAMILY
BK008029,J000120,8596752989,2026-10-13,CONFIRMED,1,P023455,INDIVIDUAL
BK008030,J000120,5255002921,2026-10-12,CONFIRMED,3,P023456,FRIENDS
BK008031,J000120,8770690159,2026-10-11,CONFIRMED,1,P023459,INDIVIDUAL
BK008032,J000120,6819114204,2026-10-10,CONFIRMED,6,P023460,FAMILY
BK008033,J000120,1594910978,2026-10-09,CONFIRMED,4,P023466,FRIENDS
BK008034,J000120,6199090013,2026-10-08,CONFIRMED,6,P023470,FAMILY
BK008035,J000120,3512837529,2026-10-07,CONFIRMED,2,P023476,FRIENDS
BK008036,J000120,5486844384,2026-10-06,CONFIRMED,1,P023478,INDIVIDUAL
BK008037,J000120,2123390162,2026-10-05,CONFIRMED,4,P023479,CAREGIVER_COMPANION
BK008038,J000120,9395969657,2026-10-04,CONFIRMED,2,P023483,FAMILY
BK008039,J000120,5100033372,2026-10-03,CONFIRMED,5,P023485,FAMILY
BK008040,J000120,7665340061,2026-10-02,RAC,8,P023490,FAMILY
BK008041,J000121,4015113237,2026-09-15,CONFIRMED,8,P023498,FRIENDS
BK008042,J000121,9333131093,2026-09-14,CONFIRMED,2,P023506,FAMILY
BK008043,J000121,1470735942,2026-09-13,CONFIRMED,1,P023508,INDIVIDUAL
BK008044,J000121,2660713908,2026-09-12,CONFIRMED,4,P023509,FAMILY
BK008045,J000121,5607763685,2026-09-11,CONFIRMED,2,P023513,GROUP
BK008046,J000121,3135256367,2026-09-10,CONFIRMED,2,P023515,FAMILY
BK008047,J000121,9861250130,2026-09-09,CONFIRMED,4,P023517,GROUP
BK008048,J000121,6697195002,2026-09-08,CONFIRMED,5,P023521,FRIENDS
BK008049,J000121,1767709614,2026-09-07,CONFIRMED,1,P023526,INDIVIDUAL
BK008050,J000121,4936976995,2026-09-06,CONFIRMED,2,P023527,FAMILY
BK008051,J000121,8015684508,2026-09-05,CONFIRMED,2,P023529,FRIENDS
BK008052,J000121,6967076407,2026-09-04,WAITLISTED,2,P023531,FRIENDS
BK008053,J000121,2085753812,2026-09-03,CONFIRMED,1,P023533,INDIVIDUAL
BK008054,J000121,2508708071,2026-09-02,CONFIRMED,3,P023534,FRIENDS
BK008055,J000121,9975899753,2026-09-01,CONFIRMED,3,P023537,FAMILY
BK008056,J000121,7916956297,2026-10-08,CONFIRMED,3,P023540,GROUP
BK008057,J000121,8199610134,2026-10-07,CONFIRMED,2,P023543,GROUP
BK008058,J000121,7219366086,2026-10-06,CONFIRMED,4,P023545,FAMILY
BK008059,J000121,9897352501,2026-10-05,CONFIRMED,1,P023549,INDIVIDUAL
BK008060,J000121,1648990472,2026-10-04,CONFIRMED,1,P023550,INDIVIDUAL
BK008061,J000121,5480720359,2026-10-03,CONFIRMED,7,P023551,FAMILY
BK008062,J000121,1771985647,2026-10-02,CONFIRMED,2,P023558,FAMILY
BK008063,J000121,4538590334,2026-10-01,CONFIRMED,3,P023560,FAMILY
BK008064,J000121,9462145420,2026-09-30,CONFIRMED,5,P023563,FRIENDS
BK008065,J000121,9201977198,2026-09-29,CONFIRMED,4,P023568,FRIENDS
BK008066,J000121,2585804443,2026-09-28,CONFIRMED,2,P023572,FAMILY
BK008067,J000121,2511375625,2026-09-27,CONFIRMED,4,P023574,GROUP
BK008068,J000121,4413185787,2026-09-26,CONFIRMED,4,P023578,FAMILY
BK008069,J000121,5173871530,2026-09-25,CONFIRMED,8,P023582,FRIENDS
BK008070,J000121,6774642937,2026-09-24,CONFIRMED,1,P023590,INDIVIDUAL
BK008071,J000121,6500102981,2026-09-23,CONFIRMED,3,P023591,FAMILY
BK008072,J000121,5416765190,2026-09-22,CONFIRMED,1,P023594,INDIVIDUAL
BK008073,J000121,6199663151,2026-09-21,CONFIRMED,2,P023595,GROUP
BK008074,J000121,3853400766,2026-09-20,CONFIRMED,2,P023597,FAMILY
BK008075,J000121,4641109062,2026-09-19,CONFIRMED,2,P023599,FRIENDS
BK008076,J000121,5288868324,2026-09-18,CONFIRMED,4,P023601,FAMILY
BK008077,J000121,7837329835,2026-09-17,CONFIRMED,3,P023605,FAMILY
BK008078,J000121,7905865254,2026-09-16,CONFIRMED,2,P023608,FAMILY
BK008079,J000121,7791322896,2026-09-15,CONFIRMED,3,P023610,FAMILY
BK008080,J000121,7656278139,2026-09-14,RAC,4,P023613,FAMILY
BK008081,J000121,3349609668,2026-09-13,CONFIRMED,3,P023617,FAMILY
BK008082,J000121,9458413818,2026-09-12,CONFIRMED,2,P023620,FAMILY
BK008083,J000121,9983274850,2026-09-11,CONFIRMED,3,P023622,FAMILY
BK008084,J000121,1225910940,2026-09-10,CONFIRMED,3,P023625,GROUP
BK008085,J000121,5172240914,2026-09-09,WAITLISTED,4,P023628,FRIENDS
BK008086,J000121,6886311970,2026-09-08,CONFIRMED,2,P023632,FAMILY
BK008087,J000121,2464373951,2026-09-07,CONFIRMED,4,P023634,GROUP
BK008088,J000121,6837568021,2026-09-06,CONFIRMED,2,P023638,FRIENDS
BK008089,J000121,4531237308,2026-09-05,CONFIRMED,3,P023640,FAMILY
BK008090,J000121,2507198423,2026-09-04,CONFIRMED,1,P023643,INDIVIDUAL
BK008091,J000121,5355386547,2026-09-03,CONFIRMED,2,P023644,FRIENDS
BK008092,J000121,9549453055,2026-09-02,CONFIRMED,7,P023646,GROUP
BK008093,J000121,1673740365,2026-09-01,CONFIRMED,2,P023653,GROUP
BK008094,J000121,7179741901,2026-10-08,CONFIRMED,2,P023655,FAMILY
BK008095,J000121,9633595356,2026-10-07,CONFIRMED,1,P023657,INDIVIDUAL
BK008096,J000121,4758371858,2026-10-06,CONFIRMED,5,P023658,FRIENDS
BK008097,J000121,2725923002,2026-10-05,CONFIRMED,6,P023663,GROUP
BK008098,J000121,9297431656,2026-10-04,CONFIRMED,6,P023669,FAMILY
BK008099,J000121,2872370220,2026-10-03,CONFIRMED,1,P023675,INDIVIDUAL
BK008100,J000121,3002448754,2026-10-02,CANCELLED,3,P023676,GROUP
BK008101,J000121,7022790807,2026-10-01,CONFIRMED,2,P023679,GROUP
BK008102,J000121,7132074926,2026-09-30,CONFIRMED,3,P023681,FRIENDS
BK008103,J000121,8915369218,2026-09-29,CONFIRMED,1,P023684,INDIVIDUAL
BK008104,J000121,6060771922,2026-09-28,CONFIRMED,3,P023685,GROUP
BK008105,J000121,3756594203,2026-09-27,CONFIRMED,3,P023688,FAMILY
BK008106,J000121,4311014877,2026-09-26,CONFIRMED,3,P023691,FRIENDS
BK008107,J000122,2103239574,2026-09-26,CONFIRMED,2,P023694,FRIENDS
BK008108,J000122,6407771905,2026-09-25,CONFIRMED,1,P023696,INDIVIDUAL
BK008109,J000122,9224458224,2026-09-24,CONFIRMED,1,P023697,INDIVIDUAL
BK008110,J000122,1406618527,2026-09-23,CONFIRMED,2,P023698,FAMILY
BK008111,J000122,7428496701,2026-09-22,CONFIRMED,4,P023700,GROUP
BK008112,J000122,9348868376,2026-09-21,CONFIRMED,1,P023704,INDIVIDUAL
BK008113,J000122,6053499063,2026-09-20,CONFIRMED,4,P023705,CAREGIVER_COMPANION
BK008114,J000122,9733130521,2026-09-19,CONFIRMED,3,P023709,FRIENDS
BK008115,J000122,6137049814,2026-09-18,CONFIRMED,4,P023712,GROUP
BK008116,J000122,8729045698,2026-09-17,CONFIRMED,1,P023716,INDIVIDUAL
BK008117,J000122,8618818089,2026-09-16,CONFIRMED,1,P023717,INDIVIDUAL
BK008118,J000122,5743864789,2026-09-15,WAITLISTED,3,P023718,FRIENDS
BK008119,J000122,8018679373,2026-09-14,CONFIRMED,4,P023721,GROUP
BK008120,J000122,3934979077,2026-09-13,RAC,3,P023725,GROUP
BK008121,J000122,5543494303,2026-09-12,CONFIRMED,6,P023728,GROUP
BK008122,J000122,5277522168,2026-09-11,CONFIRMED,2,P023734,FAMILY
BK008123,J000122,3875997219,2026-09-10,CONFIRMED,7,P023736,FAMILY
BK008124,J000122,5170763849,2026-09-09,CONFIRMED,4,P023743,FAMILY
BK008125,J000122,1895212881,2026-09-08,CONFIRMED,1,P023747,INDIVIDUAL
BK008126,J000122,8222483931,2026-09-07,CONFIRMED,4,P023748,FAMILY
BK008127,J000122,2541813463,2026-09-06,CONFIRMED,4,P023752,GROUP
BK008128,J000122,2081033758,2026-09-05,CONFIRMED,2,P023756,FRIENDS
BK008129,J000122,2238037722,2026-09-04,CONFIRMED,5,P023758,FAMILY
BK008130,J000122,1942820812,2026-09-03,CONFIRMED,2,P023763,FAMILY
BK008131,J000122,4753508254,2026-09-02,CONFIRMED,2,P023765,FRIENDS
BK008132,J000122,1688441587,2026-10-09,CONFIRMED,7,P023767,CAREGIVER_COMPANION
BK008133,J000122,4309854152,2026-10-08,CONFIRMED,2,P023774,GROUP
BK008134,J000122,6808743543,2026-10-07,CONFIRMED,3,P023776,FRIENDS
BK008135,J000122,2107438815,2026-10-06,CONFIRMED,1,P023779,INDIVIDUAL
BK008136,J000122,3524244793,2026-10-05,CONFIRMED,3,P023780,GROUP
BK008137,J000122,9739221115,2026-10-04,CONFIRMED,5,P023783,FAMILY
BK008138,J000122,3714509005,2026-10-03,CONFIRMED,8,P023788,FAMILY
BK008139,J000122,3952585654,2026-10-02,CONFIRMED,1,P023796,INDIVIDUAL
BK008140,J000122,6579261139,2026-10-01,CONFIRMED,4,P023797,FAMILY
BK008141,J000122,6021817668,2026-09-30,CONFIRMED,3,P023801,FAMILY
BK008142,J000122,1882483782,2026-09-29,CONFIRMED,1,P023804,INDIVIDUAL
BK008143,J000122,9502727107,2026-09-28,CONFIRMED,1,P023805,INDIVIDUAL
BK008144,J000122,9611211171,2026-09-27,CONFIRMED,4,P023806,FAMILY
BK008145,J000122,3543520403,2026-09-26,CONFIRMED,1,P023810,INDIVIDUAL
BK008146,J000122,8971842866,2026-09-25,CONFIRMED,1,P023811,INDIVIDUAL
BK008147,J000122,7728621798,2026-09-24,CONFIRMED,4,P023812,GROUP
BK008148,J000122,1300432541,2026-09-23,CONFIRMED,4,P023816,FAMILY
BK008149,J000122,1598729083,2026-09-22,CONFIRMED,2,P023820,GROUP
BK008150,J000122,8266613730,2026-09-21,CONFIRMED,3,P023822,FRIENDS
BK008151,J000122,3953068202,2026-09-20,WAITLISTED,4,P023825,CAREGIVER_COMPANION
BK008152,J000122,1057359964,2026-09-19,CONFIRMED,3,P023829,GROUP
BK008153,J000122,5189013179,2026-09-18,CONFIRMED,6,P023832,GROUP
BK008154,J000122,3430592338,2026-09-17,CONFIRMED,1,P023838,INDIVIDUAL
BK008155,J000122,4336909777,2026-09-16,CONFIRMED,1,P023839,INDIVIDUAL
BK008156,J000122,4312808896,2026-09-15,CONFIRMED,2,P023840,FRIENDS
BK008157,J000122,4520680803,2026-09-14,CONFIRMED,3,P023842,FAMILY
BK008158,J000122,1946319572,2026-09-13,CONFIRMED,3,P023845,FRIENDS
BK008159,J000122,5995371887,2026-09-12,CONFIRMED,1,P023848,INDIVIDUAL
BK008160,J000122,6627160263,2026-09-11,RAC,4,P023849,FAMILY
BK008161,J000122,6801410427,2026-09-10,CONFIRMED,1,P023853,INDIVIDUAL
BK008162,J000122,5734085620,2026-09-09,CONFIRMED,3,P023854,FRIENDS
BK008163,J000122,3070786699,2026-09-08,CONFIRMED,2,P023857,FRIENDS
BK008164,J000122,2748763553,2026-09-07,CONFIRMED,1,P023859,INDIVIDUAL
BK008165,J000122,6248204407,2026-09-06,CONFIRMED,3,P023860,FAMILY
BK008166,J000122,6768976209,2026-09-05,CONFIRMED,1,P023863,INDIVIDUAL
BK008167,J000122,6759961203,2026-09-04,CONFIRMED,7,P023864,FAMILY
BK008168,J000122,6548026381,2026-09-03,CONFIRMED,2,P023871,FRIENDS
BK008169,J000122,6109225842,2026-09-02,CONFIRMED,1,P023873,INDIVIDUAL
BK008170,J000122,9727261770,2026-10-09,CONFIRMED,1,P023874,INDIVIDUAL
BK008171,J000122,9443968126,2026-10-08,CONFIRMED,6,P023875,FRIENDS
BK008172,J000122,8640832780,2026-10-07,CONFIRMED,1,P023881,INDIVIDUAL
BK008173,J000123,7029920993,2026-10-09,CONFIRMED,2,P023882,GROUP
BK008174,J000123,7976162531,2026-10-08,CONFIRMED,1,P023884,INDIVIDUAL
BK008175,J000123,3264942696,2026-10-07,CONFIRMED,2,P023885,FRIENDS
BK008176,J000123,2984802014,2026-10-06,CONFIRMED,4,P023887,FAMILY
BK008177,J000123,1152126093,2026-10-05,CONFIRMED,7,P023891,FAMILY
BK008178,J000123,9185192102,2026-10-04,CONFIRMED,7,P023898,FRIENDS
BK008179,J000123,4908161326,2026-10-03,CONFIRMED,2,P023905,FRIENDS
BK008180,J000123,7325788979,2026-10-02,CONFIRMED,4,P023907,FAMILY
BK008181,J000123,6298378951,2026-10-01,CONFIRMED,3,P023911,FAMILY
BK008182,J000123,6518783496,2026-09-30,CONFIRMED,3,P023914,FRIENDS
BK008183,J000123,2379683156,2026-09-29,CONFIRMED,3,P023917,FAMILY
BK008184,J000123,6209679865,2026-09-28,WAITLISTED,2,P023920,FRIENDS
BK008185,J000123,8103878472,2026-09-27,CONFIRMED,2,P023922,GROUP
BK008186,J000123,7409694264,2026-09-26,CONFIRMED,2,P023924,FAMILY
BK008187,J000123,3110667043,2026-09-25,CONFIRMED,2,P023926,FRIENDS
BK008188,J000123,3066701640,2026-09-24,CONFIRMED,2,P023928,FRIENDS
BK008189,J000123,6127596999,2026-09-23,CONFIRMED,4,P023930,CAREGIVER_COMPANION
BK008190,J000123,9866355350,2026-09-22,CONFIRMED,7,P023934,FRIENDS
BK008191,J000123,6186039709,2026-09-21,CONFIRMED,4,P023941,GROUP
BK008192,J000123,2467564113,2026-09-20,CONFIRMED,3,P023945,GROUP
BK008193,J000123,8939657803,2026-09-19,CONFIRMED,3,P023948,FAMILY
BK008194,J000123,9058082810,2026-09-18,CONFIRMED,4,P023951,FAMILY
BK008195,J000123,6641469116,2026-09-17,CONFIRMED,2,P023955,FRIENDS
BK008196,J000123,8069005805,2026-09-16,CONFIRMED,3,P023957,GROUP
BK008197,J000123,6375144746,2026-09-15,CONFIRMED,2,P023960,GROUP
BK008198,J000123,9863367885,2026-09-14,CONFIRMED,3,P023962,FRIENDS
BK008199,J000123,2252493929,2026-09-13,CONFIRMED,8,P023965,GROUP
BK008200,J000123,7057472944,2026-09-12,CANCELLED,4,P023973,FAMILY
BK008201,J000123,7079942774,2026-09-11,CONFIRMED,5,P023977,FAMILY
BK008202,J000123,2925542750,2026-09-10,CONFIRMED,6,P023982,FAMILY
BK008203,J000123,3381134278,2026-09-09,CONFIRMED,8,P023988,GROUP
BK008204,J000123,8423323379,2026-09-08,CONFIRMED,5,P023996,FRIENDS
BK008205,J000123,7005413883,2026-09-07,CONFIRMED,2,P024001,GROUP
BK008206,J000123,8720723392,2026-09-06,CONFIRMED,1,P024003,INDIVIDUAL
BK008207,J000123,9565090230,2026-09-05,CONFIRMED,1,P024004,INDIVIDUAL
BK008208,J000123,3168422382,2026-10-12,CONFIRMED,1,P024005,INDIVIDUAL
BK008209,J000123,1680467424,2026-10-11,CONFIRMED,7,P024006,FAMILY
BK008210,J000123,6330995677,2026-10-10,CONFIRMED,3,P024013,FRIENDS
BK008211,J000123,5020921076,2026-10-09,CONFIRMED,2,P024016,FRIENDS
BK008212,J000123,5222516590,2026-10-08,CONFIRMED,2,P024018,FRIENDS
BK008213,J000123,6258243858,2026-10-07,CONFIRMED,8,P024020,FRIENDS
BK008214,J000123,2192915525,2026-10-06,CONFIRMED,2,P024028,FAMILY
BK008215,J000123,4195733987,2026-10-05,CONFIRMED,1,P024030,INDIVIDUAL
BK008216,J000123,4991107688,2026-10-04,CONFIRMED,4,P024031,FAMILY
BK008217,J000123,1739957677,2026-10-03,WAITLISTED,4,P024035,FRIENDS
BK008218,J000123,6281685926,2026-10-02,CONFIRMED,4,P024039,FAMILY
BK008219,J000123,5066189801,2026-10-01,CONFIRMED,5,P024043,FAMILY
BK008220,J000123,9167784657,2026-09-30,CONFIRMED,3,P024048,GROUP
BK008221,J000123,4397214325,2026-09-29,CONFIRMED,3,P024051,FAMILY
BK008222,J000123,1733703648,2026-09-28,CONFIRMED,6,P024054,FAMILY
BK008223,J000123,3682371693,2026-09-27,CONFIRMED,3,P024060,FAMILY
BK008224,J000123,5177423367,2026-09-26,CONFIRMED,7,P024063,GROUP
BK008225,J000123,1616897997,2026-09-25,CONFIRMED,1,P024070,INDIVIDUAL
BK008226,J000123,2629145170,2026-09-24,CONFIRMED,3,P024071,FRIENDS
BK008227,J000123,6525226557,2026-09-23,CONFIRMED,4,P024074,CAREGIVER_COMPANION
BK008228,J000123,1209990162,2026-09-22,CONFIRMED,1,P024078,INDIVIDUAL
BK008229,J000123,4361106977,2026-09-21,CONFIRMED,4,P024079,FRIENDS
BK008230,J000123,4684752620,2026-09-20,CONFIRMED,3,P024083,FRIENDS
BK008231,J000123,7985770178,2026-09-19,CONFIRMED,2,P024086,FRIENDS
BK008232,J000123,2148274702,2026-09-18,CONFIRMED,8,P024088,FAMILY
BK008233,J000123,1550301440,2026-09-17,CONFIRMED,4,P024096,FRIENDS
BK008234,J000123,2670939215,2026-09-16,CONFIRMED,7,P024100,FRIENDS
BK008235,J000123,6627630074,2026-09-15,CONFIRMED,1,P024107,INDIVIDUAL
BK008236,J000123,6544757160,2026-09-14,CONFIRMED,1,P024108,INDIVIDUAL
BK008237,J000123,4295614328,2026-09-13,CONFIRMED,4,P024109,FRIENDS
BK008238,J000123,3671194961,2026-09-12,CONFIRMED,2,P024113,FAMILY
BK008239,J000124,5993653059,2026-09-14,CONFIRMED,7,P024115,FAMILY
BK008240,J000124,8334153891,2026-09-13,RAC,1,P024122,INDIVIDUAL
BK008241,J000124,4456834779,2026-09-12,CONFIRMED,7,P024123,FAMILY
BK008242,J000124,1701326709,2026-09-11,CONFIRMED,1,P024130,INDIVIDUAL
BK008243,J000124,5374725865,2026-09-10,CONFIRMED,7,P024131,FAMILY
BK008244,J000124,3755690004,2026-09-09,CONFIRMED,2,P024138,FRIENDS
BK008245,J000124,8414224505,2026-09-08,CONFIRMED,4,P024140,FRIENDS
BK008246,J000124,8715313755,2026-10-15,CONFIRMED,3,P024144,FRIENDS
BK008247,J000124,3719158046,2026-10-14,CONFIRMED,1,P024147,INDIVIDUAL
BK008248,J000124,9442853078,2026-10-13,CONFIRMED,5,P024148,FRIENDS
BK008249,J000124,4128724302,2026-10-12,CONFIRMED,4,P024153,FRIENDS
BK008250,J000124,9914573062,2026-10-11,WAITLISTED,2,P024157,FAMILY
BK008251,J000124,5032194634,2026-10-10,CONFIRMED,2,P024159,FRIENDS
BK008252,J000124,6626827277,2026-10-09,CONFIRMED,1,P024161,INDIVIDUAL
BK008253,J000124,8825613934,2026-10-08,CONFIRMED,1,P024162,INDIVIDUAL
BK008254,J000124,9386088556,2026-10-07,CONFIRMED,1,P024163,INDIVIDUAL
BK008255,J000124,6960040029,2026-10-06,CONFIRMED,1,P024164,INDIVIDUAL
BK008256,J000124,8317189481,2026-10-05,CONFIRMED,6,P024165,FAMILY
BK008257,J000124,1294492620,2026-10-04,CONFIRMED,1,P024171,INDIVIDUAL
BK008258,J000124,6927896659,2026-10-03,CONFIRMED,3,P024172,FRIENDS
BK008259,J000124,8727107929,2026-10-02,CONFIRMED,3,P024175,FAMILY
BK008260,J000124,9634136848,2026-10-01,CONFIRMED,1,P024178,INDIVIDUAL
BK008261,J000124,9741992907,2026-09-30,CONFIRMED,3,P024179,FAMILY
BK008262,J000124,1008638660,2026-09-29,CONFIRMED,1,P024182,INDIVIDUAL
BK008263,J000124,3063771518,2026-09-28,CONFIRMED,1,P024183,INDIVIDUAL
BK008264,J000124,1251154292,2026-09-27,CONFIRMED,2,P024184,FRIENDS
BK008265,J000124,1308136148,2026-09-26,CONFIRMED,1,P024186,INDIVIDUAL
BK008266,J000124,7430033676,2026-09-25,CONFIRMED,2,P024187,FAMILY
BK008267,J000124,9464514759,2026-09-24,CONFIRMED,1,P024189,INDIVIDUAL
BK008268,J000124,5487328647,2026-09-23,CONFIRMED,2,P024190,FRIENDS
BK008269,J000124,5024359012,2026-09-22,CONFIRMED,3,P024192,FAMILY
BK008270,J000124,2480973863,2026-09-21,CONFIRMED,2,P024195,FAMILY
BK008271,J000124,9002199167,2026-09-20,CONFIRMED,2,P024197,FRIENDS
BK008272,J000124,7979966231,2026-09-19,CONFIRMED,3,P024199,GROUP
BK008273,J000124,5148179898,2026-09-18,CONFIRMED,6,P024202,GROUP
BK008274,J000124,6421685584,2026-09-17,CONFIRMED,3,P024208,FRIENDS
BK008275,J000124,8222375610,2026-09-16,CONFIRMED,2,P024211,FRIENDS
BK008276,J000124,1433500749,2026-09-15,CONFIRMED,3,P024213,GROUP
BK008277,J000124,5789799057,2026-09-14,CONFIRMED,1,P024216,INDIVIDUAL
BK008278,J000124,8189423098,2026-09-13,CONFIRMED,2,P024217,FAMILY
BK008279,J000124,6009812981,2026-09-12,CONFIRMED,3,P024219,FAMILY
BK008280,J000124,5576708356,2026-09-11,RAC,4,P024222,FAMILY
BK008281,J000124,1256248491,2026-09-10,CONFIRMED,1,P024226,INDIVIDUAL
BK008282,J000124,8043562118,2026-09-09,CONFIRMED,3,P024227,FRIENDS
BK008283,J000124,7237374846,2026-09-08,WAITLISTED,1,P024230,INDIVIDUAL
BK008284,J000124,2749042941,2026-10-15,CONFIRMED,8,P024231,CAREGIVER_COMPANION
BK008285,J000124,5551974950,2026-10-14,CONFIRMED,4,P024239,FRIENDS
BK008286,J000124,8693898317,2026-10-13,CONFIRMED,2,P024243,FAMILY
BK008287,J000124,8801062437,2026-10-12,CONFIRMED,4,P024245,GROUP
BK008288,J000124,2394150979,2026-10-11,CONFIRMED,4,P024249,FAMILY
BK008289,J000124,3571249034,2026-10-10,CONFIRMED,1,P024253,INDIVIDUAL
BK008290,J000124,5533920735,2026-10-09,CONFIRMED,2,P024254,FAMILY
BK008291,J000124,4104554029,2026-10-08,CONFIRMED,4,P024256,GROUP
BK008292,J000124,9718457260,2026-10-07,CONFIRMED,1,P024260,INDIVIDUAL
BK008293,J000124,3293528549,2026-10-06,CONFIRMED,1,P024261,INDIVIDUAL
BK008294,J000124,7512846315,2026-10-05,CONFIRMED,1,P024262,INDIVIDUAL
BK008295,J000124,7868969334,2026-10-04,CONFIRMED,4,P024263,GROUP
BK008296,J000124,5539572519,2026-10-03,CONFIRMED,5,P024267,FRIENDS
BK008297,J000124,9606981646,2026-10-02,CONFIRMED,4,P024272,FRIENDS
BK008298,J000124,2194007795,2026-10-01,CONFIRMED,4,P024276,FAMILY
BK008299,J000124,3689513235,2026-09-30,CONFIRMED,2,P024280,FRIENDS
BK008300,J000124,4258891334,2026-09-29,CANCELLED,8,P024282,FAMILY
BK008301,J000124,6995896566,2026-09-28,CONFIRMED,2,P024290,GROUP
BK008302,J000124,9400518150,2026-09-27,CONFIRMED,2,P024292,FAMILY
BK008303,J000124,5497037451,2026-09-26,CONFIRMED,2,P024294,FRIENDS
BK008304,J000124,7673082070,2026-09-25,CONFIRMED,6,P024296,FAMILY
BK008305,J000125,6485468394,2026-09-25,CONFIRMED,1,P024302,INDIVIDUAL
BK008306,J000125,1902806306,2026-09-24,CONFIRMED,4,P024303,FAMILY
BK008307,J000125,3800197148,2026-09-23,CONFIRMED,1,P024307,INDIVIDUAL
BK008308,J000125,5817208918,2026-09-22,CONFIRMED,3,P024308,GROUP
BK008309,J000125,3809601291,2026-09-21,CONFIRMED,1,P024311,INDIVIDUAL
BK008310,J000125,4892041397,2026-09-20,CONFIRMED,2,P024312,FAMILY
BK008311,J000125,1525270405,2026-09-19,CONFIRMED,2,P024314,FRIENDS
BK008312,J000125,7960887742,2026-09-18,CONFIRMED,2,P024316,FRIENDS
BK008313,J000125,9319578060,2026-09-17,CONFIRMED,7,P024318,FAMILY
BK008314,J000125,7756381887,2026-09-16,CONFIRMED,1,P024325,INDIVIDUAL
BK008315,J000125,2180535351,2026-09-15,CONFIRMED,4,P024326,GROUP
BK008316,J000125,7252743764,2026-09-14,WAITLISTED,2,P024330,FRIENDS
BK008317,J000125,6528181949,2026-09-13,CONFIRMED,2,P024332,GROUP
BK008318,J000125,7271544580,2026-09-12,CONFIRMED,4,P024334,FAMILY
BK008319,J000125,3395774014,2026-09-11,CONFIRMED,4,P024338,GROUP
BK008320,J000125,1435329293,2026-09-10,RAC,3,P024342,GROUP
BK008321,J000125,1983325362,2026-09-09,CONFIRMED,2,P024345,GROUP
BK008322,J000125,8707587581,2026-10-16,CONFIRMED,3,P024347,FRIENDS
BK008323,J000125,4374173958,2026-10-15,CONFIRMED,1,P024350,INDIVIDUAL
BK008324,J000125,9178114788,2026-10-14,CONFIRMED,3,P024351,GROUP
BK008325,J000125,2219170257,2026-10-13,CONFIRMED,2,P024354,GROUP
BK008326,J000125,8044610249,2026-10-12,CONFIRMED,3,P024356,FRIENDS
BK008327,J000125,5174878894,2026-10-11,CONFIRMED,2,P024359,FRIENDS
BK008328,J000125,8613317802,2026-10-10,CONFIRMED,1,P024361,INDIVIDUAL
BK008329,J000125,1867442462,2026-10-09,CONFIRMED,4,P024362,FRIENDS
BK008330,J000125,6444746096,2026-10-08,CONFIRMED,3,P024366,FRIENDS
BK008331,J000125,7502617074,2026-10-07,CONFIRMED,2,P024369,FRIENDS
BK008332,J000125,5800275047,2026-10-06,CONFIRMED,6,P024371,FAMILY
BK008333,J000125,2213868484,2026-10-05,CONFIRMED,3,P024377,FAMILY
BK008334,J000125,3836952614,2026-10-04,CONFIRMED,1,P024380,INDIVIDUAL
BK008335,J000125,4461769547,2026-10-03,CONFIRMED,1,P024381,INDIVIDUAL
BK008336,J000125,9729952329,2026-10-02,CONFIRMED,3,P024382,GROUP
BK008337,J000125,5832127667,2026-10-01,CONFIRMED,1,P024385,INDIVIDUAL
BK008338,J000125,4670835607,2026-09-30,CONFIRMED,2,P024386,FAMILY
BK008339,J000125,1471401355,2026-09-29,CONFIRMED,1,P024388,INDIVIDUAL
BK008340,J000125,4246940839,2026-09-28,CONFIRMED,1,P024389,INDIVIDUAL
BK008341,J000125,4988364809,2026-09-27,CONFIRMED,4,P024390,CAREGIVER_COMPANION
BK008342,J000125,4382624745,2026-09-26,CONFIRMED,2,P024394,FAMILY
BK008343,J000125,4655415244,2026-09-25,CONFIRMED,4,P024396,GROUP
BK008344,J000125,1439793460,2026-09-24,CONFIRMED,2,P024400,FRIENDS
BK008345,J000125,2784417001,2026-09-23,CONFIRMED,1,P024402,INDIVIDUAL
BK008346,J000125,7316595160,2026-09-22,CONFIRMED,2,P024403,FAMILY
BK008347,J000125,1247742643,2026-09-21,CONFIRMED,3,P024405,FAMILY
BK008348,J000125,5836063323,2026-09-20,CONFIRMED,3,P024408,GROUP
BK008349,J000125,3229269276,2026-09-19,WAITLISTED,8,P024411,FRIENDS
BK008350,J000125,1317290302,2026-09-18,CONFIRMED,6,P024419,FAMILY
BK008351,J000125,5792734892,2026-09-17,CONFIRMED,2,P024425,FRIENDS
BK008352,J000125,7369597540,2026-09-16,CONFIRMED,1,P024427,INDIVIDUAL
BK008353,J000125,7087798731,2026-09-15,CONFIRMED,3,P024428,FAMILY
BK008354,J000125,8866438009,2026-09-14,CONFIRMED,2,P024431,FAMILY
BK008355,J000125,4686711340,2026-09-13,CONFIRMED,2,P024433,FRIENDS
BK008356,J000125,4748093086,2026-09-12,CONFIRMED,4,P024435,FAMILY
BK008357,J000125,1935486537,2026-09-11,CONFIRMED,4,P024439,FRIENDS
BK008358,J000125,1945845853,2026-09-10,CONFIRMED,8,P024443,FAMILY
BK008359,J000125,5935039724,2026-09-09,CONFIRMED,4,P024451,GROUP
BK008360,J000125,2002687206,2026-10-16,RAC,3,P024455,GROUP
BK008361,J000125,7626830030,2026-10-15,CONFIRMED,4,P024458,FRIENDS
BK008362,J000125,4105800085,2026-10-14,CONFIRMED,1,P024462,INDIVIDUAL
BK008363,J000125,1939468757,2026-10-13,CONFIRMED,4,P024463,GROUP
BK008364,J000125,4110274799,2026-10-12,CONFIRMED,4,P024467,FAMILY
BK008365,J000125,6443652535,2026-10-11,CONFIRMED,1,P024471,INDIVIDUAL
BK008366,J000125,7553612566,2026-10-10,CONFIRMED,1,P024472,INDIVIDUAL
BK008367,J000125,6493666325,2026-10-09,CONFIRMED,2,P024473,FRIENDS
BK008368,J000125,6320004347,2026-10-08,CONFIRMED,4,P024475,FAMILY
BK008369,J000125,8930228065,2026-10-07,CONFIRMED,3,P024479,FAMILY
BK008370,J000125,9740794832,2026-10-06,CONFIRMED,5,P024482,GROUP
BK008371,J000126,8709009573,2026-10-08,CONFIRMED,2,P024487,FRIENDS
BK008372,J000126,1409522861,2026-10-07,CONFIRMED,4,P024489,FAMILY
BK008373,J000126,7375597865,2026-10-06,CONFIRMED,4,P024493,FRIENDS
BK008374,J000126,4858507224,2026-10-05,CONFIRMED,1,P024497,INDIVIDUAL
BK008375,J000126,8851171482,2026-10-04,CONFIRMED,1,P024498,INDIVIDUAL
BK008376,J000126,3728657221,2026-10-03,CONFIRMED,1,P024499,INDIVIDUAL
BK008377,J000126,6854261792,2026-10-02,CONFIRMED,1,P024500,INDIVIDUAL
BK008378,J000126,5913884263,2026-10-01,CONFIRMED,1,P024501,INDIVIDUAL
BK008379,J000126,2254632199,2026-09-30,CONFIRMED,4,P024502,CAREGIVER_COMPANION
BK008380,J000126,6080107433,2026-09-29,CONFIRMED,1,P024506,INDIVIDUAL
BK008381,J000126,9061964949,2026-09-28,CONFIRMED,7,P024507,FAMILY
BK008382,J000126,2097840564,2026-09-27,WAITLISTED,4,P024514,FAMILY
BK008383,J000126,3117691120,2026-09-26,CONFIRMED,2,P024518,FRIENDS
BK008384,J000126,4436277612,2026-09-25,CONFIRMED,5,P024520,FRIENDS
BK008385,J000126,2915488743,2026-09-24,CONFIRMED,6,P024525,GROUP
BK008386,J000126,3104926668,2026-09-23,CONFIRMED,4,P024531,FAMILY
BK008387,J000126,5728588642,2026-09-22,CONFIRMED,2,P024535,FRIENDS
BK008388,J000126,3007170848,2026-09-21,CONFIRMED,4,P024537,FAMILY
BK008389,J000126,3478152016,2026-09-20,CONFIRMED,4,P024541,FRIENDS
BK008390,J000126,1403922637,2026-09-19,CONFIRMED,5,P024545,GROUP
BK008391,J000126,5447701181,2026-09-18,CONFIRMED,1,P024550,INDIVIDUAL
BK008392,J000126,9984173285,2026-09-17,CONFIRMED,5,P024551,FRIENDS
BK008393,J000126,6682951008,2026-09-16,CONFIRMED,6,P024556,GROUP
BK008394,J000126,5689775052,2026-09-15,CONFIRMED,8,P024562,FAMILY
BK008395,J000126,1483460910,2026-09-14,CONFIRMED,2,P024570,FRIENDS
BK008396,J000126,7684469115,2026-09-13,CONFIRMED,3,P024572,GROUP
BK008397,J000126,9144598199,2026-09-12,CONFIRMED,3,P024575,FAMILY
BK008398,J000126,3259927543,2026-10-19,CONFIRMED,3,P024578,FRIENDS
BK008399,J000126,2457751161,2026-10-18,CONFIRMED,2,P024581,FRIENDS
BK008400,J000126,1334376146,2026-10-17,CANCELLED,4,P024583,FAMILY
BK008401,J000126,4380499685,2026-10-16,CONFIRMED,2,P024587,GROUP
BK008402,J000126,4924727617,2026-10-15,CONFIRMED,1,P024589,INDIVIDUAL
BK008403,J000126,6088926913,2026-10-14,CONFIRMED,3,P024590,FAMILY
BK008404,J000126,3563931289,2026-10-13,CONFIRMED,2,P024593,FRIENDS
BK008405,J000126,5748292921,2026-10-12,CONFIRMED,6,P024595,GROUP
BK008406,J000126,9714952989,2026-10-11,CONFIRMED,2,P024601,FAMILY
BK008407,J000126,8996469404,2026-10-10,CONFIRMED,2,P024603,FRIENDS
BK008408,J000126,6538122842,2026-10-09,CONFIRMED,2,P024605,FRIENDS
BK008409,J000126,9226161266,2026-10-08,CONFIRMED,2,P024607,GROUP
BK008410,J000126,1725815429,2026-10-07,CONFIRMED,3,P024609,FRIENDS
BK008411,J000126,2830395376,2026-10-06,CONFIRMED,4,P024612,GROUP
BK008412,J000126,5155491563,2026-10-05,CONFIRMED,4,P024616,FAMILY
BK008413,J000126,2241746788,2026-10-04,CONFIRMED,1,P024620,INDIVIDUAL
BK008414,J000126,7268989958,2026-10-03,CONFIRMED,2,P024621,FAMILY
BK008415,J000126,1928684731,2026-10-02,WAITLISTED,1,P024623,INDIVIDUAL
BK008416,J000126,5053431178,2026-10-01,CONFIRMED,3,P024624,GROUP
BK008417,J000126,6993883043,2026-09-30,CONFIRMED,3,P024627,FAMILY
BK008418,J000126,4910498509,2026-09-29,CONFIRMED,2,P024630,FAMILY
BK008419,J000126,5508341693,2026-09-28,CONFIRMED,1,P024632,INDIVIDUAL
BK008420,J000126,4304914084,2026-09-27,CONFIRMED,1,P024633,INDIVIDUAL
BK008421,J000126,8401074006,2026-09-26,CONFIRMED,4,P024634,FRIENDS
BK008422,J000126,1498408719,2026-09-25,CONFIRMED,2,P024638,FAMILY
BK008423,J000126,9893413067,2026-09-24,CONFIRMED,4,P024640,GROUP
BK008424,J000126,5855363979,2026-09-23,CONFIRMED,2,P024644,FRIENDS
BK008425,J000126,9473737200,2026-09-22,CONFIRMED,3,P024646,FAMILY
BK008426,J000126,3963718913,2026-09-21,CONFIRMED,8,P024649,FAMILY
BK008427,J000126,2158567551,2026-09-20,CONFIRMED,4,P024657,GROUP
BK008428,J000126,4566277018,2026-09-19,CONFIRMED,4,P024661,FAMILY
BK008429,J000126,4699040273,2026-09-18,CONFIRMED,2,P024665,GROUP
BK008430,J000126,7154704872,2026-09-17,CONFIRMED,1,P024667,INDIVIDUAL
BK008431,J000126,6443812249,2026-09-16,CONFIRMED,1,P024668,INDIVIDUAL
BK008432,J000126,2053270906,2026-09-15,CONFIRMED,6,P024669,FAMILY
BK008433,J000126,2335487420,2026-09-14,CONFIRMED,4,P024675,FRIENDS
BK008434,J000126,1126344085,2026-09-13,CONFIRMED,3,P024679,FRIENDS
BK008435,J000126,3121068432,2026-09-12,CONFIRMED,4,P024682,GROUP
BK008436,J000126,8980671768,2026-10-19,CONFIRMED,1,P024686,INDIVIDUAL
BK008437,J000127,7058170334,2026-10-10,CONFIRMED,6,P024687,GROUP
BK008438,J000127,8303341261,2026-10-09,CONFIRMED,2,P024693,FAMILY
BK008439,J000127,8457411664,2026-10-08,CONFIRMED,1,P024695,INDIVIDUAL
BK008440,J000127,3715385553,2026-10-07,RAC,4,P024696,FAMILY
BK008441,J000127,5052618644,2026-10-06,CONFIRMED,1,P024700,INDIVIDUAL
BK008442,J000127,1817804531,2026-10-05,CONFIRMED,1,P024701,INDIVIDUAL
BK008443,J000127,2518132716,2026-10-04,CONFIRMED,2,P024702,FRIENDS
BK008444,J000127,9203210785,2026-10-03,CONFIRMED,2,P024704,FRIENDS
BK008445,J000127,6253138411,2026-10-02,CONFIRMED,1,P024706,INDIVIDUAL
BK008446,J000127,3327020350,2026-10-01,CONFIRMED,1,P024707,INDIVIDUAL
BK008447,J000127,6617164254,2026-09-30,CONFIRMED,5,P024708,FAMILY
BK008448,J000127,8586686806,2026-09-29,WAITLISTED,2,P024713,FRIENDS
BK008449,J000127,8650489872,2026-09-28,CONFIRMED,1,P024715,INDIVIDUAL
BK008450,J000127,7779617655,2026-09-27,CONFIRMED,4,P024716,FAMILY
BK008451,J000127,1262533446,2026-09-26,CONFIRMED,1,P024720,INDIVIDUAL
BK008452,J000127,6911370132,2026-09-25,CONFIRMED,2,P024721,FRIENDS
BK008453,J000127,3635509667,2026-09-24,CONFIRMED,1,P024723,INDIVIDUAL
BK008454,J000127,3646080755,2026-09-23,CONFIRMED,2,P024724,FAMILY
BK008455,J000127,1308421992,2026-09-22,CONFIRMED,1,P024726,INDIVIDUAL
BK008456,J000127,7354643416,2026-09-21,CONFIRMED,6,P024727,FAMILY
BK008457,J000127,5879352104,2026-09-20,CONFIRMED,2,P024733,GROUP
BK008458,J000127,1511064018,2026-09-19,CONFIRMED,2,P024735,FAMILY
BK008459,J000127,6165807122,2026-09-18,CONFIRMED,6,P024737,FRIENDS
BK008460,J000127,4774338961,2026-09-17,CONFIRMED,3,P024743,GROUP
BK008461,J000127,7569322179,2026-09-16,CONFIRMED,4,P024746,FRIENDS
BK008462,J000127,4061087402,2026-09-15,CONFIRMED,1,P024750,INDIVIDUAL
BK008463,J000127,1376405444,2026-09-14,CONFIRMED,3,P024751,FAMILY
BK008464,J000127,2833811405,2026-09-13,CONFIRMED,6,P024754,FAMILY
BK008465,J000127,8879232125,2026-09-12,CONFIRMED,4,P024760,FRIENDS
BK008466,J000127,5183057567,2026-09-11,CONFIRMED,1,P024764,INDIVIDUAL
BK008467,J000127,7561947846,2026-09-10,CONFIRMED,1,P024765,INDIVIDUAL
BK008468,J000127,1948263142,2026-09-09,CONFIRMED,4,P024766,FAMILY
BK008469,J000127,4822001224,2026-09-08,CONFIRMED,1,P024770,INDIVIDUAL
BK008470,J000127,6262218351,2026-09-07,CONFIRMED,1,P024771,INDIVIDUAL
BK008471,J000127,8754623982,2026-09-06,CONFIRMED,1,P024772,INDIVIDUAL
BK008472,J000127,6997081951,2026-09-05,CONFIRMED,7,P024773,GROUP
BK008473,J000127,7058582305,2026-09-04,CONFIRMED,7,P024780,FAMILY
BK008474,J000127,4867050299,2026-10-11,CONFIRMED,3,P024787,FRIENDS
BK008475,J000127,4697117511,2026-10-10,CONFIRMED,1,P024790,INDIVIDUAL
BK008476,J000127,7274439309,2026-10-09,CONFIRMED,3,P024791,GROUP
BK008477,J000127,6686291310,2026-10-08,CONFIRMED,6,P024794,GROUP
BK008478,J000127,2794370012,2026-10-07,CONFIRMED,1,P024800,INDIVIDUAL
BK008479,J000127,4824204112,2026-10-06,CONFIRMED,6,P024801,FRIENDS
BK008480,J000127,5647741578,2026-10-05,RAC,3,P024807,GROUP
BK008481,J000127,1959264018,2026-10-04,WAITLISTED,1,P024810,INDIVIDUAL
BK008482,J000127,4252156349,2026-10-03,CONFIRMED,3,P024811,FRIENDS
BK008483,J000127,3476414913,2026-10-02,CONFIRMED,8,P024814,GROUP
BK008484,J000127,6586301309,2026-10-01,CONFIRMED,1,P024822,INDIVIDUAL
BK008485,J000127,1368597886,2026-09-30,CONFIRMED,1,P024823,INDIVIDUAL
BK008486,J000127,2672601820,2026-09-29,CONFIRMED,4,P024824,FAMILY
BK008487,J000127,3898268514,2026-09-28,CONFIRMED,1,P024828,INDIVIDUAL
BK008488,J000127,8422739895,2026-09-27,CONFIRMED,5,P024829,FRIENDS
BK008489,J000127,7484680723,2026-09-26,CONFIRMED,1,P024834,INDIVIDUAL
BK008490,J000127,5479659943,2026-09-25,CONFIRMED,2,P024835,FAMILY
BK008491,J000127,4690247177,2026-09-24,CONFIRMED,7,P024837,FAMILY
BK008492,J000127,9861109494,2026-09-23,CONFIRMED,2,P024844,FRIENDS
BK008493,J000127,1299229746,2026-09-22,CONFIRMED,3,P024846,FAMILY
BK008494,J000127,7551911761,2026-09-21,CONFIRMED,3,P024849,FRIENDS
BK008495,J000127,3116880729,2026-09-20,CONFIRMED,3,P024852,FAMILY
BK008496,J000127,8669483331,2026-09-19,CONFIRMED,4,P024855,FAMILY
BK008497,J000127,9153290046,2026-09-18,CONFIRMED,2,P024859,GROUP
BK008498,J000127,9506070800,2026-09-17,CONFIRMED,6,P024861,FAMILY
BK008499,J000127,5543913827,2026-09-16,CONFIRMED,8,P024867,GROUP
BK008500,J000127,3269917797,2026-09-15,CANCELLED,1,P024875,INDIVIDUAL
BK008501,J000127,2293149431,2026-09-14,CONFIRMED,1,P024876,INDIVIDUAL
BK008502,J000127,5027931820,2026-09-13,CONFIRMED,3,P024877,FRIENDS
BK008503,J000128,7276287380,2026-09-19,CONFIRMED,1,P024880,INDIVIDUAL
BK008504,J000128,2523762871,2026-09-18,CONFIRMED,7,P024881,GROUP
BK008505,J000128,4661070341,2026-09-17,CONFIRMED,2,P024888,GROUP
BK008506,J000128,9421572034,2026-09-16,CONFIRMED,2,P024890,FAMILY
BK008507,J000128,9731205104,2026-09-15,CONFIRMED,1,P024892,INDIVIDUAL
BK008508,J000128,4126801693,2026-09-14,CONFIRMED,1,P024893,INDIVIDUAL
BK008509,J000128,4841956081,2026-09-13,CONFIRMED,3,P024894,FAMILY
BK008510,J000128,4024817857,2026-09-12,CONFIRMED,4,P024897,FAMILY
BK008511,J000128,6054056812,2026-09-11,CONFIRMED,4,P024901,GROUP
BK008512,J000128,3631014222,2026-10-18,CONFIRMED,3,P024905,GROUP
BK008513,J000128,1486817429,2026-10-17,CONFIRMED,2,P024908,GROUP
BK008514,J000128,5538606037,2026-10-16,WAITLISTED,2,P024910,FAMILY
BK008515,J000128,1009553850,2026-10-15,CONFIRMED,3,P024912,FAMILY
BK008516,J000128,1784276640,2026-10-14,CONFIRMED,3,P024915,GROUP
BK008517,J000128,6243611475,2026-10-13,CONFIRMED,5,P024918,FAMILY
BK008518,J000128,4312513826,2026-10-12,CONFIRMED,7,P024923,FRIENDS
BK008519,J000128,3508610781,2026-10-11,CONFIRMED,7,P024930,FAMILY
BK008520,J000128,9011580675,2026-10-10,RAC,1,P024937,INDIVIDUAL
BK008521,J000128,2422343170,2026-10-09,CONFIRMED,1,P024938,INDIVIDUAL
BK008522,J000128,1171715861,2026-10-08,CONFIRMED,2,P024939,FAMILY
BK008523,J000128,5780415643,2026-10-07,CONFIRMED,1,P024941,INDIVIDUAL
BK008524,J000128,6800413680,2026-10-06,CONFIRMED,4,P024942,FAMILY
BK008525,J000128,4004099721,2026-10-05,CONFIRMED,5,P024946,FAMILY
BK008526,J000128,3713412067,2026-10-04,CONFIRMED,2,P024951,FAMILY
BK008527,J000128,1206457302,2026-10-03,CONFIRMED,4,P024953,GROUP
BK008528,J000128,4494583442,2026-10-02,CONFIRMED,4,P024957,FAMILY
BK008529,J000128,5220072168,2026-10-01,CONFIRMED,2,P024961,GROUP
BK008530,J000128,7846167176,2026-09-30,CONFIRMED,4,P024963,FAMILY
BK008531,J000128,8004248642,2026-09-29,CONFIRMED,2,P024967,FRIENDS
BK008532,J000128,4572674779,2026-09-28,CONFIRMED,8,P024969,FAMILY
BK008533,J000128,3789855460,2026-09-27,CONFIRMED,1,P024977,INDIVIDUAL
BK008534,J000128,5175113063,2026-09-26,CONFIRMED,2,P024978,FAMILY
BK008535,J000128,5799213813,2026-09-25,CONFIRMED,2,P024980,FRIENDS
BK008536,J000128,1431763678,2026-09-24,CONFIRMED,2,P024982,FRIENDS
BK008537,J000128,3685477343,2026-09-23,CONFIRMED,4,P024984,FRIENDS
BK008538,J000128,9550649705,2026-09-22,CONFIRMED,2,P024988,FAMILY
BK008539,J000128,3379910546,2026-09-21,CONFIRMED,4,P024990,GROUP
BK008540,J000128,4532255679,2026-09-20,CONFIRMED,2,P024994,FRIENDS
BK008541,J000128,3351512636,2026-09-19,CONFIRMED,2,P024996,GROUP
BK008542,J000128,4348728400,2026-09-18,CONFIRMED,7,P024998,FRIENDS
BK008543,J000128,4645194779,2026-09-17,CONFIRMED,1,P025005,INDIVIDUAL
BK008544,J000128,4863761959,2026-09-16,CONFIRMED,2,P025006,FRIENDS
BK008545,J000128,4178436942,2026-09-15,CONFIRMED,1,P025008,INDIVIDUAL
BK008546,J000128,6262351615,2026-09-14,CONFIRMED,2,P025009,FAMILY
BK008547,J000128,6722596756,2026-09-13,WAITLISTED,2,P025011,FRIENDS
BK008548,J000128,1862603654,2026-09-12,CONFIRMED,3,P025013,GROUP
BK008549,J000128,4941699976,2026-09-11,CONFIRMED,2,P025016,GROUP
BK008550,J000128,4334992716,2026-10-18,CONFIRMED,4,P025018,CAREGIVER_COMPANION
BK008551,J000128,6651242693,2026-10-17,CONFIRMED,1,P025022,INDIVIDUAL
BK008552,J000128,5167369609,2026-10-16,CONFIRMED,2,P025023,FRIENDS
BK008553,J000128,4653661012,2026-10-15,CONFIRMED,2,P025025,GROUP
BK008554,J000128,3802729932,2026-10-14,CONFIRMED,1,P025027,INDIVIDUAL
BK008555,J000128,7787806059,2026-10-13,CONFIRMED,1,P025028,INDIVIDUAL
BK008556,J000128,7319617504,2026-10-12,CONFIRMED,1,P025029,INDIVIDUAL
BK008557,J000128,6364405973,2026-10-11,CONFIRMED,1,P025030,INDIVIDUAL
BK008558,J000128,6886970697,2026-10-10,CONFIRMED,4,P025031,FAMILY
BK008559,J000128,4431659472,2026-10-09,CONFIRMED,2,P025035,FRIENDS
BK008560,J000128,2005722031,2026-10-08,RAC,4,P025037,FAMILY
BK008561,J000128,2244408719,2026-10-07,CONFIRMED,4,P025041,FRIENDS
BK008562,J000128,1959587196,2026-10-06,CONFIRMED,3,P025045,FRIENDS
BK008563,J000128,3153971774,2026-10-05,CONFIRMED,2,P025048,FRIENDS
BK008564,J000128,9085288118,2026-10-04,CONFIRMED,1,P025050,INDIVIDUAL
BK008565,J000128,9232215290,2026-10-03,CONFIRMED,2,P025051,GROUP
BK008566,J000128,2576519075,2026-10-02,CONFIRMED,3,P025053,FRIENDS
BK008567,J000128,9065281135,2026-10-01,CONFIRMED,1,P025056,INDIVIDUAL
BK008568,J000128,3760376137,2026-09-30,CONFIRMED,8,P025057,FAMILY
BK008569,J000129,5148328670,2026-10-06,CONFIRMED,3,P025065,FAMILY
BK008570,J000129,2977651496,2026-10-05,CONFIRMED,3,P025068,FRIENDS
BK008571,J000129,8834836242,2026-10-04,CONFIRMED,2,P025071,FRIENDS
BK008572,J000129,2774469865,2026-10-03,CONFIRMED,4,P025073,FAMILY
BK008573,J000129,5183871222,2026-10-02,CONFIRMED,1,P025077,INDIVIDUAL
BK008574,J000129,9124214578,2026-10-01,CONFIRMED,4,P025078,FAMILY
BK008575,J000129,9932810078,2026-09-30,CONFIRMED,2,P025082,FRIENDS
BK008576,J000129,7406375993,2026-09-29,CONFIRMED,8,P025084,FAMILY
BK008577,J000129,4368600007,2026-09-28,CONFIRMED,2,P025092,GROUP
BK008578,J000129,3711608921,2026-09-27,CONFIRMED,3,P025094,FRIENDS
BK008579,J000129,1746658876,2026-09-26,CONFIRMED,3,P025097,FAMILY
BK008580,J000129,4557792494,2026-09-25,WAITLISTED,1,P025100,INDIVIDUAL
BK008581,J000129,2225373188,2026-09-24,CONFIRMED,6,P025101,GROUP
BK008582,J000129,5761364233,2026-09-23,CONFIRMED,5,P025107,GROUP
BK008583,J000129,4897164446,2026-09-22,CONFIRMED,2,P025112,FRIENDS
BK008584,J000129,9927663093,2026-09-21,CONFIRMED,5,P025114,FRIENDS
BK008585,J000129,9054140797,2026-09-20,CONFIRMED,3,P025119,FAMILY
BK008586,J000129,1989078070,2026-09-19,CONFIRMED,4,P025122,FAMILY
BK008587,J000129,3774192418,2026-09-18,CONFIRMED,1,P025126,INDIVIDUAL
BK008588,J000129,2209299729,2026-10-25,CONFIRMED,3,P025127,GROUP
BK008589,J000129,9565360731,2026-10-24,CONFIRMED,4,P025130,FRIENDS
BK008590,J000129,4384933311,2026-10-23,CONFIRMED,6,P025134,FAMILY
BK008591,J000129,5328263405,2026-10-22,CONFIRMED,4,P025140,GROUP
BK008592,J000129,4101150791,2026-10-21,CONFIRMED,4,P025144,FAMILY
BK008593,J000129,7042227442,2026-10-20,CONFIRMED,2,P025148,GROUP
BK008594,J000129,8599922127,2026-10-19,CONFIRMED,2,P025150,FAMILY
BK008595,J000129,7316906986,2026-10-18,CONFIRMED,1,P025152,INDIVIDUAL
BK008596,J000129,1522546712,2026-10-17,CONFIRMED,2,P025153,FRIENDS
BK008597,J000129,8625720222,2026-10-16,CONFIRMED,3,P025155,FAMILY
BK008598,J000129,8949178470,2026-10-15,CONFIRMED,2,P025158,FAMILY
BK008599,J000129,1490075253,2026-10-14,CONFIRMED,2,P025160,FRIENDS
BK008600,J000129,3621963842,2026-10-13,CANCELLED,3,P025162,GROUP
BK008601,J000129,1161702656,2026-10-12,CONFIRMED,4,P025165,FRIENDS
BK008602,J000129,1487705288,2026-10-11,CONFIRMED,5,P025169,GROUP
BK008603,J000129,7382112140,2026-10-10,CONFIRMED,2,P025174,FRIENDS
BK008604,J000129,9097685346,2026-10-09,CONFIRMED,3,P025176,GROUP
BK008605,J000129,8318497376,2026-10-08,CONFIRMED,2,P025179,GROUP
BK008606,J000129,9092494645,2026-10-07,CONFIRMED,4,P025181,FAMILY
BK008607,J000129,3760047165,2026-10-06,CONFIRMED,1,P025185,INDIVIDUAL
BK008608,J000129,5236115306,2026-10-05,CONFIRMED,1,P025186,INDIVIDUAL
BK008609,J000129,5763202756,2026-10-04,CONFIRMED,4,P025187,FRIENDS
BK008610,J000129,3493674372,2026-10-03,CONFIRMED,4,P025191,FAMILY
BK008611,J000129,7079941952,2026-10-02,CONFIRMED,1,P025195,INDIVIDUAL
BK008612,J000129,9150636590,2026-10-01,CONFIRMED,1,P025196,INDIVIDUAL
BK008613,J000129,7204732545,2026-09-30,WAITLISTED,7,P025197,FAMILY
BK008614,J000129,9375985992,2026-09-29,CONFIRMED,2,P025204,FAMILY
BK008615,J000129,6924317554,2026-09-28,CONFIRMED,2,P025206,FRIENDS
BK008616,J000129,7194214232,2026-09-27,CONFIRMED,2,P025208,FRIENDS
BK008617,J000129,2504982273,2026-09-26,CONFIRMED,1,P025210,INDIVIDUAL
BK008618,J000129,3306767810,2026-09-25,CONFIRMED,4,P025211,FAMILY
BK008619,J000129,5231531659,2026-09-24,CONFIRMED,2,P025215,FRIENDS
BK008620,J000129,1465081003,2026-09-23,CONFIRMED,3,P025217,GROUP
BK008621,J000129,7617717066,2026-09-22,CONFIRMED,3,P025220,FAMILY
BK008622,J000129,6406560428,2026-09-21,CONFIRMED,2,P025223,FAMILY
BK008623,J000129,4143659477,2026-09-20,CONFIRMED,2,P025225,FRIENDS
BK008624,J000129,6196001211,2026-09-19,CONFIRMED,2,P025227,FRIENDS
BK008625,J000129,8457705702,2026-09-18,CONFIRMED,5,P025229,FAMILY
BK008626,J000129,2339432601,2026-10-25,CONFIRMED,1,P025234,INDIVIDUAL
BK008627,J000129,1011830767,2026-10-24,CONFIRMED,1,P025235,INDIVIDUAL
BK008628,J000129,2296560306,2026-10-23,CONFIRMED,3,P025236,GROUP
BK008629,J000129,2246983821,2026-10-22,CONFIRMED,3,P025239,FAMILY
BK008630,J000129,3065567717,2026-10-21,CONFIRMED,3,P025242,FRIENDS
BK008631,J000129,7306134801,2026-10-20,CONFIRMED,4,P025245,GROUP
BK008632,J000129,9779800400,2026-10-19,CONFIRMED,3,P025249,GROUP
BK008633,J000129,5749406545,2026-10-18,CONFIRMED,4,P025252,FRIENDS
BK008634,J000129,1102652550,2026-10-17,CONFIRMED,4,P025256,FAMILY
BK008635,J000130,5456677203,2026-10-23,CONFIRMED,3,P025260,FAMILY
BK008636,J000130,8783977087,2026-10-22,CONFIRMED,2,P025263,FRIENDS
BK008637,J000130,2609858386,2026-10-21,CONFIRMED,4,P025265,FRIENDS
BK008638,J000130,2904177694,2026-10-20,CONFIRMED,7,P025269,FRIENDS
BK008639,J000130,2159135704,2026-10-19,CONFIRMED,4,P025276,GROUP
BK008640,J000130,1829211751,2026-10-18,RAC,1,P025280,INDIVIDUAL
BK008641,J000130,1184636570,2026-10-17,CONFIRMED,4,P025281,FRIENDS
BK008642,J000130,3287003732,2026-10-16,CONFIRMED,8,P025285,FAMILY
BK008643,J000130,3401514857,2026-10-15,CONFIRMED,2,P025293,FRIENDS
BK008644,J000130,8181039149,2026-10-14,CONFIRMED,6,P025295,FAMILY
BK008645,J000130,9011950727,2026-10-13,CONFIRMED,2,P025301,GROUP
BK008646,J000130,8452052258,2026-10-12,WAITLISTED,3,P025303,FRIENDS
BK008647,J000130,3824411226,2026-10-11,CONFIRMED,1,P025306,INDIVIDUAL
BK008648,J000130,7228406346,2026-10-10,CONFIRMED,1,P025307,INDIVIDUAL
BK008649,J000130,5410119810,2026-10-09,CONFIRMED,4,P025308,FRIENDS
BK008650,J000130,8928414755,2026-10-08,CONFIRMED,2,P025312,FAMILY
BK008651,J000130,7216372423,2026-10-07,CONFIRMED,1,P025314,INDIVIDUAL
BK008652,J000130,8194865790,2026-10-06,CONFIRMED,1,P025315,INDIVIDUAL
BK008653,J000130,2558802901,2026-10-05,CONFIRMED,3,P025316,FAMILY
BK008654,J000130,1031508383,2026-10-04,CONFIRMED,1,P025319,INDIVIDUAL
BK008655,J000130,2328594778,2026-10-03,CONFIRMED,3,P025320,FAMILY
BK008656,J000130,5977717299,2026-10-02,CONFIRMED,3,P025323,GROUP
BK008657,J000130,1696441583,2026-10-01,CONFIRMED,6,P025326,GROUP
BK008658,J000130,5125169268,2026-09-30,CONFIRMED,1,P025332,INDIVIDUAL
BK008659,J000130,9042140713,2026-09-29,CONFIRMED,4,P025333,GROUP
BK008660,J000130,2054224815,2026-09-28,CONFIRMED,2,P025337,FRIENDS
BK008661,J000130,4692362559,2026-09-27,CONFIRMED,8,P025339,FRIENDS
BK008662,J000130,2692513042,2026-09-26,CONFIRMED,1,P025347,INDIVIDUAL
BK008663,J000130,5594456688,2026-09-25,CONFIRMED,1,P025348,INDIVIDUAL
BK008664,J000130,8796485176,2026-11-01,CONFIRMED,2,P025349,FRIENDS
BK008665,J000130,2220063498,2026-10-31,CONFIRMED,4,P025351,FRIENDS
BK008666,J000130,2384548906,2026-10-30,CONFIRMED,4,P025355,FAMILY
BK008667,J000130,3395261187,2026-10-29,CONFIRMED,8,P025359,GROUP
BK008668,J000130,3281214994,2026-10-28,CONFIRMED,3,P025367,GROUP
BK008669,J000130,2412187447,2026-10-27,CONFIRMED,4,P025370,FRIENDS
BK008670,J000130,9129051156,2026-10-26,CONFIRMED,2,P025374,FAMILY
BK008671,J000130,3413167041,2026-10-25,CONFIRMED,4,P025376,GROUP
BK008672,J000130,6488587288,2026-10-24,CONFIRMED,1,P025380,INDIVIDUAL
BK008673,J000130,7264259278,2026-10-23,CONFIRMED,2,P025381,GROUP
BK008674,J000130,4933298074,2026-10-22,CONFIRMED,1,P025383,INDIVIDUAL
BK008675,J000130,9642002073,2026-10-21,CONFIRMED,1,P025384,INDIVIDUAL
BK008676,J000130,8780146998,2026-10-20,CONFIRMED,6,P025385,FAMILY
BK008677,J000130,3171716721,2026-10-19,CONFIRMED,3,P025391,FAMILY
BK008678,J000130,5895654041,2026-10-18,CONFIRMED,1,P025394,INDIVIDUAL
BK008679,J000130,6250202392,2026-10-17,WAITLISTED,5,P025395,FAMILY
BK008680,J000130,6395831171,2026-10-16,RAC,4,P025400,FAMILY
BK008681,J000130,2854641609,2026-10-15,CONFIRMED,6,P025404,GROUP
BK008682,J000130,5995206953,2026-10-14,CONFIRMED,2,P025410,FAMILY
BK008683,J000130,9090773788,2026-10-13,CONFIRMED,6,P025412,CAREGIVER_COMPANION
BK008684,J000130,9735487214,2026-10-12,CONFIRMED,1,P025418,INDIVIDUAL
BK008685,J000130,5964923743,2026-10-11,CONFIRMED,3,P025419,FAMILY
BK008686,J000130,9747188650,2026-10-10,CONFIRMED,2,P025422,FAMILY
BK008687,J000130,7836804948,2026-10-09,CONFIRMED,4,P025424,GROUP
BK008688,J000130,1976662082,2026-10-08,CONFIRMED,4,P025428,FAMILY
BK008689,J000130,6281906792,2026-10-07,CONFIRMED,3,P025432,FAMILY
BK008690,J000130,9429081650,2026-10-06,CONFIRMED,2,P025435,FAMILY
BK008691,J000130,9586914414,2026-10-05,CONFIRMED,4,P025437,GROUP
BK008692,J000130,3040583047,2026-10-04,CONFIRMED,2,P025441,FRIENDS
BK008693,J000130,8851497691,2026-10-03,CONFIRMED,1,P025443,INDIVIDUAL
BK008694,J000130,9040413678,2026-10-02,CONFIRMED,1,P025444,INDIVIDUAL
BK008695,J000130,2920374586,2026-10-01,CONFIRMED,3,P025445,FAMILY
BK008696,J000130,1931232851,2026-09-30,CONFIRMED,4,P025448,FAMILY
BK008697,J000130,2671185256,2026-09-29,CONFIRMED,2,P025452,GROUP
BK008698,J000130,5566250568,2026-09-28,CONFIRMED,4,P025454,FAMILY
BK008699,J000130,1842337870,2026-09-27,CONFIRMED,6,P025458,FRIENDS
BK008700,J000130,3395278833,2026-09-26,CANCELLED,4,P025464,FAMILY
BK008701,J000131,1337417157,2026-10-02,CONFIRMED,2,P025468,GROUP
BK008702,J000131,4735179588,2026-11-08,CONFIRMED,2,P025470,FAMILY
BK008703,J000131,6553526735,2026-11-07,CONFIRMED,2,P025472,FRIENDS
BK008704,J000131,7930350984,2026-11-06,CONFIRMED,2,P025474,FRIENDS
BK008705,J000131,8460045559,2026-11-05,CONFIRMED,4,P025476,FRIENDS
BK008706,J000131,4413057183,2026-11-04,CONFIRMED,5,P025480,GROUP
BK008707,J000131,7991035763,2026-11-03,CONFIRMED,1,P025485,INDIVIDUAL
BK008708,J000131,4684114819,2026-11-02,CONFIRMED,2,P025486,FRIENDS
BK008709,J000131,6746974391,2026-11-01,CONFIRMED,6,P025488,GROUP
BK008710,J000131,1520732409,2026-10-31,CONFIRMED,3,P025494,FRIENDS
BK008711,J000131,5668761717,2026-10-30,CONFIRMED,1,P025497,INDIVIDUAL
BK008712,J000131,8475456437,2026-10-29,WAITLISTED,1,P025498,INDIVIDUAL
BK008713,J000131,7166929505,2026-10-28,CONFIRMED,3,P025499,FAMILY
BK008714,J000131,1258195621,2026-10-27,CONFIRMED,2,P025502,FAMILY
BK008715,J000131,1254068031,2026-10-26,CONFIRMED,1,P025504,INDIVIDUAL
BK008716,J000131,5081757336,2026-10-25,CONFIRMED,1,P025505,INDIVIDUAL
BK008717,J000131,6452402469,2026-10-24,CONFIRMED,5,P025506,FAMILY
BK008718,J000131,5184492557,2026-10-23,CONFIRMED,1,P025511,INDIVIDUAL
BK008719,J000131,7623640183,2026-10-22,CONFIRMED,4,P025512,GROUP
BK008720,J000131,9630588639,2026-10-21,RAC,3,P025516,GROUP
BK008721,J000131,1972410109,2026-10-20,CONFIRMED,6,P025519,CAREGIVER_COMPANION
BK008722,J000131,9773650319,2026-10-19,CONFIRMED,6,P025525,FAMILY
BK008723,J000131,1355630950,2026-10-18,CONFIRMED,2,P025531,FRIENDS
BK008724,J000131,4889956973,2026-10-17,CONFIRMED,1,P025533,INDIVIDUAL
BK008725,J000131,5530121187,2026-10-16,CONFIRMED,2,P025534,GROUP
BK008726,J000131,9857950733,2026-10-15,CONFIRMED,1,P025536,INDIVIDUAL
BK008727,J000131,1422881401,2026-10-14,CONFIRMED,2,P025537,FRIENDS
BK008728,J000131,1456767041,2026-10-13,CONFIRMED,2,P025539,FRIENDS
BK008729,J000131,8408405921,2026-10-12,CONFIRMED,2,P025541,GROUP
BK008730,J000131,9266405658,2026-10-11,CONFIRMED,2,P025543,FAMILY
BK008731,J000131,2436847250,2026-10-10,CONFIRMED,5,P025545,FAMILY
BK008732,J000131,7436132347,2026-10-09,CONFIRMED,2,P025550,FRIENDS
BK008733,J000131,2169370462,2026-10-08,CONFIRMED,5,P025552,FAMILY
BK008734,J000131,7217873492,2026-10-07,CONFIRMED,4,P025557,FAMILY
BK008735,J000131,2904330916,2026-10-06,CONFIRMED,2,P025561,FRIENDS
BK008736,J000131,7890209370,2026-10-05,CONFIRMED,4,P025563,FAMILY
BK008737,J000131,1285696082,2026-10-04,CONFIRMED,3,P025567,FAMILY
BK008738,J000131,8356459237,2026-10-03,CONFIRMED,1,P025570,INDIVIDUAL
BK008739,J000131,2932492842,2026-10-02,CONFIRMED,2,P025571,FRIENDS
BK008740,J000131,8208438496,2026-11-08,CONFIRMED,4,P025573,CAREGIVER_COMPANION
BK008741,J000131,9941963706,2026-11-07,CONFIRMED,2,P025577,GROUP
BK008742,J000131,4952484647,2026-11-06,CONFIRMED,3,P025579,FRIENDS
BK008743,J000131,2325298454,2026-11-05,CONFIRMED,4,P025582,GROUP
BK008744,J000131,9835154284,2026-11-04,CONFIRMED,3,P025586,GROUP
BK008745,J000131,1696311716,2026-11-03,WAITLISTED,3,P025589,FAMILY
BK008746,J000131,3706625214,2026-11-02,CONFIRMED,4,P025592,FAMILY
BK008747,J000131,6988320298,2026-11-01,CONFIRMED,5,P025596,FAMILY
BK008748,J000131,3069980542,2026-10-31,CONFIRMED,4,P025601,FAMILY
BK008749,J000131,9987216321,2026-10-30,CONFIRMED,4,P025605,FRIENDS
BK008750,J000131,1766366551,2026-10-29,CONFIRMED,1,P025609,INDIVIDUAL
BK008751,J000131,2838103864,2026-10-28,CONFIRMED,2,P025610,FRIENDS
BK008752,J000131,2077418239,2026-10-27,CONFIRMED,3,P025612,GROUP
BK008753,J000131,7377644195,2026-10-26,CONFIRMED,3,P025615,FAMILY
BK008754,J000131,5618792270,2026-10-25,CONFIRMED,4,P025618,FAMILY
BK008755,J000131,7119902314,2026-10-24,CONFIRMED,2,P025622,FRIENDS
BK008756,J000131,4511083117,2026-10-23,CONFIRMED,7,P025624,GROUP
BK008757,J000131,5849325347,2026-10-22,CONFIRMED,4,P025631,FRIENDS
BK008758,J000131,5511008843,2026-10-21,CONFIRMED,2,P025635,FAMILY
BK008759,J000131,6310826309,2026-10-20,CONFIRMED,2,P025637,FRIENDS
BK008760,J000131,4704693736,2026-10-19,RAC,1,P025639,INDIVIDUAL
BK008761,J000131,8054626753,2026-10-18,CONFIRMED,2,P025640,GROUP
BK008762,J000131,4475596518,2026-10-17,CONFIRMED,1,P025642,INDIVIDUAL
BK008763,J000131,1292091392,2026-10-16,CONFIRMED,4,P025643,GROUP
BK008764,J000131,9864161484,2026-10-15,CONFIRMED,2,P025647,FRIENDS
BK008765,J000131,2235672086,2026-10-14,CONFIRMED,2,P025649,GROUP
BK008766,J000131,6911213645,2026-10-13,CONFIRMED,5,P025651,GROUP
BK008767,J000132,8142357656,2026-10-19,CONFIRMED,3,P025656,FAMILY
BK008768,J000132,9945832995,2026-10-18,CONFIRMED,1,P025659,INDIVIDUAL
BK008769,J000132,3140580158,2026-10-17,CONFIRMED,2,P025660,GROUP
BK008770,J000132,2893238066,2026-10-16,CONFIRMED,1,P025662,INDIVIDUAL
BK008771,J000132,4184631090,2026-10-15,CONFIRMED,4,P025663,GROUP
BK008772,J000132,7282736149,2026-10-14,CONFIRMED,4,P025667,FAMILY
BK008773,J000132,2486764184,2026-10-13,CONFIRMED,1,P025671,INDIVIDUAL
BK008774,J000132,9834311621,2026-10-12,CONFIRMED,5,P025672,GROUP
BK008775,J000132,5491570892,2026-10-11,CONFIRMED,1,P025677,INDIVIDUAL
BK008776,J000132,9499799654,2026-10-10,CONFIRMED,5,P025678,FRIENDS
BK008777,J000132,6906313148,2026-10-09,CONFIRMED,4,P025683,FRIENDS
BK008778,J000132,9603408778,2026-11-15,WAITLISTED,4,P025687,CAREGIVER_COMPANION
BK008779,J000132,6260631509,2026-11-14,CONFIRMED,2,P025691,FRIENDS
BK008780,J000132,7695929832,2026-11-13,CONFIRMED,4,P025693,FAMILY
BK008781,J000132,6364620346,2026-11-12,CONFIRMED,3,P025697,FAMILY
BK008782,J000132,8293711193,2026-11-11,CONFIRMED,1,P025700,INDIVIDUAL
BK008783,J000132,9063369417,2026-11-10,CONFIRMED,3,P025701,FAMILY
BK008784,J000132,2203547744,2026-11-09,CONFIRMED,7,P025704,GROUP
BK008785,J000132,2610863326,2026-11-08,CONFIRMED,3,P025711,FAMILY
BK008786,J000132,3280470991,2026-11-07,CONFIRMED,4,P025714,FAMILY
BK008787,J000132,7390970610,2026-11-06,CONFIRMED,4,P025718,GROUP
BK008788,J000132,9091530855,2026-11-05,CONFIRMED,8,P025722,FAMILY
BK008789,J000132,6297617143,2026-11-04,CONFIRMED,2,P025730,GROUP
BK008790,J000132,8984548123,2026-11-03,CONFIRMED,8,P025732,FAMILY
BK008791,J000132,8029692030,2026-11-02,CONFIRMED,1,P025740,INDIVIDUAL
BK008792,J000132,4358847874,2026-11-01,CONFIRMED,4,P025741,FAMILY
BK008793,J000132,4906661820,2026-10-31,CONFIRMED,1,P025745,INDIVIDUAL
BK008794,J000132,8100951100,2026-10-30,CONFIRMED,4,P025746,FAMILY
BK008795,J000132,4137136354,2026-10-29,CONFIRMED,3,P025750,FAMILY
BK008796,J000132,5089489825,2026-10-28,CONFIRMED,2,P025753,FRIENDS
BK008797,J000132,9510346074,2026-10-27,CONFIRMED,2,P025755,GROUP
BK008798,J000132,7780937987,2026-10-26,CONFIRMED,1,P025757,INDIVIDUAL
BK008799,J000132,3242391718,2026-10-25,CONFIRMED,4,P025758,GROUP
BK008800,J000132,3009049507,2026-10-24,CANCELLED,3,P025762,GROUP
BK008801,J000132,5547570179,2026-10-23,CONFIRMED,7,P025765,FAMILY
BK008802,J000132,9950986888,2026-10-22,CONFIRMED,3,P025772,FRIENDS
BK008803,J000132,1856953782,2026-10-21,CONFIRMED,2,P025775,FRIENDS
BK008804,J000132,7658666536,2026-10-20,CONFIRMED,1,P025777,INDIVIDUAL
BK008805,J000132,3545367424,2026-10-19,CONFIRMED,1,P025778,INDIVIDUAL
BK008806,J000132,3987440995,2026-10-18,CONFIRMED,4,P025779,FAMILY
BK008807,J000132,5154620105,2026-10-17,CONFIRMED,2,P025783,FRIENDS
BK008808,J000132,9674075192,2026-10-16,CONFIRMED,1,P025785,INDIVIDUAL
BK008809,J000132,7131595705,2026-10-15,CONFIRMED,4,P025786,FRIENDS
BK008810,J000132,3205252500,2026-10-14,CONFIRMED,3,P025790,FRIENDS
BK008811,J000132,3362183127,2026-10-13,WAITLISTED,3,P025793,FAMILY
BK008812,J000132,1720907180,2026-10-12,CONFIRMED,4,P025796,FAMILY
BK008813,J000132,4348964673,2026-10-11,CONFIRMED,2,P025800,GROUP
BK008814,J000132,4238557730,2026-10-10,CONFIRMED,2,P025802,FAMILY
BK008815,J000132,9561227581,2026-10-09,CONFIRMED,2,P025804,FRIENDS
BK008816,J000132,4960362683,2026-11-15,CONFIRMED,4,P025806,CAREGIVER_COMPANION
BK008817,J000132,2724243197,2026-11-14,CONFIRMED,3,P025810,FAMILY
BK008818,J000132,8080018131,2026-11-13,CONFIRMED,1,P025813,INDIVIDUAL
BK008819,J000132,5913889514,2026-11-12,CONFIRMED,2,P025814,FRIENDS
BK008820,J000132,6196394946,2026-11-11,CONFIRMED,2,P025816,FRIENDS
BK008821,J000132,7804235295,2026-11-10,CONFIRMED,1,P025818,INDIVIDUAL
BK008822,J000132,2408862675,2026-11-09,CONFIRMED,7,P025819,FRIENDS
BK008823,J000132,8705033489,2026-11-08,CONFIRMED,3,P025826,FAMILY
BK008824,J000132,6409610331,2026-11-07,CONFIRMED,1,P025829,INDIVIDUAL
BK008825,J000132,8865891043,2026-11-06,CONFIRMED,4,P025830,FRIENDS
BK008826,J000132,9525068036,2026-11-05,CONFIRMED,1,P025834,INDIVIDUAL
BK008827,J000132,7753243502,2026-11-04,CONFIRMED,1,P025835,INDIVIDUAL
BK008828,J000132,9331673767,2026-11-03,CONFIRMED,3,P025836,GROUP
BK008829,J000132,7434392407,2026-11-02,CONFIRMED,2,P025839,GROUP
BK008830,J000132,8402704779,2026-11-01,CONFIRMED,3,P025841,FRIENDS
BK008831,J000132,6788333784,2026-10-31,CONFIRMED,5,P025844,FAMILY
BK008832,J000132,1999416157,2026-10-30,CONFIRMED,3,P025849,GROUP
BK008833,J000133,5664391602,2026-09-22,CONFIRMED,1,P025852,INDIVIDUAL
BK008834,J000133,4872599626,2026-09-21,CONFIRMED,4,P025853,FAMILY
BK008835,J000133,3769499486,2026-09-20,CONFIRMED,5,P025857,CAREGIVER_COMPANION
BK008836,J000133,3343092098,2026-09-19,CONFIRMED,2,P025862,FRIENDS
BK008837,J000133,7426828570,2026-09-18,CONFIRMED,1,P025864,INDIVIDUAL
BK008838,J000133,4200001897,2026-09-17,CONFIRMED,1,P025865,INDIVIDUAL
BK008839,J000133,1752342594,2026-09-16,CONFIRMED,2,P025866,FRIENDS
BK008840,J000133,6515862739,2026-09-15,RAC,1,P025868,INDIVIDUAL
BK008841,J000133,3532943520,2026-09-14,CONFIRMED,5,P025869,FAMILY
BK008842,J000133,2563566367,2026-09-13,CONFIRMED,4,P025874,FAMILY
BK008843,J000133,4074983038,2026-09-12,CONFIRMED,1,P025878,INDIVIDUAL
BK008844,J000133,4778385448,2026-09-11,WAITLISTED,1,P025879,INDIVIDUAL
BK008845,J000133,4149927689,2026-09-10,CONFIRMED,1,P025880,INDIVIDUAL
BK008846,J000133,1617596626,2026-09-09,CONFIRMED,3,P025881,FRIENDS
BK008847,J000133,1392566823,2026-09-08,CONFIRMED,4,P025884,GROUP
BK008848,J000133,6933786364,2026-09-07,CONFIRMED,1,P025888,INDIVIDUAL
BK008849,J000133,1367787622,2026-09-06,CONFIRMED,1,P025889,INDIVIDUAL
BK008850,J000133,2479097283,2026-09-05,CONFIRMED,3,P025890,FRIENDS
BK008851,J000133,9856134174,2026-09-04,CONFIRMED,4,P025893,GROUP
BK008852,J000133,9928591296,2026-09-03,CONFIRMED,1,P025897,INDIVIDUAL
BK008853,J000133,2783471623,2026-09-02,CONFIRMED,4,P025898,FRIENDS
BK008854,J000133,6866603547,2026-10-09,CONFIRMED,3,P025902,FRIENDS
BK008855,J000133,4734429441,2026-10-08,CONFIRMED,4,P025905,GROUP
BK008856,J000133,5253317553,2026-10-07,CONFIRMED,1,P025909,INDIVIDUAL
BK008857,J000133,9498907909,2026-10-06,CONFIRMED,3,P025910,FAMILY
BK008858,J000133,8127412324,2026-10-05,CONFIRMED,3,P025913,FRIENDS
BK008859,J000133,1427613362,2026-10-04,CONFIRMED,1,P025916,INDIVIDUAL
BK008860,J000133,3661870803,2026-10-03,CONFIRMED,3,P025917,GROUP
BK008861,J000133,7106303873,2026-10-02,CONFIRMED,2,P025920,GROUP
BK008862,J000133,1305923841,2026-10-01,CONFIRMED,5,P025922,GROUP
BK008863,J000133,8268655617,2026-09-30,CONFIRMED,2,P025927,FRIENDS
BK008864,J000133,2094487931,2026-09-29,CONFIRMED,2,P025929,FRIENDS
BK008865,J000133,2868497850,2026-09-28,CONFIRMED,4,P025931,FRIENDS
BK008866,J000133,9723743708,2026-09-27,CONFIRMED,3,P025935,FRIENDS
BK008867,J000133,4324812929,2026-09-26,CONFIRMED,1,P025938,INDIVIDUAL
BK008868,J000133,2313229661,2026-09-25,CONFIRMED,1,P025939,INDIVIDUAL
BK008869,J000133,2002892254,2026-09-24,CONFIRMED,1,P025940,INDIVIDUAL
BK008870,J000133,2718492133,2026-09-23,CONFIRMED,4,P025941,FAMILY
BK008871,J000133,8619361164,2026-09-22,CONFIRMED,2,P025945,FRIENDS
BK008872,J000133,3922428986,2026-09-21,CONFIRMED,3,P025947,GROUP
BK008873,J000133,8754146060,2026-09-20,CONFIRMED,1,P025950,INDIVIDUAL
BK008874,J000133,9402178280,2026-09-19,CONFIRMED,2,P025951,FAMILY
BK008875,J000133,7783996343,2026-09-18,CONFIRMED,2,P025953,FRIENDS
BK008876,J000133,5702226502,2026-09-17,CONFIRMED,2,P025955,FRIENDS
BK008877,J000133,7007989432,2026-09-16,WAITLISTED,2,P025957,GROUP
BK008878,J000133,8817307432,2026-09-15,CONFIRMED,2,P025959,FAMILY
BK008879,J000133,5437544683,2026-09-14,CONFIRMED,1,P025961,INDIVIDUAL
BK008880,J000133,3459153099,2026-09-13,RAC,1,P025962,INDIVIDUAL
BK008881,J000133,2428298768,2026-09-12,CONFIRMED,3,P025963,FAMILY
BK008882,J000133,3320421680,2026-09-11,CONFIRMED,2,P025966,FAMILY
BK008883,J000133,4129128608,2026-09-10,CONFIRMED,1,P025968,INDIVIDUAL
BK008884,J000133,2811931566,2026-09-09,CONFIRMED,3,P025969,GROUP
BK008885,J000133,4578969357,2026-09-08,CONFIRMED,2,P025972,GROUP
BK008886,J000133,8059226178,2026-09-07,CONFIRMED,6,P025974,FAMILY
BK008887,J000133,5166301291,2026-09-06,CONFIRMED,3,P025980,FAMILY
BK008888,J000133,4191017564,2026-09-05,CONFIRMED,3,P025983,GROUP
BK008889,J000133,3930859627,2026-09-04,CONFIRMED,5,P025986,FAMILY
BK008890,J000133,8048332616,2026-09-03,CONFIRMED,4,P025991,FAMILY
BK008891,J000133,8456191433,2026-09-02,CONFIRMED,2,P025995,FRIENDS
BK008892,J000133,1543826498,2026-10-09,CONFIRMED,5,P025997,CAREGIVER_COMPANION
BK008893,J000133,7665799954,2026-10-08,CONFIRMED,4,P026002,FRIENDS
BK008894,J000133,3606422677,2026-10-07,CONFIRMED,3,P026006,FRIENDS
BK008895,J000133,1707617518,2026-10-06,CONFIRMED,4,P026009,GROUP
BK008896,J000133,7252294326,2026-10-05,CONFIRMED,1,P026013,INDIVIDUAL
BK008897,J000133,8054355396,2026-10-04,CONFIRMED,2,P026014,GROUP
BK008898,J000133,4897211411,2026-10-03,CONFIRMED,2,P026016,FAMILY
BK008899,J000134,4802350670,2026-10-06,CONFIRMED,1,P026018,INDIVIDUAL
BK008900,J000134,6525549717,2026-10-05,CANCELLED,2,P026019,FRIENDS
BK008901,J000134,2565061530,2026-10-04,CONFIRMED,6,P026021,GROUP
BK008902,J000134,6292899543,2026-10-03,CONFIRMED,7,P026027,FRIENDS
BK008903,J000134,2635187421,2026-10-02,CONFIRMED,4,P026034,GROUP
BK008904,J000134,4764394494,2026-10-01,CONFIRMED,2,P026038,FRIENDS
BK008905,J000134,9800146813,2026-09-30,CONFIRMED,1,P026040,INDIVIDUAL
BK008906,J000134,7782503817,2026-09-29,CONFIRMED,3,P026041,FRIENDS
BK008907,J000134,1539900895,2026-09-28,CONFIRMED,2,P026044,FRIENDS
BK008908,J000134,7546360335,2026-09-27,CONFIRMED,1,P026046,INDIVIDUAL
BK008909,J000134,1700003425,2026-09-26,CONFIRMED,4,P026047,FRIENDS
BK008910,J000134,1672885791,2026-09-25,WAITLISTED,5,P026051,GROUP
BK008911,J000134,5913685982,2026-09-24,CONFIRMED,2,P026056,FRIENDS
BK008912,J000134,4258601727,2026-09-23,CONFIRMED,4,P026058,FAMILY
BK008913,J000134,4335499875,2026-09-22,CONFIRMED,5,P026062,FAMILY
BK008914,J000134,5510390842,2026-09-21,CONFIRMED,4,P026067,FAMILY
BK008915,J000134,4437259252,2026-09-20,CONFIRMED,1,P026071,INDIVIDUAL
BK008916,J000134,3060041527,2026-09-19,CONFIRMED,1,P026072,INDIVIDUAL
BK008917,J000134,5476275647,2026-09-18,CONFIRMED,3,P026073,FAMILY
BK008918,J000134,8310476022,2026-09-17,CONFIRMED,1,P026076,INDIVIDUAL
BK008919,J000134,4392806869,2026-09-16,CONFIRMED,1,P026077,INDIVIDUAL
BK008920,J000134,9155210333,2026-09-15,RAC,4,P026078,FAMILY
BK008921,J000134,9824265162,2026-09-14,CONFIRMED,4,P026082,FRIENDS
BK008922,J000134,8622325111,2026-09-13,CONFIRMED,3,P026086,FRIENDS
BK008923,J000134,4756506071,2026-09-12,CONFIRMED,1,P026089,INDIVIDUAL
BK008924,J000134,6477184651,2026-09-11,CONFIRMED,1,P026090,INDIVIDUAL
BK008925,J000134,8555531761,2026-09-10,CONFIRMED,1,P026091,INDIVIDUAL
BK008926,J000134,5059856373,2026-09-09,CONFIRMED,1,P026092,INDIVIDUAL
BK008927,J000134,5046330913,2026-09-08,CONFIRMED,2,P026093,FRIENDS
BK008928,J000134,3985667782,2026-09-07,CONFIRMED,2,P026095,FRIENDS
BK008929,J000134,8124218635,2026-09-06,CONFIRMED,1,P026097,INDIVIDUAL
BK008930,J000134,5983650775,2026-10-13,CONFIRMED,2,P026098,FAMILY
BK008931,J000134,6215270875,2026-10-12,CONFIRMED,2,P026100,FRIENDS
BK008932,J000134,4126465654,2026-10-11,CONFIRMED,1,P026102,INDIVIDUAL
BK008933,J000134,5269553490,2026-10-10,CONFIRMED,2,P026103,GROUP
BK008934,J000134,7867524749,2026-10-09,CONFIRMED,2,P026105,FAMILY
BK008935,J000134,8352209799,2026-10-08,CONFIRMED,6,P026107,FRIENDS
BK008936,J000134,5531110238,2026-10-07,CONFIRMED,5,P026113,FRIENDS
BK008937,J000134,7641203342,2026-10-06,CONFIRMED,6,P026118,GROUP
BK008938,J000134,3050611250,2026-10-05,CONFIRMED,5,P026124,GROUP
BK008939,J000134,2195157981,2026-10-04,CONFIRMED,4,P026129,GROUP
BK008940,J000134,1355751646,2026-10-03,CONFIRMED,7,P026133,GROUP
BK008941,J000134,8159132748,2026-10-02,CONFIRMED,1,P026140,INDIVIDUAL
BK008942,J000134,5311929974,2026-10-01,CONFIRMED,4,P026141,FAMILY
BK008943,J000134,7095244363,2026-09-30,WAITLISTED,3,P026145,FAMILY
BK008944,J000134,2313877357,2026-09-29,CONFIRMED,1,P026148,INDIVIDUAL
BK008945,J000134,8729967722,2026-09-28,CONFIRMED,2,P026149,GROUP
BK008946,J000134,2820167553,2026-09-27,CONFIRMED,3,P026151,FRIENDS
BK008947,J000134,1808859238,2026-09-26,CONFIRMED,3,P026154,FAMILY
BK008948,J000134,4236806687,2026-09-25,CONFIRMED,1,P026157,INDIVIDUAL
BK008949,J000134,3199032194,2026-09-24,CONFIRMED,2,P026158,GROUP
BK008950,J000134,2342098277,2026-09-23,CONFIRMED,1,P026160,INDIVIDUAL
BK008951,J000134,1718763224,2026-09-22,CONFIRMED,1,P026161,INDIVIDUAL
BK008952,J000134,6177636262,2026-09-21,CONFIRMED,4,P026162,FAMILY
BK008953,J000134,2742049746,2026-09-20,CONFIRMED,1,P026166,INDIVIDUAL
BK008954,J000134,7488652351,2026-09-19,CONFIRMED,2,P026167,FAMILY
BK008955,J000134,3402807274,2026-09-18,CONFIRMED,3,P026169,FAMILY
BK008956,J000134,9220735936,2026-09-17,CONFIRMED,1,P026172,INDIVIDUAL
BK008957,J000134,4471022354,2026-09-16,CONFIRMED,1,P026173,INDIVIDUAL
BK008958,J000134,2513895794,2026-09-15,CONFIRMED,1,P026174,INDIVIDUAL
BK008959,J000134,5052953234,2026-09-14,CONFIRMED,4,P026175,GROUP
BK008960,J000134,2399691803,2026-09-13,RAC,3,P026179,GROUP
BK008961,J000134,5105842915,2026-09-12,CONFIRMED,2,P026182,GROUP
BK008962,J000134,3803101280,2026-09-11,CONFIRMED,1,P026184,INDIVIDUAL
BK008963,J000134,5806424842,2026-09-10,CONFIRMED,3,P026185,FAMILY
BK008964,J000134,2731233474,2026-09-09,CONFIRMED,1,P026188,INDIVIDUAL
BK008965,J000135,1676541637,2026-09-11,CONFIRMED,2,P026189,GROUP
BK008966,J000135,1522114542,2026-09-10,CONFIRMED,1,P026191,INDIVIDUAL
BK008967,J000135,3229863935,2026-09-09,CONFIRMED,1,P026192,INDIVIDUAL
BK008968,J000135,7916767055,2026-10-16,CONFIRMED,2,P026193,FRIENDS
BK008969,J000135,3649186468,2026-10-15,CONFIRMED,1,P026195,INDIVIDUAL
BK008970,J000135,1414601283,2026-10-14,CONFIRMED,4,P026196,FAMILY
BK008971,J000135,8019655306,2026-10-13,CONFIRMED,1,P026200,INDIVIDUAL
BK008972,J000135,7638382720,2026-10-12,CONFIRMED,4,P026201,FAMILY
BK008973,J000135,5788576071,2026-10-11,CONFIRMED,4,P026205,FRIENDS
BK008974,J000135,6470067887,2026-10-10,CONFIRMED,5,P026209,GROUP
BK008975,J000135,2643562994,2026-10-09,CONFIRMED,5,P026214,FAMILY
BK008976,J000135,4627513742,2026-10-08,WAITLISTED,1,P026219,INDIVIDUAL
BK008977,J000135,8413749511,2026-10-07,CONFIRMED,4,P026220,FRIENDS
BK008978,J000135,2228964139,2026-10-06,CONFIRMED,1,P026224,INDIVIDUAL
BK008979,J000135,8176657132,2026-10-05,CONFIRMED,6,P026225,FRIENDS
BK008980,J000135,2072713528,2026-10-04,CONFIRMED,3,P026231,GROUP
BK008981,J000135,9125945449,2026-10-03,CONFIRMED,4,P026234,FRIENDS
BK008982,J000135,4347191719,2026-10-02,CONFIRMED,2,P026238,FAMILY
BK008983,J000135,9659534000,2026-10-01,CONFIRMED,2,P026240,FRIENDS
BK008984,J000135,1780983308,2026-09-30,CONFIRMED,1,P026242,INDIVIDUAL
BK008985,J000135,2126931432,2026-09-29,CONFIRMED,1,P026243,INDIVIDUAL
BK008986,J000135,1355826551,2026-09-28,CONFIRMED,1,P026244,INDIVIDUAL
BK008987,J000135,1334215203,2026-09-27,CONFIRMED,1,P026245,INDIVIDUAL
BK008988,J000135,6184283666,2026-09-26,CONFIRMED,4,P026246,FAMILY
BK008989,J000135,4613274472,2026-09-25,CONFIRMED,4,P026250,FRIENDS
BK008990,J000135,9523145499,2026-09-24,CONFIRMED,4,P026254,FAMILY
BK008991,J000135,4751184481,2026-09-23,CONFIRMED,2,P026258,FRIENDS
BK008992,J000135,7996598644,2026-09-22,CONFIRMED,2,P026260,FRIENDS
BK008993,J000135,7942327153,2026-09-21,CONFIRMED,4,P026262,FRIENDS
BK008994,J000135,3600893859,2026-09-20,CONFIRMED,3,P026266,FRIENDS
BK008995,J000135,3511930297,2026-09-19,CONFIRMED,4,P026269,GROUP
BK008996,J000135,7111222327,2026-09-18,CONFIRMED,1,P026273,INDIVIDUAL
BK008997,J000135,2131510139,2026-09-17,CONFIRMED,2,P026274,GROUP
BK008998,J000135,1042177345,2026-09-16,CONFIRMED,5,P026276,GROUP
BK008999,J000135,7583354322,2026-09-15,CONFIRMED,2,P026281,FRIENDS
BK009000,J000135,5820483415,2026-09-14,CANCELLED,4,P026283,FAMILY
BK009001,J000135,3532057237,2026-09-13,CONFIRMED,3,P026287,FAMILY
BK009002,J000135,5535417157,2026-09-12,CONFIRMED,1,P026290,INDIVIDUAL
BK009003,J000135,2347621952,2026-09-11,CONFIRMED,4,P026291,GROUP
BK009004,J000135,2873986862,2026-09-10,CONFIRMED,2,P026295,FRIENDS
BK009005,J000135,7931042718,2026-09-09,CONFIRMED,3,P026297,FAMILY
BK009006,J000135,3432347696,2026-10-16,CONFIRMED,2,P026300,FAMILY
BK009007,J000135,5309292166,2026-10-15,CONFIRMED,7,P026302,FAMILY
BK009008,J000135,5086393912,2026-10-14,CONFIRMED,2,P026309,FRIENDS
BK009009,J000135,7724706191,2026-10-13,WAITLISTED,1,P026311,INDIVIDUAL
BK009010,J000135,6059451956,2026-10-12,CONFIRMED,5,P026312,GROUP
BK009011,J000135,7780889229,2026-10-11,CONFIRMED,4,P026317,GROUP
BK009012,J000135,2615198204,2026-10-10,CONFIRMED,2,P026321,FRIENDS
BK009013,J000135,1050551970,2026-10-09,CONFIRMED,5,P026323,FAMILY
BK009014,J000135,7538519072,2026-10-08,CONFIRMED,4,P026328,FAMILY
BK009015,J000135,9377670612,2026-10-07,CONFIRMED,3,P026332,FAMILY
BK009016,J000135,9422048301,2026-10-06,CONFIRMED,4,P026335,FAMILY
BK009017,J000135,4984164560,2026-10-05,CONFIRMED,1,P026339,INDIVIDUAL
BK009018,J000135,5018294288,2026-10-04,CONFIRMED,1,P026340,INDIVIDUAL
BK009019,J000135,9693502422,2026-10-03,CONFIRMED,1,P026341,INDIVIDUAL
BK009020,J000135,9017984883,2026-10-02,CONFIRMED,2,P026342,FRIENDS
BK009021,J000135,2429256959,2026-10-01,CONFIRMED,1,P026344,INDIVIDUAL
BK009022,J000135,6083680915,2026-09-30,CONFIRMED,6,P026345,FAMILY
BK009023,J000135,2059663805,2026-09-29,CONFIRMED,1,P026351,INDIVIDUAL
BK009024,J000135,9983589796,2026-09-28,CONFIRMED,2,P026352,FRIENDS
BK009025,J000135,7627392237,2026-09-27,CONFIRMED,3,P026354,FAMILY
BK009026,J000135,4158987376,2026-09-26,CONFIRMED,4,P026357,FAMILY
BK009027,J000135,1332123162,2026-09-25,CONFIRMED,3,P026361,FAMILY
BK009028,J000135,8328516609,2026-09-24,CONFIRMED,1,P026364,INDIVIDUAL
BK009029,J000135,7172770155,2026-09-23,CONFIRMED,4,P026365,FRIENDS
BK009030,J000135,1098788084,2026-09-22,CONFIRMED,1,P026369,INDIVIDUAL
BK009031,J000136,6350770991,2026-09-25,CONFIRMED,1,P026370,INDIVIDUAL
BK009032,J000136,2169548840,2026-09-24,CONFIRMED,1,P026371,INDIVIDUAL
BK009033,J000136,4287125750,2026-09-23,CONFIRMED,2,P026372,GROUP
BK009034,J000136,1311706812,2026-09-22,CONFIRMED,1,P026374,INDIVIDUAL
BK009035,J000136,1623354904,2026-09-21,CONFIRMED,2,P026375,FRIENDS
BK009036,J000136,8902473912,2026-09-20,CONFIRMED,1,P026377,INDIVIDUAL
BK009037,J000136,9322392208,2026-09-19,CONFIRMED,2,P026378,GROUP
BK009038,J000136,4659686886,2026-09-18,CONFIRMED,4,P026380,FAMILY
BK009039,J000136,1215923067,2026-09-17,CONFIRMED,2,P026384,FRIENDS
BK009040,J000136,3875002496,2026-09-16,RAC,1,P026386,INDIVIDUAL
BK009041,J000136,6688633202,2026-09-15,CONFIRMED,3,P026387,FAMILY
BK009042,J000136,8496896584,2026-09-14,WAITLISTED,1,P026390,INDIVIDUAL
BK009043,J000136,6870518034,2026-09-13,CONFIRMED,4,P026391,GROUP
BK009044,J000136,4889118971,2026-10-20,CONFIRMED,3,P026395,GROUP
BK009045,J000136,7039780855,2026-10-19,CONFIRMED,2,P026398,GROUP
BK009046,J000136,4463607224,2026-10-18,CONFIRMED,4,P026400,FAMILY
BK009047,J000136,2458853915,2026-10-17,CONFIRMED,1,P026404,INDIVIDUAL
BK009048,J000136,9164022300,2026-10-16,CONFIRMED,1,P026405,INDIVIDUAL
BK009049,J000136,4202622156,2026-10-15,CONFIRMED,6,P026406,GROUP
BK009050,J000136,8418043241,2026-10-14,CONFIRMED,4,P026412,FAMILY
BK009051,J000136,6733408583,2026-10-13,CONFIRMED,3,P026416,FAMILY
BK009052,J000136,6159969956,2026-10-12,CONFIRMED,8,P026419,FAMILY
BK009053,J000136,8622215943,2026-10-11,CONFIRMED,3,P026427,FAMILY
BK009054,J000136,7822460112,2026-10-10,CONFIRMED,2,P026430,FAMILY
BK009055,J000136,9502792126,2026-10-09,CONFIRMED,2,P026432,FRIENDS
BK009056,J000136,6285715495,2026-10-08,CONFIRMED,4,P026434,FAMILY
BK009057,J000136,6323689903,2026-10-07,CONFIRMED,4,P026438,FRIENDS
BK009058,J000136,6186339943,2026-10-06,CONFIRMED,2,P026442,FAMILY
BK009059,J000136,8849566660,2026-10-05,CONFIRMED,1,P026444,INDIVIDUAL
BK009060,J000136,4230390549,2026-10-04,CONFIRMED,6,P026445,FAMILY
BK009061,J000136,7441411207,2026-10-03,CONFIRMED,3,P026451,FAMILY
BK009062,J000136,6035282784,2026-10-02,CONFIRMED,1,P026454,INDIVIDUAL
BK009063,J000136,9878631584,2026-10-01,CONFIRMED,4,P026455,CAREGIVER_COMPANION
BK009064,J000136,4322094255,2026-09-30,CONFIRMED,2,P026459,FRIENDS
BK009065,J000136,6244184701,2026-09-29,CONFIRMED,2,P026461,GROUP
BK009066,J000136,4273715789,2026-09-28,CONFIRMED,2,P026463,FAMILY
BK009067,J000136,1606840121,2026-09-27,CONFIRMED,3,P026465,FAMILY
BK009068,J000136,5664920022,2026-09-26,CONFIRMED,3,P026468,GROUP
BK009069,J000136,8738686058,2026-09-25,CONFIRMED,1,P026471,INDIVIDUAL
BK009070,J000136,9192653365,2026-09-24,CONFIRMED,1,P026472,INDIVIDUAL
BK009071,J000136,4537314787,2026-09-23,CONFIRMED,3,P026473,FAMILY
BK009072,J000136,7624340892,2026-09-22,CONFIRMED,4,P026476,FAMILY
BK009073,J000136,7033023177,2026-09-21,CONFIRMED,2,P026480,GROUP
BK009074,J000136,4610090857,2026-09-20,CONFIRMED,7,P026482,FRIENDS
BK009075,J000136,7775218554,2026-09-19,WAITLISTED,1,P026489,INDIVIDUAL
BK009076,J000136,5693550959,2026-09-18,CONFIRMED,2,P026490,FRIENDS
BK009077,J000136,5621121446,2026-09-17,CONFIRMED,5,P026492,FAMILY
BK009078,J000136,2463909778,2026-09-16,CONFIRMED,4,P026497,FAMILY
BK009079,J000136,7057476720,2026-09-15,CONFIRMED,7,P026501,FAMILY
BK009080,J000136,6746664662,2026-09-14,RAC,3,P026508,GROUP
BK009081,J000136,1505549739,2026-09-13,CONFIRMED,3,P026511,FAMILY
BK009082,J000136,5233434935,2026-10-20,CONFIRMED,2,P026514,FAMILY
BK009083,J000136,4437006588,2026-10-19,CONFIRMED,1,P026516,INDIVIDUAL
BK009084,J000136,6733779447,2026-10-18,CONFIRMED,7,P026517,GROUP
BK009085,J000136,7343247658,2026-10-17,CONFIRMED,1,P026524,INDIVIDUAL
BK009086,J000136,1454715155,2026-10-16,CONFIRMED,5,P026525,GROUP
BK009087,J000136,4724534979,2026-10-15,CONFIRMED,2,P026530,FRIENDS
BK009088,J000136,2965916670,2026-10-14,CONFIRMED,1,P026532,INDIVIDUAL
BK009089,J000136,4111900211,2026-10-13,CONFIRMED,1,P026533,INDIVIDUAL
BK009090,J000136,6991430776,2026-10-12,CONFIRMED,4,P026534,FAMILY
BK009091,J000136,7773788089,2026-10-11,CONFIRMED,2,P026538,FRIENDS
BK009092,J000136,6761519831,2026-10-10,CONFIRMED,5,P026540,FRIENDS
BK009093,J000136,5481400239,2026-10-09,CONFIRMED,4,P026545,FRIENDS
BK009094,J000136,8600058745,2026-10-08,CONFIRMED,2,P026549,FAMILY
BK009095,J000136,3938153275,2026-10-07,CONFIRMED,3,P026551,FAMILY
BK009096,J000136,6438920852,2026-10-06,CONFIRMED,1,P026554,INDIVIDUAL
BK009097,J000137,6613703165,2026-10-08,CONFIRMED,1,P026555,INDIVIDUAL
BK009098,J000137,9636498720,2026-10-07,CONFIRMED,3,P026556,FRIENDS
BK009099,J000137,8431058893,2026-10-06,CONFIRMED,4,P026559,GROUP
BK009100,J000137,2693297383,2026-10-05,CANCELLED,2,P026563,FRIENDS
BK009101,J000137,2775154225,2026-10-04,CONFIRMED,4,P026565,CAREGIVER_COMPANION
BK009102,J000137,1184553473,2026-10-03,CONFIRMED,8,P026569,FAMILY
BK009103,J000137,5010112423,2026-10-02,CONFIRMED,1,P026577,INDIVIDUAL
BK009104,J000137,5089276361,2026-10-01,CONFIRMED,3,P026578,GROUP
BK009105,J000137,3650170030,2026-09-30,CONFIRMED,3,P026581,FAMILY
BK009106,J000137,7753462402,2026-09-29,CONFIRMED,3,P026584,FRIENDS
BK009107,J000137,5305378056,2026-09-28,CONFIRMED,1,P026587,INDIVIDUAL
BK009108,J000137,6432302143,2026-09-27,WAITLISTED,4,P026588,FAMILY
BK009109,J000137,9874567308,2026-09-26,CONFIRMED,2,P026592,GROUP
BK009110,J000137,3251992072,2026-09-25,CONFIRMED,4,P026594,FAMILY
BK009111,J000137,5877057259,2026-09-24,CONFIRMED,2,P026598,FRIENDS
BK009112,J000137,3670201400,2026-09-23,CONFIRMED,2,P026600,FRIENDS
BK009113,J000137,5481646868,2026-09-22,CONFIRMED,6,P026602,GROUP
BK009114,J000137,6336989280,2026-09-21,CONFIRMED,2,P026608,FAMILY
BK009115,J000137,3883078783,2026-09-20,CONFIRMED,1,P026610,INDIVIDUAL
BK009116,J000137,8509811090,2026-09-19,CONFIRMED,2,P026611,FRIENDS
BK009117,J000137,1583841678,2026-09-18,CONFIRMED,7,P026613,FAMILY
BK009118,J000137,2520218184,2026-09-17,CONFIRMED,1,P026620,INDIVIDUAL
BK009119,J000137,4117408756,2026-09-16,CONFIRMED,2,P026621,FRIENDS
BK009120,J000137,5254301170,2026-10-23,RAC,1,P026623,INDIVIDUAL
BK009121,J000137,3447389979,2026-10-22,CONFIRMED,4,P026624,FRIENDS
BK009122,J000137,2155174193,2026-10-21,CONFIRMED,4,P026628,FAMILY
BK009123,J000137,1773828147,2026-10-20,CONFIRMED,2,P026632,FRIENDS
BK009124,J000137,3069829205,2026-10-19,CONFIRMED,1,P026634,INDIVIDUAL
BK009125,J000137,9090896688,2026-10-18,CONFIRMED,3,P026635,FAMILY
BK009126,J000137,4856483394,2026-10-17,CONFIRMED,3,P026638,FRIENDS
BK009127,J000137,8654280345,2026-10-16,CONFIRMED,4,P026641,GROUP
BK009128,J000137,4424020243,2026-10-15,CONFIRMED,5,P026645,FRIENDS
BK009129,J000137,1656603084,2026-10-14,CONFIRMED,2,P026650,GROUP
BK009130,J000137,2292004042,2026-10-13,CONFIRMED,3,P026652,FRIENDS
BK009131,J000137,9794194672,2026-10-12,CONFIRMED,4,P026655,GROUP
BK009132,J000137,7340034850,2026-10-11,CONFIRMED,3,P026659,GROUP
BK009133,J000137,1492434560,2026-10-10,CONFIRMED,8,P026662,FRIENDS
BK009134,J000137,3570947817,2026-10-09,CONFIRMED,2,P026670,FAMILY
BK009135,J000137,7616441229,2026-10-08,CONFIRMED,2,P026672,FRIENDS
BK009136,J000137,5315223816,2026-10-07,CONFIRMED,3,P026674,GROUP
BK009137,J000137,2512185698,2026-10-06,CONFIRMED,4,P026677,FRIENDS
BK009138,J000137,5430710696,2026-10-05,CONFIRMED,1,P026681,INDIVIDUAL
BK009139,J000137,6238792257,2026-10-04,CONFIRMED,1,P026682,INDIVIDUAL
BK009140,J000137,4760366925,2026-10-03,CONFIRMED,6,P026683,FAMILY
BK009141,J000137,7989096835,2026-10-02,WAITLISTED,5,P026689,FAMILY
BK009142,J000137,3110626663,2026-10-01,CONFIRMED,2,P026694,FAMILY
BK009143,J000137,9357529419,2026-09-30,CONFIRMED,1,P026696,INDIVIDUAL
BK009144,J000137,5586836987,2026-09-29,CONFIRMED,3,P026697,GROUP
BK009145,J000137,8789271947,2026-09-28,CONFIRMED,2,P026700,GROUP
BK009146,J000137,7913173049,2026-09-27,CONFIRMED,1,P026702,INDIVIDUAL
BK009147,J000137,3456077254,2026-09-26,CONFIRMED,6,P026703,FRIENDS
BK009148,J000137,4787865083,2026-09-25,CONFIRMED,4,P026709,FAMILY
BK009149,J000137,2281832405,2026-09-24,CONFIRMED,6,P026713,GROUP
BK009150,J000137,8973268761,2026-09-23,CONFIRMED,3,P026719,FRIENDS
BK009151,J000137,9801660947,2026-09-22,CONFIRMED,2,P026722,FRIENDS
BK009152,J000137,1448371370,2026-09-21,CONFIRMED,3,P026724,GROUP
BK009153,J000137,7989186494,2026-09-20,CONFIRMED,4,P026727,FRIENDS
BK009154,J000137,7360266451,2026-09-19,CONFIRMED,3,P026731,FRIENDS
BK009155,J000137,6582620760,2026-09-18,CONFIRMED,1,P026734,INDIVIDUAL
BK009156,J000137,5251480448,2026-09-17,CONFIRMED,7,P026735,GROUP
BK009157,J000137,7066261262,2026-09-16,CONFIRMED,7,P026742,FAMILY
BK009158,J000137,4249176258,2026-10-23,CONFIRMED,7,P026749,CAREGIVER_COMPANION
BK009159,J000137,3475037943,2026-10-22,CONFIRMED,4,P026756,GROUP
BK009160,J000137,9081821441,2026-10-21,RAC,5,P026760,FRIENDS
BK009161,J000137,6977320133,2026-10-20,CONFIRMED,2,P026765,GROUP
BK009162,J000137,5471878010,2026-10-19,CONFIRMED,2,P026767,FAMILY
BK009163,J000138,7445689778,2026-10-22,CONFIRMED,2,P026769,FRIENDS
BK009164,J000138,2843035941,2026-10-21,CONFIRMED,5,P026771,FRIENDS
BK009165,J000138,4202607043,2026-10-20,CONFIRMED,1,P026776,INDIVIDUAL
BK009166,J000138,2096412693,2026-10-19,CONFIRMED,4,P026777,FAMILY
BK009167,J000138,9291217668,2026-10-18,CONFIRMED,3,P026781,FAMILY
BK009168,J000138,9803426114,2026-10-17,CONFIRMED,1,P026784,INDIVIDUAL
BK009169,J000138,4043062159,2026-10-16,CONFIRMED,3,P026785,FAMILY
BK009170,J000138,4358573316,2026-10-15,CONFIRMED,2,P026788,FAMILY
BK009171,J000138,8521828445,2026-10-14,CONFIRMED,3,P026790,FAMILY
BK009172,J000138,2628761616,2026-10-13,CONFIRMED,4,P026793,FAMILY
BK009173,J000138,6239088063,2026-10-12,CONFIRMED,2,P026797,GROUP
BK009174,J000138,5535687550,2026-10-11,WAITLISTED,1,P026799,INDIVIDUAL
BK009175,J000138,7834852260,2026-10-10,CONFIRMED,1,P026800,INDIVIDUAL
BK009176,J000138,8506958194,2026-10-09,CONFIRMED,3,P026801,GROUP
BK009177,J000138,8077265322,2026-10-08,CONFIRMED,3,P026804,FAMILY
BK009178,J000138,7702790562,2026-10-07,CONFIRMED,3,P026807,FRIENDS
BK009179,J000138,7978523112,2026-10-06,CONFIRMED,4,P026810,GROUP
BK009180,J000138,5868161286,2026-10-05,CONFIRMED,1,P026814,INDIVIDUAL
BK009181,J000138,9659293194,2026-10-04,CONFIRMED,2,P026815,GROUP
BK009182,J000138,8023844927,2026-10-03,CONFIRMED,7,P026817,FRIENDS
BK009183,J000138,3466647851,2026-10-02,CONFIRMED,4,P026824,GROUP
BK009184,J000138,2247252166,2026-10-01,CONFIRMED,3,P026828,GROUP
BK009185,J000138,3315995453,2026-09-30,CONFIRMED,7,P026831,FAMILY
BK009186,J000138,3924025215,2026-09-29,CONFIRMED,5,P026838,GROUP
BK009187,J000138,3266210825,2026-09-28,CONFIRMED,2,P026843,FRIENDS
BK009188,J000138,1593885708,2026-09-27,CONFIRMED,1,P026845,INDIVIDUAL
BK009189,J000138,7870268309,2026-09-26,CONFIRMED,2,P026846,GROUP
BK009190,J000138,1048320351,2026-09-25,CONFIRMED,1,P026848,INDIVIDUAL
BK009191,J000138,2644857791,2026-09-24,CONFIRMED,1,P026849,INDIVIDUAL
BK009192,J000138,6918719361,2026-09-23,CONFIRMED,1,P026850,INDIVIDUAL
BK009193,J000138,8686297172,2026-09-22,CONFIRMED,4,P026851,FRIENDS
BK009194,J000138,7570247006,2026-09-21,CONFIRMED,2,P026855,FAMILY
BK009195,J000138,9409804959,2026-09-20,CONFIRMED,1,P026857,INDIVIDUAL
BK009196,J000138,8793913350,2026-10-27,CONFIRMED,1,P026858,INDIVIDUAL
BK009197,J000138,7968973640,2026-10-26,CONFIRMED,1,P026859,INDIVIDUAL
BK009198,J000138,3316552305,2026-10-25,CONFIRMED,3,P026860,FRIENDS
BK009199,J000138,6304721018,2026-10-24,CONFIRMED,3,P026863,FAMILY
BK009200,J000138,2310146027,2026-10-23,CANCELLED,6,P026866,FAMILY
BK009201,J000138,3906064576,2026-10-22,CONFIRMED,4,P026872,FRIENDS
BK009202,J000138,2573268789,2026-10-21,CONFIRMED,1,P026876,INDIVIDUAL
BK009203,J000138,6194255326,2026-10-20,CONFIRMED,6,P026877,FRIENDS
BK009204,J000138,5299927782,2026-10-19,CONFIRMED,1,P026883,INDIVIDUAL
BK009205,J000138,9865648995,2026-10-18,CONFIRMED,3,P026884,FAMILY
BK009206,J000138,3854745803,2026-10-17,CONFIRMED,5,P026887,GROUP
BK009207,J000138,1754074243,2026-10-16,WAITLISTED,1,P026892,INDIVIDUAL
BK009208,J000138,9551542423,2026-10-15,CONFIRMED,1,P026893,INDIVIDUAL
BK009209,J000138,2446711164,2026-10-14,CONFIRMED,3,P026894,FAMILY
BK009210,J000138,4734725696,2026-10-13,CONFIRMED,2,P026897,FAMILY
BK009211,J000138,5918679445,2026-10-12,CONFIRMED,4,P026899,GROUP
BK009212,J000138,7382127729,2026-10-11,CONFIRMED,1,P026903,INDIVIDUAL
BK009213,J000138,8110495678,2026-10-10,CONFIRMED,1,P026904,INDIVIDUAL
BK009214,J000138,1987360642,2026-10-09,CONFIRMED,1,P026905,INDIVIDUAL
BK009215,J000138,3485824649,2026-10-08,CONFIRMED,1,P026906,INDIVIDUAL
BK009216,J000138,4532095498,2026-10-07,CONFIRMED,4,P026907,FAMILY
BK009217,J000138,3789582125,2026-10-06,CONFIRMED,4,P026911,FRIENDS
BK009218,J000138,2737117958,2026-10-05,CONFIRMED,3,P026915,FRIENDS
BK009219,J000138,8661523666,2026-10-04,CONFIRMED,4,P026918,GROUP
BK009220,J000138,7343515365,2026-10-03,CONFIRMED,1,P026922,INDIVIDUAL
BK009221,J000138,5131926223,2026-10-02,CONFIRMED,1,P026923,INDIVIDUAL
BK009222,J000138,6741915488,2026-10-01,CONFIRMED,2,P026924,FAMILY
BK009223,J000138,9038568838,2026-09-30,CONFIRMED,6,P026926,FRIENDS
BK009224,J000138,6970622265,2026-09-29,CONFIRMED,2,P026932,FRIENDS
BK009225,J000138,8234257037,2026-09-28,CONFIRMED,2,P026934,GROUP
BK009226,J000138,3554387608,2026-09-27,CONFIRMED,2,P026936,FAMILY
BK009227,J000138,4039482571,2026-09-26,CONFIRMED,2,P026938,FRIENDS
BK009228,J000138,2945584684,2026-09-25,CONFIRMED,4,P026940,FAMILY
BK009229,J000139,7326578720,2026-09-08,CONFIRMED,1,P026944,INDIVIDUAL
BK009230,J000139,9629836571,2026-09-07,CONFIRMED,2,P026945,FAMILY
BK009231,J000139,4912300270,2026-09-06,CONFIRMED,7,P026947,FAMILY
BK009232,J000139,4806065405,2026-09-05,CONFIRMED,2,P026954,FRIENDS
BK009233,J000139,1281760995,2026-09-04,CONFIRMED,2,P026956,GROUP
BK009234,J000139,4287379401,2026-10-11,CONFIRMED,1,P026958,INDIVIDUAL
BK009235,J000139,4364969715,2026-10-10,CONFIRMED,3,P026959,FAMILY
BK009236,J000139,7863074832,2026-10-09,CONFIRMED,3,P026962,GROUP
BK009237,J000139,2661248650,2026-10-08,CONFIRMED,7,P026965,FAMILY
BK009238,J000139,2939290654,2026-10-07,CONFIRMED,2,P026972,FAMILY
BK009239,J000139,9520307161,2026-10-06,CONFIRMED,2,P026974,FRIENDS
BK009240,J000139,8113892538,2026-10-05,RAC,5,P026976,FRIENDS
BK009241,J000139,3022571985,2026-10-04,CONFIRMED,1,P026981,INDIVIDUAL
BK009242,J000139,8985433285,2026-10-03,CONFIRMED,3,P026982,FRIENDS
BK009243,J000139,4161678714,2026-10-02,CONFIRMED,1,P026985,INDIVIDUAL
BK009244,J000139,9782695981,2026-10-01,CONFIRMED,3,P026986,GROUP
BK009245,J000139,2421333312,2026-09-30,CONFIRMED,3,P026989,FAMILY
BK009246,J000139,6559778815,2026-09-29,CONFIRMED,3,P026992,FRIENDS
BK009247,J000139,1448682587,2026-09-28,CONFIRMED,2,P026995,FRIENDS
BK009248,J000139,8077040498,2026-09-27,CONFIRMED,2,P026997,FRIENDS
BK009249,J000139,8008232122,2026-09-26,CONFIRMED,4,P026999,FRIENDS
BK009250,J000139,9351164148,2026-09-25,CONFIRMED,4,P027003,FAMILY
BK009251,J000139,6362326198,2026-09-24,CONFIRMED,1,P027007,INDIVIDUAL
BK009252,J000139,4801927294,2026-09-23,CONFIRMED,3,P027008,GROUP
BK009253,J000139,3272525337,2026-09-22,CONFIRMED,4,P027011,CAREGIVER_COMPANION
BK009254,J000139,2618366163,2026-09-21,CONFIRMED,4,P027015,FAMILY
BK009255,J000139,9837695146,2026-09-20,CONFIRMED,2,P027019,FRIENDS
BK009256,J000139,3383468030,2026-09-19,CONFIRMED,1,P027021,INDIVIDUAL
BK009257,J000139,3257878044,2026-09-18,CONFIRMED,7,P027022,FAMILY
BK009258,J000139,1885130986,2026-09-17,CONFIRMED,3,P027029,FRIENDS
BK009259,J000139,6607681692,2026-09-16,CONFIRMED,5,P027032,FAMILY
BK009260,J000139,6594366807,2026-09-15,CONFIRMED,4,P027037,FAMILY
BK009261,J000139,3417487539,2026-09-14,CONFIRMED,3,P027041,FAMILY
BK009262,J000139,5388545456,2026-09-13,CONFIRMED,3,P027044,FRIENDS
BK009263,J000139,7712304486,2026-09-12,CONFIRMED,2,P027047,FRIENDS
BK009264,J000139,9549995434,2026-09-11,CONFIRMED,2,P027049,FRIENDS
BK009265,J000139,1681247809,2026-09-10,CONFIRMED,1,P027051,INDIVIDUAL
BK009266,J000139,4163228148,2026-09-09,CONFIRMED,4,P027052,FAMILY
BK009267,J000139,2082335925,2026-09-08,CONFIRMED,1,P027056,INDIVIDUAL
BK009268,J000139,3553178933,2026-09-07,CONFIRMED,4,P027057,FAMILY
BK009269,J000139,4330142766,2026-09-06,CONFIRMED,1,P027061,INDIVIDUAL
BK009270,J000139,3066235962,2026-09-05,CONFIRMED,2,P027062,FAMILY
BK009271,J000139,6983034841,2026-09-04,CONFIRMED,7,P027064,FAMILY
BK009272,J000139,1888071195,2026-10-11,CONFIRMED,4,P027071,CAREGIVER_COMPANION
BK009273,J000139,7795802674,2026-10-10,WAITLISTED,6,P027075,GROUP
BK009274,J000139,2245923251,2026-10-09,CONFIRMED,1,P027081,INDIVIDUAL
BK009275,J000139,1938966908,2026-10-08,CONFIRMED,1,P027082,INDIVIDUAL
BK009276,J000139,4564922594,2026-10-07,CONFIRMED,2,P027083,FRIENDS
BK009277,J000139,2104048942,2026-10-06,CONFIRMED,3,P027085,FAMILY
BK009278,J000139,8500066183,2026-10-05,CONFIRMED,1,P027088,INDIVIDUAL
BK009279,J000139,2924699841,2026-10-04,CONFIRMED,1,P027089,INDIVIDUAL
BK009280,J000139,5222100906,2026-10-03,RAC,1,P027090,INDIVIDUAL
BK009281,J000139,3722862440,2026-10-02,CONFIRMED,1,P027091,INDIVIDUAL
BK009282,J000139,8308170219,2026-10-01,CONFIRMED,4,P027092,FAMILY
BK009283,J000139,2817349092,2026-09-30,CONFIRMED,4,P027096,GROUP
BK009284,J000139,7877286345,2026-09-29,CONFIRMED,1,P027100,INDIVIDUAL
BK009285,J000139,7794138864,2026-09-28,CONFIRMED,1,P027101,INDIVIDUAL
BK009286,J000139,4597467911,2026-09-27,CONFIRMED,4,P027102,FAMILY
BK009287,J000139,6682517049,2026-09-26,CONFIRMED,3,P027106,FAMILY
BK009288,J000139,8597969979,2026-09-25,CONFIRMED,5,P027109,FRIENDS
BK009289,J000139,8917420782,2026-09-24,CONFIRMED,2,P027114,GROUP
BK009290,J000139,9250958706,2026-09-23,CONFIRMED,2,P027116,FAMILY
BK009291,J000139,8795087944,2026-09-22,CONFIRMED,4,P027118,CAREGIVER_COMPANION
BK009292,J000139,5777393827,2026-09-21,CONFIRMED,5,P027122,FRIENDS
BK009293,J000139,2251073614,2026-09-20,CONFIRMED,2,P027127,GROUP
BK009294,J000139,9133344199,2026-09-19,CONFIRMED,1,P027129,INDIVIDUAL
BK009295,J000140,2114951491,2026-09-21,CONFIRMED,1,P027130,INDIVIDUAL
BK009296,J000140,8568142512,2026-09-20,CONFIRMED,7,P027131,GROUP
BK009297,J000140,2360743831,2026-09-19,CONFIRMED,4,P027138,FRIENDS
BK009298,J000140,8098444307,2026-09-18,CONFIRMED,5,P027142,GROUP
BK009299,J000140,6881983173,2026-09-17,CONFIRMED,3,P027147,FAMILY
BK009300,J000140,1249035674,2026-09-16,CANCELLED,2,P027150,FRIENDS
BK009301,J000140,1403788613,2026-09-15,CONFIRMED,1,P027152,INDIVIDUAL
BK009302,J000140,9855425546,2026-09-14,CONFIRMED,4,P027153,FAMILY
BK009303,J000140,1087026645,2026-09-13,CONFIRMED,4,P027157,GROUP
BK009304,J000140,5469257158,2026-09-12,CONFIRMED,4,P027161,FAMILY
BK009305,J000140,3506308077,2026-09-11,CONFIRMED,1,P027165,INDIVIDUAL
BK009306,J000140,8580048776,2026-09-10,WAITLISTED,6,P027166,FAMILY
BK009307,J000140,2824295264,2026-09-09,CONFIRMED,4,P027172,GROUP
BK009308,J000140,2936229334,2026-09-08,CONFIRMED,1,P027176,INDIVIDUAL
BK009309,J000140,4536802146,2026-09-07,CONFIRMED,1,P027177,INDIVIDUAL
BK009310,J000140,7860760468,2026-10-14,CONFIRMED,4,P027178,CAREGIVER_COMPANION
BK009311,J000140,8623467426,2026-10-13,CONFIRMED,5,P027182,FAMILY
BK009312,J000140,6046584850,2026-10-12,CONFIRMED,1,P027187,INDIVIDUAL
BK009313,J000140,8274065577,2026-10-11,CONFIRMED,1,P027188,INDIVIDUAL
BK009314,J000140,2113053591,2026-10-10,CONFIRMED,8,P027189,FAMILY
BK009315,J000140,3950091263,2026-10-09,CONFIRMED,3,P027197,FAMILY
BK009316,J000140,4919636463,2026-10-08,CONFIRMED,2,P027200,FRIENDS
BK009317,J000140,6349448492,2026-10-07,CONFIRMED,2,P027202,GROUP
BK009318,J000140,1398525431,2026-10-06,CONFIRMED,5,P027204,GROUP
BK009319,J000140,4615096478,2026-10-05,CONFIRMED,1,P027209,INDIVIDUAL
BK009320,J000140,4404596668,2026-10-04,RAC,5,P027210,FRIENDS
BK009321,J000140,4577335413,2026-10-03,CONFIRMED,4,P027215,FRIENDS
BK009322,J000140,1337630847,2026-10-02,CONFIRMED,5,P027219,GROUP
BK009323,J000140,2549743810,2026-10-01,CONFIRMED,2,P027224,FRIENDS
BK009324,J000140,9002276912,2026-09-30,CONFIRMED,1,P027226,INDIVIDUAL
BK009325,J000140,6467063764,2026-09-29,CONFIRMED,3,P027227,FAMILY
BK009326,J000140,2586992290,2026-09-28,CONFIRMED,4,P027230,FAMILY
BK009327,J000140,6514155452,2026-09-27,CONFIRMED,6,P027234,FRIENDS
BK009328,J000140,7720988013,2026-09-26,CONFIRMED,7,P027240,GROUP
BK009329,J000140,5833696178,2026-09-25,CONFIRMED,5,P027247,CAREGIVER_COMPANION
BK009330,J000140,9025814153,2026-09-24,CONFIRMED,2,P027252,FAMILY
BK009331,J000140,2069340882,2026-09-23,CONFIRMED,3,P027254,FAMILY
BK009332,J000140,4576975766,2026-09-22,CONFIRMED,5,P027257,FRIENDS
BK009333,J000140,9399717523,2026-09-21,CONFIRMED,6,P027262,GROUP
BK009334,J000140,7449231756,2026-09-20,CONFIRMED,2,P027268,FAMILY
BK009335,J000140,5689577656,2026-09-19,CONFIRMED,1,P027270,INDIVIDUAL
BK009336,J000140,7771591390,2026-09-18,CONFIRMED,1,P027271,INDIVIDUAL
BK009337,J000140,2871842179,2026-09-17,CONFIRMED,2,P027272,GROUP
BK009338,J000140,5064093748,2026-09-16,CONFIRMED,1,P027274,INDIVIDUAL
BK009339,J000140,1500869017,2026-09-15,WAITLISTED,4,P027275,GROUP
BK009340,J000140,1831318324,2026-09-14,CONFIRMED,2,P027279,FRIENDS
BK009341,J000140,7068069449,2026-09-13,CONFIRMED,3,P027281,FAMILY
BK009342,J000140,1524147444,2026-09-12,CONFIRMED,4,P027284,FAMILY
BK009343,J000140,6877978872,2026-09-11,CONFIRMED,3,P027288,FAMILY
BK009344,J000140,3321794947,2026-09-10,CONFIRMED,4,P027291,FAMILY
BK009345,J000140,5756677688,2026-09-09,CONFIRMED,1,P027295,INDIVIDUAL
BK009346,J000140,2923019605,2026-09-08,CONFIRMED,1,P027296,INDIVIDUAL
BK009347,J000140,3024727431,2026-09-07,CONFIRMED,5,P027297,FAMILY
BK009348,J000140,2035606279,2026-10-14,CONFIRMED,1,P027302,INDIVIDUAL
BK009349,J000140,3026386719,2026-10-13,CONFIRMED,2,P027303,GROUP
BK009350,J000140,9285208987,2026-10-12,CONFIRMED,1,P027305,INDIVIDUAL
BK009351,J000140,8219167004,2026-10-11,CONFIRMED,5,P027306,FAMILY
BK009352,J000140,9814208498,2026-10-10,CONFIRMED,1,P027311,INDIVIDUAL
BK009353,J000140,8702247532,2026-10-09,CONFIRMED,2,P027312,GROUP
BK009354,J000140,5095277594,2026-10-08,CONFIRMED,2,P027314,FAMILY
BK009355,J000140,6288931544,2026-10-07,CONFIRMED,3,P027316,FAMILY
BK009356,J000140,6031436184,2026-10-06,CONFIRMED,4,P027319,FAMILY
BK009357,J000140,1015595622,2026-10-05,CONFIRMED,4,P027323,FRIENDS
BK009358,J000140,3740083860,2026-10-04,CONFIRMED,3,P027327,FRIENDS
BK009359,J000140,8738453043,2026-10-03,CONFIRMED,2,P027330,FRIENDS
BK009360,J000140,9843729421,2026-10-02,RAC,1,P027332,INDIVIDUAL
BK009361,J000141,2803344609,2026-10-02,CONFIRMED,3,P027333,FAMILY
BK009362,J000141,5916554701,2026-10-01,CONFIRMED,5,P027336,GROUP
BK009363,J000141,6063376065,2026-09-30,CONFIRMED,3,P027341,FAMILY
BK009364,J000141,6488271146,2026-09-29,CONFIRMED,1,P027344,INDIVIDUAL
BK009365,J000141,4493785011,2026-09-28,CONFIRMED,8,P027345,FRIENDS
BK009366,J000141,9532931990,2026-09-27,CONFIRMED,1,P027353,INDIVIDUAL
BK009367,J000141,1411829718,2026-09-26,CONFIRMED,2,P027354,FRIENDS
BK009368,J000141,6550533943,2026-09-25,CONFIRMED,5,P027356,FRIENDS
BK009369,J000141,7723439884,2026-09-24,CONFIRMED,4,P027361,FRIENDS
BK009370,J000141,8773754098,2026-09-23,CONFIRMED,1,P027365,INDIVIDUAL
BK009371,J000141,7607228451,2026-09-22,CONFIRMED,3,P027366,FAMILY
BK009372,J000141,4320867582,2026-09-21,WAITLISTED,1,P027369,INDIVIDUAL
BK009373,J000141,3647904014,2026-09-20,CONFIRMED,2,P027370,GROUP
BK009374,J000141,1359650491,2026-09-19,CONFIRMED,3,P027372,FRIENDS
BK009375,J000141,3445762689,2026-09-18,CONFIRMED,2,P027375,FRIENDS
BK009376,J000141,9850043062,2026-09-17,CONFIRMED,3,P027377,GROUP
BK009377,J000141,2481694727,2026-09-16,CONFIRMED,1,P027380,INDIVIDUAL
BK009378,J000141,8522206781,2026-09-15,CONFIRMED,1,P027381,INDIVIDUAL
BK009379,J000141,2767629415,2026-09-14,CONFIRMED,3,P027382,FAMILY
BK009380,J000141,1144920782,2026-09-13,CONFIRMED,4,P027385,FAMILY
BK009381,J000141,6363382816,2026-09-12,CONFIRMED,7,P027389,FAMILY
BK009382,J000141,9059753828,2026-09-11,CONFIRMED,4,P027396,FAMILY
BK009383,J000141,9612874441,2026-09-10,CONFIRMED,3,P027400,FAMILY
BK009384,J000141,9926176020,2026-09-09,CONFIRMED,2,P027403,FRIENDS
BK009385,J000141,9640887886,2026-09-08,CONFIRMED,3,P027405,FAMILY
BK009386,J000141,7788587887,2026-10-15,CONFIRMED,1,P027408,INDIVIDUAL
BK009387,J000141,3968201553,2026-10-14,CONFIRMED,4,P027409,GROUP
BK009388,J000141,5524117371,2026-10-13,CONFIRMED,3,P027413,GROUP
BK009389,J000141,5940783503,2026-10-12,CONFIRMED,4,P027416,FRIENDS
BK009390,J000141,3792713731,2026-10-11,CONFIRMED,3,P027420,FRIENDS
BK009391,J000141,2610917342,2026-10-10,CONFIRMED,1,P027423,INDIVIDUAL
BK009392,J000141,8360810940,2026-10-09,CONFIRMED,2,P027424,FRIENDS
BK009393,J000141,6670202157,2026-10-08,CONFIRMED,1,P027426,INDIVIDUAL
BK009394,J000141,5894469107,2026-10-07,CONFIRMED,1,P027427,INDIVIDUAL
BK009395,J000141,6429712320,2026-10-06,CONFIRMED,5,P027428,FAMILY
BK009396,J000141,7602897017,2026-10-05,CONFIRMED,2,P027433,FRIENDS
BK009397,J000141,9578658855,2026-10-04,CONFIRMED,3,P027435,FAMILY
BK009398,J000141,3470913219,2026-10-03,CONFIRMED,1,P027438,INDIVIDUAL
BK009399,J000141,2165339317,2026-10-02,CONFIRMED,8,P027439,GROUP
BK009400,J000141,8028248433,2026-10-01,CANCELLED,2,P027447,FRIENDS
BK009401,J000141,6910551740,2026-09-30,CONFIRMED,1,P027449,INDIVIDUAL
BK009402,J000141,5815115400,2026-09-29,CONFIRMED,3,P027450,FRIENDS
BK009403,J000141,3084277055,2026-09-28,CONFIRMED,5,P027453,FAMILY
BK009404,J000141,2065658697,2026-09-27,CONFIRMED,3,P027458,GROUP
BK009405,J000141,6024205189,2026-09-26,WAITLISTED,2,P027461,GROUP
BK009406,J000141,8715668118,2026-09-25,CONFIRMED,2,P027463,FAMILY
BK009407,J000141,3416433492,2026-09-24,CONFIRMED,3,P027465,FAMILY
BK009408,J000141,4321175653,2026-09-23,CONFIRMED,2,P027468,FRIENDS
BK009409,J000141,6114246203,2026-09-22,CONFIRMED,2,P027470,GROUP
BK009410,J000141,1074826522,2026-09-21,CONFIRMED,3,P027472,FRIENDS
BK009411,J000141,4527390232,2026-09-20,CONFIRMED,1,P027475,INDIVIDUAL
BK009412,J000141,7871740448,2026-09-19,CONFIRMED,6,P027476,FAMILY
BK009413,J000141,7875012651,2026-09-18,CONFIRMED,1,P027482,INDIVIDUAL
BK009414,J000141,7712111948,2026-09-17,CONFIRMED,2,P027483,FAMILY
BK009415,J000141,9152751579,2026-09-16,CONFIRMED,4,P027485,GROUP
BK009416,J000141,5623742156,2026-09-15,CONFIRMED,2,P027489,FRIENDS
BK009417,J000141,3489105723,2026-09-14,CONFIRMED,3,P027491,FAMILY
BK009418,J000141,7073006853,2026-09-13,CONFIRMED,1,P027494,INDIVIDUAL
BK009419,J000141,5964062076,2026-09-12,CONFIRMED,6,P027495,FRIENDS
BK009420,J000141,1553714737,2026-09-11,CONFIRMED,2,P027501,FRIENDS
BK009421,J000141,1133761051,2026-09-10,CONFIRMED,2,P027503,GROUP
BK009422,J000141,4820405341,2026-09-09,CONFIRMED,4,P027505,FAMILY
BK009423,J000141,7151673795,2026-09-08,CONFIRMED,3,P027509,FAMILY
BK009424,J000141,9252337892,2026-10-15,CONFIRMED,3,P027512,GROUP
BK009425,J000141,6849187639,2026-10-14,CONFIRMED,1,P027515,INDIVIDUAL
BK009426,J000141,3922138987,2026-10-13,CONFIRMED,1,P027516,INDIVIDUAL
BK009427,J000142,7533581161,2026-10-15,CONFIRMED,1,P027517,INDIVIDUAL
BK009428,J000142,2118332934,2026-10-14,CONFIRMED,4,P027518,FAMILY
BK009429,J000142,1115475926,2026-10-13,CONFIRMED,7,P027522,FAMILY
BK009430,J000142,8062345303,2026-10-12,CONFIRMED,2,P027529,FAMILY
BK009431,J000142,1739700407,2026-10-11,CONFIRMED,2,P027531,FRIENDS
BK009432,J000142,3130976761,2026-10-10,CONFIRMED,4,P027533,FAMILY
BK009433,J000142,7855444774,2026-10-09,CONFIRMED,3,P027537,FAMILY
BK009434,J000142,3384388932,2026-10-08,CONFIRMED,1,P027540,INDIVIDUAL
BK009435,J000142,6559096722,2026-10-07,CONFIRMED,2,P027541,FRIENDS
BK009436,J000142,8497528464,2026-10-06,CONFIRMED,4,P027543,FAMILY
BK009437,J000142,5552071090,2026-10-05,CONFIRMED,4,P027547,FRIENDS
BK009438,J000142,2762070297,2026-10-04,WAITLISTED,6,P027551,FAMILY
BK009439,J000142,6603801893,2026-10-03,CONFIRMED,2,P027557,FRIENDS
BK009440,J000142,1545752239,2026-10-02,RAC,5,P027559,FRIENDS
BK009441,J000142,5943784214,2026-10-01,CONFIRMED,4,P027564,FRIENDS
BK009442,J000142,1909562190,2026-09-30,CONFIRMED,1,P027568,INDIVIDUAL
BK009443,J000142,8254832797,2026-09-29,CONFIRMED,3,P027569,FAMILY
BK009444,J000142,7566547136,2026-09-28,CONFIRMED,5,P027572,FRIENDS
BK009445,J000142,6390996732,2026-09-27,CONFIRMED,2,P027577,GROUP
BK009446,J000142,1281166502,2026-09-26,CONFIRMED,1,P027579,INDIVIDUAL
BK009447,J000142,3086768900,2026-09-25,CONFIRMED,2,P027580,FRIENDS
BK009448,J000142,3208385560,2026-09-24,CONFIRMED,4,P027582,FAMILY
BK009449,J000142,4729552050,2026-09-23,CONFIRMED,1,P027586,INDIVIDUAL
BK009450,J000142,1193094080,2026-09-22,CONFIRMED,2,P027587,FAMILY
BK009451,J000142,8849269550,2026-09-21,CONFIRMED,1,P027589,INDIVIDUAL
BK009452,J000142,9302152120,2026-09-20,CONFIRMED,2,P027590,FRIENDS
BK009453,J000142,5787820019,2026-09-19,CONFIRMED,1,P027592,INDIVIDUAL
BK009454,J000142,1611342364,2026-09-18,CONFIRMED,4,P027593,FAMILY
BK009455,J000142,7191092092,2026-09-17,CONFIRMED,1,P027597,INDIVIDUAL
BK009456,J000142,9626739068,2026-09-16,CONFIRMED,3,P027598,GROUP
BK009457,J000142,8801992681,2026-09-15,CONFIRMED,4,P027601,FRIENDS
BK009458,J000142,6011000879,2026-09-14,CONFIRMED,1,P027605,INDIVIDUAL
BK009459,J000142,6458441846,2026-09-13,CONFIRMED,5,P027606,FAMILY
BK009460,J000142,6941483401,2026-09-12,CONFIRMED,1,P027611,INDIVIDUAL
BK009461,J000142,3939940906,2026-09-11,CONFIRMED,3,P027612,FAMILY
BK009462,J000142,8552888497,2026-10-18,CONFIRMED,8,P027615,CAREGIVER_COMPANION
BK009463,J000142,4361330540,2026-10-17,CONFIRMED,1,P027623,INDIVIDUAL
BK009464,J000142,7894200076,2026-10-16,CONFIRMED,2,P027624,FRIENDS
BK009465,J000142,6390294632,2026-10-15,CONFIRMED,4,P027626,FRIENDS
BK009466,J000142,6545128680,2026-10-14,CONFIRMED,1,P027630,INDIVIDUAL
BK009467,J000142,2618158676,2026-10-13,CONFIRMED,3,P027631,FAMILY
BK009468,J000142,1940868951,2026-10-12,CONFIRMED,4,P027634,FAMILY
BK009469,J000142,8627016925,2026-10-11,CONFIRMED,3,P027638,FAMILY
BK009470,J000142,9445401940,2026-10-10,CONFIRMED,2,P027641,FAMILY
BK009471,J000142,4244507827,2026-10-09,WAITLISTED,2,P027643,FRIENDS
BK009472,J000142,7400798154,2026-10-08,CONFIRMED,2,P027645,FRIENDS
BK009473,J000142,9735846258,2026-10-07,CONFIRMED,4,P027647,FRIENDS
BK009474,J000142,5647747829,2026-10-06,CONFIRMED,1,P027651,INDIVIDUAL
BK009475,J000142,7239237239,2026-10-05,CONFIRMED,2,P027652,FRIENDS
BK009476,J000142,5229434502,2026-10-04,CONFIRMED,1,P027654,INDIVIDUAL
BK009477,J000142,1029870972,2026-10-03,CONFIRMED,1,P027655,INDIVIDUAL
BK009478,J000142,3527296377,2026-10-02,CONFIRMED,2,P027656,FAMILY
BK009479,J000142,4195562212,2026-10-01,CONFIRMED,4,P027658,GROUP
BK009480,J000142,1052936305,2026-09-30,RAC,1,P027662,INDIVIDUAL
BK009481,J000142,8423844470,2026-09-29,CONFIRMED,2,P027663,GROUP
BK009482,J000142,5992639248,2026-09-28,CONFIRMED,4,P027665,FAMILY
BK009483,J000142,3960196911,2026-09-27,CONFIRMED,1,P027669,INDIVIDUAL
BK009484,J000142,2219934782,2026-09-26,CONFIRMED,1,P027670,INDIVIDUAL
BK009485,J000142,4704638096,2026-09-25,CONFIRMED,2,P027671,GROUP
BK009486,J000142,9857741820,2026-09-24,CONFIRMED,6,P027673,FAMILY
BK009487,J000142,8390932996,2026-09-23,CONFIRMED,4,P027679,GROUP
BK009488,J000142,3063534187,2026-09-22,CONFIRMED,1,P027683,INDIVIDUAL
BK009489,J000142,1484413187,2026-09-21,CONFIRMED,3,P027684,FAMILY
BK009490,J000142,9452089296,2026-09-20,CONFIRMED,2,P027687,FAMILY
BK009491,J000142,2076357907,2026-09-19,CONFIRMED,1,P027689,INDIVIDUAL
BK009492,J000142,2547453032,2026-09-18,CONFIRMED,2,P027690,FRIENDS
BK009493,J000143,1818401611,2026-09-20,CONFIRMED,3,P027692,FAMILY
BK009494,J000143,3398861277,2026-09-19,CONFIRMED,1,P027695,INDIVIDUAL
BK009495,J000143,6626883016,2026-09-18,CONFIRMED,4,P027696,GROUP
BK009496,J000143,1074785246,2026-09-17,CONFIRMED,3,P027700,GROUP
BK009497,J000143,6627270944,2026-09-16,CONFIRMED,4,P027703,FRIENDS
BK009498,J000143,9468694536,2026-09-15,CONFIRMED,5,P027707,GROUP
BK009499,J000143,2405849633,2026-09-14,CONFIRMED,2,P027712,FRIENDS
BK009500,J000143,4972500132,2026-10-21,CANCELLED,3,P027714,GROUP
BK009501,J000143,6883123222,2026-10-20,CONFIRMED,4,P027717,FRIENDS
BK009502,J000143,2800504574,2026-10-19,CONFIRMED,1,P027721,INDIVIDUAL
BK009503,J000143,2958076094,2026-10-18,CONFIRMED,4,P027722,GROUP
BK009504,J000143,3366898198,2026-10-17,WAITLISTED,8,P027726,FAMILY
BK009505,J000143,8401467498,2026-10-16,CONFIRMED,3,P027734,FAMILY
BK009506,J000143,7194119694,2026-10-15,CONFIRMED,6,P027737,FAMILY
BK009507,J000143,4752312781,2026-10-14,CONFIRMED,3,P027743,FAMILY
BK009508,J000143,5912622065,2026-10-13,CONFIRMED,4,P027746,FAMILY
BK009509,J000143,6615015774,2026-10-12,CONFIRMED,1,P027750,INDIVIDUAL
BK009510,J000143,6725809956,2026-10-11,CONFIRMED,1,P027751,INDIVIDUAL
BK009511,J000143,6808181363,2026-10-10,CONFIRMED,2,P027752,FRIENDS
BK009512,J000143,7651410617,2026-10-09,CONFIRMED,1,P027754,INDIVIDUAL
BK009513,J000143,7701201263,2026-10-08,CONFIRMED,4,P027755,FRIENDS
BK009514,J000143,6285782546,2026-10-07,CONFIRMED,2,P027759,FAMILY
BK009515,J000143,2926371349,2026-10-06,CONFIRMED,5,P027761,FAMILY
BK009516,J000143,3846447176,2026-10-05,CONFIRMED,2,P027766,FRIENDS
BK009517,J000143,1979676450,2026-10-04,CONFIRMED,5,P027768,FAMILY
BK009518,J000143,1315255919,2026-10-03,CONFIRMED,2,P027773,FAMILY
BK009519,J000143,6313304544,2026-10-02,CONFIRMED,4,P027775,CAREGIVER_COMPANION
BK009520,J000143,8560271730,2026-10-01,RAC,1,P027779,INDIVIDUAL
BK009521,J000143,2338610385,2026-09-30,CONFIRMED,5,P027780,FAMILY
BK009522,J000143,2502943568,2026-09-29,CONFIRMED,1,P027785,INDIVIDUAL
BK009523,J000143,3829986261,2026-09-28,CONFIRMED,1,P027786,INDIVIDUAL
BK009524,J000143,8937865841,2026-09-27,CONFIRMED,3,P027787,GROUP
BK009525,J000143,2632543262,2026-09-26,CONFIRMED,2,P027790,GROUP
BK009526,J000143,3920998936,2026-09-25,CONFIRMED,6,P027792,FAMILY
BK009527,J000143,8138516002,2026-09-24,CONFIRMED,2,P027798,FRIENDS
BK009528,J000143,9525831736,2026-09-23,CONFIRMED,1,P027800,INDIVIDUAL
BK009529,J000143,7606890996,2026-09-22,CONFIRMED,5,P027801,FAMILY
BK009530,J000143,5694039882,2026-09-21,CONFIRMED,3,P027806,FRIENDS
BK009531,J000143,6347344626,2026-09-20,CONFIRMED,3,P027809,FAMILY
BK009532,J000143,8062931367,2026-09-19,CONFIRMED,5,P027812,FRIENDS
BK009533,J000143,9880850057,2026-09-18,CONFIRMED,1,P027817,INDIVIDUAL
BK009534,J000143,4076931613,2026-09-17,CONFIRMED,2,P027818,FAMILY
BK009535,J000143,8343286580,2026-09-16,CONFIRMED,3,P027820,FAMILY
BK009536,J000143,3503731627,2026-09-15,CONFIRMED,1,P027823,INDIVIDUAL
BK009537,J000143,8014273582,2026-09-14,WAITLISTED,4,P027824,FRIENDS
BK009538,J000143,2270421486,2026-10-21,CONFIRMED,3,P027828,FRIENDS
BK009539,J000143,3002545109,2026-10-20,CONFIRMED,3,P027831,FAMILY
BK009540,J000143,2474511233,2026-10-19,CONFIRMED,5,P027834,FRIENDS
BK009541,J000143,8313435351,2026-10-18,CONFIRMED,2,P027839,GROUP
BK009542,J000143,7081012023,2026-10-17,CONFIRMED,4,P027841,FAMILY
BK009543,J000143,1807762766,2026-10-16,CONFIRMED,2,P027845,FRIENDS
BK009544,J000143,5992356955,2026-10-15,CONFIRMED,3,P027847,GROUP
BK009545,J000143,4721257754,2026-10-14,CONFIRMED,1,P027850,INDIVIDUAL
BK009546,J000143,2584050508,2026-10-13,CONFIRMED,2,P027851,FAMILY
BK009547,J000143,2815504935,2026-10-12,CONFIRMED,2,P027853,FRIENDS
BK009548,J000143,6799996111,2026-10-11,CONFIRMED,2,P027855,FRIENDS
BK009549,J000143,9941486597,2026-10-10,CONFIRMED,1,P027857,INDIVIDUAL
BK009550,J000143,9734083708,2026-10-09,CONFIRMED,6,P027858,FAMILY
BK009551,J000143,4883537234,2026-10-08,CONFIRMED,2,P027864,FRIENDS
BK009552,J000143,2810585979,2026-10-07,CONFIRMED,2,P027866,FRIENDS
BK009553,J000143,4669583877,2026-10-06,CONFIRMED,4,P027868,FRIENDS
BK009554,J000143,5559227689,2026-10-05,CONFIRMED,1,P027872,INDIVIDUAL
BK009555,J000143,1814942709,2026-10-04,CONFIRMED,6,P027873,FRIENDS
BK009556,J000143,5075433058,2026-10-03,CONFIRMED,1,P027879,INDIVIDUAL
BK009557,J000143,1377096303,2026-10-02,CONFIRMED,3,P027880,FAMILY
BK009558,J000143,5438864895,2026-10-01,CONFIRMED,1,P027883,INDIVIDUAL
BK009559,J000144,3612019030,2026-10-01,CONFIRMED,3,P027884,FAMILY
BK009560,J000144,1642349240,2026-09-30,RAC,3,P027887,GROUP
BK009561,J000144,1121021950,2026-09-29,CONFIRMED,8,P027890,FRIENDS
BK009562,J000144,5906798454,2026-09-28,CONFIRMED,4,P027898,FAMILY
BK009563,J000144,5129503017,2026-09-27,CONFIRMED,6,P027902,FRIENDS
BK009564,J000144,9670089258,2026-09-26,CONFIRMED,1,P027908,INDIVIDUAL
BK009565,J000144,9053607616,2026-09-25,CONFIRMED,4,P027909,FRIENDS
BK009566,J000144,7870360507,2026-09-24,CONFIRMED,2,P027913,FAMILY
BK009567,J000144,7050874564,2026-09-23,CONFIRMED,1,P027915,INDIVIDUAL
BK009568,J000144,2125357617,2026-09-22,CONFIRMED,3,P027916,GROUP
BK009569,J000144,9343451646,2026-09-21,CONFIRMED,1,P027919,INDIVIDUAL
BK009570,J000144,6342567054,2026-09-20,WAITLISTED,1,P027920,INDIVIDUAL
BK009571,J000144,4412171677,2026-09-19,CONFIRMED,1,P027921,INDIVIDUAL
BK009572,J000144,9751898957,2026-09-18,CONFIRMED,6,P027922,FAMILY
BK009573,J000144,4965654813,2026-09-17,CONFIRMED,2,P027928,GROUP
BK009574,J000144,1367917464,2026-09-16,CONFIRMED,2,P027930,FAMILY
BK009575,J000144,5661399317,2026-09-15,CONFIRMED,1,P027932,INDIVIDUAL
BK009576,J000144,5871668482,2026-10-22,CONFIRMED,2,P027933,FRIENDS
BK009577,J000144,7242822729,2026-10-21,CONFIRMED,2,P027935,GROUP
BK009578,J000144,9668873790,2026-10-20,CONFIRMED,3,P027937,FRIENDS
BK009579,J000144,6411928539,2026-10-19,CONFIRMED,3,P027940,FAMILY
BK009580,J000144,7866824089,2026-10-18,CONFIRMED,1,P027943,INDIVIDUAL
BK009581,J000144,8767186617,2026-10-17,CONFIRMED,4,P027944,FRIENDS
BK009582,J000144,7673240640,2026-10-16,CONFIRMED,4,P027948,FAMILY
BK009583,J000144,5416101459,2026-10-15,CONFIRMED,3,P027952,FAMILY
BK009584,J000144,3889337169,2026-10-14,CONFIRMED,1,P027955,INDIVIDUAL
BK009585,J000144,1848143864,2026-10-13,CONFIRMED,1,P027956,INDIVIDUAL
BK009586,J000144,4400972307,2026-10-12,CONFIRMED,1,P027957,INDIVIDUAL
BK009587,J000144,9472265675,2026-10-11,CONFIRMED,2,P027958,FRIENDS
BK009588,J000144,5618700488,2026-10-10,CONFIRMED,1,P027960,INDIVIDUAL
BK009589,J000144,8934559795,2026-10-09,CONFIRMED,5,P027961,FAMILY
BK009590,J000144,9080293632,2026-10-08,CONFIRMED,6,P027966,FAMILY
BK009591,J000144,1685403273,2026-10-07,CONFIRMED,1,P027972,INDIVIDUAL
BK009592,J000144,6973821228,2026-10-06,CONFIRMED,4,P027973,FAMILY
BK009593,J000144,8404812540,2026-10-05,CONFIRMED,3,P027977,FAMILY
BK009594,J000144,5850840747,2026-10-04,CONFIRMED,5,P027980,GROUP
BK009595,J000144,2315470060,2026-10-03,CONFIRMED,1,P027985,INDIVIDUAL
BK009596,J000144,1280511545,2026-10-02,CONFIRMED,1,P027986,INDIVIDUAL
BK009597,J000144,6518899500,2026-10-01,CONFIRMED,3,P027987,FAMILY
BK009598,J000144,1913156536,2026-09-30,CONFIRMED,1,P027990,INDIVIDUAL
BK009599,J000144,6504813058,2026-09-29,CONFIRMED,4,P027991,GROUP
BK009600,J000144,8001748116,2026-09-28,CANCELLED,4,P027995,FAMILY
BK009601,J000144,6367236308,2026-09-27,CONFIRMED,4,P027999,FRIENDS
BK009602,J000144,4273278353,2026-09-26,CONFIRMED,1,P028003,INDIVIDUAL
BK009603,J000144,6469056419,2026-09-25,WAITLISTED,4,P028004,GROUP
BK009604,J000144,6229088002,2026-09-24,CONFIRMED,2,P028008,FRIENDS
BK009605,J000144,1306455292,2026-09-23,CONFIRMED,3,P028010,FAMILY
BK009606,J000144,1196656231,2026-09-22,CONFIRMED,2,P028013,FAMILY
BK009607,J000144,4548736785,2026-09-21,CONFIRMED,2,P028015,FRIENDS
BK009608,J000144,4193653175,2026-09-20,CONFIRMED,2,P028017,FRIENDS
BK009609,J000144,4626403704,2026-09-19,CONFIRMED,1,P028019,INDIVIDUAL
BK009610,J000144,3767829014,2026-09-18,CONFIRMED,4,P028020,FAMILY
BK009611,J000144,2859504755,2026-09-17,CONFIRMED,3,P028024,FAMILY
BK009612,J000144,1270172977,2026-09-16,CONFIRMED,2,P028027,FRIENDS
BK009613,J000144,6425960622,2026-09-15,CONFIRMED,1,P028029,INDIVIDUAL
BK009614,J000144,7380444955,2026-10-22,CONFIRMED,1,P028030,INDIVIDUAL
BK009615,J000144,9090721474,2026-10-21,CONFIRMED,1,P028031,INDIVIDUAL
BK009616,J000144,9930954650,2026-10-20,CONFIRMED,4,P028032,FAMILY
BK009617,J000144,3146165618,2026-10-19,CONFIRMED,7,P028036,FAMILY
BK009618,J000144,4596337175,2026-10-18,CONFIRMED,2,P028043,FAMILY
BK009619,J000144,1281822793,2026-10-17,CONFIRMED,2,P028045,FRIENDS
BK009620,J000144,5491106570,2026-10-16,CONFIRMED,2,P028047,FRIENDS
BK009621,J000144,5075248846,2026-10-15,CONFIRMED,8,P028049,FRIENDS
BK009622,J000144,9962886261,2026-10-14,CONFIRMED,3,P028057,FRIENDS
BK009623,J000144,1301015441,2026-10-13,CONFIRMED,1,P028060,INDIVIDUAL
BK009624,J000144,6247695748,2026-10-12,CONFIRMED,2,P028061,FRIENDS
BK009625,J000145,3595241195,2026-10-06,CONFIRMED,1,P028063,INDIVIDUAL
BK009626,J000145,7595150865,2026-10-05,CONFIRMED,4,P028064,FAMILY
BK009627,J000145,6651488117,2026-10-04,CONFIRMED,6,P028068,FRIENDS
BK009628,J000145,8246831773,2026-10-03,CONFIRMED,1,P028074,INDIVIDUAL
BK009629,J000145,3048510073,2026-10-02,CONFIRMED,2,P028075,GROUP
BK009630,J000145,3685784634,2026-10-01,CONFIRMED,2,P028077,FAMILY
BK009631,J000145,9157235882,2026-09-30,CONFIRMED,2,P028079,FRIENDS
BK009632,J000145,2451320218,2026-09-29,CONFIRMED,2,P028081,FRIENDS
BK009633,J000145,3624902748,2026-09-28,CONFIRMED,2,P028083,GROUP
BK009634,J000145,9448990508,2026-09-27,CONFIRMED,1,P028085,INDIVIDUAL
BK009635,J000145,8592843570,2026-09-26,CONFIRMED,3,P028086,FAMILY
BK009636,J000145,7881627461,2026-09-25,WAITLISTED,2,P028089,FRIENDS
BK009637,J000145,9375773038,2026-09-24,CONFIRMED,2,P028091,GROUP
BK009638,J000145,2047133790,2026-09-23,CONFIRMED,2,P028093,FAMILY
BK009639,J000145,3849800038,2026-09-22,CONFIRMED,3,P028095,FAMILY
BK009640,J000145,5432738414,2026-09-21,RAC,1,P028098,INDIVIDUAL
BK009641,J000145,4106239173,2026-09-20,CONFIRMED,1,P028099,INDIVIDUAL
BK009642,J000145,1107307249,2026-09-19,CONFIRMED,4,P028100,FAMILY
BK009643,J000145,6157398618,2026-09-18,CONFIRMED,1,P028104,INDIVIDUAL
BK009644,J000145,8349864717,2026-09-17,CONFIRMED,2,P028105,FRIENDS
BK009645,J000145,4705641685,2026-09-16,CONFIRMED,8,P028107,FRIENDS
BK009646,J000145,7356670172,2026-09-15,CONFIRMED,6,P028115,FAMILY
BK009647,J000145,3595806298,2026-09-14,CONFIRMED,1,P028121,INDIVIDUAL
BK009648,J000145,2445733957,2026-09-13,CONFIRMED,5,P028122,FRIENDS
BK009649,J000145,6306208928,2026-09-12,CONFIRMED,1,P028127,INDIVIDUAL
BK009650,J000145,2221054173,2026-09-11,CONFIRMED,4,P028128,FAMILY
BK009651,J000145,3658914719,2026-09-10,CONFIRMED,1,P028132,INDIVIDUAL
BK009652,J000145,6709795803,2026-10-17,CONFIRMED,1,P028133,INDIVIDUAL
BK009653,J000145,8072210822,2026-10-16,CONFIRMED,3,P028134,FAMILY
BK009654,J000145,7743722726,2026-10-15,CONFIRMED,4,P028137,FAMILY
BK009655,J000145,6964185715,2026-10-14,CONFIRMED,3,P028141,FAMILY
BK009656,J000145,4618732253,2026-10-13,CONFIRMED,1,P028144,INDIVIDUAL
BK009657,J000145,8294072055,2026-10-12,CONFIRMED,5,P028145,FAMILY
BK009658,J000145,7120255803,2026-10-11,CONFIRMED,3,P028150,FRIENDS
BK009659,J000145,6491490053,2026-10-10,CONFIRMED,1,P028153,INDIVIDUAL
BK009660,J000145,3675077956,2026-10-09,CONFIRMED,3,P028154,GROUP
BK009661,J000145,7257385505,2026-10-08,CONFIRMED,1,P028157,INDIVIDUAL
BK009662,J000145,5052247206,2026-10-07,CONFIRMED,2,P028158,FAMILY
BK009663,J000145,1065860772,2026-10-06,CONFIRMED,3,P028160,FAMILY
BK009664,J000145,3974227612,2026-10-05,CONFIRMED,2,P028163,FRIENDS
BK009665,J000145,2301828923,2026-10-04,CONFIRMED,2,P028165,GROUP
BK009666,J000145,4265172873,2026-10-03,CONFIRMED,2,P028167,FAMILY
BK009667,J000145,4326189174,2026-10-02,CONFIRMED,1,P028169,INDIVIDUAL
BK009668,J000145,5777394818,2026-10-01,CONFIRMED,4,P028170,FAMILY
BK009669,J000145,5826666119,2026-09-30,WAITLISTED,4,P028174,FRIENDS
BK009670,J000145,1387034195,2026-09-29,CONFIRMED,4,P028178,FAMILY
BK009671,J000145,5827416752,2026-09-28,CONFIRMED,4,P028182,CAREGIVER_COMPANION
BK009672,J000145,8121345634,2026-09-27,CONFIRMED,6,P028186,FAMILY
BK009673,J000145,9120679132,2026-09-26,CONFIRMED,1,P028192,INDIVIDUAL
BK009674,J000145,9888722789,2026-09-25,CONFIRMED,3,P028193,FRIENDS
BK009675,J000145,4649750667,2026-09-24,CONFIRMED,5,P028196,FAMILY
BK009676,J000145,2420160644,2026-09-23,CONFIRMED,1,P028201,INDIVIDUAL
BK009677,J000145,4492496173,2026-09-22,CONFIRMED,2,P028202,GROUP
BK009678,J000145,3561021752,2026-09-21,CONFIRMED,4,P028204,FAMILY
BK009679,J000145,3563122276,2026-09-20,CONFIRMED,6,P028208,FRIENDS
BK009680,J000145,1014652002,2026-09-19,RAC,1,P028214,INDIVIDUAL
BK009681,J000145,9902511461,2026-09-18,CONFIRMED,2,P028215,GROUP
BK009682,J000145,3201922441,2026-09-17,CONFIRMED,2,P028217,FAMILY
BK009683,J000145,9505974052,2026-09-16,CONFIRMED,1,P028219,INDIVIDUAL
BK009684,J000145,2355523099,2026-09-15,CONFIRMED,1,P028220,INDIVIDUAL
BK009685,J000145,8834568429,2026-09-14,CONFIRMED,2,P028221,GROUP
BK009686,J000145,4283320974,2026-09-13,CONFIRMED,3,P028223,FRIENDS
BK009687,J000145,1600315651,2026-09-12,CONFIRMED,1,P028226,INDIVIDUAL
BK009688,J000145,7810216417,2026-09-11,CONFIRMED,4,P028227,FAMILY
BK009689,J000145,4386648237,2026-09-10,CONFIRMED,4,P028231,FRIENDS
BK009690,J000145,4330352409,2026-10-17,CONFIRMED,6,P028235,CAREGIVER_COMPANION
BK009691,J000146,2144470399,2026-10-23,CONFIRMED,4,P028241,GROUP
BK009692,J000146,2847176993,2026-10-22,CONFIRMED,1,P028245,INDIVIDUAL
BK009693,J000146,4511954805,2026-10-21,CONFIRMED,2,P028246,GROUP
BK009694,J000146,4765919450,2026-10-20,CONFIRMED,8,P028248,FAMILY
BK009695,J000146,9201259662,2026-10-19,CONFIRMED,2,P028256,FRIENDS
BK009696,J000146,1734269456,2026-10-18,CONFIRMED,4,P028258,FAMILY
BK009697,J000146,1009133263,2026-10-17,CONFIRMED,1,P028262,INDIVIDUAL
BK009698,J000146,7856217960,2026-10-16,CONFIRMED,2,P028263,FAMILY
BK009699,J000146,4575689528,2026-10-15,CONFIRMED,2,P028265,FRIENDS
BK009700,J000146,9744981368,2026-10-14,CANCELLED,1,P028267,INDIVIDUAL
BK009701,J000146,9748878794,2026-10-13,CONFIRMED,2,P028268,GROUP
BK009702,J000146,1436747470,2026-10-12,WAITLISTED,4,P028270,FAMILY
BK009703,J000146,5655179011,2026-10-11,CONFIRMED,3,P028274,FAMILY
BK009704,J000146,5394639664,2026-10-10,CONFIRMED,2,P028277,FRIENDS
BK009705,J000146,1491699558,2026-10-09,CONFIRMED,3,P028279,FAMILY
BK009706,J000146,1948512968,2026-10-08,CONFIRMED,2,P028282,FAMILY
BK009707,J000146,9126105223,2026-10-07,CONFIRMED,4,P028284,GROUP
BK009708,J000146,5445320888,2026-10-06,CONFIRMED,2,P028288,FRIENDS
BK009709,J000146,7260420518,2026-10-05,CONFIRMED,2,P028290,GROUP
BK009710,J000146,7497760709,2026-10-04,CONFIRMED,6,P028292,FAMILY
BK009711,J000146,7947308106,2026-10-03,CONFIRMED,4,P028298,GROUP
BK009712,J000146,8471257723,2026-10-02,CONFIRMED,1,P028302,INDIVIDUAL
BK009713,J000146,2283866628,2026-10-01,CONFIRMED,4,P028303,FRIENDS
BK009714,J000146,6216423829,2026-09-30,CONFIRMED,2,P028307,FAMILY
BK009715,J000146,6724915709,2026-09-29,CONFIRMED,3,P028309,FAMILY
BK009716,J000146,7808792116,2026-09-28,CONFIRMED,5,P028312,FRIENDS
BK009717,J000146,6123705652,2026-09-27,CONFIRMED,4,P028317,FRIENDS
BK009718,J000146,3487114337,2026-09-26,CONFIRMED,3,P028321,FRIENDS
BK009719,J000146,7365225245,2026-09-25,CONFIRMED,6,P028324,FRIENDS
BK009720,J000146,2790177594,2026-09-24,RAC,4,P028330,FAMILY
BK009721,J000146,9130168637,2026-09-23,CONFIRMED,6,P028334,GROUP
BK009722,J000146,4616754544,2026-09-22,CONFIRMED,1,P028340,INDIVIDUAL
BK009723,J000146,5862317846,2026-09-21,CONFIRMED,2,P028341,FRIENDS
BK009724,J000146,4284108291,2026-09-20,CONFIRMED,4,P028343,FAMILY
BK009725,J000146,3051723274,2026-09-19,CONFIRMED,1,P028347,INDIVIDUAL
BK009726,J000146,4984384822,2026-09-18,CONFIRMED,5,P028348,GROUP
BK009727,J000146,4298218298,2026-09-17,CONFIRMED,4,P028353,GROUP
BK009728,J000146,2195925826,2026-10-24,CONFIRMED,2,P028357,FRIENDS
BK009729,J000146,9553695746,2026-10-23,CONFIRMED,8,P028359,FRIENDS
BK009730,J000146,9326071085,2026-10-22,CONFIRMED,6,P028367,FAMILY
BK009731,J000146,2967581600,2026-10-21,CONFIRMED,6,P028373,FRIENDS
BK009732,J000146,5074702583,2026-10-20,CONFIRMED,2,P028379,FRIENDS
BK009733,J000146,2439614764,2026-10-19,CONFIRMED,3,P028381,FAMILY
BK009734,J000146,5969456682,2026-10-18,CONFIRMED,1,P028384,INDIVIDUAL
BK009735,J000146,1808307171,2026-10-17,WAITLISTED,8,P028385,GROUP
BK009736,J000146,2257721580,2026-10-16,CONFIRMED,2,P028393,FRIENDS
BK009737,J000146,2101962046,2026-10-15,CONFIRMED,3,P028395,FAMILY
BK009738,J000146,2758632490,2026-10-14,CONFIRMED,3,P028398,FRIENDS
BK009739,J000146,3452640081,2026-10-13,CONFIRMED,4,P028401,GROUP
BK009740,J000146,1403406545,2026-10-12,CONFIRMED,6,P028405,FAMILY
BK009741,J000146,2317614312,2026-10-11,CONFIRMED,3,P028411,FAMILY
BK009742,J000146,2939922183,2026-10-10,CONFIRMED,3,P028414,FRIENDS
BK009743,J000146,1847170468,2026-10-09,CONFIRMED,2,P028417,FRIENDS
BK009744,J000146,9872641087,2026-10-08,CONFIRMED,2,P028419,FRIENDS
BK009745,J000146,4703320062,2026-10-07,CONFIRMED,2,P028421,GROUP
BK009746,J000146,8450903450,2026-10-06,CONFIRMED,1,P028423,INDIVIDUAL
BK009747,J000146,3261142680,2026-10-05,CONFIRMED,3,P028424,FAMILY
BK009748,J000146,3691468770,2026-10-04,CONFIRMED,1,P028427,INDIVIDUAL
BK009749,J000146,6574802063,2026-10-03,CONFIRMED,2,P028428,GROUP
BK009750,J000146,9734118824,2026-10-02,CONFIRMED,1,P028430,INDIVIDUAL
BK009751,J000146,9668517818,2026-10-01,CONFIRMED,4,P028431,GROUP
BK009752,J000146,1881454400,2026-09-30,CONFIRMED,8,P028435,FAMILY
BK009753,J000146,1978365076,2026-09-29,CONFIRMED,8,P028443,FRIENDS
BK009754,J000146,2361163583,2026-09-28,CONFIRMED,2,P028451,FAMILY
BK009755,J000146,5970689340,2026-09-27,CONFIRMED,1,P028453,INDIVIDUAL
BK009756,J000146,6986982262,2026-09-26,CONFIRMED,4,P028454,FAMILY
BK009757,J000147,9587715476,2026-10-02,CONFIRMED,2,P028458,GROUP
BK009758,J000147,6806257982,2026-10-01,CONFIRMED,6,P028460,FAMILY
BK009759,J000147,8800427442,2026-09-30,CONFIRMED,3,P028466,FAMILY
BK009760,J000147,3854806529,2026-09-29,RAC,4,P028469,FAMILY
BK009761,J000147,9878620304,2026-09-28,CONFIRMED,4,P028473,FRIENDS
BK009762,J000147,8297498271,2026-09-27,CONFIRMED,2,P028477,FAMILY
BK009763,J000147,3162270879,2026-09-26,CONFIRMED,4,P028479,GROUP
BK009764,J000147,7530611141,2026-09-25,CONFIRMED,3,P028483,GROUP
BK009765,J000147,2738034713,2026-09-24,CONFIRMED,1,P028486,INDIVIDUAL
BK009766,J000147,9068259418,2026-10-31,CONFIRMED,1,P028487,INDIVIDUAL
BK009767,J000147,4048250521,2026-10-30,CONFIRMED,4,P028488,GROUP
BK009768,J000147,9334019222,2026-10-29,WAITLISTED,3,P028492,GROUP
BK009769,J000147,3082423675,2026-10-28,CONFIRMED,1,P028495,INDIVIDUAL
BK009770,J000147,3142508078,2026-10-27,CONFIRMED,2,P028496,FAMILY
BK009771,J000147,2451623773,2026-10-26,CONFIRMED,8,P028498,GROUP
BK009772,J000147,6909961366,2026-10-25,CONFIRMED,1,P028506,INDIVIDUAL
BK009773,J000147,4884129882,2026-10-24,CONFIRMED,2,P028507,GROUP
BK009774,J000147,1546009233,2026-10-23,CONFIRMED,2,P028509,FAMILY
BK009775,J000147,7756170776,2026-10-22,CONFIRMED,5,P028511,FAMILY
BK009776,J000147,5940876575,2026-10-21,CONFIRMED,2,P028516,FRIENDS
BK009777,J000147,2565951810,2026-10-20,CONFIRMED,3,P028518,FAMILY
BK009778,J000147,9394467865,2026-10-19,CONFIRMED,6,P028521,FAMILY
BK009779,J000147,9092423762,2026-10-18,CONFIRMED,6,P028527,FRIENDS
BK009780,J000147,3177446433,2026-10-17,CONFIRMED,4,P028533,FAMILY
BK009781,J000147,6767643699,2026-10-16,CONFIRMED,1,P028537,INDIVIDUAL
BK009782,J000147,1838067407,2026-10-15,CONFIRMED,2,P028538,FAMILY
BK009783,J000147,9710041439,2026-10-14,CONFIRMED,1,P028540,INDIVIDUAL
BK009784,J000147,6753000866,2026-10-13,CONFIRMED,3,P028541,GROUP
BK009785,J000147,8008695676,2026-10-12,CONFIRMED,1,P028544,INDIVIDUAL
BK009786,J000147,8255494267,2026-10-11,CONFIRMED,4,P028545,FAMILY
BK009787,J000147,9066141899,2026-10-10,CONFIRMED,2,P028549,FRIENDS
BK009788,J000147,3563434768,2026-10-09,CONFIRMED,3,P028551,GROUP
BK009789,J000147,8383783423,2026-10-08,CONFIRMED,2,P028554,GROUP
BK009790,J000147,7255201141,2026-10-07,CONFIRMED,2,P028556,FAMILY
BK009791,J000147,3082891370,2026-10-06,CONFIRMED,7,P028558,FAMILY
BK009792,J000147,6482613942,2026-10-05,CONFIRMED,1,P028565,INDIVIDUAL
BK009793,J000147,5576207216,2026-10-04,CONFIRMED,3,P028566,FAMILY
BK009794,J000147,6728213905,2026-10-03,CONFIRMED,1,P028569,INDIVIDUAL
BK009795,J000147,6463146357,2026-10-02,CONFIRMED,6,P028570,FRIENDS
BK009796,J000147,6303731244,2026-10-01,CONFIRMED,1,P028576,INDIVIDUAL
BK009797,J000147,7849430189,2026-09-30,CONFIRMED,2,P028577,GROUP
BK009798,J000147,8302607671,2026-09-29,CONFIRMED,1,P028579,INDIVIDUAL
BK009799,J000147,9725194186,2026-09-28,CONFIRMED,4,P028580,GROUP
BK009800,J000147,5745236993,2026-09-27,CANCELLED,1,P028584,INDIVIDUAL
BK009801,J000147,7586627285,2026-09-26,WAITLISTED,7,P028585,FAMILY
BK009802,J000147,6720939615,2026-09-25,CONFIRMED,3,P028592,FRIENDS
BK009803,J000147,6620077078,2026-09-24,CONFIRMED,3,P028595,FAMILY
BK009804,J000147,6345310121,2026-10-31,CONFIRMED,2,P028598,FRIENDS
BK009805,J000147,2423187354,2026-10-30,CONFIRMED,4,P028600,FRIENDS
BK009806,J000147,8374857499,2026-10-29,CONFIRMED,2,P028604,FAMILY
BK009807,J000147,3482541249,2026-10-28,CONFIRMED,2,P028606,FRIENDS
BK009808,J000147,3784587092,2026-10-27,CONFIRMED,1,P028608,INDIVIDUAL
BK009809,J000147,5676534172,2026-10-26,CONFIRMED,1,P028609,INDIVIDUAL
BK009810,J000147,3464433649,2026-10-25,CONFIRMED,3,P028610,FRIENDS
BK009811,J000147,5880741966,2026-10-24,CONFIRMED,1,P028613,INDIVIDUAL
BK009812,J000147,3721988852,2026-10-23,CONFIRMED,4,P028614,FAMILY
BK009813,J000147,4364357686,2026-10-22,CONFIRMED,3,P028618,FAMILY
BK009814,J000147,8146022561,2026-10-21,CONFIRMED,2,P028621,FAMILY
BK009815,J000147,3366434145,2026-10-20,CONFIRMED,1,P028623,INDIVIDUAL
BK009816,J000147,9193318873,2026-10-19,CONFIRMED,3,P028624,GROUP
BK009817,J000147,7340853386,2026-10-18,CONFIRMED,1,P028627,INDIVIDUAL
BK009818,J000147,1844537713,2026-10-17,CONFIRMED,1,P028628,INDIVIDUAL
BK009819,J000147,3615547140,2026-10-16,CONFIRMED,1,P028629,INDIVIDUAL
BK009820,J000147,5685910216,2026-10-15,CONFIRMED,1,P028630,INDIVIDUAL
BK009821,J000147,9645796994,2026-10-14,CONFIRMED,4,P028631,FRIENDS
BK009822,J000147,8524880554,2026-10-13,CONFIRMED,2,P028635,FAMILY
BK009823,J000148,5758598638,2026-10-19,CONFIRMED,2,P028637,FRIENDS
BK009824,J000148,6228679067,2026-10-18,CONFIRMED,2,P028639,FRIENDS
BK009825,J000148,5073648308,2026-10-17,CONFIRMED,1,P028641,INDIVIDUAL
BK009826,J000148,5975762625,2026-10-16,CONFIRMED,1,P028642,INDIVIDUAL
BK009827,J000148,5945406509,2026-10-15,CONFIRMED,3,P028643,FAMILY
BK009828,J000148,5054583573,2026-10-14,CONFIRMED,2,P028646,FRIENDS
BK009829,J000148,7108249808,2026-10-13,CONFIRMED,2,P028648,GROUP
BK009830,J000148,9503417534,2026-10-12,CONFIRMED,2,P028650,FAMILY
BK009831,J000148,9966963796,2026-10-11,CONFIRMED,2,P028652,FRIENDS
BK009832,J000148,6498748885,2026-10-10,CONFIRMED,4,P028654,FAMILY
BK009833,J000148,1269292363,2026-10-09,CONFIRMED,3,P028658,FAMILY
BK009834,J000148,7720515681,2026-10-08,WAITLISTED,1,P028661,INDIVIDUAL
BK009835,J000148,3501459488,2026-10-07,CONFIRMED,1,P028662,INDIVIDUAL
BK009836,J000148,7769315065,2026-10-06,CONFIRMED,1,P028663,INDIVIDUAL
BK009837,J000148,7945568108,2026-10-05,CONFIRMED,2,P028664,GROUP
BK009838,J000148,5866621326,2026-10-04,CONFIRMED,3,P028666,FRIENDS
BK009839,J000148,5763559165,2026-10-03,CONFIRMED,4,P028669,GROUP
BK009840,J000148,6017346086,2026-10-02,RAC,2,P028673,FRIENDS
BK009841,J000148,1483113996,2026-10-01,CONFIRMED,8,P028675,FRIENDS
BK009842,J000148,2812837941,2026-11-07,CONFIRMED,1,P028683,INDIVIDUAL
BK009843,J000148,2449880641,2026-11-06,CONFIRMED,3,P028684,FAMILY
BK009844,J000148,9558980891,2026-11-05,CONFIRMED,2,P028687,FRIENDS
BK009845,J000148,1634722646,2026-11-04,CONFIRMED,2,P028689,GROUP
BK009846,J000148,8992556630,2026-11-03,CONFIRMED,1,P028691,INDIVIDUAL
BK009847,J000148,1361217857,2026-11-02,CONFIRMED,2,P028692,FRIENDS
BK009848,J000148,7346147311,2026-11-01,CONFIRMED,2,P028694,FRIENDS
BK009849,J000148,1982176750,2026-10-31,CONFIRMED,2,P028696,GROUP
BK009850,J000148,6316577910,2026-10-30,CONFIRMED,1,P028698,INDIVIDUAL
BK009851,J000148,6195970248,2026-10-29,CONFIRMED,2,P028699,FRIENDS
BK009852,J000148,9464224846,2026-10-28,CONFIRMED,2,P028701,FRIENDS
BK009853,J000148,9585829266,2026-10-27,CONFIRMED,2,P028703,GROUP
BK009854,J000148,5523673793,2026-10-26,CONFIRMED,8,P028705,FAMILY
BK009855,J000148,6245393624,2026-10-25,CONFIRMED,1,P028713,INDIVIDUAL
BK009856,J000148,8753622012,2026-10-24,CONFIRMED,1,P028714,INDIVIDUAL
BK009857,J000148,2373484599,2026-10-23,CONFIRMED,4,P028715,FRIENDS
BK009858,J000148,4140336098,2026-10-22,CONFIRMED,1,P028719,INDIVIDUAL
BK009859,J000148,5973060217,2026-10-21,CONFIRMED,4,P028720,GROUP
BK009860,J000148,8358428453,2026-10-20,CONFIRMED,2,P028724,FRIENDS
BK009861,J000148,6587599042,2026-10-19,CONFIRMED,7,P028726,CAREGIVER_COMPANION
BK009862,J000148,8555739952,2026-10-18,CONFIRMED,1,P028733,INDIVIDUAL
BK009863,J000148,1559388476,2026-10-17,CONFIRMED,3,P028734,FAMILY
BK009864,J000148,7415291658,2026-10-16,CONFIRMED,3,P028737,GROUP
BK009865,J000148,1156133421,2026-10-15,CONFIRMED,4,P028740,FRIENDS
BK009866,J000148,2767295793,2026-10-14,CONFIRMED,4,P028744,FAMILY
BK009867,J000148,4956521788,2026-10-13,WAITLISTED,7,P028748,FAMILY
BK009868,J000148,4623368660,2026-10-12,CONFIRMED,3,P028755,GROUP
BK009869,J000148,9911197660,2026-10-11,CONFIRMED,4,P028758,FRIENDS
BK009870,J000148,7106879200,2026-10-10,CONFIRMED,2,P028762,FAMILY
BK009871,J000148,1671520439,2026-10-09,CONFIRMED,2,P028764,FRIENDS
BK009872,J000148,4347883132,2026-10-08,CONFIRMED,2,P028766,FRIENDS
BK009873,J000148,7876961203,2026-10-07,CONFIRMED,6,P028768,GROUP
BK009874,J000148,1752023458,2026-10-06,CONFIRMED,4,P028774,FAMILY
BK009875,J000148,8206048202,2026-10-05,CONFIRMED,4,P028778,GROUP
BK009876,J000148,7193861960,2026-10-04,CONFIRMED,5,P028782,FRIENDS
BK009877,J000148,2078080696,2026-10-03,CONFIRMED,8,P028787,FRIENDS
BK009878,J000148,5310916848,2026-10-02,CONFIRMED,1,P028795,INDIVIDUAL
BK009879,J000148,9715430175,2026-10-01,CONFIRMED,2,P028796,FRIENDS
BK009880,J000148,9595508835,2026-11-07,RAC,8,P028798,CAREGIVER_COMPANION
BK009881,J000148,5594166595,2026-11-06,CONFIRMED,4,P028806,FRIENDS
BK009882,J000148,4387785338,2026-11-05,CONFIRMED,1,P028810,INDIVIDUAL
BK009883,J000148,3515714512,2026-11-04,CONFIRMED,4,P028811,GROUP
BK009884,J000148,3328990437,2026-11-03,CONFIRMED,6,P028815,FAMILY
BK009885,J000148,6159341663,2026-11-02,CONFIRMED,4,P028821,FRIENDS
BK009886,J000148,6784996775,2026-11-01,CONFIRMED,4,P028825,FAMILY
BK009887,J000148,9346624374,2026-10-31,CONFIRMED,2,P028829,FRIENDS
BK009888,J000148,2494226648,2026-10-30,CONFIRMED,3,P028831,GROUP
BK009889,J000149,5065670861,2026-11-05,CONFIRMED,4,P028834,FRIENDS
BK009890,J000149,7269851783,2026-11-04,CONFIRMED,3,P028838,FRIENDS
BK009891,J000149,1151116777,2026-11-03,CONFIRMED,3,P028841,FAMILY
BK009892,J000149,3783784117,2026-11-02,CONFIRMED,1,P028844,INDIVIDUAL
BK009893,J000149,7321169897,2026-11-01,CONFIRMED,2,P028845,GROUP
BK009894,J000149,7786437534,2026-10-31,CONFIRMED,2,P028847,FAMILY
BK009895,J000149,8609309165,2026-10-30,CONFIRMED,1,P028849,INDIVIDUAL
BK009896,J000149,4754191156,2026-10-29,CONFIRMED,3,P028850,GROUP
BK009897,J000149,8048636913,2026-10-28,CONFIRMED,2,P028853,GROUP
BK009898,J000149,4505835675,2026-10-27,CONFIRMED,4,P028855,FAMILY
BK009899,J000149,9307741815,2026-10-26,CONFIRMED,5,P028859,CAREGIVER_COMPANION
BK009900,J000149,1313994406,2026-10-25,CANCELLED,4,P028864,FAMILY
BK009901,J000149,2437334137,2026-10-24,CONFIRMED,3,P028868,FAMILY
BK009902,J000149,2171851318,2026-10-23,CONFIRMED,4,P028871,FAMILY
BK009903,J000149,8038634389,2026-10-22,CONFIRMED,1,P028875,INDIVIDUAL
BK009904,J000149,9552784286,2026-10-21,CONFIRMED,4,P028876,FAMILY
BK009905,J000149,7093346196,2026-10-20,CONFIRMED,1,P028880,INDIVIDUAL
BK009906,J000149,3384567276,2026-10-19,CONFIRMED,1,P028881,INDIVIDUAL
BK009907,J000149,9773886094,2026-10-18,CONFIRMED,2,P028882,FRIENDS
BK009908,J000149,9218369170,2026-10-17,CONFIRMED,2,P028884,FRIENDS
BK009909,J000149,4457217240,2026-10-16,CONFIRMED,2,P028886,GROUP
BK009910,J000149,8749405026,2026-10-15,CONFIRMED,3,P028888,FRIENDS
BK009911,J000149,1340310058,2026-10-14,CONFIRMED,2,P028891,FRIENDS
BK009912,J000149,7016831090,2026-10-13,CONFIRMED,1,P028893,INDIVIDUAL
BK009913,J000149,4182921959,2026-10-12,CONFIRMED,6,P028894,GROUP
BK009914,J000149,6150192782,2026-10-11,CONFIRMED,1,P028900,INDIVIDUAL
BK009915,J000149,9999078313,2026-10-10,CONFIRMED,7,P028901,FAMILY
BK009916,J000149,1011144743,2026-10-09,CONFIRMED,6,P028908,FAMILY
BK009917,J000149,4868472962,2026-10-08,CONFIRMED,2,P028914,GROUP
BK009918,J000149,4441717820,2026-11-14,CONFIRMED,1,P028916,INDIVIDUAL
BK009919,J000149,9430118950,2026-11-13,CONFIRMED,4,P028917,GROUP
BK009920,J000149,1366719785,2026-11-12,RAC,6,P028921,FAMILY
BK009921,J000149,5524361696,2026-11-11,CONFIRMED,2,P028927,GROUP
BK009922,J000149,1727196948,2026-11-10,CONFIRMED,2,P028929,FAMILY
BK009923,J000149,2785014379,2026-11-09,CONFIRMED,2,P028931,FRIENDS
BK009924,J000149,3479110608,2026-11-08,CONFIRMED,1,P028933,INDIVIDUAL
BK009925,J000149,8747724772,2026-11-07,CONFIRMED,3,P028934,FAMILY
BK009926,J000149,4770756759,2026-11-06,CONFIRMED,2,P028937,FAMILY
BK009927,J000149,3487452830,2026-11-05,CONFIRMED,6,P028939,FRIENDS
BK009928,J000149,5358327448,2026-11-04,CONFIRMED,5,P028945,FRIENDS
BK009929,J000149,4385878560,2026-11-03,CONFIRMED,1,P028950,INDIVIDUAL
BK009930,J000149,4705028909,2026-11-02,CONFIRMED,5,P028951,GROUP
BK009931,J000149,1385759917,2026-11-01,CONFIRMED,5,P028956,FAMILY
BK009932,J000149,8465159882,2026-10-31,CONFIRMED,5,P028961,FRIENDS
BK009933,J000149,8760813820,2026-10-30,WAITLISTED,6,P028966,GROUP
BK009934,J000149,5698950640,2026-10-29,CONFIRMED,1,P028972,INDIVIDUAL
BK009935,J000149,1090328823,2026-10-28,CONFIRMED,3,P028973,FAMILY
BK009936,J000149,3105132865,2026-10-27,CONFIRMED,2,P028976,FRIENDS
BK009937,J000149,4685641540,2026-10-26,CONFIRMED,4,P028978,CAREGIVER_COMPANION
BK009938,J000149,5129445342,2026-10-25,CONFIRMED,4,P028982,FAMILY
BK009939,J000149,8792760440,2026-10-24,CONFIRMED,2,P028986,FRIENDS
BK009940,J000149,5805619039,2026-10-23,CONFIRMED,4,P028988,FAMILY
BK009941,J000149,6009723060,2026-10-22,CONFIRMED,1,P028992,INDIVIDUAL
BK009942,J000149,2739040868,2026-10-21,CONFIRMED,1,P028993,INDIVIDUAL
BK009943,J000149,2424839396,2026-10-20,CONFIRMED,5,P028994,FAMILY
BK009944,J000149,1368107000,2026-10-19,CONFIRMED,6,P028999,FAMILY
BK009945,J000149,9307619383,2026-10-18,CONFIRMED,1,P029005,INDIVIDUAL
BK009946,J000149,8235178629,2026-10-17,CONFIRMED,2,P029006,FAMILY
BK009947,J000149,5205944149,2026-10-16,CONFIRMED,4,P029008,GROUP
BK009948,J000149,4556848216,2026-10-15,CONFIRMED,1,P029012,INDIVIDUAL
BK009949,J000149,5107468563,2026-10-14,CONFIRMED,3,P029013,FAMILY
BK009950,J000149,3502099188,2026-10-13,CONFIRMED,2,P029016,FAMILY
BK009951,J000149,7833297023,2026-10-12,CONFIRMED,3,P029018,FAMILY
BK009952,J000149,2061547648,2026-10-11,CONFIRMED,7,P029021,GROUP
BK009953,J000149,8215478627,2026-10-10,CONFIRMED,2,P029028,GROUP
BK009954,J000149,7062998996,2026-10-09,CONFIRMED,5,P029030,GROUP
BK009955,J000150,9481091566,2026-10-15,CONFIRMED,1,P029035,INDIVIDUAL
BK009956,J000150,9095243590,2026-11-21,CONFIRMED,3,P029036,GROUP
BK009957,J000150,3077977833,2026-11-20,CONFIRMED,8,P029039,FRIENDS
BK009958,J000150,4482861769,2026-11-19,CONFIRMED,4,P029047,FAMILY
BK009959,J000150,2172974691,2026-11-18,CONFIRMED,2,P029051,FRIENDS
BK009960,J000150,2466506898,2026-11-17,RAC,2,P029053,FRIENDS
BK009961,J000150,8235454475,2026-11-16,CONFIRMED,2,P029055,GROUP
BK009962,J000150,4654531969,2026-11-15,CONFIRMED,1,P029057,INDIVIDUAL
BK009963,J000150,1001376917,2026-11-14,CONFIRMED,4,P029058,GROUP
BK009964,J000150,1042670529,2026-11-13,CONFIRMED,1,P029062,INDIVIDUAL
BK009965,J000150,9183602562,2026-11-12,CONFIRMED,4,P029063,FRIENDS
BK009966,J000150,3846712651,2026-11-11,WAITLISTED,1,P029067,INDIVIDUAL
BK009967,J000150,4391967873,2026-11-10,CONFIRMED,3,P029068,FAMILY
BK009968,J000150,6162979429,2026-11-09,CONFIRMED,2,P029071,FRIENDS
BK009969,J000150,1103258733,2026-11-08,CONFIRMED,2,P029073,GROUP
BK009970,J000150,2006955513,2026-11-07,CONFIRMED,3,P029075,FRIENDS
BK009971,J000150,6215463134,2026-11-06,CONFIRMED,4,P029078,GROUP
BK009972,J000150,9316615563,2026-11-05,CONFIRMED,1,P029082,INDIVIDUAL
BK009973,J000150,9697499108,2026-11-04,CONFIRMED,3,P029083,FAMILY
BK009974,J000150,6778746774,2026-11-03,CONFIRMED,5,P029086,GROUP
BK009975,J000150,7410260305,2026-11-02,CONFIRMED,4,P029091,CAREGIVER_COMPANION
BK009976,J000150,4964127140,2026-11-01,CONFIRMED,1,P029095,INDIVIDUAL
BK009977,J000150,1790182622,2026-10-31,CONFIRMED,4,P029096,FRIENDS
BK009978,J000150,4337365167,2026-10-30,CONFIRMED,1,P029100,INDIVIDUAL
BK009979,J000150,2318854534,2026-10-29,CONFIRMED,1,P029101,INDIVIDUAL
BK009980,J000150,7227684708,2026-10-28,CONFIRMED,2,P029102,FRIENDS
BK009981,J000150,3568140948,2026-10-27,CONFIRMED,2,P029104,GROUP
BK009982,J000150,8611549469,2026-10-26,CONFIRMED,2,P029106,FAMILY
BK009983,J000150,3168708485,2026-10-25,CONFIRMED,2,P029108,FRIENDS
BK009984,J000150,2874780051,2026-10-24,CONFIRMED,2,P029110,FRIENDS
BK009985,J000150,7831225636,2026-10-23,CONFIRMED,4,P029112,FRIENDS
BK009986,J000150,5139614969,2026-10-22,CONFIRMED,4,P029116,FAMILY
BK009987,J000150,9431257365,2026-10-21,CONFIRMED,1,P029120,INDIVIDUAL
BK009988,J000150,8756530628,2026-10-20,CONFIRMED,3,P029121,GROUP
BK009989,J000150,6237731291,2026-10-19,CONFIRMED,1,P029124,INDIVIDUAL
BK009990,J000150,6918833406,2026-10-18,CONFIRMED,1,P029125,INDIVIDUAL
BK009991,J000150,8090957202,2026-10-17,CONFIRMED,1,P029126,INDIVIDUAL
BK009992,J000150,9702505098,2026-10-16,CONFIRMED,2,P029127,FRIENDS
BK009993,J000150,6983430031,2026-10-15,CONFIRMED,2,P029129,GROUP
BK009994,J000150,1767212164,2026-11-21,CONFIRMED,4,P029131,CAREGIVER_COMPANION
BK009995,J000150,6360497638,2026-11-20,CONFIRMED,3,P029135,FAMILY
BK009996,J000150,3950700890,2026-11-19,CONFIRMED,4,P029138,FAMILY
BK009997,J000150,1238145876,2026-11-18,CONFIRMED,3,P029142,FAMILY
BK009998,J000150,7892753976,2026-11-17,CONFIRMED,5,P029145,GROUP
BK009999,J000150,6555099595,2026-11-16,WAITLISTED,4,P029150,GROUP
BK010000,J000150,9204770896,2026-11-15,CANCELLED,2,P029154,FRIENDS
BK010001,J000150,5221296195,2026-11-14,CONFIRMED,4,P029156,FRIENDS
BK010002,J000150,9818836360,2026-11-13,CONFIRMED,1,P029160,INDIVIDUAL
BK010003,J000150,3385778042,2026-11-12,CONFIRMED,2,P029161,FRIENDS
BK010004,J000150,4284752984,2026-11-11,CONFIRMED,2,P029163,FRIENDS
BK010005,J000150,3555750823,2026-11-10,CONFIRMED,4,P029165,FRIENDS
BK010006,J000150,7767420149,2026-11-09,CONFIRMED,4,P029169,FAMILY
BK010007,J000150,3737970322,2026-11-08,CONFIRMED,1,P029173,INDIVIDUAL
BK010008,J000150,6654442985,2026-11-07,CONFIRMED,1,P029174,INDIVIDUAL
BK010009,J000150,7325973956,2026-11-06,CONFIRMED,4,P029175,FRIENDS
BK010010,J000150,5871288563,2026-11-05,CONFIRMED,2,P029179,FAMILY
BK010011,J000150,2805942605,2026-11-04,CONFIRMED,2,P029181,FRIENDS
BK010012,J000150,4561586643,2026-11-03,CONFIRMED,3,P029183,GROUP
BK010013,J000150,7963874558,2026-11-02,CONFIRMED,1,P029186,INDIVIDUAL
BK010014,J000150,4967861294,2026-11-01,CONFIRMED,1,P029187,INDIVIDUAL
BK010015,J000150,7225613203,2026-10-31,CONFIRMED,3,P029188,FAMILY
BK010016,J000150,3545973886,2026-10-30,CONFIRMED,2,P029191,FRIENDS
BK010017,J000150,5035688750,2026-10-29,CONFIRMED,1,P029193,INDIVIDUAL
BK010018,J000150,5353826976,2026-10-28,CONFIRMED,1,P029194,INDIVIDUAL
BK010019,J000150,2564422303,2026-10-27,CONFIRMED,3,P029195,FAMILY
BK010020,J000150,7933590541,2026-10-26,CONFIRMED,3,P029198,GROUP
BK010021,J000151,3052447073,2026-09-15,CONFIRMED,2,P029201,GROUP
BK010022,J000151,6280107351,2026-09-14,CONFIRMED,2,P029203,FAMILY
BK010023,J000151,1491959950,2026-09-13,CONFIRMED,4,P029205,GROUP
BK010024,J000151,8582224312,2026-09-12,CONFIRMED,4,P029209,FAMILY
BK010025,J000151,7053734025,2026-09-11,CONFIRMED,1,P029213,INDIVIDUAL
BK010026,J000151,5924893246,2026-09-10,CONFIRMED,4,P029214,FAMILY
BK010027,J000151,5055683098,2026-09-09,CONFIRMED,3,P029218,FAMILY
BK010028,J000151,3228116547,2026-09-08,CONFIRMED,5,P029221,FRIENDS
BK010029,J000151,4679394018,2026-09-07,CONFIRMED,2,P029226,GROUP
BK010030,J000151,2665621376,2026-09-06,CONFIRMED,1,P029228,INDIVIDUAL
BK010031,J000151,3767501965,2026-09-05,CONFIRMED,2,P029229,FRIENDS
BK010032,J000151,6327259249,2026-10-12,WAITLISTED,2,P029231,FRIENDS
BK010033,J000151,1976280537,2026-10-11,CONFIRMED,2,P029233,GROUP
BK010034,J000151,5374441500,2026-10-10,CONFIRMED,3,P029235,FRIENDS
BK010035,J000151,4637048841,2026-10-09,CONFIRMED,4,P029238,GROUP
BK010036,J000151,6038466641,2026-10-08,CONFIRMED,3,P029242,GROUP
BK010037,J000151,8722014915,2026-10-07,CONFIRMED,4,P029245,FRIENDS
BK010038,J000151,8479278695,2026-10-06,CONFIRMED,2,P029249,FAMILY
BK010039,J000151,6641321541,2026-10-05,CONFIRMED,3,P029251,FAMILY
BK010040,J000151,3471530832,2026-10-04,RAC,2,P029254,FRIENDS
BK010041,J000151,3625225531,2026-10-03,CONFIRMED,4,P029256,FRIENDS
BK010042,J000151,1040186190,2026-10-02,CONFIRMED,3,P029260,FRIENDS
BK010043,J000151,9157903567,2026-10-01,CONFIRMED,6,P029263,FRIENDS
BK010044,J000151,6088797326,2026-09-30,CONFIRMED,4,P029269,FAMILY
BK010045,J000151,7710230941,2026-09-29,CONFIRMED,2,P029273,GROUP
BK010046,J000151,5452109917,2026-09-28,CONFIRMED,2,P029275,FAMILY
BK010047,J000151,4713422515,2026-09-27,CONFIRMED,4,P029277,GROUP
BK010048,J000151,7618276957,2026-09-26,CONFIRMED,4,P029281,FAMILY
BK010049,J000151,6598299581,2026-09-25,CONFIRMED,4,P029285,FRIENDS
BK010050,J000151,3868445916,2026-09-24,CONFIRMED,6,P029289,FAMILY
BK010051,J000151,5832235748,2026-09-23,CONFIRMED,2,P029295,FRIENDS
BK010052,J000151,5120989621,2026-09-22,CONFIRMED,2,P029297,FRIENDS
BK010053,J000151,6940706017,2026-09-21,CONFIRMED,1,P029299,INDIVIDUAL
BK010054,J000151,3395697098,2026-09-20,CONFIRMED,2,P029300,FAMILY
BK010055,J000151,4070892662,2026-09-19,CONFIRMED,2,P029302,FRIENDS
BK010056,J000151,4021024915,2026-09-18,CONFIRMED,4,P029304,FAMILY
BK010057,J000151,4119159127,2026-09-17,CONFIRMED,2,P029308,GROUP
BK010058,J000151,3649654841,2026-09-16,CONFIRMED,2,P029310,FAMILY
BK010059,J000151,2228034160,2026-09-15,CONFIRMED,2,P029312,FRIENDS
BK010060,J000151,8338427495,2026-09-14,CONFIRMED,4,P029314,FAMILY
BK010061,J000151,1120747643,2026-09-13,CONFIRMED,6,P029318,GROUP
BK010062,J000151,9577737697,2026-09-12,CONFIRMED,1,P029324,INDIVIDUAL
BK010063,J000151,5947072436,2026-09-11,CONFIRMED,4,P029325,GROUP
BK010064,J000151,3805571561,2026-09-10,CONFIRMED,1,P029329,INDIVIDUAL
BK010065,J000151,9257350419,2026-09-09,WAITLISTED,6,P029330,GROUP
BK010066,J000151,2742230548,2026-09-08,CONFIRMED,1,P029336,INDIVIDUAL
BK010067,J000151,6583089822,2026-09-07,CONFIRMED,2,P029337,FRIENDS
BK010068,J000151,8026867206,2026-09-06,CONFIRMED,3,P029339,GROUP
BK010069,J000151,6649604810,2026-09-05,CONFIRMED,2,P029342,GROUP
BK010070,J000151,4118006032,2026-10-12,CONFIRMED,3,P029344,FRIENDS
BK010071,J000151,3498856557,2026-10-11,CONFIRMED,2,P029347,FRIENDS
BK010072,J000151,1358311600,2026-10-10,CONFIRMED,2,P029349,FRIENDS
BK010073,J000151,4063310622,2026-10-09,CONFIRMED,4,P029351,FRIENDS
BK010074,J000151,2002607800,2026-10-08,CONFIRMED,1,P029355,INDIVIDUAL
BK010075,J000151,2397209673,2026-10-07,CONFIRMED,1,P029356,INDIVIDUAL
BK010076,J000151,8748393950,2026-10-06,CONFIRMED,2,P029357,FRIENDS
BK010077,J000151,7916365196,2026-10-05,CONFIRMED,2,P029359,GROUP
BK010078,J000151,8586206559,2026-10-04,CONFIRMED,1,P029361,INDIVIDUAL
BK010079,J000151,8318717968,2026-10-03,CONFIRMED,4,P029362,GROUP
BK010080,J000151,7967950910,2026-10-02,RAC,2,P029366,FRIENDS
BK010081,J000151,3325131512,2026-10-01,CONFIRMED,2,P029368,GROUP
BK010082,J000151,7700658033,2026-09-30,CONFIRMED,2,P029370,FAMILY
BK010083,J000151,1094474087,2026-09-29,CONFIRMED,3,P029372,FAMILY
BK010084,J000151,8140252459,2026-09-28,CONFIRMED,8,P029375,FAMILY
BK010085,J000151,2680968637,2026-09-27,CONFIRMED,3,P029383,FAMILY
BK010086,J000151,4915104605,2026-09-26,CONFIRMED,3,P029386,FRIENDS
BK010087,J000152,8262187968,2026-09-28,CONFIRMED,3,P029389,FAMILY
BK010088,J000152,4355046975,2026-09-27,CONFIRMED,6,P029392,FAMILY
BK010089,J000152,8931976409,2026-09-26,CONFIRMED,4,P029398,CAREGIVER_COMPANION
BK010090,J000152,5549406705,2026-09-25,CONFIRMED,1,P029402,INDIVIDUAL
BK010091,J000152,4482977479,2026-09-24,CONFIRMED,4,P029403,GROUP
BK010092,J000152,3897534869,2026-09-23,CONFIRMED,8,P029407,FAMILY
BK010093,J000152,3922612977,2026-09-22,CONFIRMED,7,P029415,FAMILY
BK010094,J000152,2938855861,2026-09-21,CONFIRMED,1,P029422,INDIVIDUAL
BK010095,J000152,4573860744,2026-09-20,CONFIRMED,7,P029423,FAMILY
BK010096,J000152,5004397907,2026-09-19,CONFIRMED,2,P029430,FRIENDS
BK010097,J000152,4952966413,2026-09-18,CONFIRMED,6,P029432,GROUP
BK010098,J000152,8125403554,2026-09-17,WAITLISTED,2,P029438,FAMILY
BK010099,J000152,6006535554,2026-09-16,CONFIRMED,3,P029440,FAMILY
BK010100,J000152,9219953253,2026-09-15,CANCELLED,2,P029443,FRIENDS
BK010101,J000152,4765163328,2026-09-14,CONFIRMED,4,P029445,FRIENDS
BK010102,J000152,4475797338,2026-09-13,CONFIRMED,7,P029449,FRIENDS
BK010103,J000152,8703765641,2026-09-12,CONFIRMED,6,P029456,FRIENDS
BK010104,J000152,7423276847,2026-09-11,CONFIRMED,4,P029462,FAMILY
BK010105,J000152,6269746958,2026-09-10,CONFIRMED,1,P029466,INDIVIDUAL
BK010106,J000152,2188903131,2026-09-09,CONFIRMED,1,P029467,INDIVIDUAL
BK010107,J000152,3884526656,2026-09-08,CONFIRMED,4,P029468,GROUP
BK010108,J000152,6773541909,2026-10-15,CONFIRMED,2,P029472,FRIENDS
BK010109,J000152,6195437463,2026-10-14,CONFIRMED,2,P029474,GROUP
BK010110,J000152,9790760310,2026-10-13,CONFIRMED,4,P029476,FAMILY
BK010111,J000152,8768721141,2026-10-12,CONFIRMED,2,P029480,FRIENDS
BK010112,J000152,7045595400,2026-10-11,CONFIRMED,7,P029482,GROUP
BK010113,J000152,8107769930,2026-10-10,CONFIRMED,1,P029489,INDIVIDUAL
BK010114,J000152,3660930590,2026-10-09,CONFIRMED,2,P029490,FAMILY
BK010115,J000152,6586201140,2026-10-08,CONFIRMED,4,P029492,GROUP
BK010116,J000152,1351558366,2026-10-07,CONFIRMED,1,P029496,INDIVIDUAL
BK010117,J000152,1706185450,2026-10-06,CONFIRMED,2,P029497,GROUP
BK010118,J000152,7684136514,2026-10-05,CONFIRMED,2,P029499,FAMILY
BK010119,J000152,1681640893,2026-10-04,CONFIRMED,4,P029501,GROUP
BK010120,J000152,4932820735,2026-10-03,RAC,1,P029505,INDIVIDUAL
BK010121,J000152,1570374283,2026-10-02,CONFIRMED,4,P029506,FRIENDS
BK010122,J000152,4331569764,2026-10-01,CONFIRMED,7,P029510,FRIENDS
BK010123,J000152,5276769825,2026-09-30,CONFIRMED,2,P029517,FRIENDS
BK010124,J000152,4023543598,2026-09-29,CONFIRMED,3,P029519,GROUP
BK010125,J000152,4074041313,2026-09-28,CONFIRMED,7,P029522,FAMILY
BK010126,J000152,5841714198,2026-09-27,CONFIRMED,1,P029529,INDIVIDUAL
BK010127,J000152,7229912049,2026-09-26,CONFIRMED,4,P029530,CAREGIVER_COMPANION
BK010128,J000152,4151890410,2026-09-25,CONFIRMED,2,P029534,FRIENDS
BK010129,J000152,5634553582,2026-09-24,CONFIRMED,4,P029536,FRIENDS
BK010130,J000152,1946462599,2026-09-23,CONFIRMED,2,P029540,FAMILY
BK010131,J000152,8298320054,2026-09-22,WAITLISTED,3,P029542,FAMILY
BK010132,J000152,1388577915,2026-09-21,CONFIRMED,3,P029545,GROUP
BK010133,J000152,5991367893,2026-09-20,CONFIRMED,1,P029548,INDIVIDUAL
BK010134,J000152,7858612543,2026-09-19,CONFIRMED,1,P029549,INDIVIDUAL
BK010135,J000152,3691549032,2026-09-18,CONFIRMED,1,P029550,INDIVIDUAL
BK010136,J000152,7820371148,2026-09-17,CONFIRMED,2,P029551,FRIENDS
BK010137,J000152,1972218779,2026-09-16,CONFIRMED,1,P029553,INDIVIDUAL
BK010138,J000152,1142041457,2026-09-15,CONFIRMED,3,P029554,FRIENDS
BK010139,J000152,5873071060,2026-09-14,CONFIRMED,4,P029557,GROUP
BK010140,J000152,8468588783,2026-09-13,CONFIRMED,2,P029561,FRIENDS
BK010141,J000152,4727931108,2026-09-12,CONFIRMED,4,P029563,FRIENDS
BK010142,J000152,3934991151,2026-09-11,CONFIRMED,4,P029567,FAMILY
BK010143,J000152,2641341857,2026-09-10,CONFIRMED,1,P029571,INDIVIDUAL
BK010144,J000152,2022935345,2026-09-09,CONFIRMED,2,P029572,FRIENDS
BK010145,J000152,2139297907,2026-09-08,CONFIRMED,2,P029574,GROUP
BK010146,J000152,1264296974,2026-10-15,CONFIRMED,4,P029576,CAREGIVER_COMPANION
BK010147,J000152,9031468726,2026-10-14,CONFIRMED,1,P029580,INDIVIDUAL
BK010148,J000152,4629689641,2026-10-13,CONFIRMED,4,P029581,FAMILY
BK010149,J000152,9319983407,2026-10-12,CONFIRMED,1,P029585,INDIVIDUAL
BK010150,J000152,2052673837,2026-10-11,CONFIRMED,1,P029586,INDIVIDUAL
BK010151,J000152,3158458516,2026-10-10,CONFIRMED,2,P029587,FRIENDS
BK010152,J000152,2435938589,2026-10-09,CONFIRMED,1,P029589,INDIVIDUAL
BK010153,J000153,6280837817,2026-10-12,CONFIRMED,3,P029590,FAMILY
BK010154,J000153,5609172387,2026-10-11,CONFIRMED,1,P029593,INDIVIDUAL
BK010155,J000153,2730860317,2026-10-10,CONFIRMED,7,P029594,FAMILY
BK010156,J000153,6014201102,2026-10-09,CONFIRMED,3,P029601,GROUP
BK010157,J000153,6279510332,2026-10-08,CONFIRMED,3,P029604,FAMILY
BK010158,J000153,4254514097,2026-10-07,CONFIRMED,1,P029607,INDIVIDUAL
BK010159,J000153,7001147299,2026-10-06,CONFIRMED,8,P029608,GROUP
BK010160,J000153,1519608580,2026-10-05,RAC,4,P029616,FAMILY
BK010161,J000153,1532194176,2026-10-04,CONFIRMED,3,P029620,FAMILY
BK010162,J000153,1886957470,2026-10-03,CONFIRMED,5,P029623,GROUP
BK010163,J000153,6584311023,2026-10-02,CONFIRMED,2,P029628,FRIENDS
BK010164,J000153,7820143857,2026-10-01,WAITLISTED,8,P029630,FAMILY
BK010165,J000153,9173164228,2026-09-30,CONFIRMED,7,P029638,CAREGIVER_COMPANION
BK010166,J000153,9049026649,2026-09-29,CONFIRMED,2,P029645,FAMILY
BK010167,J000153,4781091653,2026-09-28,CONFIRMED,2,P029647,FRIENDS
BK010168,J000153,8925701416,2026-09-27,CONFIRMED,4,P029649,FAMILY
BK010169,J000153,5624424356,2026-09-26,CONFIRMED,1,P029653,INDIVIDUAL
BK010170,J000153,6442724393,2026-09-25,CONFIRMED,4,P029654,FAMILY
BK010171,J000153,8201442291,2026-09-24,CONFIRMED,1,P029658,INDIVIDUAL
BK010172,J000153,4010734764,2026-09-23,CONFIRMED,7,P029659,GROUP
BK010173,J000153,1593344377,2026-09-22,CONFIRMED,1,P029666,INDIVIDUAL
BK010174,J000153,2729479360,2026-09-21,CONFIRMED,8,P029667,FAMILY
BK010175,J000153,6880633929,2026-09-20,CONFIRMED,3,P029675,FAMILY
BK010176,J000153,3473881532,2026-09-19,CONFIRMED,3,P029678,GROUP
BK010177,J000153,9307754611,2026-09-18,CONFIRMED,1,P029681,INDIVIDUAL
BK010178,J000153,4383307778,2026-09-17,CONFIRMED,1,P029682,INDIVIDUAL
BK010179,J000153,8127955864,2026-09-16,CONFIRMED,5,P029683,FAMILY
BK010180,J000153,7784966189,2026-09-15,CONFIRMED,4,P029688,FAMILY
BK010181,J000153,1111835256,2026-09-14,CONFIRMED,2,P029692,GROUP
BK010182,J000153,5001362126,2026-09-13,CONFIRMED,3,P029694,FRIENDS
BK010183,J000153,3702849910,2026-09-12,CONFIRMED,1,P029697,INDIVIDUAL
BK010184,J000153,2340090533,2026-10-19,CONFIRMED,1,P029698,INDIVIDUAL
BK010185,J000153,2021994338,2026-10-18,CONFIRMED,1,P029699,INDIVIDUAL
BK010186,J000153,7102291549,2026-10-17,CONFIRMED,4,P029700,FAMILY
BK010187,J000153,1190153022,2026-10-16,CONFIRMED,2,P029704,FRIENDS
BK010188,J000153,3718363852,2026-10-15,CONFIRMED,6,P029706,FAMILY
BK010189,J000153,4729998934,2026-10-14,CONFIRMED,4,P029712,FRIENDS
BK010190,J000153,5195023608,2026-10-13,CONFIRMED,4,P029716,FAMILY
BK010191,J000153,7487162704,2026-10-12,CONFIRMED,4,P029720,GROUP
BK010192,J000153,7316001184,2026-10-11,CONFIRMED,4,P029724,FAMILY
BK010193,J000153,1326141049,2026-10-10,CONFIRMED,6,P029728,GROUP
BK010194,J000153,4645211415,2026-10-09,CONFIRMED,8,P029734,FAMILY
BK010195,J000153,2803338048,2026-10-08,CONFIRMED,1,P029742,INDIVIDUAL
BK010196,J000153,6513469879,2026-10-07,CONFIRMED,1,P029743,INDIVIDUAL
BK010197,J000153,7541113799,2026-10-06,WAITLISTED,4,P029744,FRIENDS
BK010198,J000153,6837888081,2026-10-05,CONFIRMED,3,P029748,FRIENDS
BK010199,J000153,5169082098,2026-10-04,CONFIRMED,6,P029751,FRIENDS
BK010200,J000153,7233834871,2026-10-03,CANCELLED,1,P029757,INDIVIDUAL
BK010201,J000153,7396670688,2026-10-02,CONFIRMED,7,P029758,FAMILY
BK010202,J000153,3166800352,2026-10-01,CONFIRMED,5,P029765,GROUP
BK010203,J000153,5641555356,2026-09-30,CONFIRMED,2,P029770,FRIENDS
BK010204,J000153,5601781123,2026-09-29,CONFIRMED,2,P029772,FRIENDS
BK010205,J000153,7037055771,2026-09-28,CONFIRMED,2,P029774,GROUP
BK010206,J000153,4196689546,2026-09-27,CONFIRMED,1,P029776,INDIVIDUAL
BK010207,J000153,2426209338,2026-09-26,CONFIRMED,1,P029777,INDIVIDUAL
BK010208,J000153,3260748035,2026-09-25,CONFIRMED,4,P029778,FAMILY
BK010209,J000153,3694058041,2026-09-24,CONFIRMED,3,P029782,FAMILY
BK010210,J000153,2075471911,2026-09-23,CONFIRMED,1,P029785,INDIVIDUAL
BK010211,J000153,8514245466,2026-09-22,CONFIRMED,2,P029786,FRIENDS
BK010212,J000153,8736345953,2026-09-21,CONFIRMED,1,P029788,INDIVIDUAL
BK010213,J000153,9790407255,2026-09-20,CONFIRMED,1,P029789,INDIVIDUAL
BK010214,J000153,4531600921,2026-09-19,CONFIRMED,4,P029790,FAMILY
BK010215,J000153,7413999182,2026-09-18,CONFIRMED,4,P029794,GROUP
BK010216,J000153,8263062516,2026-09-17,CONFIRMED,4,P029798,FAMILY
BK010217,J000153,3785774146,2026-09-16,CONFIRMED,3,P029802,FAMILY
BK010218,J000153,8116776631,2026-09-15,CONFIRMED,2,P029805,FAMILY
BK010219,J000154,2746884767,2026-09-17,CONFIRMED,2,P029807,FRIENDS
BK010220,J000154,1237604812,2026-09-16,CONFIRMED,2,P029809,FRIENDS
BK010221,J000154,7478248984,2026-09-15,CONFIRMED,4,P029811,FRIENDS
BK010222,J000154,8932660531,2026-10-22,CONFIRMED,1,P029815,INDIVIDUAL
BK010223,J000154,6256464345,2026-10-21,CONFIRMED,1,P029816,INDIVIDUAL
BK010224,J000154,8015942705,2026-10-20,CONFIRMED,1,P029817,INDIVIDUAL
BK010225,J000154,1341802656,2026-10-19,CONFIRMED,4,P029818,FRIENDS
BK010226,J000154,9335970384,2026-10-18,CONFIRMED,6,P029822,FAMILY
BK010227,J000154,1708054514,2026-10-17,CONFIRMED,4,P029828,GROUP
BK010228,J000154,8567822388,2026-10-16,CONFIRMED,3,P029832,GROUP
BK010229,J000154,8093116800,2026-10-15,CONFIRMED,3,P029835,FAMILY
BK010230,J000154,3984912823,2026-10-14,WAITLISTED,3,P029838,FRIENDS
BK010231,J000154,5617831590,2026-10-13,CONFIRMED,2,P029841,FRIENDS
BK010232,J000154,4894253853,2026-10-12,CONFIRMED,4,P029843,FAMILY
BK010233,J000154,8465732194,2026-10-11,CONFIRMED,4,P029847,FRIENDS
BK010234,J000154,4378335352,2026-10-10,CONFIRMED,8,P029851,FAMILY
BK010235,J000154,9656327162,2026-10-09,CONFIRMED,2,P029859,FRIENDS
BK010236,J000154,6816584081,2026-10-08,CONFIRMED,3,P029861,GROUP
BK010237,J000154,4583659241,2026-10-07,CONFIRMED,3,P029864,FAMILY
BK010238,J000154,5822903963,2026-10-06,CONFIRMED,1,P029867,INDIVIDUAL
BK010239,J000154,7858842464,2026-10-05,CONFIRMED,1,P029868,INDIVIDUAL
BK010240,J000154,2003832867,2026-10-04,RAC,3,P029869,GROUP
BK010241,J000154,7952488853,2026-10-03,CONFIRMED,1,P029872,INDIVIDUAL
BK010242,J000154,2396104136,2026-10-02,CONFIRMED,1,P029873,INDIVIDUAL
BK010243,J000154,4169084907,2026-10-01,CONFIRMED,1,P029874,INDIVIDUAL
BK010244,J000154,3174101801,2026-09-30,CONFIRMED,6,P029875,FAMILY
BK010245,J000154,4626284721,2026-09-29,CONFIRMED,1,P029881,INDIVIDUAL
BK010246,J000154,6870404949,2026-09-28,CONFIRMED,3,P029882,FRIENDS
BK010247,J000154,5478352655,2026-09-27,CONFIRMED,3,P029885,FAMILY
BK010248,J000154,5751386767,2026-09-26,CONFIRMED,6,P029888,FAMILY
BK010249,J000154,6006963965,2026-09-25,CONFIRMED,1,P029894,INDIVIDUAL
BK010250,J000154,8778329559,2026-09-24,CONFIRMED,1,P029895,INDIVIDUAL
BK010251,J000154,7061961139,2026-09-23,CONFIRMED,4,P029896,GROUP
BK010252,J000154,3363800302,2026-09-22,CONFIRMED,4,P029900,FAMILY
BK010253,J000154,1033776383,2026-09-21,CONFIRMED,2,P029904,GROUP
BK010254,J000154,5852973238,2026-09-20,CONFIRMED,5,P029906,GROUP
BK010255,J000154,2939597471,2026-09-19,CONFIRMED,1,P029911,INDIVIDUAL
BK010256,J000154,2694415688,2026-09-18,CONFIRMED,1,P029912,INDIVIDUAL
BK010257,J000154,5842863643,2026-09-17,CONFIRMED,5,P029913,FAMILY
BK010258,J000154,4512598647,2026-09-16,CONFIRMED,3,P029918,FRIENDS
BK010259,J000154,9016297670,2026-09-15,CONFIRMED,4,P029921,GROUP
BK010260,J000154,3382475350,2026-10-22,CONFIRMED,2,P029925,FRIENDS
BK010261,J000154,1994305039,2026-10-21,CONFIRMED,4,P029927,FRIENDS
BK010262,J000154,9900424362,2026-10-20,CONFIRMED,7,P029931,FRIENDS
BK010263,J000154,8591409452,2026-10-19,WAITLISTED,3,P029938,FAMILY
BK010264,J000154,4603265128,2026-10-18,CONFIRMED,2,P029941,FRIENDS
BK010265,J000154,8068505137,2026-10-17,CONFIRMED,4,P029943,FRIENDS
BK010266,J000154,9696521274,2026-10-16,CONFIRMED,2,P029947,FAMILY
BK010267,J000154,7532270235,2026-10-15,CONFIRMED,4,P029949,GROUP
BK010268,J000154,9208137263,2026-10-14,CONFIRMED,7,P029953,GROUP
BK010269,J000154,5229317687,2026-10-13,CONFIRMED,2,P029960,GROUP
BK010270,J000154,3705811393,2026-10-12,CONFIRMED,1,P029962,INDIVIDUAL
BK010271,J000154,5670290327,2026-10-11,CONFIRMED,2,P029963,FRIENDS
BK010272,J000154,4847502883,2026-10-10,CONFIRMED,7,P029965,GROUP
BK010273,J000154,7815078508,2026-10-09,CONFIRMED,6,P029972,GROUP
BK010274,J000154,7442955046,2026-10-08,CONFIRMED,2,P029978,FAMILY
BK010275,J000154,8725141810,2026-10-07,CONFIRMED,5,P029980,FAMILY
BK010276,J000154,9348415270,2026-10-06,CONFIRMED,2,P029985,FRIENDS
BK010277,J000154,1169965751,2026-10-05,CONFIRMED,3,P029987,FAMILY
BK010278,J000154,7704758109,2026-10-04,CONFIRMED,3,P029990,FRIENDS
BK010279,J000154,3468402820,2026-10-03,CONFIRMED,1,P029993,INDIVIDUAL
BK010280,J000154,1239634873,2026-10-02,RAC,3,P029994,GROUP
BK010281,J000154,3155498330,2026-10-01,CONFIRMED,4,P029997,FRIENDS
BK010282,J000154,5490240865,2026-09-30,CONFIRMED,5,P030001,GROUP
BK010283,J000154,5064624057,2026-09-29,CONFIRMED,5,P030006,FAMILY
BK010284,J000154,8859657351,2026-09-28,CONFIRMED,1,P030011,INDIVIDUAL
BK010285,J000155,9818644725,2026-10-01,CONFIRMED,7,P030012,FAMILY
BK010286,J000155,6692909265,2026-09-30,CONFIRMED,4,P030019,FAMILY
BK010287,J000155,5129568854,2026-09-29,CONFIRMED,2,P030023,FRIENDS
BK010288,J000155,5605402624,2026-09-28,CONFIRMED,3,P030025,GROUP
BK010289,J000155,2840459839,2026-09-27,CONFIRMED,1,P030028,INDIVIDUAL
BK010290,J000155,3860695931,2026-09-26,CONFIRMED,2,P030029,FAMILY
BK010291,J000155,2190027082,2026-09-25,CONFIRMED,3,P030031,FAMILY
BK010292,J000155,4254118407,2026-09-24,CONFIRMED,2,P030034,FRIENDS
BK010293,J000155,9299872600,2026-09-23,CONFIRMED,1,P030036,INDIVIDUAL
BK010294,J000155,3781852490,2026-09-22,CONFIRMED,1,P030037,INDIVIDUAL
BK010295,J000155,7794861935,2026-09-21,CONFIRMED,2,P030038,FRIENDS
BK010296,J000155,4471889251,2026-09-20,WAITLISTED,4,P030040,FAMILY
BK010297,J000155,5788567570,2026-09-19,CONFIRMED,4,P030044,FRIENDS
BK010298,J000155,1457166535,2026-10-26,CONFIRMED,4,P030048,CAREGIVER_COMPANION
BK010299,J000155,7682352960,2026-10-25,CONFIRMED,1,P030052,INDIVIDUAL
BK010300,J000155,7322631470,2026-10-24,CANCELLED,2,P030053,FRIENDS
BK010301,J000155,1112999708,2026-10-23,CONFIRMED,2,P030055,GROUP
BK010302,J000155,9169452329,2026-10-22,CONFIRMED,4,P030057,FAMILY
BK010303,J000155,1106841884,2026-10-21,CONFIRMED,1,P030061,INDIVIDUAL
BK010304,J000155,1670049997,2026-10-20,CONFIRMED,7,P030062,GROUP
BK010305,J000155,5593335941,2026-10-19,CONFIRMED,2,P030069,GROUP
BK010306,J000155,6827957527,2026-10-18,CONFIRMED,4,P030071,FAMILY
BK010307,J000155,1227239283,2026-10-17,CONFIRMED,7,P030075,FAMILY
BK010308,J000155,8522106491,2026-10-16,CONFIRMED,3,P030082,GROUP
BK010309,J000155,1793463224,2026-10-15,CONFIRMED,6,P030085,GROUP
BK010310,J000155,4416274307,2026-10-14,CONFIRMED,6,P030091,FAMILY
BK010311,J000155,5333124587,2026-10-13,CONFIRMED,1,P030097,INDIVIDUAL
BK010312,J000155,6533830325,2026-10-12,CONFIRMED,3,P030098,GROUP
BK010313,J000155,4941341866,2026-10-11,CONFIRMED,4,P030101,FRIENDS
BK010314,J000155,8274707797,2026-10-10,CONFIRMED,6,P030105,FAMILY
BK010315,J000155,9132886090,2026-10-09,CONFIRMED,4,P030111,GROUP
BK010316,J000155,8541828971,2026-10-08,CONFIRMED,1,P030115,INDIVIDUAL
BK010317,J000155,5501552017,2026-10-07,CONFIRMED,1,P030116,INDIVIDUAL
BK010318,J000155,3736497540,2026-10-06,CONFIRMED,2,P030117,FAMILY
BK010319,J000155,4082554384,2026-10-05,CONFIRMED,4,P030119,GROUP
BK010320,J000155,8372276060,2026-10-04,RAC,7,P030123,GROUP
BK010321,J000155,2017428507,2026-10-03,CONFIRMED,2,P030130,GROUP
BK010322,J000155,6040120694,2026-10-02,CONFIRMED,1,P030132,INDIVIDUAL
BK010323,J000155,9271140382,2026-10-01,CONFIRMED,2,P030133,FRIENDS
BK010324,J000155,6336448405,2026-09-30,CONFIRMED,2,P030135,FRIENDS
BK010325,J000155,1065857411,2026-09-29,CONFIRMED,8,P030137,FRIENDS
BK010326,J000155,4789357757,2026-09-28,CONFIRMED,2,P030145,FAMILY
BK010327,J000155,9275218178,2026-09-27,CONFIRMED,3,P030147,FAMILY
BK010328,J000155,7581527176,2026-09-26,CONFIRMED,2,P030150,FRIENDS
BK010329,J000155,8159929094,2026-09-25,WAITLISTED,4,P030152,FRIENDS
BK010330,J000155,5212812339,2026-09-24,CONFIRMED,5,P030156,GROUP
BK010331,J000155,3342345487,2026-09-23,CONFIRMED,3,P030161,FAMILY
BK010332,J000155,4148761984,2026-09-22,CONFIRMED,1,P030164,INDIVIDUAL
BK010333,J000155,2033724258,2026-09-21,CONFIRMED,2,P030165,GROUP
BK010334,J000155,9013552659,2026-09-20,CONFIRMED,3,P030167,FRIENDS
BK010335,J000155,6763495779,2026-09-19,CONFIRMED,2,P030170,FRIENDS
BK010336,J000155,5311211250,2026-10-26,CONFIRMED,3,P030172,GROUP
BK010337,J000155,1961452862,2026-10-25,CONFIRMED,4,P030175,FRIENDS
BK010338,J000155,6525452337,2026-10-24,CONFIRMED,4,P030179,FAMILY
BK010339,J000155,2331878715,2026-10-23,CONFIRMED,5,P030183,FAMILY
BK010340,J000155,4068844821,2026-10-22,CONFIRMED,3,P030188,GROUP
BK010341,J000155,8654728860,2026-10-21,CONFIRMED,3,P030191,FAMILY
BK010342,J000155,3615169469,2026-10-20,CONFIRMED,1,P030194,INDIVIDUAL
BK010343,J000155,5311168779,2026-10-19,CONFIRMED,3,P030195,FAMILY
BK010344,J000155,2596508169,2026-10-18,CONFIRMED,4,P030198,FAMILY
BK010345,J000155,5733905571,2026-10-17,CONFIRMED,2,P030202,GROUP
BK010346,J000155,8454094554,2026-10-16,CONFIRMED,1,P030204,INDIVIDUAL
BK010347,J000155,6185197987,2026-10-15,CONFIRMED,1,P030205,INDIVIDUAL
BK010348,J000155,8043894720,2026-10-14,CONFIRMED,2,P030206,FRIENDS
BK010349,J000155,9684854246,2026-10-13,CONFIRMED,6,P030208,GROUP
BK010350,J000155,3237349008,2026-10-12,CONFIRMED,1,P030214,INDIVIDUAL
BK010351,J000156,7485552885,2026-10-14,CONFIRMED,6,P030215,FRIENDS
BK010352,J000156,5445042705,2026-10-13,CONFIRMED,1,P030221,INDIVIDUAL
BK010353,J000156,9653858923,2026-10-12,CONFIRMED,2,P030222,GROUP
BK010354,J000156,5900399587,2026-10-11,CONFIRMED,1,P030224,INDIVIDUAL
BK010355,J000156,2911863079,2026-10-10,CONFIRMED,3,P030225,FAMILY
BK010356,J000156,8658289731,2026-10-09,CONFIRMED,2,P030228,FRIENDS
BK010357,J000156,4018356775,2026-10-08,CONFIRMED,4,P030230,FRIENDS
BK010358,J000156,5606896444,2026-10-07,CONFIRMED,2,P030234,FAMILY
BK010359,J000156,5070680053,2026-10-06,CONFIRMED,1,P030236,INDIVIDUAL
BK010360,J000156,5544521665,2026-10-05,RAC,2,P030237,FRIENDS
BK010361,J000156,9932003565,2026-10-04,CONFIRMED,5,P030239,FAMILY
BK010362,J000156,3727575215,2026-10-03,WAITLISTED,4,P030244,FAMILY
BK010363,J000156,7952667187,2026-10-02,CONFIRMED,1,P030248,INDIVIDUAL
BK010364,J000156,2089851764,2026-10-01,CONFIRMED,7,P030249,GROUP
BK010365,J000156,1756757386,2026-09-30,CONFIRMED,1,P030256,INDIVIDUAL
BK010366,J000156,6511593250,2026-09-29,CONFIRMED,7,P030257,FRIENDS
BK010367,J000156,8669869738,2026-09-28,CONFIRMED,1,P030264,INDIVIDUAL
BK010368,J000156,1494781137,2026-09-27,CONFIRMED,4,P030265,FAMILY
BK010369,J000156,9628948526,2026-09-26,CONFIRMED,1,P030269,INDIVIDUAL
BK010370,J000156,9286597445,2026-09-25,CONFIRMED,2,P030270,FAMILY
BK010371,J000156,3780660086,2026-09-24,CONFIRMED,4,P030272,GROUP
BK010372,J000156,4334761342,2026-09-23,CONFIRMED,4,P030276,FAMILY
BK010373,J000156,2542623858,2026-09-22,CONFIRMED,2,P030280,GROUP
BK010374,J000156,6365767001,2026-10-29,CONFIRMED,3,P030282,FRIENDS
BK010375,J000156,6460537598,2026-10-28,CONFIRMED,5,P030285,FAMILY
BK010376,J000156,6837468220,2026-10-27,CONFIRMED,1,P030290,INDIVIDUAL
BK010377,J000156,9842872182,2026-10-26,CONFIRMED,7,P030291,FAMILY
BK010378,J000156,5235015861,2026-10-25,CONFIRMED,1,P030298,INDIVIDUAL
BK010379,J000156,1451404754,2026-10-24,CONFIRMED,3,P030299,FAMILY
BK010380,J000156,1852778666,2026-10-23,CONFIRMED,4,P030302,FAMILY
BK010381,J000156,5505354430,2026-10-22,CONFIRMED,3,P030306,FAMILY
BK010382,J000156,4362108935,2026-10-21,CONFIRMED,2,P030309,FAMILY
BK010383,J000156,2262549849,2026-10-20,CONFIRMED,4,P030311,GROUP
BK010384,J000156,7238553344,2026-10-19,CONFIRMED,4,P030315,FAMILY
BK010385,J000156,6176160042,2026-10-18,CONFIRMED,2,P030319,GROUP
BK010386,J000156,8203454552,2026-10-17,CONFIRMED,2,P030321,FAMILY
BK010387,J000156,2691162815,2026-10-16,CONFIRMED,2,P030323,FRIENDS
BK010388,J000156,8733907479,2026-10-15,CONFIRMED,4,P030325,FAMILY
BK010389,J000156,7510134597,2026-10-14,CONFIRMED,7,P030329,FAMILY
BK010390,J000156,2753770931,2026-10-13,CONFIRMED,2,P030336,FAMILY
BK010391,J000156,7659203133,2026-10-12,CONFIRMED,3,P030338,FAMILY
BK010392,J000156,7046901367,2026-10-11,CONFIRMED,3,P030341,GROUP
BK010393,J000156,6842763800,2026-10-10,CONFIRMED,6,P030344,CAREGIVER_COMPANION
BK010394,J000156,7527620900,2026-10-09,CONFIRMED,4,P030350,FAMILY
BK010395,J000156,1863304943,2026-10-08,WAITLISTED,1,P030354,INDIVIDUAL
BK010396,J000156,3443964550,2026-10-07,CONFIRMED,2,P030355,FRIENDS
BK010397,J000156,9634425123,2026-10-06,CONFIRMED,2,P030357,GROUP
BK010398,J000156,5058064505,2026-10-05,CONFIRMED,4,P030359,FAMILY
BK010399,J000156,4677261816,2026-10-04,CONFIRMED,3,P030363,FAMILY
BK010400,J000156,8319631014,2026-10-03,CANCELLED,1,P030366,INDIVIDUAL
BK010401,J000156,7484260814,2026-10-02,CONFIRMED,2,P030367,GROUP
BK010402,J000156,1571712358,2026-10-01,CONFIRMED,1,P030369,INDIVIDUAL
BK010403,J000156,3333919585,2026-09-30,CONFIRMED,1,P030370,INDIVIDUAL
BK010404,J000156,7266792313,2026-09-29,CONFIRMED,1,P030371,INDIVIDUAL
BK010405,J000156,9606950956,2026-09-28,CONFIRMED,2,P030372,GROUP
BK010406,J000156,5558852877,2026-09-27,CONFIRMED,1,P030374,INDIVIDUAL
BK010407,J000156,5391611163,2026-09-26,CONFIRMED,6,P030375,FRIENDS
BK010408,J000156,3610260864,2026-09-25,CONFIRMED,8,P030381,FAMILY
BK010409,J000156,3449515709,2026-09-24,CONFIRMED,4,P030389,FRIENDS
BK010410,J000156,6464901876,2026-09-23,CONFIRMED,4,P030393,FAMILY
BK010411,J000156,3018190942,2026-09-22,CONFIRMED,1,P030397,INDIVIDUAL
BK010412,J000156,9137409723,2026-10-29,CONFIRMED,1,P030398,INDIVIDUAL
BK010413,J000156,1344479253,2026-10-28,CONFIRMED,2,P030399,GROUP
BK010414,J000156,6316608204,2026-10-27,CONFIRMED,1,P030401,INDIVIDUAL
BK010415,J000156,8184230840,2026-10-26,CONFIRMED,3,P030402,FAMILY
BK010416,J000156,2276721599,2026-10-25,CONFIRMED,2,P030405,FRIENDS
BK010417,J000157,5872842600,2026-10-08,CONFIRMED,2,P030407,GROUP
BK010418,J000157,1152568217,2026-10-07,CONFIRMED,4,P030409,FAMILY
BK010419,J000157,7820743477,2026-10-06,CONFIRMED,1,P030413,INDIVIDUAL
BK010420,J000157,9185993514,2026-10-05,CONFIRMED,6,P030414,FAMILY
BK010421,J000157,6071952639,2026-10-04,CONFIRMED,1,P030420,INDIVIDUAL
BK010422,J000157,4654904596,2026-10-03,CONFIRMED,1,P030421,INDIVIDUAL
BK010423,J000157,7075560157,2026-10-02,CONFIRMED,2,P030422,FRIENDS
BK010424,J000157,9146955117,2026-10-01,CONFIRMED,3,P030424,GROUP
BK010425,J000157,9231529878,2026-09-30,CONFIRMED,1,P030427,INDIVIDUAL
BK010426,J000157,2884364933,2026-09-29,CONFIRMED,1,P030428,INDIVIDUAL
BK010427,J000157,4340690637,2026-09-28,CONFIRMED,2,P030429,FRIENDS
BK010428,J000157,6242546114,2026-09-27,WAITLISTED,4,P030431,FAMILY
BK010429,J000157,2156226294,2026-09-26,CONFIRMED,2,P030435,GROUP
BK010430,J000157,2079996837,2026-09-25,CONFIRMED,4,P030437,FAMILY
BK010431,J000157,6047753816,2026-09-24,CONFIRMED,4,P030441,CAREGIVER_COMPANION
BK010432,J000157,9713085153,2026-09-23,CONFIRMED,2,P030445,FRIENDS
BK010433,J000157,3747214730,2026-09-22,CONFIRMED,8,P030447,FRIENDS
BK010434,J000157,6066057254,2026-09-21,CONFIRMED,1,P030455,INDIVIDUAL
BK010435,J000157,3123379400,2026-09-20,CONFIRMED,2,P030456,FRIENDS
BK010436,J000157,2729185839,2026-09-19,CONFIRMED,3,P030458,GROUP
BK010437,J000157,7797047223,2026-09-18,CONFIRMED,1,P030461,INDIVIDUAL
BK010438,J000157,7275265674,2026-09-17,CONFIRMED,2,P030462,FAMILY
BK010439,J000157,2657310725,2026-09-16,CONFIRMED,4,P030464,GROUP
BK010440,J000157,3421186322,2026-09-15,RAC,4,P030468,FAMILY
BK010441,J000157,2922755765,2026-09-14,CONFIRMED,2,P030472,GROUP
BK010442,J000157,6916121387,2026-09-13,CONFIRMED,6,P030474,FAMILY
BK010443,J000157,3619065379,2026-09-12,CONFIRMED,2,P030480,FRIENDS
BK010444,J000157,4965117516,2026-09-11,CONFIRMED,6,P030482,FAMILY
BK010445,J000157,5993735406,2026-09-10,CONFIRMED,4,P030488,FRIENDS
BK010446,J000157,4684188797,2026-09-09,CONFIRMED,2,P030492,FAMILY
BK010447,J000157,5891423510,2026-09-08,CONFIRMED,2,P030494,FRIENDS
BK010448,J000157,2545730531,2026-09-07,CONFIRMED,2,P030496,FRIENDS
BK010449,J000157,6120768693,2026-09-06,CONFIRMED,1,P030498,INDIVIDUAL
BK010450,J000157,1776251571,2026-10-13,CONFIRMED,4,P030499,CAREGIVER_COMPANION
BK010451,J000157,3962959396,2026-10-12,CONFIRMED,1,P030503,INDIVIDUAL
BK010452,J000157,8448078250,2026-10-11,CONFIRMED,3,P030504,GROUP
BK010453,J000157,4688828350,2026-10-10,CONFIRMED,1,P030507,INDIVIDUAL
BK010454,J000157,4053384661,2026-10-09,CONFIRMED,4,P030508,FAMILY
BK010455,J000157,1708289260,2026-10-08,CONFIRMED,8,P030512,GROUP
BK010456,J000157,5030931188,2026-10-07,CONFIRMED,1,P030520,INDIVIDUAL
BK010457,J000157,9495659479,2026-10-06,CONFIRMED,2,P030521,GROUP
BK010458,J000157,8390914939,2026-10-05,CONFIRMED,1,P030523,INDIVIDUAL
BK010459,J000157,8292263995,2026-10-04,CONFIRMED,3,P030524,FAMILY
BK010460,J000157,2178373095,2026-10-03,CONFIRMED,8,P030527,FAMILY
BK010461,J000157,8784787128,2026-10-02,WAITLISTED,3,P030535,FAMILY
BK010462,J000157,6438825312,2026-10-01,CONFIRMED,4,P030538,FAMILY
BK010463,J000157,6258480251,2026-09-30,CONFIRMED,8,P030542,GROUP
BK010464,J000157,9965912797,2026-09-29,CONFIRMED,2,P030550,FRIENDS
BK010465,J000157,5741992890,2026-09-28,CONFIRMED,2,P030552,GROUP
BK010466,J000157,2637685226,2026-09-27,CONFIRMED,5,P030554,GROUP
BK010467,J000157,1490315806,2026-09-26,CONFIRMED,2,P030559,FRIENDS
BK010468,J000157,4121864279,2026-09-25,CONFIRMED,4,P030561,FAMILY
BK010469,J000157,5887671292,2026-09-24,CONFIRMED,2,P030565,GROUP
BK010470,J000157,3534455635,2026-09-23,CONFIRMED,4,P030567,FAMILY
BK010471,J000157,4521435831,2026-09-22,CONFIRMED,5,P030571,FAMILY
BK010472,J000157,1945252949,2026-09-21,CONFIRMED,4,P030576,FAMILY
BK010473,J000157,5012511202,2026-09-20,CONFIRMED,2,P030580,GROUP
BK010474,J000157,8421135599,2026-09-19,CONFIRMED,2,P030582,FAMILY
BK010475,J000157,3432781229,2026-09-18,CONFIRMED,5,P030584,FAMILY
BK010476,J000157,7808003342,2026-09-17,CONFIRMED,4,P030589,FAMILY
BK010477,J000157,8997622634,2026-09-16,CONFIRMED,4,P030593,FRIENDS
BK010478,J000157,8320560903,2026-09-15,CONFIRMED,1,P030597,INDIVIDUAL
BK010479,J000157,9299387961,2026-09-14,CONFIRMED,6,P030598,FRIENDS
BK010480,J000157,8006017076,2026-09-13,RAC,3,P030604,GROUP
BK010481,J000157,7203341467,2026-09-12,CONFIRMED,1,P030607,INDIVIDUAL
BK010482,J000157,3228917963,2026-09-11,CONFIRMED,2,P030608,FAMILY
BK010483,J000158,9833895512,2026-09-11,CONFIRMED,6,P030610,FRIENDS
BK010484,J000158,4525872381,2026-09-10,CONFIRMED,3,P030616,GROUP
BK010485,J000158,7353783342,2026-09-09,CONFIRMED,3,P030619,FAMILY
BK010486,J000158,1833599682,2026-09-08,CONFIRMED,2,P030622,FAMILY
BK010487,J000158,2623837867,2026-09-07,CONFIRMED,6,P030624,FRIENDS
BK010488,J000158,1873940464,2026-10-14,CONFIRMED,1,P030630,INDIVIDUAL
BK010489,J000158,8298202670,2026-10-13,CONFIRMED,8,P030631,FRIENDS
BK010490,J000158,2712963403,2026-10-12,CONFIRMED,2,P030639,FAMILY
BK010491,J000158,6968990555,2026-10-11,CONFIRMED,1,P030641,INDIVIDUAL
BK010492,J000158,6861864159,2026-10-10,CONFIRMED,2,P030642,FRIENDS
BK010493,J000158,3917790428,2026-10-09,CONFIRMED,3,P030644,FAMILY
BK010494,J000158,1591690608,2026-10-08,WAITLISTED,4,P030647,FAMILY
BK010495,J000158,6043519197,2026-10-07,CONFIRMED,2,P030651,FRIENDS
BK010496,J000158,3157885115,2026-10-06,CONFIRMED,1,P030653,INDIVIDUAL
BK010497,J000158,5203404579,2026-10-05,CONFIRMED,4,P030654,FRIENDS
BK010498,J000158,6735606702,2026-10-04,CONFIRMED,5,P030658,GROUP
BK010499,J000158,7962588930,2026-10-03,CONFIRMED,4,P030663,GROUP
BK010500,J000158,5224336425,2026-10-02,CANCELLED,4,P030667,FAMILY
BK010501,J000158,5722444558,2026-10-01,CONFIRMED,1,P030671,INDIVIDUAL
BK010502,J000158,2134850045,2026-09-30,CONFIRMED,4,P030672,FAMILY
BK010503,J000158,9275099871,2026-09-29,CONFIRMED,2,P030676,FRIENDS
BK010504,J000158,6983918660,2026-09-28,CONFIRMED,1,P030678,INDIVIDUAL
BK010505,J000158,5406460851,2026-09-27,CONFIRMED,2,P030679,GROUP
BK010506,J000158,4256975382,2026-09-26,CONFIRMED,1,P030681,INDIVIDUAL
BK010507,J000158,6534071217,2026-09-25,CONFIRMED,6,P030682,CAREGIVER_COMPANION
BK010508,J000158,3763664857,2026-09-24,CONFIRMED,1,P030688,INDIVIDUAL
BK010509,J000158,5008830876,2026-09-23,CONFIRMED,6,P030689,GROUP
BK010510,J000158,2969360162,2026-09-22,CONFIRMED,4,P030695,FAMILY
BK010511,J000158,8492669142,2026-09-21,CONFIRMED,1,P030699,INDIVIDUAL
BK010512,J000158,9998124506,2026-09-20,CONFIRMED,1,P030700,INDIVIDUAL
BK010513,J000158,5013160697,2026-09-19,CONFIRMED,4,P030701,FRIENDS
BK010514,J000158,4509276531,2026-09-18,CONFIRMED,3,P030705,FRIENDS
BK010515,J000158,3933266095,2026-09-17,CONFIRMED,4,P030708,GROUP
BK010516,J000158,8759255276,2026-09-16,CONFIRMED,2,P030712,FRIENDS
BK010517,J000158,3358373457,2026-09-15,CONFIRMED,3,P030714,FAMILY
BK010518,J000158,7080398454,2026-09-14,CONFIRMED,2,P030717,FAMILY
BK010519,J000158,6429061748,2026-09-13,CONFIRMED,1,P030719,INDIVIDUAL
BK010520,J000158,6202743639,2026-09-12,RAC,1,P030720,INDIVIDUAL
BK010521,J000158,8127804120,2026-09-11,CONFIRMED,2,P030721,GROUP
BK010522,J000158,7871778359,2026-09-10,CONFIRMED,3,P030723,FRIENDS
BK010523,J000158,4847023838,2026-09-09,CONFIRMED,1,P030726,INDIVIDUAL
BK010524,J000158,6666752632,2026-09-08,CONFIRMED,2,P030727,FRIENDS
BK010525,J000158,9327345640,2026-09-07,CONFIRMED,3,P030729,FAMILY
BK010526,J000158,3416955833,2026-10-14,CONFIRMED,1,P030732,INDIVIDUAL
BK010527,J000158,3240343285,2026-10-13,WAITLISTED,4,P030733,GROUP
BK010528,J000158,9945403441,2026-10-12,CONFIRMED,3,P030737,GROUP
BK010529,J000158,2563648195,2026-10-11,CONFIRMED,6,P030740,GROUP
BK010530,J000158,1542070939,2026-10-10,CONFIRMED,1,P030746,INDIVIDUAL
BK010531,J000158,3496555594,2026-10-09,CONFIRMED,2,P030747,FRIENDS
BK010532,J000158,4318291646,2026-10-08,CONFIRMED,2,P030749,FRIENDS
BK010533,J000158,9779805859,2026-10-07,CONFIRMED,4,P030751,FRIENDS
BK010534,J000158,7439009594,2026-10-06,CONFIRMED,1,P030755,INDIVIDUAL
BK010535,J000158,8062819419,2026-10-05,CONFIRMED,3,P030756,FAMILY
BK010536,J000158,4293381432,2026-10-04,CONFIRMED,4,P030759,FAMILY
BK010537,J000158,5334904104,2026-10-03,CONFIRMED,1,P030763,INDIVIDUAL
BK010538,J000158,2251920600,2026-10-02,CONFIRMED,8,P030764,FAMILY
BK010539,J000158,7532824998,2026-10-01,CONFIRMED,3,P030772,FAMILY
BK010540,J000158,3622825099,2026-09-30,CONFIRMED,1,P030775,INDIVIDUAL
BK010541,J000158,8118319284,2026-09-29,CONFIRMED,6,P030776,GROUP
BK010542,J000158,7512324118,2026-09-28,CONFIRMED,3,P030782,FRIENDS
BK010543,J000158,3159308219,2026-09-27,CONFIRMED,3,P030785,FAMILY
BK010544,J000158,5213168478,2026-09-26,CONFIRMED,4,P030788,FAMILY
BK010545,J000158,7556207198,2026-09-25,CONFIRMED,5,P030792,CAREGIVER_COMPANION
BK010546,J000158,6923263102,2026-09-24,CONFIRMED,4,P030797,FAMILY
BK010547,J000158,8539766632,2026-09-23,CONFIRMED,3,P030801,FAMILY
BK010548,J000158,5651898513,2026-09-22,CONFIRMED,3,P030804,GROUP
BK010549,J000159,6462233126,2026-09-24,CONFIRMED,3,P030807,FAMILY
BK010550,J000159,5222028269,2026-09-23,CONFIRMED,6,P030810,FAMILY
BK010551,J000159,7922488740,2026-09-22,CONFIRMED,2,P030816,FRIENDS
BK010552,J000159,6119477835,2026-09-21,CONFIRMED,4,P030818,FAMILY
BK010553,J000159,6248671238,2026-09-20,CONFIRMED,1,P030822,INDIVIDUAL
BK010554,J000159,9773640175,2026-09-19,CONFIRMED,4,P030823,FAMILY
BK010555,J000159,8694755091,2026-09-18,CONFIRMED,1,P030827,INDIVIDUAL
BK010556,J000159,4111358975,2026-09-17,CONFIRMED,2,P030828,FRIENDS
BK010557,J000159,2016838686,2026-09-16,CONFIRMED,5,P030830,FAMILY
BK010558,J000159,5864157860,2026-09-15,CONFIRMED,3,P030835,FRIENDS
BK010559,J000159,5046498265,2026-09-14,CONFIRMED,3,P030838,FAMILY
BK010560,J000159,4094830293,2026-09-13,RAC,1,P030841,INDIVIDUAL
BK010561,J000159,6858994990,2026-09-12,CONFIRMED,6,P030842,GROUP
BK010562,J000159,7819015974,2026-09-11,CONFIRMED,2,P030848,FAMILY
BK010563,J000159,8107729084,2026-09-10,CONFIRMED,3,P030850,FAMILY
BK010564,J000159,9878194477,2026-10-17,CONFIRMED,2,P030853,FRIENDS
BK010565,J000159,1959406786,2026-10-16,CONFIRMED,2,P030855,GROUP
BK010566,J000159,6431629454,2026-10-15,CONFIRMED,4,P030857,FAMILY
BK010567,J000159,7773296999,2026-10-14,CONFIRMED,2,P030861,FRIENDS
BK010568,J000159,6641223517,2026-10-13,CONFIRMED,4,P030863,FAMILY
BK010569,J000159,8603681034,2026-10-12,CONFIRMED,5,P030867,FAMILY
BK010570,J000159,1854975007,2026-10-11,CONFIRMED,2,P030872,FAMILY
BK010571,J000159,8655761038,2026-10-10,CONFIRMED,4,P030874,GROUP
BK010572,J000159,3050635978,2026-10-09,CONFIRMED,1,P030878,INDIVIDUAL
BK010573,J000159,5198763815,2026-10-08,CONFIRMED,2,P030879,GROUP
BK010574,J000159,8110674366,2026-10-07,CONFIRMED,3,P030881,FRIENDS
BK010575,J000159,7650050105,2026-10-06,CONFIRMED,2,P030884,FRIENDS
BK010576,J000159,9878899590,2026-10-05,CONFIRMED,1,P030886,INDIVIDUAL
BK010577,J000159,2464985905,2026-10-04,CONFIRMED,7,P030887,FAMILY
BK010578,J000159,6932178326,2026-10-03,CONFIRMED,1,P030894,INDIVIDUAL
BK010579,J000159,4762242466,2026-10-02,CONFIRMED,2,P030895,FRIENDS
BK010580,J000159,3127012025,2026-10-01,CONFIRMED,1,P030897,INDIVIDUAL
BK010581,J000159,7271069470,2026-09-30,CONFIRMED,4,P030898,FRIENDS
BK010582,J000159,5303039623,2026-09-29,CONFIRMED,1,P030902,INDIVIDUAL
BK010583,J000159,8729482651,2026-09-28,CONFIRMED,2,P030903,FRIENDS
BK010584,J000159,9432536493,2026-09-27,CONFIRMED,2,P030905,FRIENDS
BK010585,J000159,5919339712,2026-09-26,CONFIRMED,4,P030907,FRIENDS
BK010586,J000159,6774773903,2026-09-25,CONFIRMED,2,P030911,FAMILY
BK010587,J000159,7693358768,2026-09-24,CONFIRMED,1,P030913,INDIVIDUAL
BK010588,J000159,5124710017,2026-09-23,CONFIRMED,4,P030914,FAMILY
BK010589,J000159,5394459436,2026-09-22,CONFIRMED,3,P030918,FAMILY
BK010590,J000159,6832195290,2026-09-21,CONFIRMED,3,P030921,FRIENDS
BK010591,J000159,9247838312,2026-09-20,CONFIRMED,2,P030924,FRIENDS
BK010592,J000159,4291713810,2026-09-19,CONFIRMED,1,P030926,INDIVIDUAL
BK010593,J000159,1781388125,2026-09-18,WAITLISTED,6,P030927,GROUP
BK010594,J000159,2246699287,2026-09-17,CONFIRMED,2,P030933,FAMILY
BK010595,J000159,2126078055,2026-09-16,CONFIRMED,2,P030935,FRIENDS
BK010596,J000159,7282855120,2026-09-15,CONFIRMED,1,P030937,INDIVIDUAL
BK010597,J000159,1620135247,2026-09-14,CONFIRMED,4,P030938,FRIENDS
BK010598,J000159,8078783613,2026-09-13,CONFIRMED,7,P030942,FRIENDS
BK010599,J000159,7768961714,2026-09-12,CONFIRMED,5,P030949,FAMILY
BK010600,J000159,9844590228,2026-09-11,CANCELLED,1,P030954,INDIVIDUAL
BK010601,J000159,6521252391,2026-09-10,CONFIRMED,2,P030955,GROUP
BK010602,J000159,1823598635,2026-10-17,CONFIRMED,3,P030957,FRIENDS
BK010603,J000159,9695649180,2026-10-16,CONFIRMED,2,P030960,FRIENDS
BK010604,J000159,6249914291,2026-10-15,CONFIRMED,1,P030962,INDIVIDUAL
BK010605,J000159,1883081110,2026-10-14,CONFIRMED,1,P030963,INDIVIDUAL
BK010606,J000159,1000735540,2026-10-13,CONFIRMED,8,P030964,FAMILY
BK010607,J000159,8266315915,2026-10-12,CONFIRMED,3,P030972,FAMILY
BK010608,J000159,9389638546,2026-10-11,CONFIRMED,1,P030975,INDIVIDUAL
BK010609,J000159,3601172467,2026-10-10,CONFIRMED,8,P030976,FRIENDS
BK010610,J000159,2042152730,2026-10-09,CONFIRMED,1,P030984,INDIVIDUAL
BK010611,J000159,2573842422,2026-10-08,CONFIRMED,4,P030985,GROUP
BK010612,J000159,1474648204,2026-10-07,CONFIRMED,2,P030989,FRIENDS
BK010613,J000159,3701758562,2026-10-06,CONFIRMED,1,P030991,INDIVIDUAL
BK010614,J000159,7683837049,2026-10-05,CONFIRMED,3,P030992,FRIENDS
BK010615,J000160,1352502397,2026-10-07,CONFIRMED,2,P030995,FRIENDS
BK010616,J000160,1744888750,2026-10-06,CONFIRMED,1,P030997,INDIVIDUAL
BK010617,J000160,5653778559,2026-10-05,CONFIRMED,5,P030998,FAMILY
BK010618,J000160,6646646181,2026-10-04,CONFIRMED,3,P031003,FRIENDS
BK010619,J000160,2507491583,2026-10-03,CONFIRMED,2,P031006,FRIENDS
BK010620,J000160,4622321020,2026-10-02,CONFIRMED,2,P031008,FRIENDS
BK010621,J000160,4409856144,2026-10-01,CONFIRMED,2,P031010,GROUP
BK010622,J000160,2766534737,2026-09-30,CONFIRMED,1,P031012,INDIVIDUAL
BK010623,J000160,4123971672,2026-09-29,CONFIRMED,2,P031013,FRIENDS
BK010624,J000160,5238493503,2026-09-28,CONFIRMED,4,P031015,FAMILY
BK010625,J000160,4854826224,2026-09-27,CONFIRMED,6,P031019,GROUP
BK010626,J000160,3929687602,2026-09-26,WAITLISTED,2,P031025,FAMILY
BK010627,J000160,2263356226,2026-09-25,CONFIRMED,1,P031027,INDIVIDUAL
BK010628,J000160,4267034528,2026-09-24,CONFIRMED,1,P031028,INDIVIDUAL
BK010629,J000160,2436832483,2026-09-23,CONFIRMED,1,P031029,INDIVIDUAL
BK010630,J000160,1455453926,2026-09-22,CONFIRMED,3,P031030,FRIENDS
BK010631,J000160,8299632469,2026-09-21,CONFIRMED,3,P031033,FAMILY
BK010632,J000160,5308754247,2026-09-20,CONFIRMED,3,P031036,GROUP
BK010633,J000160,7978375070,2026-09-19,CONFIRMED,4,P031039,FRIENDS
BK010634,J000160,4546311414,2026-09-18,CONFIRMED,2,P031043,FAMILY
BK010635,J000160,7664997750,2026-09-17,CONFIRMED,2,P031045,FRIENDS
BK010636,J000160,9619977814,2026-09-16,CONFIRMED,4,P031047,FAMILY
BK010637,J000160,3279361836,2026-09-15,CONFIRMED,3,P031051,FAMILY
BK010638,J000160,9162615660,2026-09-14,CONFIRMED,4,P031054,FAMILY
BK010639,J000160,1813193848,2026-09-13,CONFIRMED,3,P031058,FAMILY
BK010640,J000160,7239024623,2026-10-20,RAC,3,P031061,GROUP
BK010641,J000160,3100335502,2026-10-19,CONFIRMED,4,P031064,FRIENDS
BK010642,J000160,7604588071,2026-10-18,CONFIRMED,2,P031068,FAMILY
BK010643,J000160,5177572297,2026-10-17,CONFIRMED,1,P031070,INDIVIDUAL
BK010644,J000160,7332019045,2026-10-16,CONFIRMED,1,P031071,INDIVIDUAL
BK010645,J000160,5530695175,2026-10-15,CONFIRMED,6,P031072,GROUP
BK010646,J000160,1804151397,2026-10-14,CONFIRMED,4,P031078,FAMILY
BK010647,J000160,2869445403,2026-10-13,CONFIRMED,4,P031082,GROUP
BK010648,J000160,3978348981,2026-10-12,CONFIRMED,2,P031086,FRIENDS
BK010649,J000160,4914547322,2026-10-11,CONFIRMED,1,P031088,INDIVIDUAL
BK010650,J000160,2330480528,2026-10-10,CONFIRMED,2,P031089,FAMILY
BK010651,J000160,8219274968,2026-10-09,CONFIRMED,3,P031091,FAMILY
BK010652,J000160,8219973958,2026-10-08,CONFIRMED,2,P031094,FRIENDS
BK010653,J000160,4731970181,2026-10-07,CONFIRMED,1,P031096,INDIVIDUAL
BK010654,J000160,9835138950,2026-10-06,CONFIRMED,4,P031097,FAMILY
BK010655,J000160,5726238660,2026-10-05,CONFIRMED,1,P031101,INDIVIDUAL
BK010656,J000160,4581363521,2026-10-04,CONFIRMED,2,P031102,FRIENDS
BK010657,J000160,9772225506,2026-10-03,CONFIRMED,3,P031104,FAMILY
BK010658,J000160,9233220881,2026-10-02,CONFIRMED,6,P031107,FAMILY
BK010659,J000160,5168792500,2026-10-01,WAITLISTED,2,P031113,FRIENDS
BK010660,J000160,2714055267,2026-09-30,CONFIRMED,3,P031115,GROUP
BK010661,J000160,6258550903,2026-09-29,CONFIRMED,2,P031118,GROUP
BK010662,J000160,7253843266,2026-09-28,CONFIRMED,2,P031120,FAMILY
BK010663,J000160,2175017444,2026-09-27,CONFIRMED,4,P031122,GROUP
BK010664,J000160,4199286614,2026-09-26,CONFIRMED,5,P031126,FRIENDS
BK010665,J000160,8253753672,2026-09-25,CONFIRMED,4,P031131,FRIENDS
BK010666,J000160,4019169050,2026-09-24,CONFIRMED,3,P031135,FRIENDS
BK010667,J000160,1417068811,2026-09-23,CONFIRMED,2,P031138,FRIENDS
BK010668,J000160,8899876312,2026-09-22,CONFIRMED,2,P031140,FRIENDS
BK010669,J000160,7498539326,2026-09-21,CONFIRMED,1,P031142,INDIVIDUAL
BK010670,J000160,7717020616,2026-09-20,CONFIRMED,4,P031143,FAMILY
BK010671,J000160,4459607334,2026-09-19,CONFIRMED,6,P031147,FRIENDS
BK010672,J000160,6913797215,2026-09-18,CONFIRMED,1,P031153,INDIVIDUAL
BK010673,J000160,6477561553,2026-09-17,CONFIRMED,4,P031154,FRIENDS
BK010674,J000160,5293715199,2026-09-16,CONFIRMED,1,P031158,INDIVIDUAL
BK010675,J000160,1085600823,2026-09-15,CONFIRMED,2,P031159,FRIENDS
BK010676,J000160,1476932151,2026-09-14,CONFIRMED,1,P031161,INDIVIDUAL
BK010677,J000160,8647605767,2026-09-13,CONFIRMED,7,P031162,FAMILY
BK010678,J000160,7473023923,2026-10-20,CONFIRMED,2,P031169,FAMILY
BK010679,J000160,3241933774,2026-10-19,CONFIRMED,2,P031171,FRIENDS
BK010680,J000160,5240853555,2026-10-18,RAC,2,P031173,FRIENDS
BK010681,J000161,4450624845,2026-10-18,CONFIRMED,2,P031175,GROUP
BK010682,J000161,1986000866,2026-10-17,CONFIRMED,8,P031177,FAMILY
BK010683,J000161,7818242912,2026-10-16,CONFIRMED,4,P031185,GROUP
BK010684,J000161,4342341250,2026-10-15,CONFIRMED,3,P031189,GROUP
BK010685,J000161,7994646556,2026-10-14,CONFIRMED,5,P031192,FAMILY
BK010686,J000161,6509693787,2026-10-13,CONFIRMED,4,P031197,FAMILY
BK010687,J000161,5368890884,2026-10-12,CONFIRMED,6,P031201,FRIENDS
BK010688,J000161,3525137622,2026-10-11,CONFIRMED,1,P031207,INDIVIDUAL
BK010689,J000161,5408389991,2026-10-10,CONFIRMED,2,P031208,GROUP
BK010690,J000161,1409676557,2026-10-09,CONFIRMED,1,P031210,INDIVIDUAL
BK010691,J000161,6621932696,2026-10-08,CONFIRMED,3,P031211,FAMILY
BK010692,J000161,1024577007,2026-10-07,WAITLISTED,4,P031214,FAMILY
BK010693,J000161,3596431744,2026-10-06,CONFIRMED,2,P031218,GROUP
BK010694,J000161,2212339554,2026-10-05,CONFIRMED,4,P031220,FAMILY
BK010695,J000161,5123004330,2026-10-04,CONFIRMED,1,P031224,INDIVIDUAL
BK010696,J000161,2388253404,2026-10-03,CONFIRMED,4,P031225,FAMILY
BK010697,J000161,1808549228,2026-10-02,CONFIRMED,2,P031229,GROUP
BK010698,J000161,1417193151,2026-10-01,CONFIRMED,2,P031231,FAMILY
BK010699,J000161,7667793161,2026-09-30,CONFIRMED,1,P031233,INDIVIDUAL
BK010700,J000161,7802511544,2026-09-29,CANCELLED,3,P031234,GROUP
BK010701,J000161,9529501264,2026-09-28,CONFIRMED,1,P031237,INDIVIDUAL
BK010702,J000161,1153066072,2026-09-27,CONFIRMED,2,P031238,FAMILY
BK010703,J000161,5611637147,2026-09-26,CONFIRMED,1,P031240,INDIVIDUAL
BK010704,J000161,4083779313,2026-09-25,CONFIRMED,8,P031241,FAMILY
BK010705,J000161,8801546764,2026-09-24,CONFIRMED,2,P031249,GROUP
BK010706,J000161,9022332726,2026-09-23,CONFIRMED,1,P031251,INDIVIDUAL
BK010707,J000161,3138134629,2026-09-22,CONFIRMED,3,P031252,FAMILY
BK010708,J000161,8420670077,2026-09-21,CONFIRMED,1,P031255,INDIVIDUAL
BK010709,J000161,3805983157,2026-09-20,CONFIRMED,6,P031256,GROUP
BK010710,J000161,2391800012,2026-09-19,CONFIRMED,1,P031262,INDIVIDUAL
BK010711,J000161,9741902034,2026-09-18,CONFIRMED,2,P031263,FRIENDS
BK010712,J000161,9611900592,2026-09-17,CONFIRMED,1,P031265,INDIVIDUAL
BK010713,J000161,4119598214,2026-09-16,CONFIRMED,2,P031266,GROUP
BK010714,J000161,7604222775,2026-09-15,CONFIRMED,3,P031268,FRIENDS
BK010715,J000161,6120139014,2026-09-14,CONFIRMED,1,P031271,INDIVIDUAL
BK010716,J000161,5066999611,2026-10-21,CONFIRMED,7,P031272,CAREGIVER_COMPANION
BK010717,J000161,3502145774,2026-10-20,CONFIRMED,3,P031279,FAMILY
BK010718,J000161,2372643371,2026-10-19,CONFIRMED,2,P031282,FAMILY
BK010719,J000161,4021104683,2026-10-18,CONFIRMED,2,P031284,FRIENDS
BK010720,J000161,9888709550,2026-10-17,RAC,2,P031286,FRIENDS
BK010721,J000161,6603031845,2026-10-16,CONFIRMED,1,P031288,INDIVIDUAL
BK010722,J000161,8980857970,2026-10-15,CONFIRMED,6,P031289,FAMILY
BK010723,J000161,7424369358,2026-10-14,CONFIRMED,2,P031295,FRIENDS
BK010724,J000161,4311743140,2026-10-13,CONFIRMED,4,P031297,FAMILY
BK010725,J000161,8690722538,2026-10-12,WAITLISTED,1,P031301,INDIVIDUAL
BK010726,J000161,1058577656,2026-10-11,CONFIRMED,1,P031302,INDIVIDUAL
BK010727,J000161,3060022516,2026-10-10,CONFIRMED,6,P031303,FRIENDS
BK010728,J000161,6350309679,2026-10-09,CONFIRMED,1,P031309,INDIVIDUAL
BK010729,J000161,5549624853,2026-10-08,CONFIRMED,4,P031310,FRIENDS
BK010730,J000161,2838742297,2026-10-07,CONFIRMED,4,P031314,FAMILY
BK010731,J000161,9011441138,2026-10-06,CONFIRMED,3,P031318,FAMILY
BK010732,J000161,6615923178,2026-10-05,CONFIRMED,1,P031321,INDIVIDUAL
BK010733,J000161,2520485116,2026-10-04,CONFIRMED,1,P031322,INDIVIDUAL
BK010734,J000161,6394776160,2026-10-03,CONFIRMED,5,P031323,GROUP
BK010735,J000161,2862185297,2026-10-02,CONFIRMED,7,P031328,CAREGIVER_COMPANION
BK010736,J000161,1221784159,2026-10-01,CONFIRMED,3,P031335,GROUP
BK010737,J000161,2764360225,2026-09-30,CONFIRMED,2,P031338,GROUP
BK010738,J000161,4843114182,2026-09-29,CONFIRMED,2,P031340,FAMILY
BK010739,J000161,9596309599,2026-09-28,CONFIRMED,2,P031342,FRIENDS
BK010740,J000161,8301919367,2026-09-27,CONFIRMED,4,P031344,FAMILY
BK010741,J000161,8747436253,2026-09-26,CONFIRMED,4,P031348,FRIENDS
BK010742,J000161,7252708298,2026-09-25,CONFIRMED,6,P031352,FAMILY
BK010743,J000161,6024642658,2026-09-24,CONFIRMED,2,P031358,FRIENDS
BK010744,J000161,2252295120,2026-09-23,CONFIRMED,4,P031360,FAMILY
BK010745,J000161,7615471762,2026-09-22,CONFIRMED,1,P031364,INDIVIDUAL
BK010746,J000161,7243716508,2026-09-21,CONFIRMED,4,P031365,FAMILY
BK010747,J000162,1446609059,2026-09-23,CONFIRMED,4,P031369,GROUP
BK010748,J000162,3423174552,2026-09-22,CONFIRMED,3,P031373,GROUP
BK010749,J000162,6541758307,2026-09-21,CONFIRMED,3,P031376,FAMILY
BK010750,J000162,5205902325,2026-09-20,CONFIRMED,4,P031379,FAMILY
BK010751,J000162,1275388235,2026-09-19,CONFIRMED,2,P031383,FRIENDS
BK010752,J000162,2473204015,2026-09-18,CONFIRMED,7,P031385,GROUP
BK010753,J000162,1208091093,2026-09-17,CONFIRMED,1,P031392,INDIVIDUAL
BK010754,J000162,5673786598,2026-10-24,CONFIRMED,1,P031393,INDIVIDUAL
BK010755,J000162,6178548524,2026-10-23,CONFIRMED,3,P031394,FAMILY
BK010756,J000162,5896254085,2026-10-22,CONFIRMED,1,P031397,INDIVIDUAL
BK010757,J000162,6588385612,2026-10-21,CONFIRMED,2,P031398,GROUP
BK010758,J000162,5571157563,2026-10-20,WAITLISTED,4,P031400,FAMILY
BK010759,J000162,3597680234,2026-10-19,CONFIRMED,2,P031404,FRIENDS
BK010760,J000162,4556381796,2026-10-18,RAC,6,P031406,FAMILY
BK010761,J000162,1828339289,2026-10-17,CONFIRMED,3,P031412,FAMILY
BK010762,J000162,8397234441,2026-10-16,CONFIRMED,3,P031415,FRIENDS
BK010763,J000162,5894491962,2026-10-15,CONFIRMED,3,P031418,FAMILY
BK010764,J000162,7339423148,2026-10-14,CONFIRMED,5,P031421,FRIENDS
BK010765,J000162,7066404241,2026-10-13,CONFIRMED,2,P031426,GROUP
BK010766,J000162,2705451835,2026-10-12,CONFIRMED,4,P031428,FAMILY
BK010767,J000162,9012018952,2026-10-11,CONFIRMED,2,P031432,FRIENDS
BK010768,J000162,3905519018,2026-10-10,CONFIRMED,4,P031434,FAMILY
BK010769,J000162,9646296014,2026-10-09,CONFIRMED,4,P031438,FRIENDS
BK010770,J000162,4003814489,2026-10-08,CONFIRMED,1,P031442,INDIVIDUAL
BK010771,J000162,6270105784,2026-10-07,CONFIRMED,2,P031443,FRIENDS
BK010772,J000162,1814644719,2026-10-06,CONFIRMED,4,P031445,FAMILY
BK010773,J000162,7492881253,2026-10-05,CONFIRMED,6,P031449,CAREGIVER_COMPANION
BK010774,J000162,7298949247,2026-10-04,CONFIRMED,4,P031455,FAMILY
BK010775,J000162,1906878747,2026-10-03,CONFIRMED,2,P031459,FRIENDS
BK010776,J000162,4499812867,2026-10-02,CONFIRMED,1,P031461,INDIVIDUAL
BK010777,J000162,7585051986,2026-10-01,CONFIRMED,4,P031462,FRIENDS
BK010778,J000162,6628516977,2026-09-30,CONFIRMED,1,P031466,INDIVIDUAL
BK010779,J000162,3621575251,2026-09-29,CONFIRMED,4,P031467,GROUP
BK010780,J000162,6819640216,2026-09-28,CONFIRMED,4,P031471,FAMILY
BK010781,J000162,5889782751,2026-09-27,CONFIRMED,1,P031475,INDIVIDUAL
BK010782,J000162,5076226325,2026-09-26,CONFIRMED,3,P031476,FRIENDS
BK010783,J000162,2694785724,2026-09-25,CONFIRMED,1,P031479,INDIVIDUAL
BK010784,J000162,9595727029,2026-09-24,CONFIRMED,3,P031480,GROUP
BK010785,J000162,2623892648,2026-09-23,CONFIRMED,2,P031483,GROUP
BK010786,J000162,5578657059,2026-09-22,CONFIRMED,1,P031485,INDIVIDUAL
BK010787,J000162,1595335112,2026-09-21,CONFIRMED,3,P031486,FAMILY
BK010788,J000162,2900950150,2026-09-20,CONFIRMED,3,P031489,GROUP
BK010789,J000162,8852479703,2026-09-19,CONFIRMED,1,P031492,INDIVIDUAL
BK010790,J000162,1320988147,2026-09-18,CONFIRMED,1,P031493,INDIVIDUAL
BK010791,J000162,2567524270,2026-09-17,WAITLISTED,2,P031494,FRIENDS
BK010792,J000162,4070442258,2026-10-24,CONFIRMED,1,P031496,INDIVIDUAL
BK010793,J000162,3666760575,2026-10-23,CONFIRMED,4,P031497,FRIENDS
BK010794,J000162,2733994484,2026-10-22,CONFIRMED,1,P031501,INDIVIDUAL
BK010795,J000162,6134827676,2026-10-21,CONFIRMED,6,P031502,FRIENDS
BK010796,J000162,6142474158,2026-10-20,CONFIRMED,5,P031508,FRIENDS
BK010797,J000162,8586235938,2026-10-19,CONFIRMED,1,P031513,INDIVIDUAL
BK010798,J000162,9494330123,2026-10-18,CONFIRMED,1,P031514,INDIVIDUAL
BK010799,J000162,8503188373,2026-10-17,CONFIRMED,4,P031515,GROUP
BK010800,J000162,7580363337,2026-10-16,CANCELLED,4,P031519,FAMILY
BK010801,J000162,1374535530,2026-10-15,CONFIRMED,2,P031523,GROUP
BK010802,J000162,4109001600,2026-10-14,CONFIRMED,5,P031525,GROUP
BK010803,J000162,2039087897,2026-10-13,CONFIRMED,6,P031530,FRIENDS
BK010804,J000162,4305479969,2026-10-12,CONFIRMED,2,P031536,FRIENDS
BK010805,J000162,2237826601,2026-10-11,CONFIRMED,4,P031538,FRIENDS
BK010806,J000162,6552947870,2026-10-10,CONFIRMED,3,P031542,FRIENDS
BK010807,J000162,3467961017,2026-10-09,CONFIRMED,2,P031545,FRIENDS
BK010808,J000162,2204174050,2026-10-08,CONFIRMED,1,P031547,INDIVIDUAL
BK010809,J000162,9413334651,2026-10-07,CONFIRMED,2,P031548,GROUP
BK010810,J000162,1455894367,2026-10-06,CONFIRMED,1,P031550,INDIVIDUAL
BK010811,J000162,7234084767,2026-10-05,CONFIRMED,2,P031551,FRIENDS
BK010812,J000162,9192063647,2026-10-04,CONFIRMED,2,P031553,FRIENDS
BK010813,J000163,6996146820,2026-09-25,CONFIRMED,3,P031555,FAMILY
BK010814,J000163,9214629740,2026-09-24,CONFIRMED,4,P031558,FAMILY
BK010815,J000163,8973135123,2026-09-23,CONFIRMED,1,P031562,INDIVIDUAL
BK010816,J000163,7131135416,2026-09-22,CONFIRMED,4,P031563,FAMILY
BK010817,J000163,5340107745,2026-09-21,CONFIRMED,5,P031567,FAMILY
BK010818,J000163,9870788708,2026-09-20,CONFIRMED,2,P031572,FAMILY
BK010819,J000163,7116707515,2026-09-19,CONFIRMED,6,P031574,FRIENDS
BK010820,J000163,7997989433,2026-09-18,CONFIRMED,1,P031580,INDIVIDUAL
BK010821,J000163,3625792711,2026-09-17,CONFIRMED,4,P031581,FRIENDS
BK010822,J000163,7595453710,2026-09-16,CONFIRMED,4,P031585,FAMILY
BK010823,J000163,9716598874,2026-09-15,CONFIRMED,1,P031589,INDIVIDUAL
BK010824,J000163,2753587171,2026-09-14,WAITLISTED,2,P031590,FRIENDS
BK010825,J000163,8975068810,2026-09-13,CONFIRMED,4,P031592,FRIENDS
BK010826,J000163,9235455262,2026-09-12,CONFIRMED,4,P031596,FAMILY
BK010827,J000163,3652164558,2026-09-11,CONFIRMED,1,P031600,INDIVIDUAL
BK010828,J000163,3739384534,2026-09-10,CONFIRMED,8,P031601,FAMILY
BK010829,J000163,9589984253,2026-09-09,CONFIRMED,3,P031609,FAMILY
BK010830,J000163,3982531966,2026-10-16,CONFIRMED,2,P031612,FAMILY
BK010831,J000163,8926045242,2026-10-15,CONFIRMED,2,P031614,FRIENDS
BK010832,J000163,2375447608,2026-10-14,CONFIRMED,2,P031616,FRIENDS
BK010833,J000163,5980393997,2026-10-13,CONFIRMED,1,P031618,INDIVIDUAL
BK010834,J000163,5378292019,2026-10-12,CONFIRMED,2,P031619,FAMILY
BK010835,J000163,7189758051,2026-10-11,CONFIRMED,2,P031621,FRIENDS
BK010836,J000163,1959954010,2026-10-10,CONFIRMED,1,P031623,INDIVIDUAL
BK010837,J000163,1801320480,2026-10-09,CONFIRMED,2,P031624,GROUP
BK010838,J000163,8981348001,2026-10-08,CONFIRMED,3,P031626,FRIENDS
BK010839,J000163,6753689279,2026-10-07,CONFIRMED,6,P031629,FRIENDS
BK010840,J000163,8629987857,2026-10-06,RAC,2,P031635,FRIENDS
BK010841,J000163,3840707529,2026-10-05,CONFIRMED,4,P031637,FRIENDS
BK010842,J000163,6161041662,2026-10-04,CONFIRMED,7,P031641,FRIENDS
BK010843,J000163,9436360920,2026-10-03,CONFIRMED,4,P031648,GROUP
BK010844,J000163,3550457367,2026-10-02,CONFIRMED,4,P031652,FAMILY
BK010845,J000163,5993727180,2026-10-01,CONFIRMED,2,P031656,GROUP
BK010846,J000163,5658439386,2026-09-30,CONFIRMED,1,P031658,INDIVIDUAL
BK010847,J000163,6569439243,2026-09-29,CONFIRMED,3,P031659,FAMILY
BK010848,J000163,1388817708,2026-09-28,CONFIRMED,4,P031662,FAMILY
BK010849,J000163,4493959116,2026-09-27,CONFIRMED,4,P031666,CAREGIVER_COMPANION
BK010850,J000163,2098314028,2026-09-26,CONFIRMED,8,P031670,FAMILY
BK010851,J000163,2227568899,2026-09-25,CONFIRMED,1,P031678,INDIVIDUAL
BK010852,J000163,8468532320,2026-09-24,CONFIRMED,2,P031679,FRIENDS
BK010853,J000163,7201668772,2026-09-23,CONFIRMED,2,P031681,GROUP
BK010854,J000163,1962558788,2026-09-22,CONFIRMED,4,P031683,FAMILY
BK010855,J000163,4698809618,2026-09-21,CONFIRMED,3,P031687,FAMILY
BK010856,J000163,1111589751,2026-09-20,CONFIRMED,1,P031690,INDIVIDUAL
BK010857,J000163,1568703890,2026-09-19,WAITLISTED,1,P031691,INDIVIDUAL
BK010858,J000163,4963260601,2026-09-18,CONFIRMED,3,P031692,FRIENDS
BK010859,J000163,2914723570,2026-09-17,CONFIRMED,5,P031695,FAMILY
BK010860,J000163,5128791413,2026-09-16,CONFIRMED,2,P031700,FRIENDS
BK010861,J000163,5951838365,2026-09-15,CONFIRMED,2,P031702,GROUP
BK010862,J000163,4224688148,2026-09-14,CONFIRMED,1,P031704,INDIVIDUAL
BK010863,J000163,4433277998,2026-09-13,CONFIRMED,1,P031705,INDIVIDUAL
BK010864,J000163,3880154725,2026-09-12,CONFIRMED,2,P031706,FRIENDS
BK010865,J000163,6527998941,2026-09-11,CONFIRMED,5,P031708,FAMILY
BK010866,J000163,3691216903,2026-09-10,CONFIRMED,2,P031713,FAMILY
BK010867,J000163,6811428066,2026-09-09,CONFIRMED,7,P031715,FAMILY
BK010868,J000163,3853072908,2026-10-16,CONFIRMED,4,P031722,CAREGIVER_COMPANION
BK010869,J000163,2409598662,2026-10-15,CONFIRMED,6,P031726,GROUP
BK010870,J000163,7960340037,2026-10-14,CONFIRMED,1,P031732,INDIVIDUAL
BK010871,J000163,1455343106,2026-10-13,CONFIRMED,4,P031733,GROUP
BK010872,J000163,1086733476,2026-10-12,CONFIRMED,2,P031737,FRIENDS
BK010873,J000163,1224173077,2026-10-11,CONFIRMED,1,P031739,INDIVIDUAL
BK010874,J000163,7881305365,2026-10-10,CONFIRMED,1,P031740,INDIVIDUAL
BK010875,J000163,1967998246,2026-10-09,CONFIRMED,4,P031741,GROUP
BK010876,J000163,6952831315,2026-10-08,CONFIRMED,2,P031745,FRIENDS
BK010877,J000163,8446480582,2026-10-07,CONFIRMED,2,P031747,GROUP
BK010878,J000163,7943422111,2026-10-06,CONFIRMED,1,P031749,INDIVIDUAL
BK010879,J000164,1995521611,2026-10-12,CONFIRMED,3,P031750,FAMILY
BK010880,J000164,2589137504,2026-10-11,RAC,1,P031753,INDIVIDUAL
BK010881,J000164,8520308404,2026-10-10,CONFIRMED,1,P031754,INDIVIDUAL
BK010882,J000164,9541662757,2026-10-09,CONFIRMED,1,P031755,INDIVIDUAL
BK010883,J000164,5837217900,2026-10-08,CONFIRMED,2,P031756,FRIENDS
BK010884,J000164,2095581101,2026-10-07,CONFIRMED,1,P031758,INDIVIDUAL
BK010885,J000164,9377099078,2026-10-06,CONFIRMED,1,P031759,INDIVIDUAL
BK010886,J000164,8546575048,2026-10-05,CONFIRMED,1,P031760,INDIVIDUAL
BK010887,J000164,4997583820,2026-10-04,CONFIRMED,2,P031761,FRIENDS
BK010888,J000164,6608431381,2026-10-03,CONFIRMED,2,P031763,FRIENDS
BK010889,J000164,2173110620,2026-10-02,CONFIRMED,1,P031765,INDIVIDUAL
BK010890,J000164,4135748384,2026-10-01,WAITLISTED,1,P031766,INDIVIDUAL
BK010891,J000164,4937663256,2026-09-30,CONFIRMED,4,P031767,GROUP
BK010892,J000164,3774987906,2026-09-29,CONFIRMED,1,P031771,INDIVIDUAL
BK010893,J000164,3771468080,2026-09-28,CONFIRMED,1,P031772,INDIVIDUAL
BK010894,J000164,2072098038,2026-09-27,CONFIRMED,3,P031773,FRIENDS
BK010895,J000164,1085545312,2026-09-26,CONFIRMED,4,P031776,GROUP
BK010896,J000164,5699854851,2026-09-25,CONFIRMED,1,P031780,INDIVIDUAL
BK010897,J000164,5164666235,2026-09-24,CONFIRMED,4,P031781,FRIENDS
BK010898,J000164,1517580874,2026-09-23,CONFIRMED,1,P031785,INDIVIDUAL
BK010899,J000164,3172938575,2026-09-22,CONFIRMED,1,P031786,INDIVIDUAL
BK010900,J000164,8943803388,2026-09-21,CANCELLED,1,P031787,INDIVIDUAL
BK010901,J000164,1243707760,2026-09-20,CONFIRMED,3,P031788,FAMILY
BK010902,J000164,2747141999,2026-09-19,CONFIRMED,1,P031791,INDIVIDUAL
BK010903,J000164,9348029835,2026-09-18,CONFIRMED,3,P031792,FAMILY
BK010904,J000164,9947672845,2026-09-17,CONFIRMED,2,P031795,FRIENDS
BK010905,J000164,7217523269,2026-09-16,CONFIRMED,4,P031797,FRIENDS
BK010906,J000164,5185769887,2026-10-23,CONFIRMED,4,P031801,CAREGIVER_COMPANION
BK010907,J000164,5248628337,2026-10-22,CONFIRMED,3,P031805,FAMILY
BK010908,J000164,2928427652,2026-10-21,CONFIRMED,1,P031808,INDIVIDUAL
BK010909,J000164,7301091124,2026-10-20,CONFIRMED,6,P031809,GROUP
BK010910,J000164,6588383074,2026-10-19,CONFIRMED,1,P031815,INDIVIDUAL
BK010911,J000164,3775040510,2026-10-18,CONFIRMED,6,P031816,FRIENDS
BK010912,J000164,6683038889,2026-10-17,CONFIRMED,4,P031822,FAMILY
BK010913,J000164,9019575939,2026-10-16,CONFIRMED,4,P031826,FRIENDS
BK010914,J000164,1020065748,2026-10-15,CONFIRMED,2,P031830,FAMILY
BK010915,J000164,8404791041,2026-10-14,CONFIRMED,2,P031832,FRIENDS
BK010916,J000164,9657169312,2026-10-13,CONFIRMED,3,P031834,GROUP
BK010917,J000164,4164085866,2026-10-12,CONFIRMED,1,P031837,INDIVIDUAL
BK010918,J000164,3822274722,2026-10-11,CONFIRMED,2,P031838,FAMILY
BK010919,J000164,9625818570,2026-10-10,CONFIRMED,4,P031840,GROUP
BK010920,J000164,8946150177,2026-10-09,RAC,3,P031844,GROUP
BK010921,J000164,2357961869,2026-10-08,CONFIRMED,2,P031847,GROUP
BK010922,J000164,7438038102,2026-10-07,CONFIRMED,4,P031849,FAMILY
BK010923,J000164,1227156481,2026-10-06,WAITLISTED,4,P031853,GROUP
BK010924,J000164,3590050726,2026-10-05,CONFIRMED,2,P031857,FRIENDS
BK010925,J000164,3960697584,2026-10-04,CONFIRMED,3,P031859,FAMILY
BK010926,J000164,1155626866,2026-10-03,CONFIRMED,1,P031862,INDIVIDUAL
BK010927,J000164,5234207444,2026-10-02,CONFIRMED,2,P031863,FRIENDS
BK010928,J000164,6714818894,2026-10-01,CONFIRMED,2,P031865,FRIENDS
BK010929,J000164,9733503746,2026-09-30,CONFIRMED,6,P031867,GROUP
BK010930,J000164,5189221809,2026-09-29,CONFIRMED,4,P031873,FAMILY
BK010931,J000164,5202529947,2026-09-28,CONFIRMED,3,P031877,FAMILY
BK010932,J000164,9651922574,2026-09-27,CONFIRMED,5,P031880,FRIENDS
BK010933,J000164,7631119869,2026-09-26,CONFIRMED,4,P031885,FRIENDS
BK010934,J000164,3991154593,2026-09-25,CONFIRMED,8,P031889,FAMILY
BK010935,J000164,2489465567,2026-09-24,CONFIRMED,3,P031897,FAMILY
BK010936,J000164,5468596603,2026-09-23,CONFIRMED,4,P031900,FAMILY
BK010937,J000164,3055937227,2026-09-22,CONFIRMED,3,P031904,FAMILY
BK010938,J000164,5047296625,2026-09-21,CONFIRMED,1,P031907,INDIVIDUAL
BK010939,J000164,1893916843,2026-09-20,CONFIRMED,2,P031908,FRIENDS
BK010940,J000164,3903626629,2026-09-19,CONFIRMED,4,P031910,FAMILY
BK010941,J000164,3787234728,2026-09-18,CONFIRMED,1,P031914,INDIVIDUAL
BK010942,J000164,1770224695,2026-09-17,CONFIRMED,7,P031915,FRIENDS
BK010943,J000164,5241729243,2026-09-16,CONFIRMED,2,P031922,FRIENDS
BK010944,J000164,2611009937,2026-10-23,CONFIRMED,5,P031924,CAREGIVER_COMPANION
BK010945,J000165,6891381868,2026-10-29,CONFIRMED,7,P031929,FAMILY
BK010946,J000165,2375245792,2026-10-28,CONFIRMED,4,P031936,FAMILY
BK010947,J000165,8042762036,2026-10-27,CONFIRMED,1,P031940,INDIVIDUAL
BK010948,J000165,9161130137,2026-10-26,CONFIRMED,3,P031941,GROUP
BK010949,J000165,5816232013,2026-10-25,CONFIRMED,4,P031944,FRIENDS
BK010950,J000165,4472540330,2026-10-24,CONFIRMED,3,P031948,FRIENDS
BK010951,J000165,6395345450,2026-10-23,CONFIRMED,1,P031951,INDIVIDUAL
BK010952,J000165,6390870537,2026-10-22,CONFIRMED,1,P031952,INDIVIDUAL
BK010953,J000165,7420712407,2026-10-21,CONFIRMED,1,P031953,INDIVIDUAL
BK010954,J000165,1823467180,2026-10-20,CONFIRMED,2,P031954,FAMILY
BK010955,J000165,7006937569,2026-10-19,CONFIRMED,4,P031956,GROUP
BK010956,J000165,4231897762,2026-10-18,WAITLISTED,4,P031960,FAMILY
BK010957,J000165,6482380401,2026-10-17,CONFIRMED,2,P031964,GROUP
BK010958,J000165,4255576448,2026-10-16,CONFIRMED,1,P031966,INDIVIDUAL
BK010959,J000165,7437323346,2026-10-15,CONFIRMED,4,P031967,GROUP
BK010960,J000165,3198395787,2026-10-14,RAC,2,P031971,FRIENDS
BK010961,J000165,6404011240,2026-10-13,CONFIRMED,8,P031973,FRIENDS
BK010962,J000165,5653497614,2026-10-12,CONFIRMED,8,P031981,FAMILY
BK010963,J000165,1796734476,2026-10-11,CONFIRMED,1,P031989,INDIVIDUAL
BK010964,J000165,1556215748,2026-10-10,CONFIRMED,1,P031990,INDIVIDUAL
BK010965,J000165,2497163218,2026-10-09,CONFIRMED,1,P031991,INDIVIDUAL
BK010966,J000165,8084025169,2026-10-08,CONFIRMED,3,P031992,FRIENDS
BK010967,J000165,1490422385,2026-10-07,CONFIRMED,1,P031995,INDIVIDUAL
BK010968,J000165,2381450635,2026-10-06,CONFIRMED,2,P031996,FRIENDS
BK010969,J000165,1210472061,2026-10-05,CONFIRMED,1,P031998,INDIVIDUAL
BK010970,J000165,4163541283,2026-10-04,CONFIRMED,2,P031999,FAMILY
BK010971,J000165,1686122939,2026-10-03,CONFIRMED,2,P032001,FRIENDS
BK010972,J000165,4889695544,2026-10-02,CONFIRMED,6,P032003,FAMILY
BK010973,J000165,8094105497,2026-10-01,CONFIRMED,1,P032009,INDIVIDUAL
BK010974,J000165,5295057946,2026-09-30,CONFIRMED,7,P032010,FRIENDS
BK010975,J000165,4729156055,2026-09-29,CONFIRMED,2,P032017,FRIENDS
BK010976,J000165,8587476723,2026-09-28,CONFIRMED,4,P032019,FAMILY
BK010977,J000165,8310990635,2026-09-27,CONFIRMED,1,P032023,INDIVIDUAL
BK010978,J000165,1189017015,2026-09-26,CONFIRMED,4,P032024,FAMILY
BK010979,J000165,5030264933,2026-09-25,CONFIRMED,6,P032028,FRIENDS
BK010980,J000165,8006156706,2026-09-24,CONFIRMED,4,P032034,FAMILY
BK010981,J000165,1631431541,2026-09-23,CONFIRMED,3,P032038,FAMILY
BK010982,J000165,1525408667,2026-10-30,CONFIRMED,5,P032041,CAREGIVER_COMPANION
BK010983,J000165,2714014222,2026-10-29,CONFIRMED,2,P032046,FRIENDS
BK010984,J000165,4068066542,2026-10-28,CONFIRMED,4,P032048,FAMILY
BK010985,J000165,1702879680,2026-10-27,CONFIRMED,2,P032052,GROUP
BK010986,J000165,9513876735,2026-10-26,CONFIRMED,2,P032054,FAMILY
BK010987,J000165,2948238566,2026-10-25,CONFIRMED,1,P032056,INDIVIDUAL
BK010988,J000165,8625181094,2026-10-24,CONFIRMED,1,P032057,INDIVIDUAL
BK010989,J000165,7168823703,2026-10-23,WAITLISTED,6,P032058,GROUP
BK010990,J000165,3742387940,2026-10-22,CONFIRMED,2,P032064,FAMILY
BK010991,J000165,9725750975,2026-10-21,CONFIRMED,3,P032066,FAMILY
BK010992,J000165,7512266988,2026-10-20,CONFIRMED,1,P032069,INDIVIDUAL
BK010993,J000165,3920437739,2026-10-19,CONFIRMED,1,P032070,INDIVIDUAL
BK010994,J000165,9421019453,2026-10-18,CONFIRMED,2,P032071,FAMILY
BK010995,J000165,5439753761,2026-10-17,CONFIRMED,6,P032073,FRIENDS
BK010996,J000165,8408612681,2026-10-16,CONFIRMED,4,P032079,FAMILY
BK010997,J000165,9959433662,2026-10-15,CONFIRMED,4,P032083,FRIENDS
BK010998,J000165,3861035510,2026-10-14,CONFIRMED,4,P032087,FAMILY
BK010999,J000165,6600834335,2026-10-13,CONFIRMED,1,P032091,INDIVIDUAL
BK011000,J000165,2042215952,2026-10-12,CANCELLED,5,P032092,FRIENDS
BK011001,J000165,6914505392,2026-10-11,CONFIRMED,1,P032097,INDIVIDUAL
BK011002,J000165,5667030166,2026-10-10,CONFIRMED,3,P032098,FRIENDS
BK011003,J000165,8005431589,2026-10-09,CONFIRMED,4,P032101,GROUP
BK011004,J000165,8525491029,2026-10-08,CONFIRMED,1,P032105,INDIVIDUAL
BK011005,J000165,6589980645,2026-10-07,CONFIRMED,4,P032106,FRIENDS
BK011006,J000165,4840720111,2026-10-06,CONFIRMED,2,P032110,FAMILY
BK011007,J000165,4127171636,2026-10-05,CONFIRMED,1,P032112,INDIVIDUAL
BK011008,J000165,4820086301,2026-10-04,CONFIRMED,3,P032113,GROUP
BK011009,J000165,9672743209,2026-10-03,CONFIRMED,3,P032116,FAMILY
BK011010,J000165,1164038281,2026-10-02,CONFIRMED,1,P032119,INDIVIDUAL
BK011011,J000166,1374029369,2026-10-08,CONFIRMED,1,P032120,INDIVIDUAL
BK011012,J000166,5056748934,2026-10-07,CONFIRMED,1,P032121,INDIVIDUAL
BK011013,J000166,2533129881,2026-10-06,CONFIRMED,3,P032122,FAMILY
BK011014,J000166,9858000897,2026-10-05,CONFIRMED,2,P032125,FAMILY
BK011015,J000166,7840536642,2026-10-04,CONFIRMED,8,P032127,GROUP
BK011016,J000166,2898289568,2026-10-03,CONFIRMED,2,P032135,FRIENDS
BK011017,J000166,5334135597,2026-10-02,CONFIRMED,6,P032137,GROUP
BK011018,J000166,7113020635,2026-10-01,CONFIRMED,3,P032143,FRIENDS
BK011019,J000166,8249205350,2026-09-30,CONFIRMED,3,P032146,FAMILY
BK011020,J000166,9560529702,2026-11-06,CONFIRMED,4,P032149,CAREGIVER_COMPANION
BK011021,J000166,3418590729,2026-11-05,CONFIRMED,2,P032153,GROUP
BK011022,J000166,8768996668,2026-11-04,WAITLISTED,2,P032155,FAMILY
BK011023,J000166,7090522951,2026-11-03,CONFIRMED,2,P032157,FRIENDS
BK011024,J000166,5447423208,2026-11-02,CONFIRMED,2,P032159,FRIENDS
BK011025,J000166,1364371021,2026-11-01,CONFIRMED,1,P032161,INDIVIDUAL
BK011026,J000166,9168852914,2026-10-31,CONFIRMED,4,P032162,FAMILY
BK011027,J000166,6942913960,2026-10-30,CONFIRMED,3,P032166,FAMILY
BK011028,J000166,2265830193,2026-10-29,CONFIRMED,4,P032169,FAMILY
BK011029,J000166,2052398011,2026-10-28,CONFIRMED,2,P032173,GROUP
BK011030,J000166,8983475808,2026-10-27,CONFIRMED,2,P032175,FAMILY
BK011031,J000166,5394499797,2026-10-26,CONFIRMED,3,P032177,FAMILY
BK011032,J000166,6694355738,2026-10-25,CONFIRMED,3,P032180,GROUP
BK011033,J000166,1694585400,2026-10-24,CONFIRMED,1,P032183,INDIVIDUAL
BK011034,J000166,6287459625,2026-10-23,CONFIRMED,2,P032184,FAMILY
BK011035,J000166,6149487674,2026-10-22,CONFIRMED,6,P032186,FRIENDS
BK011036,J000166,8359087856,2026-10-21,CONFIRMED,1,P032192,INDIVIDUAL
BK011037,J000166,7970136031,2026-10-20,CONFIRMED,2,P032193,GROUP
BK011038,J000166,6640882398,2026-10-19,CONFIRMED,4,P032195,FAMILY
BK011039,J000166,1443035796,2026-10-18,CONFIRMED,6,P032199,CAREGIVER_COMPANION
BK011040,J000166,9984084211,2026-10-17,RAC,1,P032205,INDIVIDUAL
BK011041,J000166,5699824704,2026-10-16,CONFIRMED,1,P032206,INDIVIDUAL
BK011042,J000166,2813638025,2026-10-15,CONFIRMED,3,P032207,FRIENDS
BK011043,J000166,3245536040,2026-10-14,CONFIRMED,5,P032210,FAMILY
BK011044,J000166,8340358489,2026-10-13,CONFIRMED,3,P032215,GROUP
BK011045,J000166,9860392587,2026-10-12,CONFIRMED,7,P032218,FAMILY
BK011046,J000166,9751147845,2026-10-11,CONFIRMED,6,P032225,FAMILY
BK011047,J000166,5217091312,2026-10-10,CONFIRMED,1,P032231,INDIVIDUAL
BK011048,J000166,2464489902,2026-10-09,CONFIRMED,5,P032232,FRIENDS
BK011049,J000166,4897084255,2026-10-08,CONFIRMED,4,P032237,FRIENDS
BK011050,J000166,4224437192,2026-10-07,CONFIRMED,2,P032241,FAMILY
BK011051,J000166,2582631109,2026-10-06,CONFIRMED,1,P032243,INDIVIDUAL
BK011052,J000166,1062037054,2026-10-05,CONFIRMED,2,P032244,FRIENDS
BK011053,J000166,7238786480,2026-10-04,CONFIRMED,2,P032246,GROUP
BK011054,J000166,8926955235,2026-10-03,CONFIRMED,1,P032248,INDIVIDUAL
BK011055,J000166,2015815867,2026-10-02,WAITLISTED,5,P032249,FAMILY
BK011056,J000166,2582083141,2026-10-01,CONFIRMED,1,P032254,INDIVIDUAL
BK011057,J000166,1839438740,2026-09-30,CONFIRMED,4,P032255,FRIENDS
BK011058,J000166,9258619443,2026-11-06,CONFIRMED,1,P032259,INDIVIDUAL
BK011059,J000166,4006497634,2026-11-05,CONFIRMED,2,P032260,FRIENDS
BK011060,J000166,8684713518,2026-11-04,CONFIRMED,2,P032262,FRIENDS
BK011061,J000166,9630556924,2026-11-03,CONFIRMED,3,P032264,FAMILY
BK011062,J000166,8898580978,2026-11-02,CONFIRMED,1,P032267,INDIVIDUAL
BK011063,J000166,5568065823,2026-11-01,CONFIRMED,1,P032268,INDIVIDUAL
BK011064,J000166,4866463764,2026-10-31,CONFIRMED,2,P032269,FRIENDS
BK011065,J000166,1118502057,2026-10-30,CONFIRMED,2,P032271,GROUP
BK011066,J000166,8082851468,2026-10-29,CONFIRMED,2,P032273,FAMILY
BK011067,J000166,9505350865,2026-10-28,CONFIRMED,8,P032275,GROUP
BK011068,J000166,9620677253,2026-10-27,CONFIRMED,4,P032283,FAMILY
BK011069,J000166,1990732998,2026-10-26,CONFIRMED,3,P032287,FAMILY
BK011070,J000166,8046083574,2026-10-25,CONFIRMED,2,P032290,FAMILY
BK011071,J000166,4608678663,2026-10-24,CONFIRMED,4,P032292,GROUP
BK011072,J000166,3047641629,2026-10-23,CONFIRMED,1,P032296,INDIVIDUAL
BK011073,J000166,5902372252,2026-10-22,CONFIRMED,2,P032297,GROUP
BK011074,J000166,7715117152,2026-10-21,CONFIRMED,4,P032299,FAMILY
BK011075,J000166,5963042746,2026-10-20,CONFIRMED,4,P032303,GROUP
BK011076,J000166,3936927091,2026-10-19,CONFIRMED,1,P032307,INDIVIDUAL
BK011077,J000167,3607619712,2026-10-25,CONFIRMED,4,P032308,CAREGIVER_COMPANION
BK011078,J000167,7204931038,2026-10-24,CONFIRMED,2,P032312,FAMILY
BK011079,J000167,1996645741,2026-10-23,CONFIRMED,2,P032314,FRIENDS
BK011080,J000167,2347363048,2026-10-22,RAC,2,P032316,FRIENDS
BK011081,J000167,2508522083,2026-10-21,CONFIRMED,3,P032318,FAMILY
BK011082,J000167,7539878467,2026-10-20,CONFIRMED,4,P032321,FAMILY
BK011083,J000167,2981523419,2026-10-19,CONFIRMED,3,P032325,FAMILY
BK011084,J000167,9899665154,2026-10-18,CONFIRMED,2,P032328,FRIENDS
BK011085,J000167,7916445659,2026-10-17,CONFIRMED,3,P032330,FAMILY
BK011086,J000167,3946596779,2026-10-16,CONFIRMED,4,P032333,FAMILY
BK011087,J000167,7924282781,2026-10-15,CONFIRMED,4,P032337,GROUP
BK011088,J000167,3169079539,2026-10-14,WAITLISTED,4,P032341,FAMILY
BK011089,J000167,2192011319,2026-10-13,CONFIRMED,2,P032345,GROUP
BK011090,J000167,3884135868,2026-10-12,CONFIRMED,8,P032347,FAMILY
BK011091,J000167,9026881513,2026-10-11,CONFIRMED,6,P032355,FRIENDS
BK011092,J000167,9800679601,2026-10-10,CONFIRMED,4,P032361,FAMILY
BK011093,J000167,2987388301,2026-10-09,CONFIRMED,8,P032365,FRIENDS
BK011094,J000167,9647320733,2026-10-08,CONFIRMED,8,P032373,FAMILY
BK011095,J000167,1182519413,2026-10-07,CONFIRMED,5,P032381,FAMILY
BK011096,J000167,8190510699,2026-11-13,CONFIRMED,1,P032386,INDIVIDUAL
BK011097,J000167,6483597684,2026-11-12,CONFIRMED,5,P032387,FAMILY
BK011098,J000167,7723865712,2026-11-11,CONFIRMED,2,P032392,FAMILY
BK011099,J000167,7527703246,2026-11-10,CONFIRMED,4,P032394,GROUP
BK011100,J000167,4646870902,2026-11-09,CANCELLED,1,P032398,INDIVIDUAL
BK011101,J000167,1349301781,2026-11-08,CONFIRMED,3,P032399,FAMILY
BK011102,J000167,8096044350,2026-11-07,CONFIRMED,2,P032402,FAMILY
BK011103,J000167,9960552874,2026-11-06,CONFIRMED,3,P032404,FAMILY
BK011104,J000167,9118469959,2026-11-05,CONFIRMED,2,P032407,FRIENDS
BK011105,J000167,5419520795,2026-11-04,CONFIRMED,2,P032409,GROUP
BK011106,J000167,4401107007,2026-11-03,CONFIRMED,6,P032411,FAMILY
BK011107,J000167,7662486269,2026-11-02,CONFIRMED,2,P032417,FRIENDS
BK011108,J000167,4809519712,2026-11-01,CONFIRMED,4,P032419,FAMILY
BK011109,J000167,1515516904,2026-10-31,CONFIRMED,4,P032423,FRIENDS
BK011110,J000167,8251264544,2026-10-30,CONFIRMED,1,P032427,INDIVIDUAL
BK011111,J000167,7481442005,2026-10-29,CONFIRMED,1,P032428,INDIVIDUAL
BK011112,J000167,5892579237,2026-10-28,CONFIRMED,3,P032429,GROUP
BK011113,J000167,3604565077,2026-10-27,CONFIRMED,4,P032432,FRIENDS
BK011114,J000167,4759443569,2026-10-26,CONFIRMED,4,P032436,FAMILY
BK011115,J000167,2686116852,2026-10-25,CONFIRMED,4,P032440,CAREGIVER_COMPANION
BK011116,J000167,1812249794,2026-10-24,CONFIRMED,6,P032444,FAMILY
BK011117,J000167,8125665607,2026-10-23,CONFIRMED,1,P032450,INDIVIDUAL
BK011118,J000167,5450086551,2026-10-22,CONFIRMED,2,P032451,FAMILY
BK011119,J000167,9058962236,2026-10-21,CONFIRMED,4,P032453,GROUP
BK011120,J000167,3151379619,2026-10-20,RAC,4,P032457,FAMILY
BK011121,J000167,5252816275,2026-10-19,WAITLISTED,1,P032461,INDIVIDUAL
BK011122,J000167,6941294386,2026-10-18,CONFIRMED,1,P032462,INDIVIDUAL
BK011123,J000167,8711123125,2026-10-17,CONFIRMED,6,P032463,FRIENDS
BK011124,J000167,4472668412,2026-10-16,CONFIRMED,4,P032469,FAMILY
BK011125,J000167,9213798789,2026-10-15,CONFIRMED,4,P032473,FRIENDS
BK011126,J000167,3178429980,2026-10-14,CONFIRMED,2,P032477,FAMILY
BK011127,J000167,4649069014,2026-10-13,CONFIRMED,1,P032479,INDIVIDUAL
BK011128,J000167,6545737394,2026-10-12,CONFIRMED,4,P032480,FAMILY
BK011129,J000167,1119733175,2026-10-11,CONFIRMED,1,P032484,INDIVIDUAL
BK011130,J000167,6851390332,2026-10-10,CONFIRMED,4,P032485,FAMILY
BK011131,J000167,2503200541,2026-10-09,CONFIRMED,8,P032489,GROUP
BK011132,J000167,1490150493,2026-10-08,CONFIRMED,1,P032497,INDIVIDUAL
BK011133,J000167,5975497012,2026-10-07,CONFIRMED,1,P032498,INDIVIDUAL
BK011134,J000167,1505012028,2026-11-13,CONFIRMED,1,P032499,INDIVIDUAL
BK011135,J000167,8768491705,2026-11-12,CONFIRMED,4,P032500,GROUP
BK011136,J000167,6990048767,2026-11-11,CONFIRMED,1,P032504,INDIVIDUAL
BK011137,J000167,8801796133,2026-11-10,CONFIRMED,1,P032505,INDIVIDUAL
BK011138,J000167,3943854375,2026-11-09,CONFIRMED,2,P032506,FAMILY
BK011139,J000167,1521143235,2026-11-08,CONFIRMED,3,P032508,FAMILY
BK011140,J000167,6951948013,2026-11-07,CONFIRMED,2,P032511,FRIENDS
BK011141,J000167,7738899526,2026-11-06,CONFIRMED,1,P032513,INDIVIDUAL
BK011142,J000167,6253208792,2026-11-05,CONFIRMED,2,P032514,FAMILY
BK011143,J000168,6174178260,2026-11-11,CONFIRMED,1,P032516,INDIVIDUAL
BK011144,J000168,5548288499,2026-11-10,CONFIRMED,3,P032517,GROUP
BK011145,J000168,6992026991,2026-11-09,CONFIRMED,4,P032520,FRIENDS
BK011146,J000168,9350646161,2026-11-08,CONFIRMED,6,P032524,FAMILY
BK011147,J000168,9432185035,2026-11-07,CONFIRMED,3,P032530,FAMILY
BK011148,J000168,3978308941,2026-11-06,CONFIRMED,4,P032533,FAMILY
BK011149,J000168,5783251097,2026-11-05,CONFIRMED,1,P032537,INDIVIDUAL
BK011150,J000168,1945177398,2026-11-04,CONFIRMED,4,P032538,FAMILY
BK011151,J000168,5979358247,2026-11-03,CONFIRMED,2,P032542,FRIENDS
BK011152,J000168,7679791983,2026-11-02,CONFIRMED,1,P032544,INDIVIDUAL
BK011153,J000168,6709025220,2026-11-01,CONFIRMED,2,P032545,GROUP
BK011154,J000168,3494175114,2026-10-31,WAITLISTED,1,P032547,INDIVIDUAL
BK011155,J000168,2392284167,2026-10-30,CONFIRMED,7,P032548,FAMILY
BK011156,J000168,7756684247,2026-10-29,CONFIRMED,3,P032555,GROUP
BK011157,J000168,4115359457,2026-10-28,CONFIRMED,1,P032558,INDIVIDUAL
BK011158,J000168,1582905037,2026-10-27,CONFIRMED,2,P032559,FAMILY
BK011159,J000168,7198292817,2026-10-26,CONFIRMED,6,P032561,FRIENDS
BK011160,J000168,7341943690,2026-10-25,RAC,1,P032567,INDIVIDUAL
BK011161,J000168,5661270346,2026-10-24,CONFIRMED,1,P032568,INDIVIDUAL
BK011162,J000168,8136617286,2026-10-23,CONFIRMED,1,P032569,INDIVIDUAL
BK011163,J000168,2277094088,2026-10-22,CONFIRMED,5,P032570,FAMILY
BK011164,J000168,3702864555,2026-10-21,CONFIRMED,5,P032575,FRIENDS
BK011165,J000168,7871686308,2026-10-20,CONFIRMED,2,P032580,GROUP
BK011166,J000168,4335926007,2026-10-19,CONFIRMED,3,P032582,FRIENDS
BK011167,J000168,9046344311,2026-10-18,CONFIRMED,4,P032585,GROUP
BK011168,J000168,2833209065,2026-10-17,CONFIRMED,6,P032589,FAMILY
BK011169,J000168,7778824138,2026-10-16,CONFIRMED,1,P032595,INDIVIDUAL
BK011170,J000168,1593356136,2026-10-15,CONFIRMED,5,P032596,GROUP
BK011171,J000168,8265477369,2026-10-14,CONFIRMED,3,P032601,FAMILY
BK011172,J000168,4588262496,2026-11-20,CONFIRMED,1,P032604,INDIVIDUAL
BK011173,J000168,5609769325,2026-11-19,CONFIRMED,4,P032605,FRIENDS
BK011174,J000168,8522151778,2026-11-18,CONFIRMED,4,P032609,FAMILY
BK011175,J000168,1328889614,2026-11-17,CONFIRMED,1,P032613,INDIVIDUAL
BK011176,J000168,7967170577,2026-11-16,CONFIRMED,5,P032614,FRIENDS
BK011177,J000168,8395959651,2026-11-15,CONFIRMED,2,P032619,GROUP
BK011178,J000168,6058151974,2026-11-14,CONFIRMED,4,P032621,FAMILY
BK011179,J000168,2027225751,2026-11-13,CONFIRMED,2,P032625,FRIENDS
BK011180,J000168,9371269011,2026-11-12,CONFIRMED,1,P032627,INDIVIDUAL
BK011181,J000168,9638589611,2026-11-11,CONFIRMED,4,P032628,FRIENDS
BK011182,J000168,6191542942,2026-11-10,CONFIRMED,1,P032632,INDIVIDUAL
BK011183,J000168,4221334751,2026-11-09,CONFIRMED,3,P032633,FAMILY
BK011184,J000168,5707898366,2026-11-08,CONFIRMED,4,P032636,FAMILY
BK011185,J000168,3640879294,2026-11-07,CONFIRMED,3,P032640,FAMILY
BK011186,J000168,1754954866,2026-11-06,CONFIRMED,1,P032643,INDIVIDUAL
BK011187,J000168,3519368071,2026-11-05,WAITLISTED,1,P032644,INDIVIDUAL
BK011188,J000168,7713410082,2026-11-04,CONFIRMED,2,P032645,FRIENDS
BK011189,J000168,4250038107,2026-11-03,CONFIRMED,3,P032647,FAMILY
BK011190,J000168,1778848073,2026-11-02,CONFIRMED,2,P032650,FAMILY
BK011191,J000168,1226586726,2026-11-01,CONFIRMED,1,P032652,INDIVIDUAL
BK011192,J000168,3557559969,2026-10-31,CONFIRMED,4,P032653,FAMILY
BK011193,J000168,8266219922,2026-10-30,CONFIRMED,1,P032657,INDIVIDUAL
BK011194,J000168,4411463050,2026-10-29,CONFIRMED,4,P032658,FAMILY
BK011195,J000168,7403615615,2026-10-28,CONFIRMED,2,P032662,FRIENDS
BK011196,J000168,6350564696,2026-10-27,CONFIRMED,3,P032664,GROUP
BK011197,J000168,7338895035,2026-10-26,CONFIRMED,4,P032667,FRIENDS
BK011198,J000168,6046180753,2026-10-25,CONFIRMED,4,P032671,FAMILY
BK011199,J000168,7188411685,2026-10-24,CONFIRMED,4,P032675,GROUP
BK011200,J000168,1395833078,2026-10-23,CANCELLED,3,P032679,GROUP
BK011201,J000168,2776698440,2026-10-22,CONFIRMED,4,P032682,FRIENDS
BK011202,J000168,1176259007,2026-10-21,CONFIRMED,4,P032686,FAMILY
BK011203,J000168,1055424888,2026-10-20,CONFIRMED,8,P032690,GROUP
BK011204,J000168,4151398954,2026-10-19,CONFIRMED,2,P032698,FRIENDS
BK011205,J000168,4907794956,2026-10-18,CONFIRMED,1,P032700,INDIVIDUAL
BK011206,J000168,3277385177,2026-10-17,CONFIRMED,4,P032701,FAMILY
BK011207,J000168,7190872307,2026-10-16,CONFIRMED,2,P032705,FRIENDS
BK011208,J000168,9147067663,2026-10-15,CONFIRMED,5,P032707,FRIENDS
BK011209,J000169,8849913328,2026-09-11,CONFIRMED,2,P032712,GROUP
BK011210,J000169,7933886102,2026-10-18,CONFIRMED,3,P032714,FRIENDS
BK011211,J000169,7858909039,2026-10-17,CONFIRMED,4,P032717,GROUP
BK011212,J000169,7824294192,2026-10-16,CONFIRMED,2,P032721,FRIENDS
BK011213,J000169,8482621114,2026-10-15,CONFIRMED,2,P032723,GROUP
BK011214,J000169,7115949787,2026-10-14,CONFIRMED,3,P032725,FRIENDS
BK011215,J000169,1465717770,2026-10-13,CONFIRMED,2,P032728,FRIENDS
BK011216,J000169,3549214016,2026-10-12,CONFIRMED,7,P032730,GROUP
BK011217,J000169,7188282411,2026-10-11,CONFIRMED,1,P032737,INDIVIDUAL
BK011218,J000169,5275980241,2026-10-10,CONFIRMED,5,P032738,GROUP
BK011219,J000169,3695240573,2026-10-09,CONFIRMED,1,P032743,INDIVIDUAL
BK011220,J000169,9276936616,2026-10-08,WAITLISTED,1,P032744,INDIVIDUAL
BK011221,J000169,1136285769,2026-10-07,CONFIRMED,2,P032745,GROUP
BK011222,J000169,9210360355,2026-10-06,CONFIRMED,3,P032747,FRIENDS
BK011223,J000169,4835906401,2026-10-05,CONFIRMED,2,P032750,FRIENDS
BK011224,J000169,9583038274,2026-10-04,CONFIRMED,6,P032752,FAMILY
BK011225,J000169,2948158132,2026-10-03,CONFIRMED,2,P032758,GROUP
BK011226,J000169,4132340174,2026-10-02,CONFIRMED,3,P032760,FRIENDS
BK011227,J000169,1694914158,2026-10-01,CONFIRMED,2,P032763,FRIENDS
BK011228,J000169,2676859982,2026-09-30,CONFIRMED,3,P032765,GROUP
BK011229,J000169,4619629197,2026-09-29,CONFIRMED,4,P032768,CAREGIVER_COMPANION
BK011230,J000169,2393185598,2026-09-28,CONFIRMED,2,P032772,FAMILY
BK011231,J000169,1285479562,2026-09-27,CONFIRMED,2,P032774,FRIENDS
BK011232,J000169,5284516875,2026-09-26,CONFIRMED,5,P032776,FRIENDS
BK011233,J000169,5084183881,2026-09-25,CONFIRMED,5,P032781,FAMILY
BK011234,J000169,3533580999,2026-09-24,CONFIRMED,2,P032786,FAMILY
BK011235,J000169,5835821185,2026-09-23,CONFIRMED,1,P032788,INDIVIDUAL
BK011236,J000169,8934287804,2026-09-22,CONFIRMED,4,P032789,FAMILY
BK011237,J000169,8034612699,2026-09-21,CONFIRMED,2,P032793,GROUP
BK011238,J000169,3974036835,2026-09-20,CONFIRMED,2,P032795,FAMILY
BK011239,J000169,3016578256,2026-09-19,CONFIRMED,3,P032797,FAMILY
BK011240,J000169,8919129375,2026-09-18,RAC,2,P032800,FRIENDS
BK011241,J000169,4019723420,2026-09-17,CONFIRMED,2,P032802,GROUP
BK011242,J000169,6131540414,2026-09-16,CONFIRMED,3,P032804,FRIENDS
BK011243,J000169,6843451687,2026-09-15,CONFIRMED,3,P032807,FAMILY
BK011244,J000169,5275933700,2026-09-14,CONFIRMED,5,P032810,FRIENDS
BK011245,J000169,5619693947,2026-09-13,CONFIRMED,2,P032815,GROUP
BK011246,J000169,6949721035,2026-09-12,CONFIRMED,3,P032817,FRIENDS
BK011247,J000169,6079547166,2026-09-11,CONFIRMED,3,P032820,FAMILY
BK011248,J000169,9123629622,2026-10-18,CONFIRMED,7,P032823,CAREGIVER_COMPANION
BK011249,J000169,9915622252,2026-10-17,CONFIRMED,2,P032830,GROUP
BK011250,J000169,3206190025,2026-10-16,CONFIRMED,1,P032832,INDIVIDUAL
BK011251,J000169,8890885873,2026-10-15,CONFIRMED,4,P032833,GROUP
BK011252,J000169,1338644079,2026-10-14,CONFIRMED,1,P032837,INDIVIDUAL
BK011253,J000169,3170715090,2026-10-13,WAITLISTED,5,P032838,FAMILY
BK011254,J000169,2910538701,2026-10-12,CONFIRMED,2,P032843,FAMILY
BK011255,J000169,9419773079,2026-10-11,CONFIRMED,8,P032845,GROUP
BK011256,J000169,9149264340,2026-10-10,CONFIRMED,5,P032853,FRIENDS
BK011257,J000169,1185749589,2026-10-09,CONFIRMED,1,P032858,INDIVIDUAL
BK011258,J000169,7956676355,2026-10-08,CONFIRMED,4,P032859,FAMILY
BK011259,J000169,6808740335,2026-10-07,CONFIRMED,4,P032863,GROUP
BK011260,J000169,3824850651,2026-10-06,CONFIRMED,3,P032867,GROUP
BK011261,J000169,3441738578,2026-10-05,CONFIRMED,3,P032870,FAMILY
BK011262,J000169,9641327382,2026-10-04,CONFIRMED,2,P032873,FAMILY
BK011263,J000169,1497108022,2026-10-03,CONFIRMED,1,P032875,INDIVIDUAL
BK011264,J000169,6304851654,2026-10-02,CONFIRMED,2,P032876,FRIENDS
BK011265,J000169,2463216311,2026-10-01,CONFIRMED,1,P032878,INDIVIDUAL
BK011266,J000169,3506898063,2026-09-30,CONFIRMED,4,P032879,FAMILY
BK011267,J000169,3013150311,2026-09-29,CONFIRMED,1,P032883,INDIVIDUAL
BK011268,J000169,2715870681,2026-09-28,CONFIRMED,1,P032884,INDIVIDUAL
BK011269,J000169,2676938679,2026-09-27,CONFIRMED,2,P032885,GROUP
BK011270,J000169,5230368833,2026-09-26,CONFIRMED,2,P032887,FAMILY
BK011271,J000169,6473188101,2026-09-25,CONFIRMED,2,P032889,FRIENDS
BK011272,J000169,5346140580,2026-09-24,CONFIRMED,1,P032891,INDIVIDUAL
BK011273,J000169,1647407468,2026-09-23,CONFIRMED,3,P032892,FAMILY
BK011274,J000169,2041101576,2026-09-22,CONFIRMED,4,P032895,FAMILY
BK011275,J000170,6121510513,2026-09-24,CONFIRMED,2,P032899,FRIENDS
BK011276,J000170,7539095101,2026-09-23,CONFIRMED,3,P032901,GROUP
BK011277,J000170,5886637886,2026-09-22,CONFIRMED,1,P032904,INDIVIDUAL
BK011278,J000170,2222863872,2026-09-21,CONFIRMED,5,P032905,GROUP
BK011279,J000170,8525645426,2026-09-20,CONFIRMED,1,P032910,INDIVIDUAL
BK011280,J000170,4464202787,2026-09-19,RAC,4,P032911,FAMILY
BK011281,J000170,7769407707,2026-09-18,CONFIRMED,2,P032915,GROUP
BK011282,J000170,1873526611,2026-09-17,CONFIRMED,1,P032917,INDIVIDUAL
BK011283,J000170,3154062154,2026-09-16,CONFIRMED,7,P032918,FAMILY
BK011284,J000170,5584176508,2026-09-15,CONFIRMED,4,P032925,FAMILY
BK011285,J000170,9072021793,2026-09-14,CONFIRMED,6,P032929,GROUP
BK011286,J000170,2241799049,2026-10-21,WAITLISTED,2,P032935,FAMILY
BK011287,J000170,2449499335,2026-10-20,CONFIRMED,4,P032937,GROUP
BK011288,J000170,7318921049,2026-10-19,CONFIRMED,5,P032941,FRIENDS
BK011289,J000170,9104461638,2026-10-18,CONFIRMED,2,P032946,GROUP
BK011290,J000170,7349198608,2026-10-17,CONFIRMED,4,P032948,FAMILY
BK011291,J000170,9661613459,2026-10-16,CONFIRMED,4,P032952,GROUP
BK011292,J000170,6615459458,2026-10-15,CONFIRMED,1,P032956,INDIVIDUAL
BK011293,J000170,8159352410,2026-10-14,CONFIRMED,2,P032957,GROUP
BK011294,J000170,8633077702,2026-10-13,CONFIRMED,4,P032959,FAMILY
BK011295,J000170,5067431528,2026-10-12,CONFIRMED,2,P032963,FRIENDS
BK011296,J000170,1134767195,2026-10-11,CONFIRMED,4,P032965,FAMILY
BK011297,J000170,2534481740,2026-10-10,CONFIRMED,7,P032969,FAMILY
BK011298,J000170,2878526874,2026-10-09,CONFIRMED,1,P032976,INDIVIDUAL
BK011299,J000170,1085695942,2026-10-08,CONFIRMED,4,P032977,GROUP
BK011300,J000170,9700580365,2026-10-07,CANCELLED,4,P032981,FAMILY
BK011301,J000170,6978594791,2026-10-06,CONFIRMED,4,P032985,FRIENDS
BK011302,J000170,1984210975,2026-10-05,CONFIRMED,6,P032989,FAMILY
BK011303,J000170,4057787776,2026-10-04,CONFIRMED,4,P032995,GROUP
BK011304,J000170,6594462742,2026-10-03,CONFIRMED,1,P032999,INDIVIDUAL
BK011305,J000170,2167005744,2026-10-02,CONFIRMED,8,P033000,CAREGIVER_COMPANION
BK011306,J000170,6545210467,2026-10-01,CONFIRMED,2,P033008,FAMILY
BK011307,J000170,1591576699,2026-09-30,CONFIRMED,1,P033010,INDIVIDUAL
BK011308,J000170,6258888900,2026-09-29,CONFIRMED,4,P033011,FAMILY
BK011309,J000170,9984644586,2026-09-28,CONFIRMED,2,P033015,GROUP
BK011310,J000170,9189191986,2026-09-27,CONFIRMED,4,P033017,FAMILY
BK011311,J000170,7265297689,2026-09-26,CONFIRMED,1,P033021,INDIVIDUAL
BK011312,J000170,7237840728,2026-09-25,CONFIRMED,7,P033022,GROUP
BK011313,J000170,7379250683,2026-09-24,CONFIRMED,4,P033029,FRIENDS
BK011314,J000170,2901524801,2026-09-23,CONFIRMED,1,P033033,INDIVIDUAL
BK011315,J000170,4851305796,2026-09-22,CONFIRMED,1,P033034,INDIVIDUAL
BK011316,J000170,8044744316,2026-09-21,CONFIRMED,4,P033035,FAMILY
BK011317,J000170,5338263978,2026-09-20,CONFIRMED,2,P033039,GROUP
BK011318,J000170,1574446306,2026-09-19,CONFIRMED,5,P033041,GROUP
BK011319,J000170,5718731539,2026-09-18,WAITLISTED,4,P033046,GROUP
BK011320,J000170,4621102099,2026-09-17,RAC,3,P033050,GROUP
BK011321,J000170,4357763155,2026-09-16,CONFIRMED,1,P033053,INDIVIDUAL
BK011322,J000170,6099155133,2026-09-15,CONFIRMED,5,P033054,GROUP
BK011323,J000170,1125220261,2026-09-14,CONFIRMED,4,P033059,GROUP
BK011324,J000170,1617147581,2026-10-21,CONFIRMED,6,P033063,CAREGIVER_COMPANION
BK011325,J000170,7807920069,2026-10-20,CONFIRMED,7,P033069,FAMILY
BK011326,J000170,6251442611,2026-10-19,CONFIRMED,1,P033076,INDIVIDUAL
BK011327,J000170,4601495087,2026-10-18,CONFIRMED,1,P033077,INDIVIDUAL
BK011328,J000170,4527694319,2026-10-17,CONFIRMED,5,P033078,FRIENDS
BK011329,J000170,2383829676,2026-10-16,CONFIRMED,2,P033083,GROUP
BK011330,J000170,3503095901,2026-10-15,CONFIRMED,3,P033085,FRIENDS
BK011331,J000170,3671776975,2026-10-14,CONFIRMED,3,P033088,FAMILY
BK011332,J000170,1047278638,2026-10-13,CONFIRMED,7,P033091,GROUP
BK011333,J000170,9566217764,2026-10-12,CONFIRMED,4,P033098,FRIENDS
BK011334,J000170,6721118959,2026-10-11,CONFIRMED,4,P033102,FAMILY
BK011335,J000170,8304783898,2026-10-10,CONFIRMED,1,P033106,INDIVIDUAL
BK011336,J000170,4064067846,2026-10-09,CONFIRMED,5,P033107,FRIENDS
BK011337,J000170,2233322005,2026-10-08,CONFIRMED,2,P033112,GROUP
BK011338,J000170,8091838898,2026-10-07,CONFIRMED,2,P033114,FAMILY
BK011339,J000170,5469047495,2026-10-06,CONFIRMED,4,P033116,GROUP
BK011340,J000170,3216639719,2026-10-05,CONFIRMED,2,P033120,FRIENDS
BK011341,J000171,5011524175,2026-10-08,CONFIRMED,3,P033122,FAMILY
BK011342,J000171,2026533383,2026-10-07,CONFIRMED,2,P033125,FAMILY
BK011343,J000171,4437045319,2026-10-06,CONFIRMED,1,P033127,INDIVIDUAL
BK011344,J000171,7925561551,2026-10-05,CONFIRMED,1,P033128,INDIVIDUAL
BK011345,J000171,8640851861,2026-10-04,CONFIRMED,2,P033129,GROUP
BK011346,J000171,5996964795,2026-10-03,CONFIRMED,2,P033131,FAMILY
BK011347,J000171,3421289755,2026-10-02,CONFIRMED,2,P033133,FRIENDS
BK011348,J000171,8340258512,2026-10-01,CONFIRMED,3,P033135,GROUP
BK011349,J000171,5746722231,2026-09-30,CONFIRMED,6,P033138,GROUP
BK011350,J000171,9886898817,2026-09-29,CONFIRMED,2,P033144,FAMILY
BK011351,J000171,5167163761,2026-09-28,CONFIRMED,2,P033146,FRIENDS
BK011352,J000171,1462942321,2026-09-27,WAITLISTED,4,P033148,FAMILY
BK011353,J000171,1548326331,2026-09-26,CONFIRMED,2,P033152,GROUP
BK011354,J000171,8774714745,2026-09-25,CONFIRMED,2,P033154,FAMILY
BK011355,J000171,4453472541,2026-09-24,CONFIRMED,4,P033156,GROUP
BK011356,J000171,2202478757,2026-09-23,CONFIRMED,2,P033160,FRIENDS
BK011357,J000171,8119224336,2026-09-22,CONFIRMED,2,P033162,GROUP
BK011358,J000171,3014366076,2026-09-21,CONFIRMED,2,P033164,FAMILY
BK011359,J000171,9093636809,2026-09-20,CONFIRMED,6,P033166,FRIENDS
BK011360,J000171,1518283381,2026-09-19,RAC,4,P033172,FAMILY
BK011361,J000171,3672146891,2026-09-18,CONFIRMED,4,P033176,FRIENDS
BK011362,J000171,4586045282,2026-10-25,CONFIRMED,1,P033180,INDIVIDUAL
BK011363,J000171,4366380617,2026-10-24,CONFIRMED,4,P033181,GROUP
BK011364,J000171,1725923127,2026-10-23,CONFIRMED,4,P033185,FAMILY
BK011365,J000171,4311003703,2026-10-22,CONFIRMED,5,P033189,FAMILY
BK011366,J000171,3359286225,2026-10-21,CONFIRMED,3,P033194,FRIENDS
BK011367,J000171,5201279948,2026-10-20,CONFIRMED,1,P033197,INDIVIDUAL
BK011368,J000171,1732789732,2026-10-19,CONFIRMED,1,P033198,INDIVIDUAL
BK011369,J000171,1993953489,2026-10-18,CONFIRMED,2,P033199,GROUP
BK011370,J000171,1119259068,2026-10-17,CONFIRMED,1,P033201,INDIVIDUAL
BK011371,J000171,1112931859,2026-10-16,CONFIRMED,3,P033202,FAMILY
BK011372,J000171,4976972324,2026-10-15,CONFIRMED,1,P033205,INDIVIDUAL
BK011373,J000171,8404270580,2026-10-14,CONFIRMED,3,P033206,FAMILY
BK011374,J000171,7601237159,2026-10-13,CONFIRMED,2,P033209,FAMILY
BK011375,J000171,9900970320,2026-10-12,CONFIRMED,5,P033211,FAMILY
BK011376,J000171,3341096847,2026-10-11,CONFIRMED,3,P033216,GROUP
BK011377,J000171,4568845299,2026-10-10,CONFIRMED,2,P033219,GROUP
BK011378,J000171,1252240431,2026-10-09,CONFIRMED,2,P033221,FAMILY
BK011379,J000171,8005328006,2026-10-08,CONFIRMED,1,P033223,INDIVIDUAL
BK011380,J000171,6846740278,2026-10-07,CONFIRMED,1,P033224,INDIVIDUAL
BK011381,J000171,3736672578,2026-10-06,CONFIRMED,2,P033225,GROUP
BK011382,J000171,5285326260,2026-10-05,CONFIRMED,2,P033227,FAMILY
BK011383,J000171,9687718787,2026-10-04,CONFIRMED,2,P033229,FRIENDS
BK011384,J000171,5931667411,2026-10-03,CONFIRMED,2,P033231,FRIENDS
BK011385,J000171,1350326741,2026-10-02,WAITLISTED,4,P033233,FRIENDS
BK011386,J000171,1580920722,2026-10-01,CONFIRMED,1,P033237,INDIVIDUAL
BK011387,J000171,3757134080,2026-09-30,CONFIRMED,1,P033238,INDIVIDUAL
BK011388,J000171,7104536080,2026-09-29,CONFIRMED,1,P033239,INDIVIDUAL
BK011389,J000171,8056079247,2026-09-28,CONFIRMED,1,P033240,INDIVIDUAL
BK011390,J000171,8589708044,2026-09-27,CONFIRMED,6,P033241,FAMILY
BK011391,J000171,3804765583,2026-09-26,CONFIRMED,4,P033247,GROUP
BK011392,J000171,4552890183,2026-09-25,CONFIRMED,2,P033251,FRIENDS
BK011393,J000171,9211577940,2026-09-24,CONFIRMED,3,P033253,FAMILY
BK011394,J000171,4082677354,2026-09-23,CONFIRMED,1,P033256,INDIVIDUAL
BK011395,J000171,4265847920,2026-09-22,CONFIRMED,1,P033257,INDIVIDUAL
BK011396,J000171,2481377034,2026-09-21,CONFIRMED,6,P033258,FAMILY
BK011397,J000171,5581987758,2026-09-20,CONFIRMED,6,P033264,GROUP
BK011398,J000171,6134438565,2026-09-19,CONFIRMED,4,P033270,FAMILY
BK011399,J000171,3307963218,2026-09-18,CONFIRMED,1,P033274,INDIVIDUAL
BK011400,J000171,5640521299,2026-10-25,CANCELLED,7,P033275,CAREGIVER_COMPANION
BK011401,J000171,3460415021,2026-10-24,CONFIRMED,6,P033282,GROUP
BK011402,J000171,3710717081,2026-10-23,CONFIRMED,1,P033288,INDIVIDUAL
BK011403,J000171,6406783726,2026-10-22,CONFIRMED,4,P033289,GROUP
BK011404,J000171,7808884983,2026-10-21,CONFIRMED,5,P033293,FRIENDS
BK011405,J000171,6010338326,2026-10-20,CONFIRMED,8,P033298,FRIENDS
BK011406,J000171,2578588356,2026-10-19,CONFIRMED,4,P033306,FAMILY
BK011407,J000172,8072984745,2026-10-21,CONFIRMED,3,P033310,FAMILY
BK011408,J000172,2499279143,2026-10-20,CONFIRMED,4,P033313,FAMILY
BK011409,J000172,6985177756,2026-10-19,CONFIRMED,4,P033317,FRIENDS
BK011410,J000172,5482344235,2026-10-18,CONFIRMED,2,P033321,FAMILY
BK011411,J000172,7640444738,2026-10-17,CONFIRMED,1,P033323,INDIVIDUAL
BK011412,J000172,3068261252,2026-10-16,CONFIRMED,2,P033324,FRIENDS
BK011413,J000172,8278178555,2026-10-15,CONFIRMED,4,P033326,FRIENDS
BK011414,J000172,5888955532,2026-10-14,CONFIRMED,4,P033330,FAMILY
BK011415,J000172,8356886069,2026-10-13,CONFIRMED,3,P033334,FAMILY
BK011416,J000172,1459554193,2026-10-12,CONFIRMED,4,P033337,FAMILY
BK011417,J000172,2699089636,2026-10-11,CONFIRMED,1,P033341,INDIVIDUAL
BK011418,J000172,3012885385,2026-10-10,WAITLISTED,1,P033342,INDIVIDUAL
BK011419,J000172,5721336007,2026-10-09,CONFIRMED,1,P033343,INDIVIDUAL
BK011420,J000172,4598863239,2026-10-08,CONFIRMED,2,P033344,FRIENDS
BK011421,J000172,7583599073,2026-10-07,CONFIRMED,4,P033346,FRIENDS
BK011422,J000172,4744469283,2026-10-06,CONFIRMED,6,P033350,FAMILY
BK011423,J000172,5740691750,2026-10-05,CONFIRMED,6,P033356,FRIENDS
BK011424,J000172,4579389015,2026-10-04,CONFIRMED,7,P033362,GROUP
BK011425,J000172,2155687879,2026-10-03,CONFIRMED,2,P033369,GROUP
BK011426,J000172,7166685666,2026-10-02,CONFIRMED,1,P033371,INDIVIDUAL
BK011427,J000172,7625532451,2026-10-01,CONFIRMED,1,P033372,INDIVIDUAL
BK011428,J000172,9383150360,2026-09-30,CONFIRMED,2,P033373,FRIENDS
BK011429,J000172,5590458604,2026-09-29,CONFIRMED,1,P033375,INDIVIDUAL
BK011430,J000172,4295137847,2026-09-28,CONFIRMED,5,P033376,GROUP
BK011431,J000172,4798821416,2026-09-27,CONFIRMED,6,P033381,FRIENDS
BK011432,J000172,5695669307,2026-09-26,CONFIRMED,2,P033387,FRIENDS
BK011433,J000172,5735453570,2026-09-25,CONFIRMED,2,P033389,GROUP
BK011434,J000172,3391022515,2026-09-24,CONFIRMED,4,P033391,FAMILY
BK011435,J000172,4355310182,2026-09-23,CONFIRMED,1,P033395,INDIVIDUAL
BK011436,J000172,5498259420,2026-09-22,CONFIRMED,3,P033396,GROUP
BK011437,J000172,7002426652,2026-09-21,CONFIRMED,1,P033399,INDIVIDUAL
BK011438,J000172,2614781419,2026-10-28,CONFIRMED,2,P033400,FAMILY
BK011439,J000172,7748938950,2026-10-27,CONFIRMED,7,P033402,FAMILY
BK011440,J000172,8431067562,2026-10-26,RAC,1,P033409,INDIVIDUAL
BK011441,J000172,8082521616,2026-10-25,CONFIRMED,6,P033410,GROUP
BK011442,J000172,8872389333,2026-10-24,CONFIRMED,5,P033416,GROUP
BK011443,J000172,6736435146,2026-10-23,CONFIRMED,4,P033421,GROUP
BK011444,J000172,1621786955,2026-10-22,CONFIRMED,6,P033425,FAMILY
BK011445,J000172,9797289714,2026-10-21,CONFIRMED,4,P033431,FRIENDS
BK011446,J000172,9427491413,2026-10-20,CONFIRMED,2,P033435,FAMILY
BK011447,J000172,3626198017,2026-10-19,CONFIRMED,1,P033437,INDIVIDUAL
BK011448,J000172,4423646990,2026-10-18,CONFIRMED,3,P033438,GROUP
BK011449,J000172,4787076616,2026-10-17,CONFIRMED,2,P033441,GROUP
BK011450,J000172,8042802427,2026-10-16,CONFIRMED,2,P033443,FAMILY
BK011451,J000172,8017238509,2026-10-15,WAITLISTED,3,P033445,FAMILY
BK011452,J000172,9615059215,2026-10-14,CONFIRMED,2,P033448,FRIENDS
BK011453,J000172,6744871435,2026-10-13,CONFIRMED,2,P033450,GROUP
BK011454,J000172,6174797673,2026-10-12,CONFIRMED,2,P033452,FAMILY
BK011455,J000172,1202915983,2026-10-11,CONFIRMED,1,P033454,INDIVIDUAL
BK011456,J000172,6001343800,2026-10-10,CONFIRMED,2,P033455,FRIENDS
BK011457,J000172,7121390525,2026-10-09,CONFIRMED,2,P033457,GROUP
BK011458,J000172,5403444766,2026-10-08,CONFIRMED,2,P033459,FAMILY
BK011459,J000172,7411110686,2026-10-07,CONFIRMED,1,P033461,INDIVIDUAL
BK011460,J000172,5929812066,2026-10-06,CONFIRMED,5,P033462,FRIENDS
BK011461,J000172,2282984218,2026-10-05,CONFIRMED,2,P033467,GROUP
BK011462,J000172,2163362634,2026-10-04,CONFIRMED,4,P033469,FAMILY
BK011463,J000172,3806378148,2026-10-03,CONFIRMED,3,P033473,FAMILY
BK011464,J000172,1610890341,2026-10-02,CONFIRMED,3,P033476,GROUP
BK011465,J000172,9883347822,2026-10-01,CONFIRMED,4,P033479,FRIENDS
BK011466,J000172,6915107751,2026-09-30,CONFIRMED,3,P033483,FRIENDS
BK011467,J000172,6391003721,2026-09-29,CONFIRMED,5,P033486,FAMILY
BK011468,J000172,3334771894,2026-09-28,CONFIRMED,2,P033491,FRIENDS
BK011469,J000172,1866500274,2026-09-27,CONFIRMED,8,P033493,FRIENDS
BK011470,J000172,6471896328,2026-09-26,CONFIRMED,3,P033501,FRIENDS
BK011471,J000172,3668916677,2026-09-25,CONFIRMED,6,P033504,FRIENDS
BK011472,J000172,2702846286,2026-09-24,CONFIRMED,1,P033510,INDIVIDUAL
BK011473,J000173,3681368961,2026-09-27,CONFIRMED,6,P033511,GROUP
BK011474,J000173,8221909247,2026-09-26,CONFIRMED,2,P033517,FAMILY
BK011475,J000173,1674287794,2026-09-25,CONFIRMED,5,P033519,FAMILY
BK011476,J000173,8486070797,2026-11-01,CONFIRMED,2,P033524,FRIENDS
BK011477,J000173,3567930309,2026-10-31,CONFIRMED,4,P033526,FRIENDS
BK011478,J000173,7437292737,2026-10-30,CONFIRMED,3,P033530,FRIENDS
BK011479,J000173,5035954112,2026-10-29,CONFIRMED,2,P033533,FRIENDS
BK011480,J000173,8352550428,2026-10-28,RAC,4,P033535,FAMILY
BK011481,J000173,8465579401,2026-10-27,CONFIRMED,4,P033539,FRIENDS
BK011482,J000173,5712270534,2026-10-26,CONFIRMED,3,P033543,FRIENDS
BK011483,J000173,5626293888,2026-10-25,CONFIRMED,6,P033546,FRIENDS
BK011484,J000173,6040658224,2026-10-24,WAITLISTED,2,P033552,FRIENDS
BK011485,J000173,5753026320,2026-10-23,CONFIRMED,1,P033554,INDIVIDUAL
BK011486,J000173,4360336312,2026-10-22,CONFIRMED,3,P033555,FRIENDS
BK011487,J000173,6135340891,2026-10-21,CONFIRMED,1,P033558,INDIVIDUAL
BK011488,J000173,8210867120,2026-10-20,CONFIRMED,2,P033559,FRIENDS
BK011489,J000173,9072274032,2026-10-19,CONFIRMED,1,P033561,INDIVIDUAL
BK011490,J000173,1307276483,2026-10-18,CONFIRMED,3,P033562,FRIENDS
BK011491,J000173,5035612877,2026-10-17,CONFIRMED,5,P033565,FAMILY
BK011492,J000173,4674725427,2026-10-16,CONFIRMED,4,P033570,FAMILY
BK011493,J000173,2645027160,2026-10-15,CONFIRMED,3,P033574,FAMILY
BK011494,J000173,3488122971,2026-10-14,CONFIRMED,2,P033577,FAMILY
BK011495,J000173,5921290553,2026-10-13,CONFIRMED,1,P033579,INDIVIDUAL
BK011496,J000173,6498581713,2026-10-12,CONFIRMED,4,P033580,FAMILY
BK011497,J000173,6211498972,2026-10-11,CONFIRMED,3,P033584,FAMILY
BK011498,J000173,7439628634,2026-10-10,CONFIRMED,2,P033587,FAMILY
BK011499,J000173,4402788229,2026-10-09,CONFIRMED,1,P033589,INDIVIDUAL
BK011500,J000173,4339325428,2026-10-08,CANCELLED,1,P033590,INDIVIDUAL
BK011501,J000173,6338616615,2026-10-07,CONFIRMED,2,P033591,GROUP
BK011502,J000173,9529544894,2026-10-06,CONFIRMED,1,P033593,INDIVIDUAL
BK011503,J000173,2203218196,2026-10-05,CONFIRMED,2,P033594,FRIENDS
BK011504,J000173,1792662716,2026-10-04,CONFIRMED,5,P033596,FRIENDS
BK011505,J000173,7060071062,2026-10-03,CONFIRMED,3,P033601,FAMILY
BK011506,J000173,6302000438,2026-10-02,CONFIRMED,4,P033604,FAMILY
BK011507,J000173,9858477922,2026-10-01,CONFIRMED,7,P033608,FAMILY
BK011508,J000173,2241089592,2026-09-30,CONFIRMED,2,P033615,FRIENDS
BK011509,J000173,1015746068,2026-09-29,CONFIRMED,2,P033617,GROUP
BK011510,J000173,6256040415,2026-09-28,CONFIRMED,1,P033619,INDIVIDUAL
BK011511,J000173,7354880488,2026-09-27,CONFIRMED,2,P033620,FRIENDS
BK011512,J000173,6100978031,2026-09-26,CONFIRMED,1,P033622,INDIVIDUAL
BK011513,J000173,3192584094,2026-09-25,CONFIRMED,4,P033623,FRIENDS
BK011514,J000173,2819256604,2026-11-01,CONFIRMED,1,P033627,INDIVIDUAL
BK011515,J000173,5920562854,2026-10-31,CONFIRMED,2,P033628,FRIENDS
BK011516,J000173,2682541225,2026-10-30,CONFIRMED,2,P033630,FRIENDS
BK011517,J000173,8166555429,2026-10-29,WAITLISTED,1,P033632,INDIVIDUAL
BK011518,J000173,8170298048,2026-10-28,CONFIRMED,6,P033633,FAMILY
BK011519,J000173,8674201262,2026-10-27,CONFIRMED,1,P033639,INDIVIDUAL
BK011520,J000173,6458022331,2026-10-26,RAC,6,P033640,FAMILY
BK011521,J000173,2168153617,2026-10-25,CONFIRMED,2,P033646,GROUP
BK011522,J000173,2982681316,2026-10-24,CONFIRMED,1,P033648,INDIVIDUAL
BK011523,J000173,5773120064,2026-10-23,CONFIRMED,2,P033649,FRIENDS
BK011524,J000173,3720937069,2026-10-22,CONFIRMED,2,P033651,FRIENDS
BK011525,J000173,9238497291,2026-10-21,CONFIRMED,1,P033653,INDIVIDUAL
BK011526,J000173,4096785406,2026-10-20,CONFIRMED,1,P033654,INDIVIDUAL
BK011527,J000173,1001246142,2026-10-19,CONFIRMED,2,P033655,FRIENDS
BK011528,J000173,5282758454,2026-10-18,CONFIRMED,4,P033657,FAMILY
BK011529,J000173,3420144488,2026-10-17,CONFIRMED,4,P033661,FRIENDS
BK011530,J000173,6133054249,2026-10-16,CONFIRMED,8,P033665,FAMILY
BK011531,J000173,1880026405,2026-10-15,CONFIRMED,1,P033673,INDIVIDUAL
BK011532,J000173,1438157860,2026-10-14,CONFIRMED,2,P033674,FRIENDS
BK011533,J000173,4701827940,2026-10-13,CONFIRMED,3,P033676,FAMILY
BK011534,J000173,8427526176,2026-10-12,CONFIRMED,4,P033679,FAMILY
BK011535,J000173,8479719534,2026-10-11,CONFIRMED,3,P033683,FAMILY
BK011536,J000173,8769748820,2026-10-10,CONFIRMED,1,P033686,INDIVIDUAL
BK011537,J000173,8927785577,2026-10-09,CONFIRMED,4,P033687,FRIENDS
BK011538,J000173,2127402089,2026-10-08,CONFIRMED,4,P033691,FAMILY
BK011539,J000174,1637083057,2026-10-10,CONFIRMED,8,P033695,GROUP
BK011540,J000174,6541021329,2026-10-09,CONFIRMED,8,P033703,FAMILY
BK011541,J000174,3496631533,2026-10-08,CONFIRMED,2,P033711,GROUP
BK011542,J000174,9677766131,2026-10-07,CONFIRMED,6,P033713,FAMILY
BK011543,J000174,3280916773,2026-10-06,CONFIRMED,2,P033719,FRIENDS
BK011544,J000174,1354312408,2026-10-05,CONFIRMED,4,P033721,FAMILY
BK011545,J000174,9873324240,2026-10-04,CONFIRMED,1,P033725,INDIVIDUAL
BK011546,J000174,3110829290,2026-10-03,CONFIRMED,5,P033726,GROUP
BK011547,J000174,2155938378,2026-10-02,CONFIRMED,1,P033731,INDIVIDUAL
BK011548,J000174,1902800263,2026-10-01,CONFIRMED,1,P033732,INDIVIDUAL
BK011549,J000174,2211279924,2026-09-30,CONFIRMED,2,P033733,GROUP
BK011550,J000174,8235407149,2026-09-29,WAITLISTED,2,P033735,FAMILY
BK011551,J000174,5091424449,2026-09-28,CONFIRMED,4,P033737,GROUP
BK011552,J000174,7827366041,2026-11-04,CONFIRMED,3,P033741,GROUP
BK011553,J000174,6654343504,2026-11-03,CONFIRMED,3,P033744,FAMILY
BK011554,J000174,7277020331,2026-11-02,CONFIRMED,6,P033747,FAMILY
BK011555,J000174,4124327796,2026-11-01,CONFIRMED,2,P033753,FRIENDS
BK011556,J000174,6731465294,2026-10-31,CONFIRMED,1,P033755,INDIVIDUAL
BK011557,J000174,5533302718,2026-10-30,CONFIRMED,2,P033756,GROUP
BK011558,J000174,4194446526,2026-10-29,CONFIRMED,6,P033758,FAMILY
BK011559,J000174,9283571073,2026-10-28,CONFIRMED,1,P033764,INDIVIDUAL
BK011560,J000174,7492832700,2026-10-27,RAC,1,P033765,INDIVIDUAL
BK011561,J000174,6560202485,2026-10-26,CONFIRMED,7,P033766,FAMILY
BK011562,J000174,9828526251,2026-10-25,CONFIRMED,1,P033773,INDIVIDUAL
BK011563,J000174,1096898094,2026-10-24,CONFIRMED,2,P033774,FRIENDS
BK011564,J000174,9725448271,2026-10-23,CONFIRMED,2,P033776,FRIENDS
BK011565,J000174,9982323956,2026-10-22,CONFIRMED,4,P033778,FRIENDS
BK011566,J000174,5447801259,2026-10-21,CONFIRMED,4,P033782,FAMILY
BK011567,J000174,9984300947,2026-10-20,CONFIRMED,3,P033786,FAMILY
BK011568,J000174,2104253089,2026-10-19,CONFIRMED,3,P033789,GROUP
BK011569,J000174,8601720178,2026-10-18,CONFIRMED,2,P033792,GROUP
BK011570,J000174,1337348769,2026-10-17,CONFIRMED,7,P033794,FRIENDS
BK011571,J000174,4898224885,2026-10-16,CONFIRMED,4,P033801,CAREGIVER_COMPANION
BK011572,J000174,4350667786,2026-10-15,CONFIRMED,4,P033805,FAMILY
BK011573,J000174,5229864717,2026-10-14,CONFIRMED,8,P033809,FRIENDS
BK011574,J000174,8479120052,2026-10-13,CONFIRMED,4,P033817,FAMILY
BK011575,J000174,9565978114,2026-10-12,CONFIRMED,2,P033821,FRIENDS
BK011576,J000174,1846131371,2026-10-11,CONFIRMED,7,P033823,GROUP
BK011577,J000174,9954920310,2026-10-10,CONFIRMED,2,P033830,GROUP
BK011578,J000174,3976742086,2026-10-09,CONFIRMED,7,P033832,FRIENDS
BK011579,J000174,9740689435,2026-10-08,CONFIRMED,3,P033839,FAMILY
BK011580,J000174,7334830894,2026-10-07,CONFIRMED,4,P033842,FAMILY
BK011581,J000174,7250957109,2026-10-06,CONFIRMED,2,P033846,GROUP
BK011582,J000174,8779626663,2026-10-05,CONFIRMED,1,P033848,INDIVIDUAL
BK011583,J000174,5682990484,2026-10-04,WAITLISTED,4,P033849,GROUP
BK011584,J000174,1439648302,2026-10-03,CONFIRMED,4,P033853,FAMILY
BK011585,J000174,3636446026,2026-10-02,CONFIRMED,1,P033857,INDIVIDUAL
BK011586,J000174,5358077794,2026-10-01,CONFIRMED,6,P033858,FAMILY
BK011587,J000174,5515899063,2026-09-30,CONFIRMED,3,P033864,FAMILY
BK011588,J000174,2728665356,2026-09-29,CONFIRMED,5,P033867,FRIENDS
BK011589,J000174,5731440743,2026-09-28,CONFIRMED,1,P033872,INDIVIDUAL
BK011590,J000174,1919978415,2026-11-04,CONFIRMED,1,P033873,INDIVIDUAL
BK011591,J000174,6370315955,2026-11-03,CONFIRMED,4,P033874,GROUP
BK011592,J000174,9791250983,2026-11-02,CONFIRMED,2,P033878,FRIENDS
BK011593,J000174,9799935005,2026-11-01,CONFIRMED,2,P033880,GROUP
BK011594,J000174,6037933009,2026-10-31,CONFIRMED,2,P033882,FAMILY
BK011595,J000174,7041432823,2026-10-30,CONFIRMED,2,P033884,FRIENDS
BK011596,J000174,1242142216,2026-10-29,CONFIRMED,4,P033886,FAMILY
BK011597,J000174,5699835396,2026-10-28,CONFIRMED,8,P033890,FRIENDS
BK011598,J000174,3070563377,2026-10-27,CONFIRMED,1,P033898,INDIVIDUAL
BK011599,J000174,1462670558,2026-10-26,CONFIRMED,3,P033899,FAMILY
BK011600,J000174,4130888608,2026-10-25,CANCELLED,1,P033902,INDIVIDUAL
BK011601,J000174,3914091357,2026-10-24,CONFIRMED,1,P033903,INDIVIDUAL
BK011602,J000174,7616693835,2026-10-23,CONFIRMED,4,P033904,FAMILY
BK011603,J000174,4963833126,2026-10-22,CONFIRMED,2,P033908,FRIENDS
BK011604,J000174,9170369819,2026-10-21,CONFIRMED,3,P033910,GROUP
BK011605,J000175,5943468817,2026-10-01,CONFIRMED,3,P033913,FAMILY
BK011606,J000175,1224494309,2026-09-30,CONFIRMED,3,P033916,FRIENDS
BK011607,J000175,5573229381,2026-09-29,CONFIRMED,6,P033919,FRIENDS
BK011608,J000175,2063528794,2026-09-28,CONFIRMED,4,P033925,FAMILY
BK011609,J000175,7507956707,2026-09-27,CONFIRMED,1,P033929,INDIVIDUAL
BK011610,J000175,4441477099,2026-09-26,CONFIRMED,2,P033930,FAMILY
BK011611,J000175,3176277716,2026-09-25,CONFIRMED,8,P033932,GROUP
BK011612,J000175,7099330404,2026-09-24,CONFIRMED,1,P033940,INDIVIDUAL
BK011613,J000175,5324664558,2026-09-23,CONFIRMED,1,P033941,INDIVIDUAL
BK011614,J000175,7823360723,2026-09-22,CONFIRMED,2,P033942,FAMILY
BK011615,J000175,8273202155,2026-09-21,CONFIRMED,2,P033944,FRIENDS
BK011616,J000175,8204892431,2026-09-20,WAITLISTED,5,P033946,FRIENDS
BK011617,J000175,5250777986,2026-09-19,CONFIRMED,1,P033951,INDIVIDUAL
BK011618,J000175,8233674714,2026-09-18,CONFIRMED,4,P033952,FAMILY
BK011619,J000175,3297596295,2026-09-17,CONFIRMED,1,P033956,INDIVIDUAL
BK011620,J000175,6051926786,2026-09-16,CONFIRMED,4,P033957,FAMILY
BK011621,J000175,6427783034,2026-09-15,CONFIRMED,7,P033961,FAMILY
BK011622,J000175,3754986808,2026-09-14,CONFIRMED,2,P033968,FAMILY
BK011623,J000175,6668579894,2026-09-13,CONFIRMED,3,P033970,FAMILY
BK011624,J000175,9991307943,2026-09-12,CONFIRMED,2,P033973,FRIENDS
BK011625,J000175,4983479482,2026-09-11,CONFIRMED,4,P033975,FRIENDS
BK011626,J000175,9453357156,2026-09-10,CONFIRMED,3,P033979,FRIENDS
BK011627,J000175,1950790487,2026-09-09,CONFIRMED,3,P033982,FAMILY
BK011628,J000175,9149884039,2026-10-16,CONFIRMED,4,P033985,CAREGIVER_COMPANION
BK011629,J000175,3239395067,2026-10-15,CONFIRMED,1,P033989,INDIVIDUAL
BK011630,J000175,5401514802,2026-10-14,CONFIRMED,3,P033990,FRIENDS
BK011631,J000175,9983232914,2026-10-13,CONFIRMED,1,P033993,INDIVIDUAL
BK011632,J000175,9581583916,2026-10-12,CONFIRMED,2,P033994,FRIENDS
BK011633,J000175,9455687234,2026-10-11,CONFIRMED,4,P033996,FRIENDS
BK011634,J000175,6690033644,2026-10-10,CONFIRMED,8,P034000,FAMILY
BK011635,J000175,2058851346,2026-10-09,CONFIRMED,2,P034008,FRIENDS
BK011636,J000175,1007618532,2026-10-08,CONFIRMED,4,P034010,FAMILY
BK011637,J000175,1173364888,2026-10-07,CONFIRMED,4,P034014,FRIENDS
BK011638,J000175,5811393226,2026-10-06,CONFIRMED,3,P034018,FRIENDS
BK011639,J000175,4005045130,2026-10-05,CONFIRMED,1,P034021,INDIVIDUAL
BK011640,J000175,3974255823,2026-10-04,RAC,2,P034022,FRIENDS
BK011641,J000175,5560692645,2026-10-03,CONFIRMED,1,P034024,INDIVIDUAL
BK011642,J000175,5374289897,2026-10-02,CONFIRMED,1,P034025,INDIVIDUAL
BK011643,J000175,8347375716,2026-10-01,CONFIRMED,1,P034026,INDIVIDUAL
BK011644,J000175,3016191317,2026-09-30,CONFIRMED,1,P034027,INDIVIDUAL
BK011645,J000175,6905846257,2026-09-29,CONFIRMED,1,P034028,INDIVIDUAL
BK011646,J000175,8317527082,2026-09-28,CONFIRMED,1,P034029,INDIVIDUAL
BK011647,J000175,7399259294,2026-09-27,CONFIRMED,1,P034030,INDIVIDUAL
BK011648,J000175,4708752332,2026-09-26,CONFIRMED,2,P034031,FRIENDS
BK011649,J000175,5680293874,2026-09-25,WAITLISTED,1,P034033,INDIVIDUAL
BK011650,J000175,9528049256,2026-09-24,CONFIRMED,3,P034034,FRIENDS
BK011651,J000175,8355765316,2026-09-23,CONFIRMED,8,P034037,GROUP
BK011652,J000175,9564350834,2026-09-22,CONFIRMED,5,P034045,FRIENDS
BK011653,J000175,6423347998,2026-09-21,CONFIRMED,3,P034050,FAMILY
BK011654,J000175,3932422070,2026-09-20,CONFIRMED,4,P034053,FAMILY
BK011655,J000175,6634815107,2026-09-19,CONFIRMED,1,P034057,INDIVIDUAL
BK011656,J000175,2296893608,2026-09-18,CONFIRMED,8,P034058,FAMILY
BK011657,J000175,1610653764,2026-09-17,CONFIRMED,3,P034066,FAMILY
BK011658,J000175,5988503091,2026-09-16,CONFIRMED,4,P034069,FAMILY
BK011659,J000175,6112089763,2026-09-15,CONFIRMED,2,P034073,FRIENDS
BK011660,J000175,9349272910,2026-09-14,CONFIRMED,1,P034075,INDIVIDUAL
BK011661,J000175,6319673748,2026-09-13,CONFIRMED,2,P034076,GROUP
BK011662,J000175,9985925732,2026-09-12,CONFIRMED,1,P034078,INDIVIDUAL
BK011663,J000175,4384735798,2026-09-11,CONFIRMED,3,P034079,FAMILY
BK011664,J000175,4144705355,2026-09-10,CONFIRMED,1,P034082,INDIVIDUAL
BK011665,J000175,5329688389,2026-09-09,CONFIRMED,1,P034083,INDIVIDUAL
BK011666,J000175,2920197428,2026-10-16,CONFIRMED,4,P034084,CAREGIVER_COMPANION
BK011667,J000175,9090695822,2026-10-15,CONFIRMED,2,P034088,FRIENDS
BK011668,J000175,2486173397,2026-10-14,CONFIRMED,3,P034090,GROUP
BK011669,J000175,3618352298,2026-10-13,CONFIRMED,2,P034093,GROUP
BK011670,J000175,6737927184,2026-10-12,CONFIRMED,2,P034095,FAMILY
BK011671,J000176,8730952515,2026-10-14,CONFIRMED,1,P034097,INDIVIDUAL
BK011672,J000176,1881480560,2026-10-13,CONFIRMED,1,P034098,INDIVIDUAL
BK011673,J000176,6715425434,2026-10-12,CONFIRMED,1,P034099,INDIVIDUAL
BK011674,J000176,3780488772,2026-10-11,CONFIRMED,1,P034100,INDIVIDUAL
BK011675,J000176,8393262056,2026-10-10,CONFIRMED,4,P034101,GROUP
BK011676,J000176,4654296925,2026-10-09,CONFIRMED,4,P034105,FAMILY
BK011677,J000176,6307174011,2026-10-08,CONFIRMED,3,P034109,FAMILY
BK011678,J000176,9954058132,2026-10-07,CONFIRMED,2,P034112,FAMILY
BK011679,J000176,1913872145,2026-10-06,CONFIRMED,2,P034114,FRIENDS
BK011680,J000176,1306698808,2026-10-05,RAC,2,P034116,FRIENDS
BK011681,J000176,5831167696,2026-10-04,CONFIRMED,1,P034118,INDIVIDUAL
BK011682,J000176,1307312558,2026-10-03,WAITLISTED,2,P034119,FAMILY
BK011683,J000176,6311817948,2026-10-02,CONFIRMED,1,P034121,INDIVIDUAL
BK011684,J000176,3264749977,2026-10-01,CONFIRMED,1,P034122,INDIVIDUAL
BK011685,J000176,2632072612,2026-09-30,CONFIRMED,2,P034123,GROUP
BK011686,J000176,1389718237,2026-09-29,CONFIRMED,1,P034125,INDIVIDUAL
BK011687,J000176,2105618274,2026-09-28,CONFIRMED,4,P034126,GROUP
BK011688,J000176,9271297328,2026-09-27,CONFIRMED,2,P034130,FRIENDS
BK011689,J000176,3978798800,2026-09-26,CONFIRMED,2,P034132,GROUP
BK011690,J000176,7379079129,2026-09-25,CONFIRMED,5,P034134,GROUP
BK011691,J000176,1414946790,2026-09-24,CONFIRMED,1,P034139,INDIVIDUAL
BK011692,J000176,6066436506,2026-09-23,CONFIRMED,3,P034140,GROUP
BK011693,J000176,4002534482,2026-09-22,CONFIRMED,2,P034143,GROUP
BK011694,J000176,1879341714,2026-09-21,CONFIRMED,4,P034145,FAMILY
BK011695,J000176,8030706986,2026-09-20,CONFIRMED,5,P034149,FAMILY
BK011696,J000176,5530620033,2026-09-19,CONFIRMED,7,P034154,GROUP
BK011697,J000176,9257576180,2026-09-18,CONFIRMED,1,P034161,INDIVIDUAL
BK011698,J000176,3600481217,2026-09-17,CONFIRMED,4,P034162,FAMILY
BK011699,J000176,1480019623,2026-09-16,CONFIRMED,2,P034166,FRIENDS
BK011700,J000176,2269975111,2026-09-15,CANCELLED,2,P034168,FRIENDS
BK011701,J000176,3207279052,2026-09-14,CONFIRMED,5,P034170,FAMILY
BK011702,J000176,5610872922,2026-09-13,CONFIRMED,1,P034175,INDIVIDUAL
BK011703,J000176,1895826431,2026-09-12,CONFIRMED,4,P034176,GROUP
BK011704,J000176,7424297405,2026-10-19,CONFIRMED,3,P034180,GROUP
BK011705,J000176,9404561235,2026-10-18,CONFIRMED,2,P034183,GROUP
BK011706,J000176,9302231521,2026-10-17,CONFIRMED,1,P034185,INDIVIDUAL
BK011707,J000176,6123535655,2026-10-16,CONFIRMED,4,P034186,GROUP
BK011708,J000176,2234181639,2026-10-15,CONFIRMED,2,P034190,FRIENDS
BK011709,J000176,7900127734,2026-10-14,CONFIRMED,6,P034192,GROUP
BK011710,J000176,8369120822,2026-10-13,CONFIRMED,2,P034198,FAMILY
BK011711,J000176,3872729441,2026-10-12,CONFIRMED,1,P034200,INDIVIDUAL
BK011712,J000176,7612334936,2026-10-11,CONFIRMED,2,P034201,FRIENDS
BK011713,J000176,7824679579,2026-10-10,CONFIRMED,2,P034203,GROUP
BK011714,J000176,5779006701,2026-10-09,CONFIRMED,1,P034205,INDIVIDUAL
BK011715,J000176,5300151905,2026-10-08,WAITLISTED,4,P034206,GROUP
BK011716,J000176,9680378447,2026-10-07,CONFIRMED,4,P034210,FAMILY
BK011717,J000176,8194899136,2026-10-06,CONFIRMED,2,P034214,GROUP
BK011718,J000176,6144425630,2026-10-05,CONFIRMED,3,P034216,FRIENDS
BK011719,J000176,4241019141,2026-10-04,CONFIRMED,2,P034219,FRIENDS
BK011720,J000176,7656227386,2026-10-03,RAC,1,P034221,INDIVIDUAL
BK011721,J000176,5040707121,2026-10-02,CONFIRMED,4,P034222,FRIENDS
BK011722,J000176,2479451638,2026-10-01,CONFIRMED,4,P034226,FAMILY
BK011723,J000176,6340813062,2026-09-30,CONFIRMED,5,P034230,CAREGIVER_COMPANION
BK011724,J000176,3573551162,2026-09-29,CONFIRMED,2,P034235,FRIENDS
BK011725,J000176,8476857869,2026-09-28,CONFIRMED,4,P034237,FRIENDS
BK011726,J000176,5145016274,2026-09-27,CONFIRMED,2,P034241,FAMILY
BK011727,J000176,3553774802,2026-09-26,CONFIRMED,6,P034243,FRIENDS
BK011728,J000176,2446271276,2026-09-25,CONFIRMED,2,P034249,FRIENDS
BK011729,J000176,1248107420,2026-09-24,CONFIRMED,1,P034251,INDIVIDUAL
BK011730,J000176,1951730005,2026-09-23,CONFIRMED,6,P034252,FAMILY
BK011731,J000176,6610426922,2026-09-22,CONFIRMED,6,P034258,FRIENDS
BK011732,J000176,4358698588,2026-09-21,CONFIRMED,3,P034264,GROUP
BK011733,J000176,6678613787,2026-09-20,CONFIRMED,2,P034267,GROUP
BK011734,J000176,3284583593,2026-09-19,CONFIRMED,3,P034269,FRIENDS
BK011735,J000176,8559492520,2026-09-18,CONFIRMED,3,P034272,FAMILY
BK011736,J000176,3860149616,2026-09-17,CONFIRMED,1,P034275,INDIVIDUAL
BK011737,J000177,4327393639,2026-09-17,CONFIRMED,4,P034276,FRIENDS
BK011738,J000177,9352028795,2026-09-16,CONFIRMED,2,P034280,FAMILY
BK011739,J000177,7229849179,2026-09-15,CONFIRMED,1,P034282,INDIVIDUAL
BK011740,J000177,4883207796,2026-09-14,CONFIRMED,3,P034283,GROUP
BK011741,J000177,5291721112,2026-09-13,CONFIRMED,5,P034286,FAMILY
BK011742,J000177,7286586052,2026-10-20,CONFIRMED,2,P034291,FAMILY
BK011743,J000177,2016102016,2026-10-19,CONFIRMED,1,P034293,INDIVIDUAL
BK011744,J000177,5554761699,2026-10-18,CONFIRMED,3,P034294,GROUP
BK011745,J000177,3707396268,2026-10-17,CONFIRMED,3,P034297,FAMILY
BK011746,J000177,1369335342,2026-10-16,CONFIRMED,8,P034300,FAMILY
BK011747,J000177,1720046434,2026-10-15,CONFIRMED,4,P034308,GROUP
BK011748,J000177,6733096169,2026-10-14,WAITLISTED,1,P034312,INDIVIDUAL
BK011749,J000177,4532080518,2026-10-13,CONFIRMED,2,P034313,GROUP
BK011750,J000177,5608845470,2026-10-12,CONFIRMED,1,P034315,INDIVIDUAL
BK011751,J000177,1937106093,2026-10-11,CONFIRMED,4,P034316,GROUP
BK011752,J000177,1504447090,2026-10-10,CONFIRMED,3,P034320,GROUP
BK011753,J000177,7285489185,2026-10-09,CONFIRMED,1,P034323,INDIVIDUAL
BK011754,J000177,5659745669,2026-10-08,CONFIRMED,5,P034324,GROUP
BK011755,J000177,9816024506,2026-10-07,CONFIRMED,4,P034329,GROUP
BK011756,J000177,5094217953,2026-10-06,CONFIRMED,2,P034333,FRIENDS
BK011757,J000177,5736401221,2026-10-05,CONFIRMED,2,P034335,GROUP
BK011758,J000177,6059702908,2026-10-04,CONFIRMED,4,P034337,FAMILY
BK011759,J000177,1595546647,2026-10-03,CONFIRMED,2,P034341,FRIENDS
BK011760,J000177,8275167028,2026-10-02,RAC,1,P034343,INDIVIDUAL
BK011761,J000177,2879061578,2026-10-01,CONFIRMED,1,P034344,INDIVIDUAL
BK011762,J000177,4461867970,2026-09-30,CONFIRMED,2,P034345,FAMILY
BK011763,J000177,4753755938,2026-09-29,CONFIRMED,4,P034347,GROUP
BK011764,J000177,3236276614,2026-09-28,CONFIRMED,4,P034351,FAMILY
BK011765,J000177,4212170275,2026-09-27,CONFIRMED,2,P034355,GROUP
BK011766,J000177,2945736233,2026-09-26,CONFIRMED,3,P034357,FRIENDS
BK011767,J000177,7206649044,2026-09-25,CONFIRMED,4,P034360,GROUP
BK011768,J000177,7700972270,2026-09-24,CONFIRMED,3,P034364,GROUP
BK011769,J000177,6381021819,2026-09-23,CONFIRMED,2,P034367,GROUP
BK011770,J000177,1709171876,2026-09-22,CONFIRMED,2,P034369,FAMILY
BK011771,J000177,9275046293,2026-09-21,CONFIRMED,8,P034371,GROUP
BK011772,J000177,8715785133,2026-09-20,CONFIRMED,3,P034379,GROUP
BK011773,J000177,5137904281,2026-09-19,CONFIRMED,2,P034382,GROUP
BK011774,J000177,7213011022,2026-09-18,CONFIRMED,1,P034384,INDIVIDUAL
BK011775,J000177,1576867505,2026-09-17,CONFIRMED,1,P034385,INDIVIDUAL
BK011776,J000177,7578096649,2026-09-16,CONFIRMED,3,P034386,GROUP
BK011777,J000177,4380101015,2026-09-15,CONFIRMED,1,P034389,INDIVIDUAL
BK011778,J000177,9408285669,2026-09-14,CONFIRMED,2,P034390,FAMILY
BK011779,J000177,7532122016,2026-09-13,CONFIRMED,4,P034392,GROUP
BK011780,J000177,1585320684,2026-10-20,CONFIRMED,4,P034396,CAREGIVER_COMPANION
BK011781,J000177,5303900241,2026-10-19,WAITLISTED,2,P034400,GROUP
BK011782,J000177,2337708958,2026-10-18,CONFIRMED,4,P034402,FAMILY
BK011783,J000177,4990706831,2026-10-17,CONFIRMED,3,P034406,FAMILY
BK011784,J000177,4362375859,2026-10-16,CONFIRMED,1,P034409,INDIVIDUAL
BK011785,J000177,7979479380,2026-10-15,CONFIRMED,1,P034410,INDIVIDUAL
BK011786,J000177,8520955553,2026-10-14,CONFIRMED,1,P034411,INDIVIDUAL
BK011787,J000177,2110901532,2026-10-13,CONFIRMED,4,P034412,GROUP
BK011788,J000177,3333009386,2026-10-12,CONFIRMED,1,P034416,INDIVIDUAL
BK011789,J000177,3096213401,2026-10-11,CONFIRMED,1,P034417,INDIVIDUAL
BK011790,J000177,8343335413,2026-10-10,CONFIRMED,2,P034418,FAMILY
BK011791,J000177,4184401707,2026-10-09,CONFIRMED,4,P034420,GROUP
BK011792,J000177,4137939106,2026-10-08,CONFIRMED,6,P034424,FAMILY
BK011793,J000177,4900735810,2026-10-07,CONFIRMED,4,P034430,FRIENDS
BK011794,J000177,2191688778,2026-10-06,CONFIRMED,2,P034434,FAMILY
BK011795,J000177,7323123503,2026-10-05,CONFIRMED,4,P034436,GROUP
BK011796,J000177,1630349600,2026-10-04,CONFIRMED,2,P034440,FRIENDS
BK011797,J000177,2685556881,2026-10-03,CONFIRMED,5,P034442,FAMILY
BK011798,J000177,1916285822,2026-10-02,CONFIRMED,3,P034447,FRIENDS
BK011799,J000177,3169683743,2026-10-01,CONFIRMED,4,P034450,CAREGIVER_COMPANION
BK011800,J000177,6079077544,2026-09-30,CANCELLED,4,P034454,FAMILY
BK011801,J000177,6229635732,2026-09-29,CONFIRMED,2,P034458,GROUP
BK011802,J000177,8191745889,2026-09-28,CONFIRMED,3,P034460,FRIENDS
BK011803,J000178,5301051878,2026-09-30,CONFIRMED,1,P034463,INDIVIDUAL
BK011804,J000178,4774812434,2026-09-29,CONFIRMED,2,P034464,FRIENDS
BK011805,J000178,4607922616,2026-09-28,CONFIRMED,2,P034466,GROUP
BK011806,J000178,5172513458,2026-09-27,CONFIRMED,1,P034468,INDIVIDUAL
BK011807,J000178,7014224507,2026-09-26,CONFIRMED,4,P034469,GROUP
BK011808,J000178,5150478781,2026-09-25,CONFIRMED,3,P034473,GROUP
BK011809,J000178,4851154170,2026-09-24,CONFIRMED,1,P034476,INDIVIDUAL
BK011810,J000178,9591767299,2026-09-23,CONFIRMED,2,P034477,FAMILY
BK011811,J000178,7382727535,2026-09-22,CONFIRMED,6,P034479,FRIENDS
BK011812,J000178,5405006253,2026-09-21,CONFIRMED,4,P034485,FAMILY
BK011813,J000178,3815606924,2026-09-20,CONFIRMED,1,P034489,INDIVIDUAL
BK011814,J000178,4189689834,2026-09-19,WAITLISTED,3,P034490,FRIENDS
BK011815,J000178,4616562636,2026-09-18,CONFIRMED,2,P034493,FRIENDS
BK011816,J000178,7368130050,2026-09-17,CONFIRMED,4,P034495,FAMILY
BK011817,J000178,1252259135,2026-09-16,CONFIRMED,4,P034499,FRIENDS
BK011818,J000178,1463834949,2026-10-23,CONFIRMED,2,P034503,FAMILY
BK011819,J000178,1260974262,2026-10-22,CONFIRMED,2,P034505,FRIENDS
BK011820,J000178,4907603360,2026-10-21,CONFIRMED,5,P034507,FRIENDS
BK011821,J000178,8601293427,2026-10-20,CONFIRMED,6,P034512,GROUP
BK011822,J000178,9430156278,2026-10-19,CONFIRMED,1,P034518,INDIVIDUAL
BK011823,J000178,2186181708,2026-10-18,CONFIRMED,2,P034519,FRIENDS
BK011824,J000178,4254574645,2026-10-17,CONFIRMED,4,P034521,FAMILY
BK011825,J000178,2848758265,2026-10-16,CONFIRMED,3,P034525,FAMILY
BK011826,J000178,4018953222,2026-10-15,CONFIRMED,4,P034528,FAMILY
BK011827,J000178,7588081732,2026-10-14,CONFIRMED,1,P034532,INDIVIDUAL
BK011828,J000178,4561073763,2026-10-13,CONFIRMED,3,P034533,GROUP
BK011829,J000178,7866804650,2026-10-12,CONFIRMED,7,P034536,FAMILY
BK011830,J000178,2436780570,2026-10-11,CONFIRMED,2,P034543,FAMILY
BK011831,J000178,1811104344,2026-10-10,CONFIRMED,4,P034545,GROUP
BK011832,J000178,1091989788,2026-10-09,CONFIRMED,5,P034549,FRIENDS
BK011833,J000178,8359065941,2026-10-08,CONFIRMED,1,P034554,INDIVIDUAL
BK011834,J000178,2033908307,2026-10-07,CONFIRMED,6,P034555,FAMILY
BK011835,J000178,7273452515,2026-10-06,CONFIRMED,5,P034561,FAMILY
BK011836,J000178,2676303887,2026-10-05,CONFIRMED,3,P034566,GROUP
BK011837,J000178,6440065735,2026-10-04,CONFIRMED,5,P034569,CAREGIVER_COMPANION
BK011838,J000178,1381358080,2026-10-03,CONFIRMED,1,P034574,INDIVIDUAL
BK011839,J000178,1393007292,2026-10-02,CONFIRMED,4,P034575,GROUP
BK011840,J000178,1143917511,2026-10-01,RAC,3,P034579,GROUP
BK011841,J000178,6819342705,2026-09-30,CONFIRMED,8,P034582,FRIENDS
BK011842,J000178,6380045288,2026-09-29,CONFIRMED,3,P034590,FRIENDS
BK011843,J000178,1994568502,2026-09-28,CONFIRMED,1,P034593,INDIVIDUAL
BK011844,J000178,7987163494,2026-09-27,CONFIRMED,1,P034594,INDIVIDUAL
BK011845,J000178,6328710929,2026-09-26,CONFIRMED,1,P034595,INDIVIDUAL
BK011846,J000178,5861769309,2026-09-25,CONFIRMED,1,P034596,INDIVIDUAL
BK011847,J000178,3717917293,2026-09-24,WAITLISTED,7,P034597,FAMILY
BK011848,J000178,9860823189,2026-09-23,CONFIRMED,1,P034604,INDIVIDUAL
BK011849,J000178,1146391366,2026-09-22,CONFIRMED,1,P034605,INDIVIDUAL
BK011850,J000178,5036098212,2026-09-21,CONFIRMED,2,P034606,FAMILY
BK011851,J000178,5271551939,2026-09-20,CONFIRMED,1,P034608,INDIVIDUAL
BK011852,J000178,6215581291,2026-09-19,CONFIRMED,4,P034609,FAMILY
BK011853,J000178,8404747461,2026-09-18,CONFIRMED,4,P034613,FRIENDS
BK011854,J000178,8723345392,2026-09-17,CONFIRMED,4,P034617,FAMILY
BK011855,J000178,8256825048,2026-09-16,CONFIRMED,2,P034621,FRIENDS
BK011856,J000178,1137388745,2026-10-23,CONFIRMED,2,P034623,FRIENDS
BK011857,J000178,3771855435,2026-10-22,CONFIRMED,1,P034625,INDIVIDUAL
BK011858,J000178,7360870890,2026-10-21,CONFIRMED,8,P034626,FAMILY
BK011859,J000178,3827212117,2026-10-20,CONFIRMED,4,P034634,GROUP
BK011860,J000178,9726776041,2026-10-19,CONFIRMED,2,P034638,FRIENDS
BK011861,J000178,2836754586,2026-10-18,CONFIRMED,1,P034640,INDIVIDUAL
BK011862,J000178,5673989360,2026-10-17,CONFIRMED,2,P034641,FAMILY
BK011863,J000178,9784775544,2026-10-16,CONFIRMED,1,P034643,INDIVIDUAL
BK011864,J000178,1314729084,2026-10-15,CONFIRMED,1,P034644,INDIVIDUAL
BK011865,J000178,6401618667,2026-10-14,CONFIRMED,8,P034645,FRIENDS
BK011866,J000178,1104176223,2026-10-13,CONFIRMED,3,P034653,FRIENDS
BK011867,J000178,8462636878,2026-10-12,CONFIRMED,1,P034656,INDIVIDUAL
BK011868,J000178,6687058508,2026-10-11,CONFIRMED,7,P034657,GROUP
BK011869,J000179,9828551201,2026-10-13,CONFIRMED,1,P034664,INDIVIDUAL
BK011870,J000179,1022242846,2026-10-12,CONFIRMED,1,P034665,INDIVIDUAL
BK011871,J000179,5478266493,2026-10-11,CONFIRMED,4,P034666,GROUP
BK011872,J000179,5992184099,2026-10-10,CONFIRMED,5,P034670,FRIENDS
BK011873,J000179,3759669548,2026-10-09,CONFIRMED,2,P034675,GROUP
BK011874,J000179,6594179876,2026-10-08,CONFIRMED,7,P034677,FRIENDS
BK011875,J000179,5630579303,2026-10-07,CONFIRMED,4,P034684,CAREGIVER_COMPANION
BK011876,J000179,9822070288,2026-10-06,CONFIRMED,6,P034688,FAMILY
BK011877,J000179,6567498948,2026-10-05,CONFIRMED,1,P034694,INDIVIDUAL
BK011878,J000179,2554970699,2026-10-04,CONFIRMED,3,P034695,FRIENDS
BK011879,J000179,2956928778,2026-10-03,CONFIRMED,2,P034698,FRIENDS
BK011880,J000179,4194825448,2026-10-02,RAC,2,P034700,FRIENDS
BK011881,J000179,2853793427,2026-10-01,CONFIRMED,3,P034702,FAMILY
BK011882,J000179,5762589072,2026-09-30,CONFIRMED,8,P034705,FAMILY
BK011883,J000179,7410954499,2026-09-29,CONFIRMED,1,P034713,INDIVIDUAL
BK011884,J000179,3212981940,2026-09-28,CONFIRMED,3,P034714,GROUP
BK011885,J000179,5629238405,2026-09-27,CONFIRMED,3,P034717,FAMILY
BK011886,J000179,7944200142,2026-09-26,CONFIRMED,4,P034720,FAMILY
BK011887,J000179,5601016923,2026-09-25,CONFIRMED,2,P034724,FRIENDS
BK011888,J000179,6612224757,2026-09-24,CONFIRMED,4,P034726,FAMILY
BK011889,J000179,3402767842,2026-09-23,CONFIRMED,6,P034730,GROUP
BK011890,J000179,2097644633,2026-09-22,CONFIRMED,2,P034736,FAMILY
BK011891,J000179,7178857018,2026-09-21,CONFIRMED,8,P034738,GROUP
BK011892,J000179,2165223761,2026-09-20,CONFIRMED,1,P034746,INDIVIDUAL
BK011893,J000179,3494428210,2026-09-19,CONFIRMED,8,P034747,FRIENDS
BK011894,J000179,5826627021,2026-10-26,CONFIRMED,2,P034755,FAMILY
BK011895,J000179,6717845843,2026-10-25,CONFIRMED,3,P034757,FAMILY
BK011896,J000179,5162764435,2026-10-24,CONFIRMED,2,P034760,FRIENDS
BK011897,J000179,6250164030,2026-10-23,CONFIRMED,1,P034762,INDIVIDUAL
BK011898,J000179,9635380300,2026-10-22,CONFIRMED,1,P034763,INDIVIDUAL
BK011899,J000179,2853138137,2026-10-21,CONFIRMED,1,P034764,INDIVIDUAL
BK011900,J000179,8686972391,2026-10-20,CANCELLED,6,P034765,FAMILY
BK011901,J000179,5474288611,2026-10-19,CONFIRMED,1,P034771,INDIVIDUAL
BK011902,J000179,5702337400,2026-10-18,CONFIRMED,2,P034772,FAMILY
BK011903,J000179,6782997586,2026-10-17,CONFIRMED,4,P034774,GROUP
BK011904,J000179,4913956559,2026-10-16,CONFIRMED,6,P034778,FAMILY
BK011905,J000179,3058518663,2026-10-15,CONFIRMED,1,P034784,INDIVIDUAL
BK011906,J000179,4972309013,2026-10-14,CONFIRMED,3,P034785,FRIENDS
BK011907,J000179,2811828740,2026-10-13,CONFIRMED,7,P034788,FAMILY
BK011908,J000179,9644866926,2026-10-12,CONFIRMED,8,P034795,FAMILY
BK011909,J000179,2295439498,2026-10-11,CONFIRMED,1,P034803,INDIVIDUAL
BK011910,J000179,3998003801,2026-10-10,CONFIRMED,1,P034804,INDIVIDUAL
BK011911,J000179,4829641769,2026-10-09,CONFIRMED,1,P034805,INDIVIDUAL
BK011912,J000179,6339613193,2026-10-08,CONFIRMED,1,P034806,INDIVIDUAL
BK011913,J000179,8888278816,2026-10-07,WAITLISTED,1,P034807,INDIVIDUAL
BK011914,J000179,9271534176,2026-10-06,CONFIRMED,3,P034808,FRIENDS
BK011915,J000179,9070378384,2026-10-05,CONFIRMED,1,P034811,INDIVIDUAL
BK011916,J000179,3050558487,2026-10-04,CONFIRMED,1,P034812,INDIVIDUAL
BK011917,J000179,5584630184,2026-10-03,CONFIRMED,1,P034813,INDIVIDUAL
BK011918,J000179,2144778345,2026-10-02,CONFIRMED,4,P034814,FAMILY
BK011919,J000179,9020746661,2026-10-01,CONFIRMED,2,P034818,FRIENDS
BK011920,J000179,9695933007,2026-09-30,RAC,2,P034820,FRIENDS
BK011921,J000179,4577182473,2026-09-29,CONFIRMED,6,P034822,GROUP
BK011922,J000179,1550230632,2026-09-28,CONFIRMED,2,P034828,FAMILY
BK011923,J000179,6267766915,2026-09-27,CONFIRMED,3,P034830,FAMILY
BK011924,J000179,5220114085,2026-09-26,CONFIRMED,3,P034833,GROUP
BK011925,J000179,7040555458,2026-09-25,CONFIRMED,2,P034836,GROUP
BK011926,J000179,4339054663,2026-09-24,CONFIRMED,1,P034838,INDIVIDUAL
BK011927,J000179,2361531299,2026-09-23,CONFIRMED,4,P034839,GROUP
BK011928,J000179,2505158678,2026-09-22,CONFIRMED,4,P034843,FAMILY
BK011929,J000179,7546093168,2026-09-21,CONFIRMED,8,P034847,FRIENDS
BK011930,J000179,2449739651,2026-09-20,CONFIRMED,4,P034855,FAMILY
BK011931,J000179,5874259450,2026-09-19,CONFIRMED,2,P034859,FRIENDS
BK011932,J000179,2112376369,2026-10-26,CONFIRMED,2,P034861,FRIENDS
BK011933,J000179,9067899474,2026-10-25,CONFIRMED,8,P034863,FRIENDS
BK011934,J000179,6142622557,2026-10-24,CONFIRMED,5,P034871,GROUP
BK011935,J000180,4574050325,2026-10-24,CONFIRMED,4,P034876,GROUP
BK011936,J000180,9076574290,2026-10-23,CONFIRMED,1,P034880,INDIVIDUAL
BK011937,J000180,4695033794,2026-10-22,CONFIRMED,2,P034881,GROUP
BK011938,J000180,3775391500,2026-10-21,CONFIRMED,3,P034883,FRIENDS
BK011939,J000180,5848973043,2026-10-20,CONFIRMED,2,P034886,FRIENDS
BK011940,J000180,3239590977,2026-10-19,CONFIRMED,5,P034888,FRIENDS
BK011941,J000180,2775592574,2026-10-18,CONFIRMED,2,P034893,GROUP
BK011942,J000180,3225024612,2026-10-17,CONFIRMED,5,P034895,GROUP
BK011943,J000180,7444379178,2026-10-16,CONFIRMED,1,P034900,INDIVIDUAL
BK011944,J000180,9518283256,2026-10-15,CONFIRMED,7,P034901,GROUP
BK011945,J000180,2947812816,2026-10-14,CONFIRMED,2,P034908,GROUP
BK011946,J000180,8785857996,2026-10-13,WAITLISTED,8,P034910,FAMILY
BK011947,J000180,7238344762,2026-10-12,CONFIRMED,2,P034918,FRIENDS
BK011948,J000180,3478875042,2026-10-11,CONFIRMED,5,P034920,FRIENDS
BK011949,J000180,5945581172,2026-10-10,CONFIRMED,4,P034925,FRIENDS
BK011950,J000180,4530524144,2026-10-09,CONFIRMED,2,P034929,FAMILY
BK011951,J000180,2848920697,2026-10-08,CONFIRMED,1,P034931,INDIVIDUAL
BK011952,J000180,6773982613,2026-10-07,CONFIRMED,2,P034932,FRIENDS
BK011953,J000180,7391464687,2026-10-06,CONFIRMED,5,P034934,FAMILY
BK011954,J000180,9747158027,2026-10-05,CONFIRMED,7,P034939,FRIENDS
BK011955,J000180,5693515129,2026-10-04,CONFIRMED,4,P034946,GROUP
BK011956,J000180,8325161940,2026-10-03,CONFIRMED,5,P034950,FRIENDS
BK011957,J000180,3370188786,2026-10-02,CONFIRMED,3,P034955,FAMILY
BK011958,J000180,7772233542,2026-10-01,CONFIRMED,1,P034958,INDIVIDUAL
BK011959,J000180,3378680047,2026-09-30,CONFIRMED,2,P034959,FRIENDS
BK011960,J000180,8725296616,2026-09-29,RAC,2,P034961,FRIENDS
BK011961,J000180,8729807891,2026-09-28,CONFIRMED,8,P034963,FRIENDS
BK011962,J000180,3237640603,2026-09-27,CONFIRMED,2,P034971,FAMILY
BK011963,J000180,3899327634,2026-09-26,CONFIRMED,2,P034973,FRIENDS
BK011964,J000180,7763233327,2026-09-25,CONFIRMED,1,P034975,INDIVIDUAL
BK011965,J000180,4515076902,2026-09-24,CONFIRMED,5,P034976,FAMILY
BK011966,J000180,6371253125,2026-09-23,CONFIRMED,2,P034981,FAMILY
BK011967,J000180,5299552392,2026-09-22,CONFIRMED,5,P034983,FAMILY
BK011968,J000180,1021920277,2026-09-21,CONFIRMED,4,P034988,FAMILY
BK011969,J000180,5281739501,2026-09-20,CONFIRMED,2,P034992,GROUP
BK011970,J000180,9979659315,2026-10-27,CONFIRMED,4,P034994,CAREGIVER_COMPANION
BK011971,J000180,6657342714,2026-10-26,CONFIRMED,1,P034998,INDIVIDUAL
BK011972,J000180,4584260355,2026-10-25,CONFIRMED,2,P034999,FRIENDS
BK011973,J000180,3324739124,2026-10-24,CONFIRMED,1,P035001,INDIVIDUAL
BK011974,J000180,8211684950,2026-10-23,CONFIRMED,3,P035002,FRIENDS
BK011975,J000180,3678344803,2026-10-22,CONFIRMED,8,P035005,GROUP
BK011976,J000180,1455911192,2026-10-21,CONFIRMED,4,P035013,FAMILY
BK011977,J000180,3273773328,2026-10-20,CONFIRMED,2,P035017,GROUP
BK011978,J000180,2490452383,2026-10-19,CONFIRMED,4,P035019,FAMILY
BK011979,J000180,8144958305,2026-10-18,WAITLISTED,4,P035023,GROUP
BK011980,J000180,5391816839,2026-10-17,CONFIRMED,4,P035027,FAMILY
BK011981,J000180,5084337863,2026-10-16,CONFIRMED,3,P035031,FAMILY
BK011982,J000180,5258667161,2026-10-15,CONFIRMED,4,P035034,FAMILY
BK011983,J000180,4800225987,2026-10-14,CONFIRMED,4,P035038,GROUP
BK011984,J000180,3208477951,2026-10-13,CONFIRMED,4,P035042,FAMILY
BK011985,J000180,3996241055,2026-10-12,CONFIRMED,1,P035046,INDIVIDUAL
BK011986,J000180,6896810138,2026-10-11,CONFIRMED,8,P035047,FAMILY
BK011987,J000180,7914122400,2026-10-10,CONFIRMED,2,P035055,FRIENDS
BK011988,J000180,8710766149,2026-10-09,CONFIRMED,2,P035057,FRIENDS
BK011989,J000180,4755895803,2026-10-08,CONFIRMED,2,P035059,GROUP
BK011990,J000180,8389010630,2026-10-07,CONFIRMED,1,P035061,INDIVIDUAL
BK011991,J000180,3709043659,2026-10-06,CONFIRMED,6,P035062,FRIENDS
BK011992,J000180,9937279690,2026-10-05,CONFIRMED,7,P035068,GROUP
BK011993,J000180,2153943933,2026-10-04,CONFIRMED,1,P035075,INDIVIDUAL
BK011994,J000180,7314043572,2026-10-03,CONFIRMED,4,P035076,FAMILY
BK011995,J000180,1019995315,2026-10-02,CONFIRMED,6,P035080,FRIENDS
BK011996,J000180,7629578232,2026-10-01,CONFIRMED,1,P035086,INDIVIDUAL
BK011997,J000180,8250923479,2026-09-30,CONFIRMED,2,P035087,GROUP
BK011998,J000180,3881507743,2026-09-29,CONFIRMED,8,P035089,FAMILY
BK011999,J000180,5218075077,2026-09-28,CONFIRMED,2,P035097,FRIENDS
BK012000,J000180,5828479693,2026-09-27,CANCELLED,2,P035099,FRIENDS
