group_id,booking_id,journey_id,group_name,group_size,group_type,travelling_together,priority_level
GR000001,BK000001,J000001,Friends Demo Group 00001,4,FRIENDS,True,NORMAL
GR000002,BK000002,J000001,Family Demo Group 00002,2,FAMILY,True,NORMAL
GR000003,BK000003,J000001,Couple Demo Group 00003,3,COUPLE,True,NORMAL
GR000004,BK000004,J000001,Friends Demo Group 00004,5,FRIENDS,True,NORMAL
GR000005,BK000005,J000001,Couple Demo Group 00005,5,COUPLE,True,NORMAL
GR000006,BK000006,J000001,Group Demo Group 00006,1,GROUP,True,NORMAL
GR000007,BK000007,J000001,Friends Demo Group 00007,2,FRIENDS,True,NORMAL
GR000008,BK000008,J000001,Family Demo Group 00008,4,FAMILY,True,NORMAL
GR000009,BK000009,J000001,Group Demo Group 00009,1,GROUP,True,NORMAL
GR000010,BK000010,J000001,Group Demo Group 00010,1,GROUP,True,NORMAL
GR000011,BK000011,J000001,Group Demo Group 00011,4,GROUP,True,NORMAL
GR000012,BK000012,J000001,Couple Demo Group 00012,6,COUPLE,True,HIGH
GR000013,BK000013,J000001,Friends Demo Group 00013,4,FRIENDS,True,NORMAL
GR000014,BK000014,J000001,Group Demo Group 00014,1,GROUP,True,NORMAL
GR000015,BK000015,J000001,Friends Demo Group 00015,2,FRIENDS,True,NORMAL
GR000016,BK000016,J000001,Group Demo Group 00016,3,GROUP,True,NORMAL
GR000017,BK000017,J000001,Group Demo Group 00017,6,GROUP,True,HIGH
GR000018,BK000018,J000001,Family Demo Group 00018,2,FAMILY,True,NORMAL
GR000019,BK000019,J000001,Couple Demo Group 00019,3,COUPLE,True,NORMAL
GR000020,BK000020,J000001,Family Demo Group 00020,4,FAMILY,True,NORMAL
GR000021,BK000021,J000001,Friends Demo Group 00021,4,FRIENDS,True,NORMAL
GR000022,BK000022,J000001,Group Demo Group 00022,1,GROUP,True,NORMAL
GR000023,BK000023,J000001,Couple Demo Group 00023,3,COUPLE,True,NORMAL
GR000024,BK000024,J000001,Family Demo Group 00024,4,FAMILY,True,NORMAL
GR000025,BK000025,J000001,Group Demo Group 00025,1,GROUP,True,NORMAL
GR000026,BK000026,J000001,Friends Demo Group 00026,3,FRIENDS,True,NORMAL
GR000027,BK000027,J000001,Couple Demo Group 00027,7,COUPLE,True,HIGH
GR000028,BK000028,J000001,Group Demo Group 00028,1,GROUP,True,NORMAL
GR000029,BK000029,J000001,Friends Demo Group 00029,4,FRIENDS,True,NORMAL
GR000030,BK000030,J000001,Couple Demo Group 00030,8,COUPLE,True,HIGH
GR000031,BK000031,J000001,Group Demo Group 00031,4,GROUP,True,NORMAL
GR000032,BK000032,J000001,Couple Demo Group 00032,2,COUPLE,True,NORMAL
GR000033,BK000033,J000001,Group Demo Group 00033,2,GROUP,True,NORMAL
GR000034,BK000034,J000001,Couple Demo Group 00034,4,COUPLE,True,NORMAL
GR000035,BK000035,J000001,Group Demo Group 00035,4,GROUP,True,NORMAL
GR000036,BK000036,J000001,Couple Demo Group 00036,2,COUPLE,True,NORMAL
GR000037,BK000037,J000001,Friends Demo Group 00037,4,FRIENDS,True,NORMAL
GR000038,BK000038,J000001,Caregiver Demo Group 00038,8,CAREGIVER,True,HIGH
GR000039,BK000039,J000001,Group Demo Group 00039,1,GROUP,True,NORMAL
GR000040,BK000040,J000001,Group Demo Group 00040,1,GROUP,True,NORMAL
GR000041,BK000041,J000001,Friends Demo Group 00041,4,FRIENDS,True,NORMAL
GR000042,BK000042,J000001,Couple Demo Group 00042,4,COUPLE,True,NORMAL
GR000043,BK000043,J000001,Friends Demo Group 00043,2,FRIENDS,True,NORMAL
GR000044,BK000044,J000001,Group Demo Group 00044,1,GROUP,True,NORMAL
GR000045,BK000045,J000001,Group Demo Group 00045,2,GROUP,True,NORMAL
GR000046,BK000046,J000001,Group Demo Group 00046,1,GROUP,True,NORMAL
GR000047,BK000047,J000001,Friends Demo Group 00047,6,FRIENDS,True,HIGH
GR000048,BK000048,J000001,Family Demo Group 00048,8,FAMILY,True,HIGH
GR000049,BK000049,J000001,Group Demo Group 00049,2,GROUP,True,NORMAL
GR000050,BK000050,J000001,Couple Demo Group 00050,4,COUPLE,True,NORMAL
GR000051,BK000051,J000001,Group Demo Group 00051,8,GROUP,True,HIGH
GR000052,BK000052,J000001,Couple Demo Group 00052,2,COUPLE,True,NORMAL
GR000053,BK000053,J000001,Group Demo Group 00053,2,GROUP,True,NORMAL
GR000054,BK000054,J000001,Group Demo Group 00054,1,GROUP,True,NORMAL
GR000055,BK000055,J000001,Group Demo Group 00055,1,GROUP,True,NORMAL
GR000056,BK000056,J000001,Friends Demo Group 00056,5,FRIENDS,True,NORMAL
GR000057,BK000057,J000001,Caregiver Demo Group 00057,5,CAREGIVER,True,HIGH
GR000058,BK000058,J000001,Couple Demo Group 00058,4,COUPLE,True,NORMAL
GR000059,BK000059,J000001,Group Demo Group 00059,4,GROUP,True,NORMAL
GR000060,BK000060,J000001,Group Demo Group 00060,1,GROUP,True,NORMAL
GR000061,BK000061,J000001,Group Demo Group 00061,2,GROUP,True,NORMAL
GR000062,BK000062,J000001,Family Demo Group 00062,2,FAMILY,True,NORMAL
GR000063,BK000063,J000001,Group Demo Group 00063,1,GROUP,True,NORMAL
GR000064,BK000064,J000001,Family Demo Group 00064,4,FAMILY,True,NORMAL
GR000065,BK000065,J000001,Group Demo Group 00065,2,GROUP,True,NORMAL
GR000066,BK000066,J000001,Couple Demo Group 00066,4,COUPLE,True,NORMAL
GR000067,BK000067,J000001,Family Demo Group 00067,5,FAMILY,True,NORMAL
GR000068,BK000068,J000002,Group Demo Group 00068,1,GROUP,True,NORMAL
GR000069,BK000069,J000002,Group Demo Group 00069,2,GROUP,True,NORMAL
GR000070,BK000070,J000002,Couple Demo Group 00070,4,COUPLE,True,NORMAL
GR000071,BK000071,J000002,Group Demo Group 00071,1,GROUP,True,NORMAL
GR000072,BK000072,J000002,Group Demo Group 00072,1,GROUP,True,NORMAL
GR000073,BK000073,J000002,Group Demo Group 00073,2,GROUP,True,NORMAL
GR000074,BK000074,J000002,Family Demo Group 00074,2,FAMILY,True,NORMAL
GR000075,BK000075,J000002,Group Demo Group 00075,1,GROUP,True,NORMAL
GR000076,BK000076,J000002,Couple Demo Group 00076,2,COUPLE,True,NORMAL
GR000077,BK000077,J000002,Family Demo Group 00077,3,FAMILY,True,NORMAL
GR000078,BK000078,J000002,Family Demo Group 00078,2,FAMILY,True,NORMAL
GR000079,BK000079,J000002,Family Demo Group 00079,5,FAMILY,True,NORMAL
GR000080,BK000080,J000002,Couple Demo Group 00080,2,COUPLE,True,NORMAL
GR000081,BK000081,J000002,Group Demo Group 00081,2,GROUP,True,NORMAL
GR000082,BK000082,J000002,Group Demo Group 00082,1,GROUP,True,NORMAL
GR000083,BK000083,J000002,Group Demo Group 00083,1,GROUP,True,NORMAL
GR000084,BK000084,J000002,Couple Demo Group 00084,6,COUPLE,True,HIGH
GR000085,BK000085,J000002,Group Demo Group 00085,1,GROUP,True,NORMAL
GR000086,BK000086,J000002,Family Demo Group 00086,2,FAMILY,True,NORMAL
GR000087,BK000087,J000002,Group Demo Group 00087,4,GROUP,True,NORMAL
GR000088,BK000088,J000002,Couple Demo Group 00088,6,COUPLE,True,HIGH
GR000089,BK000089,J000002,Group Demo Group 00089,2,GROUP,True,NORMAL
GR000090,BK000090,J000002,Friends Demo Group 00090,3,FRIENDS,True,NORMAL
GR000091,BK000091,J000002,Group Demo Group 00091,1,GROUP,True,NORMAL
GR000092,BK000092,J000002,Couple Demo Group 00092,2,COUPLE,True,NORMAL
GR000093,BK000093,J000002,Group Demo Group 00093,2,GROUP,True,NORMAL
GR000094,BK000094,J000002,Family Demo Group 00094,2,FAMILY,True,NORMAL
GR000095,BK000095,J000002,Caregiver Demo Group 00095,4,CAREGIVER,True,HIGH
GR000096,BK000096,J000002,Group Demo Group 00096,1,GROUP,True,NORMAL
GR000097,BK000097,J000002,Family Demo Group 00097,3,FAMILY,True,NORMAL
GR000098,BK000098,J000002,Couple Demo Group 00098,4,COUPLE,True,NORMAL
GR000099,BK000099,J000002,Group Demo Group 00099,4,GROUP,True,NORMAL
GR000100,BK000100,J000002,Friends Demo Group 00100,5,FRIENDS,True,NORMAL
GR000101,BK000101,J000002,Family Demo Group 00101,3,FAMILY,True,NORMAL
GR000102,BK000102,J000002,Group Demo Group 00102,5,GROUP,True,NORMAL
GR000103,BK000103,J000002,Friends Demo Group 00103,2,FRIENDS,True,NORMAL
GR000104,BK000104,J000002,Group Demo Group 00104,1,GROUP,True,NORMAL
GR000105,BK000105,J000002,Group Demo Group 00105,1,GROUP,True,NORMAL
GR000106,BK000106,J000002,Couple Demo Group 00106,4,COUPLE,True,NORMAL
GR000107,BK000107,J000002,Friends Demo Group 00107,2,FRIENDS,True,NORMAL
GR000108,BK000108,J000002,Family Demo Group 00108,4,FAMILY,True,NORMAL
GR000109,BK000109,J000002,Friends Demo Group 00109,4,FRIENDS,True,NORMAL
GR000110,BK000110,J000002,Couple Demo Group 00110,4,COUPLE,True,NORMAL
GR000111,BK000111,J000002,Friends Demo Group 00111,2,FRIENDS,True,NORMAL
GR000112,BK000112,J000002,Couple Demo Group 00112,2,COUPLE,True,NORMAL
GR000113,BK000113,J000002,Friends Demo Group 00113,4,FRIENDS,True,NORMAL
GR000114,BK000114,J000002,Group Demo Group 00114,1,GROUP,True,NORMAL
GR000115,BK000115,J000002,Group Demo Group 00115,1,GROUP,True,NORMAL
GR000116,BK000116,J000002,Family Demo Group 00116,4,FAMILY,True,NORMAL
GR000117,BK000117,J000002,Group Demo Group 00117,1,GROUP,True,NORMAL
GR000118,BK000118,J000002,Family Demo Group 00118,2,FAMILY,True,NORMAL
GR000119,BK000119,J000002,Friends Demo Group 00119,6,FRIENDS,True,HIGH
GR000120,BK000120,J000002,Group Demo Group 00120,3,GROUP,True,NORMAL
GR000121,BK000121,J000002,Family Demo Group 00121,3,FAMILY,True,NORMAL
GR000122,BK000122,J000002,Family Demo Group 00122,2,FAMILY,True,NORMAL
GR000123,BK000123,J000002,Friends Demo Group 00123,6,FRIENDS,True,HIGH
GR000124,BK000124,J000002,Group Demo Group 00124,3,GROUP,True,NORMAL
GR000125,BK000125,J000002,Friends Demo Group 00125,4,FRIENDS,True,NORMAL
GR000126,BK000126,J000002,Couple Demo Group 00126,4,COUPLE,True,NORMAL
GR000127,BK000127,J000002,Friends Demo Group 00127,2,FRIENDS,True,NORMAL
GR000128,BK000128,J000002,Couple Demo Group 00128,2,COUPLE,True,NORMAL
GR000129,BK000129,J000002,Group Demo Group 00129,6,GROUP,True,HIGH
GR000130,BK000130,J000002,Friends Demo Group 00130,3,FRIENDS,True,NORMAL
GR000131,BK000131,J000002,Friends Demo Group 00131,2,FRIENDS,True,NORMAL
GR000132,BK000132,J000002,Group Demo Group 00132,1,GROUP,True,NORMAL
GR000133,BK000133,J000002,Caregiver Demo Group 00133,8,CAREGIVER,True,HIGH
GR000134,BK000134,J000002,Couple Demo Group 00134,4,COUPLE,True,NORMAL
GR000135,BK000135,J000003,Group Demo Group 00135,4,GROUP,True,NORMAL
GR000136,BK000136,J000003,Couple Demo Group 00136,2,COUPLE,True,NORMAL
GR000137,BK000137,J000003,Group Demo Group 00137,2,GROUP,True,NORMAL
GR000138,BK000138,J000003,Family Demo Group 00138,2,FAMILY,True,NORMAL
GR000139,BK000139,J000003,Group Demo Group 00139,1,GROUP,True,NORMAL
GR000140,BK000140,J000003,Family Demo Group 00140,4,FAMILY,True,NORMAL
GR000141,BK000141,J000003,Group Demo Group 00141,1,GROUP,True,NORMAL
GR000142,BK000142,J000003,Family Demo Group 00142,2,FAMILY,True,NORMAL
GR000143,BK000143,J000003,Friends Demo Group 00143,2,FRIENDS,True,NORMAL
GR000144,BK000144,J000003,Group Demo Group 00144,1,GROUP,True,NORMAL
GR000145,BK000145,J000003,Group Demo Group 00145,1,GROUP,True,NORMAL
GR000146,BK000146,J000003,Couple Demo Group 00146,4,COUPLE,True,NORMAL
GR000147,BK000147,J000003,Group Demo Group 00147,1,GROUP,True,NORMAL
GR000148,BK000148,J000003,Family Demo Group 00148,4,FAMILY,True,NORMAL
GR000149,BK000149,J000003,Group Demo Group 00149,2,GROUP,True,NORMAL
GR000150,BK000150,J000003,Family Demo Group 00150,6,FAMILY,True,HIGH
GR000151,BK000151,J000003,Friends Demo Group 00151,6,FRIENDS,True,HIGH
GR000152,BK000152,J000003,Caregiver Demo Group 00152,6,CAREGIVER,True,HIGH
GR000153,BK000153,J000003,Group Demo Group 00153,1,GROUP,True,NORMAL
GR000154,BK000154,J000003,Family Demo Group 00154,6,FAMILY,True,HIGH
GR000155,BK000155,J000003,Friends Demo Group 00155,2,FRIENDS,True,NORMAL
GR000156,BK000156,J000003,Family Demo Group 00156,4,FAMILY,True,NORMAL
GR000157,BK000157,J000003,Friends Demo Group 00157,8,FRIENDS,True,HIGH
GR000158,BK000158,J000003,Friends Demo Group 00158,3,FRIENDS,True,NORMAL
GR000159,BK000159,J000003,Friends Demo Group 00159,2,FRIENDS,True,NORMAL
GR000160,BK000160,J000003,Family Demo Group 00160,4,FAMILY,True,NORMAL
GR000161,BK000161,J000003,Couple Demo Group 00161,5,COUPLE,True,NORMAL
GR000162,BK000162,J000003,Couple Demo Group 00162,8,COUPLE,True,HIGH
GR000163,BK000163,J000003,Couple Demo Group 00163,3,COUPLE,True,NORMAL
GR000164,BK000164,J000003,Family Demo Group 00164,4,FAMILY,True,NORMAL
GR000165,BK000165,J000003,Group Demo Group 00165,2,GROUP,True,NORMAL
GR000166,BK000166,J000003,Family Demo Group 00166,2,FAMILY,True,NORMAL
GR000167,BK000167,J000003,Friends Demo Group 00167,2,FRIENDS,True,NORMAL
GR000168,BK000168,J000003,Family Demo Group 00168,4,FAMILY,True,NORMAL
GR000169,BK000169,J000003,Family Demo Group 00169,3,FAMILY,True,NORMAL
GR000170,BK000170,J000003,Group Demo Group 00170,1,GROUP,True,NORMAL
GR000171,BK000171,J000003,Friends Demo Group 00171,2,FRIENDS,True,NORMAL
GR000172,BK000172,J000003,Group Demo Group 00172,3,GROUP,True,NORMAL
GR000173,BK000173,J000003,Group Demo Group 00173,2,GROUP,True,NORMAL
GR000174,BK000174,J000003,Couple Demo Group 00174,8,COUPLE,True,HIGH
GR000175,BK000175,J000003,Family Demo Group 00175,5,FAMILY,True,NORMAL
GR000176,BK000176,J000003,Family Demo Group 00176,4,FAMILY,True,NORMAL
GR000177,BK000177,J000003,Group Demo Group 00177,2,GROUP,True,NORMAL
GR000178,BK000178,J000003,Group Demo Group 00178,1,GROUP,True,NORMAL
GR000179,BK000179,J000003,Family Demo Group 00179,5,FAMILY,True,NORMAL
GR000180,BK000180,J000003,Couple Demo Group 00180,2,COUPLE,True,NORMAL
GR000181,BK000181,J000003,Group Demo Group 00181,2,GROUP,True,NORMAL
GR000182,BK000182,J000003,Group Demo Group 00182,1,GROUP,True,NORMAL
GR000183,BK000183,J000003,Group Demo Group 00183,8,GROUP,True,HIGH
GR000184,BK000184,J000003,Group Demo Group 00184,3,GROUP,True,NORMAL
GR000185,BK000185,J000003,Group Demo Group 00185,2,GROUP,True,NORMAL
GR000186,BK000186,J000003,Group Demo Group 00186,1,GROUP,True,NORMAL
GR000187,BK000187,J000003,Group Demo Group 00187,1,GROUP,True,NORMAL
GR000188,BK000188,J000003,Group Demo Group 00188,1,GROUP,True,NORMAL
GR000189,BK000189,J000003,Group Demo Group 00189,1,GROUP,True,NORMAL
GR000190,BK000190,J000003,Group Demo Group 00190,1,GROUP,True,NORMAL
GR000191,BK000191,J000003,Couple Demo Group 00191,3,COUPLE,True,NORMAL
GR000192,BK000192,J000003,Group Demo Group 00192,1,GROUP,True,NORMAL
GR000193,BK000193,J000003,Group Demo Group 00193,2,GROUP,True,NORMAL
GR000194,BK000194,J000003,Couple Demo Group 00194,4,COUPLE,True,NORMAL
GR000195,BK000195,J000003,Group Demo Group 00195,4,GROUP,True,NORMAL
GR000196,BK000196,J000003,Group Demo Group 00196,3,GROUP,True,NORMAL
GR000197,BK000197,J000003,Friends Demo Group 00197,4,FRIENDS,True,NORMAL
GR000198,BK000198,J000003,Family Demo Group 00198,6,FAMILY,True,HIGH
GR000199,BK000199,J000003,Friends Demo Group 00199,2,FRIENDS,True,NORMAL
GR000200,BK000200,J000003,Group Demo Group 00200,1,GROUP,True,NORMAL
GR000201,BK000201,J000003,Group Demo Group 00201,2,GROUP,True,NORMAL
GR000202,BK000202,J000004,Couple Demo Group 00202,4,COUPLE,True,NORMAL
GR000203,BK000203,J000004,Group Demo Group 00203,1,GROUP,True,NORMAL
GR000204,BK000204,J000004,Family Demo Group 00204,4,FAMILY,True,NORMAL
GR000205,BK000205,J000004,Group Demo Group 00205,6,GROUP,True,HIGH
GR000206,BK000206,J000004,Family Demo Group 00206,2,FAMILY,True,NORMAL
GR000207,BK000207,J000004,Group Demo Group 00207,1,GROUP,True,NORMAL
GR000208,BK000208,J000004,Couple Demo Group 00208,2,COUPLE,True,NORMAL
GR000209,BK000209,J000004,Caregiver Demo Group 00209,4,CAREGIVER,True,HIGH
GR000210,BK000210,J000004,Group Demo Group 00210,1,GROUP,True,NORMAL
GR000211,BK000211,J000004,Friends Demo Group 00211,6,FRIENDS,True,HIGH
GR000212,BK000212,J000004,Group Demo Group 00212,3,GROUP,True,NORMAL
GR000213,BK000213,J000004,Friends Demo Group 00213,4,FRIENDS,True,NORMAL
GR000214,BK000214,J000004,Couple Demo Group 00214,4,COUPLE,True,NORMAL
GR000215,BK000215,J000004,Couple Demo Group 00215,3,COUPLE,True,NORMAL
GR000216,BK000216,J000004,Friends Demo Group 00216,5,FRIENDS,True,NORMAL
GR000217,BK000217,J000004,Friends Demo Group 00217,8,FRIENDS,True,HIGH
GR000218,BK000218,J000004,Family Demo Group 00218,2,FAMILY,True,NORMAL
GR000219,BK000219,J000004,Group Demo Group 00219,4,GROUP,True,NORMAL
GR000220,BK000220,J000004,Group Demo Group 00220,1,GROUP,True,NORMAL
GR000221,BK000221,J000004,Friends Demo Group 00221,4,FRIENDS,True,NORMAL
GR000222,BK000222,J000004,Family Demo Group 00222,6,FAMILY,True,HIGH
GR000223,BK000223,J000004,Friends Demo Group 00223,6,FRIENDS,True,HIGH
GR000224,BK000224,J000004,Family Demo Group 00224,4,FAMILY,True,NORMAL
GR000225,BK000225,J000004,Group Demo Group 00225,2,GROUP,True,NORMAL
GR000226,BK000226,J000004,Couple Demo Group 00226,4,COUPLE,True,NORMAL
GR000227,BK000227,J000004,Group Demo Group 00227,1,GROUP,True,NORMAL
GR000228,BK000228,J000004,Group Demo Group 00228,1,GROUP,True,NORMAL
GR000229,BK000229,J000004,Couple Demo Group 00229,5,COUPLE,True,NORMAL
GR000230,BK000230,J000004,Couple Demo Group 00230,8,COUPLE,True,HIGH
GR000231,BK000231,J000004,Friends Demo Group 00231,2,FRIENDS,True,NORMAL
GR000232,BK000232,J000004,Group Demo Group 00232,3,GROUP,True,NORMAL
GR000233,BK000233,J000004,Family Demo Group 00233,3,FAMILY,True,NORMAL
GR000234,BK000234,J000004,Family Demo Group 00234,2,FAMILY,True,NORMAL
GR000235,BK000235,J000004,Group Demo Group 00235,8,GROUP,True,HIGH
GR000236,BK000236,J000004,Couple Demo Group 00236,2,COUPLE,True,NORMAL
GR000237,BK000237,J000004,Group Demo Group 00237,1,GROUP,True,NORMAL
GR000238,BK000238,J000004,Group Demo Group 00238,1,GROUP,True,NORMAL
GR000239,BK000239,J000004,Group Demo Group 00239,4,GROUP,True,NORMAL
GR000240,BK000240,J000004,Couple Demo Group 00240,2,COUPLE,True,NORMAL
GR000241,BK000241,J000004,Group Demo Group 00241,2,GROUP,True,NORMAL
GR000242,BK000242,J000004,Family Demo Group 00242,2,FAMILY,True,NORMAL
GR000243,BK000243,J000004,Group Demo Group 00243,4,GROUP,True,NORMAL
GR000244,BK000244,J000004,Group Demo Group 00244,3,GROUP,True,NORMAL
GR000245,BK000245,J000004,Family Demo Group 00245,7,FAMILY,True,HIGH
GR000246,BK000246,J000004,Friends Demo Group 00246,3,FRIENDS,True,NORMAL
GR000247,BK000247,J000004,Friends Demo Group 00247,2,FRIENDS,True,NORMAL
GR000248,BK000248,J000004,Couple Demo Group 00248,2,COUPLE,True,NORMAL
GR000249,BK000249,J000004,Couple Demo Group 00249,5,COUPLE,True,NORMAL
GR000250,BK000250,J000004,Group Demo Group 00250,5,GROUP,True,NORMAL
GR000251,BK000251,J000004,Group Demo Group 00251,1,GROUP,True,NORMAL
GR000252,BK000252,J000004,Group Demo Group 00252,1,GROUP,True,NORMAL
GR000253,BK000253,J000004,Group Demo Group 00253,2,GROUP,True,NORMAL
GR000254,BK000254,J000004,Family Demo Group 00254,2,FAMILY,True,NORMAL
GR000255,BK000255,J000004,Friends Demo Group 00255,2,FRIENDS,True,NORMAL
GR000256,BK000256,J000004,Group Demo Group 00256,1,GROUP,True,NORMAL
GR000257,BK000257,J000004,Family Demo Group 00257,3,FAMILY,True,NORMAL
GR000258,BK000258,J000004,Group Demo Group 00258,1,GROUP,True,NORMAL
GR000259,BK000259,J000004,Group Demo Group 00259,1,GROUP,True,NORMAL
GR000260,BK000260,J000004,Family Demo Group 00260,4,FAMILY,True,NORMAL
GR000261,BK000261,J000004,Friends Demo Group 00261,4,FRIENDS,True,NORMAL
GR000262,BK000262,J000004,Family Demo Group 00262,2,FAMILY,True,NORMAL
GR000263,BK000263,J000004,Group Demo Group 00263,4,GROUP,True,NORMAL
GR000264,BK000264,J000004,Couple Demo Group 00264,2,COUPLE,True,NORMAL
GR000265,BK000265,J000004,Group Demo Group 00265,2,GROUP,True,NORMAL
GR000266,BK000266,J000004,Caregiver Demo Group 00266,4,CAREGIVER,True,HIGH
GR000267,BK000267,J000004,Friends Demo Group 00267,6,FRIENDS,True,HIGH
GR000268,BK000268,J000004,Group Demo Group 00268,1,GROUP,True,NORMAL
GR000269,BK000269,J000005,Group Demo Group 00269,1,GROUP,True,NORMAL
GR000270,BK000270,J000005,Group Demo Group 00270,1,GROUP,True,NORMAL
GR000271,BK000271,J000005,Group Demo Group 00271,4,GROUP,True,NORMAL
GR000272,BK000272,J000005,Friends Demo Group 00272,5,FRIENDS,True,NORMAL
GR000273,BK000273,J000005,Friends Demo Group 00273,4,FRIENDS,True,NORMAL
GR000274,BK000274,J000005,Group Demo Group 00274,1,GROUP,True,NORMAL
GR000275,BK000275,J000005,Group Demo Group 00275,1,GROUP,True,NORMAL
GR000276,BK000276,J000005,Group Demo Group 00276,1,GROUP,True,NORMAL
GR000277,BK000277,J000005,Family Demo Group 00277,3,FAMILY,True,NORMAL
GR000278,BK000278,J000005,Couple Demo Group 00278,4,COUPLE,True,NORMAL
GR000279,BK000279,J000005,Group Demo Group 00279,1,GROUP,True,NORMAL
GR000280,BK000280,J000005,Group Demo Group 00280,3,GROUP,True,NORMAL
GR000281,BK000281,J000005,Group Demo Group 00281,1,GROUP,True,NORMAL
GR000282,BK000282,J000005,Group Demo Group 00282,1,GROUP,True,NORMAL
GR000283,BK000283,J000005,Group Demo Group 00283,4,GROUP,True,NORMAL
GR000284,BK000284,J000005,Family Demo Group 00284,4,FAMILY,True,NORMAL
GR000285,BK000285,J000005,Group Demo Group 00285,1,GROUP,True,NORMAL
GR000286,BK000286,J000005,Friends Demo Group 00286,3,FRIENDS,True,NORMAL
GR000287,BK000287,J000005,Group Demo Group 00287,8,GROUP,True,HIGH
GR000288,BK000288,J000005,Couple Demo Group 00288,2,COUPLE,True,NORMAL
GR000289,BK000289,J000005,Group Demo Group 00289,1,GROUP,True,NORMAL
GR000290,BK000290,J000005,Group Demo Group 00290,1,GROUP,True,NORMAL
GR000291,BK000291,J000005,Group Demo Group 00291,8,GROUP,True,HIGH
GR000292,BK000292,J000005,Family Demo Group 00292,4,FAMILY,True,NORMAL
GR000293,BK000293,J000005,Group Demo Group 00293,1,GROUP,True,NORMAL
GR000294,BK000294,J000005,Family Demo Group 00294,2,FAMILY,True,NORMAL
GR000295,BK000295,J000005,Group Demo Group 00295,4,GROUP,True,NORMAL
GR000296,BK000296,J000005,Group Demo Group 00296,1,GROUP,True,NORMAL
GR000297,BK000297,J000005,Family Demo Group 00297,3,FAMILY,True,NORMAL
GR000298,BK000298,J000005,Couple Demo Group 00298,4,COUPLE,True,NORMAL
GR000299,BK000299,J000005,Group Demo Group 00299,4,GROUP,True,NORMAL
GR000300,BK000300,J000005,Group Demo Group 00300,3,GROUP,True,NORMAL
GR000301,BK000301,J000005,Family Demo Group 00301,3,FAMILY,True,NORMAL
GR000302,BK000302,J000005,Group Demo Group 00302,1,GROUP,True,NORMAL
GR000303,BK000303,J000005,Friends Demo Group 00303,2,FRIENDS,True,NORMAL
GR000304,BK000304,J000005,Group Demo Group 00304,1,GROUP,True,NORMAL
GR000305,BK000305,J000005,Group Demo Group 00305,6,GROUP,True,HIGH
GR000306,BK000306,J000005,Group Demo Group 00306,1,GROUP,True,NORMAL
GR000307,BK000307,J000005,Couple Demo Group 00307,3,COUPLE,True,NORMAL
GR000308,BK000308,J000005,Friends Demo Group 00308,5,FRIENDS,True,NORMAL
GR000309,BK000309,J000005,Friends Demo Group 00309,4,FRIENDS,True,NORMAL
GR000310,BK000310,J000005,Couple Demo Group 00310,4,COUPLE,True,NORMAL
GR000311,BK000311,J000005,Group Demo Group 00311,1,GROUP,True,NORMAL
GR000312,BK000312,J000005,Group Demo Group 00312,1,GROUP,True,NORMAL
GR000313,BK000313,J000005,Family Demo Group 00313,3,FAMILY,True,NORMAL
GR000314,BK000314,J000005,Family Demo Group 00314,2,FAMILY,True,NORMAL
GR000315,BK000315,J000005,Couple Demo Group 00315,3,COUPLE,True,NORMAL
GR000316,BK000316,J000005,Couple Demo Group 00316,2,COUPLE,True,NORMAL
GR000317,BK000317,J000005,Group Demo Group 00317,2,GROUP,True,NORMAL
GR000318,BK000318,J000005,Group Demo Group 00318,1,GROUP,True,NORMAL
GR000319,BK000319,J000005,Group Demo Group 00319,4,GROUP,True,NORMAL
GR000320,BK000320,J000005,Group Demo Group 00320,1,GROUP,True,NORMAL
GR000321,BK000321,J000005,Group Demo Group 00321,2,GROUP,True,NORMAL
GR000322,BK000322,J000005,Group Demo Group 00322,1,GROUP,True,NORMAL
GR000323,BK000323,J000005,Group Demo Group 00323,1,GROUP,True,NORMAL
GR000324,BK000324,J000005,Group Demo Group 00324,3,GROUP,True,NORMAL
GR000325,BK000325,J000005,Group Demo Group 00325,1,GROUP,True,NORMAL
GR000326,BK000326,J000005,Group Demo Group 00326,1,GROUP,True,NORMAL
GR000327,BK000327,J000005,Group Demo Group 00327,4,GROUP,True,NORMAL
GR000328,BK000328,J000005,Group Demo Group 00328,1,GROUP,True,NORMAL
GR000329,BK000329,J000005,Family Demo Group 00329,3,FAMILY,True,NORMAL
GR000330,BK000330,J000005,Family Demo Group 00330,2,FAMILY,True,NORMAL
GR000331,BK000331,J000005,Group Demo Group 00331,4,GROUP,True,NORMAL
GR000332,BK000332,J000005,Family Demo Group 00332,4,FAMILY,True,NORMAL
GR000333,BK000333,J000005,Group Demo Group 00333,2,GROUP,True,NORMAL
GR000334,BK000334,J000005,Family Demo Group 00334,6,FAMILY,True,HIGH
GR000335,BK000335,J000005,Friends Demo Group 00335,2,FRIENDS,True,NORMAL
GR000336,BK000336,J000006,Couple Demo Group 00336,2,COUPLE,True,NORMAL
GR000337,BK000337,J000006,Group Demo Group 00337,2,GROUP,True,NORMAL
GR000338,BK000338,J000006,Group Demo Group 00338,5,GROUP,True,NORMAL
GR000339,BK000339,J000006,Group Demo Group 00339,4,GROUP,True,NORMAL
GR000340,BK000340,J000006,Group Demo Group 00340,1,GROUP,True,NORMAL
GR000341,BK000341,J000006,Group Demo Group 00341,2,GROUP,True,NORMAL
GR000342,BK000342,J000006,Friends Demo Group 00342,3,FRIENDS,True,NORMAL
GR000343,BK000343,J000006,Group Demo Group 00343,4,GROUP,True,NORMAL
GR000344,BK000344,J000006,Group Demo Group 00344,3,GROUP,True,NORMAL
GR000345,BK000345,J000006,Group Demo Group 00345,2,GROUP,True,NORMAL
GR000346,BK000346,J000006,Group Demo Group 00346,1,GROUP,True,NORMAL
GR000347,BK000347,J000006,Group Demo Group 00347,1,GROUP,True,NORMAL
GR000348,BK000348,J000006,Couple Demo Group 00348,2,COUPLE,True,NORMAL
GR000349,BK000349,J000006,Group Demo Group 00349,2,GROUP,True,NORMAL
GR000350,BK000350,J000006,Family Demo Group 00350,2,FAMILY,True,NORMAL
GR000351,BK000351,J000006,Couple Demo Group 00351,3,COUPLE,True,NORMAL
GR000352,BK000352,J000006,Couple Demo Group 00352,2,COUPLE,True,NORMAL
GR000353,BK000353,J000006,Family Demo Group 00353,7,FAMILY,True,HIGH
GR000354,BK000354,J000006,Group Demo Group 00354,1,GROUP,True,NORMAL
GR000355,BK000355,J000006,Couple Demo Group 00355,3,COUPLE,True,NORMAL
GR000356,BK000356,J000006,Couple Demo Group 00356,2,COUPLE,True,NORMAL
GR000357,BK000357,J000006,Friends Demo Group 00357,4,FRIENDS,True,NORMAL
GR000358,BK000358,J000006,Friends Demo Group 00358,3,FRIENDS,True,NORMAL
GR000359,BK000359,J000006,Group Demo Group 00359,1,GROUP,True,NORMAL
GR000360,BK000360,J000006,Group Demo Group 00360,3,GROUP,True,NORMAL
GR000361,BK000361,J000006,Group Demo Group 00361,1,GROUP,True,NORMAL
GR000362,BK000362,J000006,Group Demo Group 00362,1,GROUP,True,NORMAL
GR000363,BK000363,J000006,Group Demo Group 00363,1,GROUP,True,NORMAL
GR000364,BK000364,J000006,Group Demo Group 00364,3,GROUP,True,NORMAL
GR000365,BK000365,J000006,Friends Demo Group 00365,4,FRIENDS,True,NORMAL
GR000366,BK000366,J000006,Group Demo Group 00366,1,GROUP,True,NORMAL
GR000367,BK000367,J000006,Group Demo Group 00367,4,GROUP,True,NORMAL
GR000368,BK000368,J000006,Group Demo Group 00368,1,GROUP,True,NORMAL
GR000369,BK000369,J000006,Group Demo Group 00369,2,GROUP,True,NORMAL
GR000370,BK000370,J000006,Couple Demo Group 00370,4,COUPLE,True,NORMAL
GR000371,BK000371,J000006,Couple Demo Group 00371,3,COUPLE,True,NORMAL
GR000372,BK000372,J000006,Couple Demo Group 00372,2,COUPLE,True,NORMAL
GR000373,BK000373,J000006,Group Demo Group 00373,1,GROUP,True,NORMAL
GR000374,BK000374,J000006,Group Demo Group 00374,1,GROUP,True,NORMAL
GR000375,BK000375,J000006,Group Demo Group 00375,1,GROUP,True,NORMAL
GR000376,BK000376,J000006,Couple Demo Group 00376,2,COUPLE,True,NORMAL
GR000377,BK000377,J000006,Group Demo Group 00377,1,GROUP,True,NORMAL
GR000378,BK000378,J000006,Family Demo Group 00378,2,FAMILY,True,NORMAL
GR000379,BK000379,J000006,Couple Demo Group 00379,7,COUPLE,True,HIGH
GR000380,BK000380,J000006,Caregiver Demo Group 00380,6,CAREGIVER,True,HIGH
GR000381,BK000381,J000006,Friends Demo Group 00381,4,FRIENDS,True,NORMAL
GR000382,BK000382,J000006,Family Demo Group 00382,2,FAMILY,True,NORMAL
GR000383,BK000383,J000006,Couple Demo Group 00383,3,COUPLE,True,NORMAL
GR000384,BK000384,J000006,Group Demo Group 00384,3,GROUP,True,NORMAL
GR000385,BK000385,J000006,Group Demo Group 00385,1,GROUP,True,NORMAL
GR000386,BK000386,J000006,Group Demo Group 00386,1,GROUP,True,NORMAL
GR000387,BK000387,J000006,Couple Demo Group 00387,3,COUPLE,True,NORMAL
GR000388,BK000388,J000006,Friends Demo Group 00388,5,FRIENDS,True,NORMAL
GR000389,BK000389,J000006,Group Demo Group 00389,2,GROUP,True,NORMAL
GR000390,BK000390,J000006,Friends Demo Group 00390,3,FRIENDS,True,NORMAL
GR000391,BK000391,J000006,Group Demo Group 00391,1,GROUP,True,NORMAL
GR000392,BK000392,J000006,Couple Demo Group 00392,2,COUPLE,True,NORMAL
GR000393,BK000393,J000006,Group Demo Group 00393,1,GROUP,True,NORMAL
GR000394,BK000394,J000006,Friends Demo Group 00394,3,FRIENDS,True,NORMAL
GR000395,BK000395,J000006,Group Demo Group 00395,4,GROUP,True,NORMAL
GR000396,BK000396,J000006,Family Demo Group 00396,4,FAMILY,True,NORMAL
GR000397,BK000397,J000006,Friends Demo Group 00397,4,FRIENDS,True,NORMAL
GR000398,BK000398,J000006,Family Demo Group 00398,2,FAMILY,True,NORMAL
GR000399,BK000399,J000006,Caregiver Demo Group 00399,4,CAREGIVER,True,HIGH
GR000400,BK000400,J000006,Group Demo Group 00400,1,GROUP,True,NORMAL
GR000401,BK000401,J000006,Friends Demo Group 00401,4,FRIENDS,True,NORMAL
GR000402,BK000402,J000006,Family Demo Group 00402,2,FAMILY,True,NORMAL
GR000403,BK000403,J000007,Group Demo Group 00403,1,GROUP,True,NORMAL
GR000404,BK000404,J000007,Couple Demo Group 00404,6,COUPLE,True,HIGH
GR000405,BK000405,J000007,Friends Demo Group 00405,4,FRIENDS,True,NORMAL
GR000406,BK000406,J000007,Friends Demo Group 00406,3,FRIENDS,True,NORMAL
GR000407,BK000407,J000007,Group Demo Group 00407,4,GROUP,True,NORMAL
GR000408,BK000408,J000007,Family Demo Group 00408,4,FAMILY,True,NORMAL
GR000409,BK000409,J000007,Group Demo Group 00409,1,GROUP,True,NORMAL
GR000410,BK000410,J000007,Couple Demo Group 00410,4,COUPLE,True,NORMAL
GR000411,BK000411,J000007,Group Demo Group 00411,4,GROUP,True,NORMAL
GR000412,BK000412,J000007,Group Demo Group 00412,3,GROUP,True,NORMAL
GR000413,BK000413,J000007,Family Demo Group 00413,3,FAMILY,True,NORMAL
GR000414,BK000414,J000007,Couple Demo Group 00414,4,COUPLE,True,NORMAL
GR000415,BK000415,J000007,Group Demo Group 00415,4,GROUP,True,NORMAL
GR000416,BK000416,J000007,Group Demo Group 00416,1,GROUP,True,NORMAL
GR000417,BK000417,J000007,Group Demo Group 00417,2,GROUP,True,NORMAL
GR000418,BK000418,J000007,Family Demo Group 00418,2,FAMILY,True,NORMAL
GR000419,BK000419,J000007,Group Demo Group 00419,4,GROUP,True,NORMAL
GR000420,BK000420,J000007,Couple Demo Group 00420,2,COUPLE,True,NORMAL
GR000421,BK000421,J000007,Group Demo Group 00421,1,GROUP,True,NORMAL
GR000422,BK000422,J000007,Group Demo Group 00422,1,GROUP,True,NORMAL
GR000423,BK000423,J000007,Group Demo Group 00423,1,GROUP,True,NORMAL
GR000424,BK000424,J000007,Group Demo Group 00424,3,GROUP,True,NORMAL
GR000425,BK000425,J000007,Group Demo Group 00425,2,GROUP,True,NORMAL
GR000426,BK000426,J000007,Friends Demo Group 00426,3,FRIENDS,True,NORMAL
GR000427,BK000427,J000007,Group Demo Group 00427,8,GROUP,True,HIGH
GR000428,BK000428,J000007,Couple Demo Group 00428,2,COUPLE,True,NORMAL
GR000429,BK000429,J000007,Group Demo Group 00429,1,GROUP,True,NORMAL
GR000430,BK000430,J000007,Group Demo Group 00430,1,GROUP,True,NORMAL
GR000431,BK000431,J000007,Family Demo Group 00431,5,FAMILY,True,NORMAL
GR000432,BK000432,J000007,Friends Demo Group 00432,5,FRIENDS,True,NORMAL
GR000433,BK000433,J000007,Friends Demo Group 00433,4,FRIENDS,True,NORMAL
GR000434,BK000434,J000007,Group Demo Group 00434,1,GROUP,True,NORMAL
GR000435,BK000435,J000007,Couple Demo Group 00435,3,COUPLE,True,NORMAL
GR000436,BK000436,J000007,Couple Demo Group 00436,2,COUPLE,True,NORMAL
GR000437,BK000437,J000007,Group Demo Group 00437,1,GROUP,True,NORMAL
GR000438,BK000438,J000007,Family Demo Group 00438,2,FAMILY,True,NORMAL
GR000439,BK000439,J000007,Group Demo Group 00439,1,GROUP,True,NORMAL
GR000440,BK000440,J000007,Couple Demo Group 00440,6,COUPLE,True,HIGH
GR000441,BK000441,J000007,Group Demo Group 00441,1,GROUP,True,NORMAL
GR000442,BK000442,J000007,Group Demo Group 00442,1,GROUP,True,NORMAL
GR000443,BK000443,J000007,Friends Demo Group 00443,2,FRIENDS,True,NORMAL
GR000444,BK000444,J000007,Group Demo Group 00444,3,GROUP,True,NORMAL
GR000445,BK000445,J000007,Family Demo Group 00445,7,FAMILY,True,HIGH
GR000446,BK000446,J000007,Friends Demo Group 00446,3,FRIENDS,True,NORMAL
GR000447,BK000447,J000007,Group Demo Group 00447,1,GROUP,True,NORMAL
GR000448,BK000448,J000007,Family Demo Group 00448,4,FAMILY,True,NORMAL
GR000449,BK000449,J000007,Group Demo Group 00449,1,GROUP,True,NORMAL
GR000450,BK000450,J000007,Group Demo Group 00450,1,GROUP,True,NORMAL
GR000451,BK000451,J000007,Friends Demo Group 00451,2,FRIENDS,True,NORMAL
GR000452,BK000452,J000007,Family Demo Group 00452,4,FAMILY,True,NORMAL
GR000453,BK000453,J000007,Family Demo Group 00453,3,FAMILY,True,NORMAL
GR000454,BK000454,J000007,Group Demo Group 00454,1,GROUP,True,NORMAL
GR000455,BK000455,J000007,Friends Demo Group 00455,6,FRIENDS,True,HIGH
GR000456,BK000456,J000007,Group Demo Group 00456,3,GROUP,True,NORMAL
GR000457,BK000457,J000007,Group Demo Group 00457,6,GROUP,True,HIGH
GR000458,BK000458,J000007,Family Demo Group 00458,2,FAMILY,True,NORMAL
GR000459,BK000459,J000007,Group Demo Group 00459,1,GROUP,True,NORMAL
GR000460,BK000460,J000007,Friends Demo Group 00460,5,FRIENDS,True,NORMAL
GR000461,BK000461,J000007,Group Demo Group 00461,2,GROUP,True,NORMAL
GR000462,BK000462,J000007,Group Demo Group 00462,1,GROUP,True,NORMAL
GR000463,BK000463,J000007,Couple Demo Group 00463,3,COUPLE,True,NORMAL
GR000464,BK000464,J000007,Couple Demo Group 00464,2,COUPLE,True,NORMAL
GR000465,BK000465,J000007,Group Demo Group 00465,2,GROUP,True,NORMAL
GR000466,BK000466,J000007,Group Demo Group 00466,1,GROUP,True,NORMAL
GR000467,BK000467,J000007,Group Demo Group 00467,1,GROUP,True,NORMAL
GR000468,BK000468,J000007,Couple Demo Group 00468,2,COUPLE,True,NORMAL
GR000469,BK000469,J000007,Family Demo Group 00469,3,FAMILY,True,NORMAL
GR000470,BK000470,J000008,Group Demo Group 00470,1,GROUP,True,NORMAL
GR000471,BK000471,J000008,Group Demo Group 00471,1,GROUP,True,NORMAL
GR000472,BK000472,J000008,Family Demo Group 00472,4,FAMILY,True,NORMAL
GR000473,BK000473,J000008,Friends Demo Group 00473,4,FRIENDS,True,NORMAL
GR000474,BK000474,J000008,Group Demo Group 00474,5,GROUP,True,NORMAL
GR000475,BK000475,J000008,Friends Demo Group 00475,2,FRIENDS,True,NORMAL
GR000476,BK000476,J000008,Family Demo Group 00476,4,FAMILY,True,NORMAL
GR000477,BK000477,J000008,Group Demo Group 00477,1,GROUP,True,NORMAL
GR000478,BK000478,J000008,Family Demo Group 00478,2,FAMILY,True,NORMAL
GR000479,BK000479,J000008,Group Demo Group 00479,4,GROUP,True,NORMAL
GR000480,BK000480,J000008,Family Demo Group 00480,4,FAMILY,True,NORMAL
GR000481,BK000481,J000008,Group Demo Group 00481,2,GROUP,True,NORMAL
GR000482,BK000482,J000008,Couple Demo Group 00482,4,COUPLE,True,NORMAL
GR000483,BK000483,J000008,Couple Demo Group 00483,3,COUPLE,True,NORMAL
GR000484,BK000484,J000008,Group Demo Group 00484,1,GROUP,True,NORMAL
GR000485,BK000485,J000008,Friends Demo Group 00485,4,FRIENDS,True,NORMAL
GR000486,BK000486,J000008,Family Demo Group 00486,2,FAMILY,True,NORMAL
GR000487,BK000487,J000008,Group Demo Group 00487,4,GROUP,True,NORMAL
GR000488,BK000488,J000008,Group Demo Group 00488,3,GROUP,True,NORMAL
GR000489,BK000489,J000008,Group Demo Group 00489,2,GROUP,True,NORMAL
GR000490,BK000490,J000008,Group Demo Group 00490,1,GROUP,True,NORMAL
GR000491,BK000491,J000008,Friends Demo Group 00491,2,FRIENDS,True,NORMAL
GR000492,BK000492,J000008,Group Demo Group 00492,3,GROUP,True,NORMAL
GR000493,BK000493,J000008,Group Demo Group 00493,1,GROUP,True,NORMAL
GR000494,BK000494,J000008,Group Demo Group 00494,1,GROUP,True,NORMAL
GR000495,BK000495,J000008,Group Demo Group 00495,4,GROUP,True,NORMAL
GR000496,BK000496,J000008,Group Demo Group 00496,1,GROUP,True,NORMAL
GR000497,BK000497,J000008,Group Demo Group 00497,2,GROUP,True,NORMAL
GR000498,BK000498,J000008,Family Demo Group 00498,2,FAMILY,True,NORMAL
GR000499,BK000499,J000008,Friends Demo Group 00499,2,FRIENDS,True,NORMAL
GR000500,BK000500,J000008,Family Demo Group 00500,4,FAMILY,True,NORMAL
GR000501,BK000501,J000008,Family Demo Group 00501,3,FAMILY,True,NORMAL
GR000502,BK000502,J000008,Group Demo Group 00502,1,GROUP,True,NORMAL
GR000503,BK000503,J000008,Friends Demo Group 00503,2,FRIENDS,True,NORMAL
GR000504,BK000504,J000008,Family Demo Group 00504,4,FAMILY,True,NORMAL
GR000505,BK000505,J000008,Group Demo Group 00505,2,GROUP,True,NORMAL
GR000506,BK000506,J000008,Couple Demo Group 00506,4,COUPLE,True,NORMAL
GR000507,BK000507,J000008,Group Demo Group 00507,1,GROUP,True,NORMAL
GR000508,BK000508,J000008,Family Demo Group 00508,4,FAMILY,True,NORMAL
GR000509,BK000509,J000008,Family Demo Group 00509,3,FAMILY,True,NORMAL
GR000510,BK000510,J000008,Couple Demo Group 00510,4,COUPLE,True,NORMAL
GR000511,BK000511,J000008,Friends Demo Group 00511,2,FRIENDS,True,NORMAL
GR000512,BK000512,J000008,Group Demo Group 00512,1,GROUP,True,NORMAL
GR000513,BK000513,J000008,Group Demo Group 00513,1,GROUP,True,NORMAL
GR000514,BK000514,J000008,Group Demo Group 00514,1,GROUP,True,NORMAL
GR000515,BK000515,J000008,Group Demo Group 00515,8,GROUP,True,HIGH
GR000516,BK000516,J000008,Group Demo Group 00516,1,GROUP,True,NORMAL
GR000517,BK000517,J000008,Group Demo Group 00517,1,GROUP,True,NORMAL
GR000518,BK000518,J000008,Group Demo Group 00518,1,GROUP,True,NORMAL
GR000519,BK000519,J000008,Couple Demo Group 00519,3,COUPLE,True,NORMAL
GR000520,BK000520,J000008,Group Demo Group 00520,1,GROUP,True,NORMAL
GR000521,BK000521,J000008,Group Demo Group 00521,2,GROUP,True,NORMAL
GR000522,BK000522,J000008,Friends Demo Group 00522,3,FRIENDS,True,NORMAL
GR000523,BK000523,J000008,Friends Demo Group 00523,2,FRIENDS,True,NORMAL
GR000524,BK000524,J000008,Family Demo Group 00524,8,FAMILY,True,HIGH
GR000525,BK000525,J000008,Family Demo Group 00525,3,FAMILY,True,NORMAL
GR000526,BK000526,J000008,Couple Demo Group 00526,4,COUPLE,True,NORMAL
GR000527,BK000527,J000008,Couple Demo Group 00527,3,COUPLE,True,NORMAL
GR000528,BK000528,J000008,Family Demo Group 00528,4,FAMILY,True,NORMAL
GR000529,BK000529,J000008,Group Demo Group 00529,2,GROUP,True,NORMAL
GR000530,BK000530,J000008,Family Demo Group 00530,2,FAMILY,True,NORMAL
GR000531,BK000531,J000008,Couple Demo Group 00531,3,COUPLE,True,NORMAL
GR000532,BK000532,J000008,Group Demo Group 00532,1,GROUP,True,NORMAL
GR000533,BK000533,J000008,Friends Demo Group 00533,8,FRIENDS,True,HIGH
GR000534,BK000534,J000008,Family Demo Group 00534,2,FAMILY,True,NORMAL
GR000535,BK000535,J000008,Group Demo Group 00535,4,GROUP,True,NORMAL
GR000536,BK000536,J000008,Friends Demo Group 00536,5,FRIENDS,True,NORMAL
GR000537,BK000537,J000009,Friends Demo Group 00537,8,FRIENDS,True,HIGH
GR000538,BK000538,J000009,Family Demo Group 00538,2,FAMILY,True,NORMAL
GR000539,BK000539,J000009,Group Demo Group 00539,1,GROUP,True,NORMAL
GR000540,BK000540,J000009,Couple Demo Group 00540,6,COUPLE,True,HIGH
GR000541,BK000541,J000009,Group Demo Group 00541,2,GROUP,True,NORMAL
GR000542,BK000542,J000009,Couple Demo Group 00542,4,COUPLE,True,NORMAL
GR000543,BK000543,J000009,Friends Demo Group 00543,6,FRIENDS,True,HIGH
GR000544,BK000544,J000009,Couple Demo Group 00544,2,COUPLE,True,NORMAL
GR000545,BK000545,J000009,Group Demo Group 00545,1,GROUP,True,NORMAL
GR000546,BK000546,J000009,Family Demo Group 00546,2,FAMILY,True,NORMAL
GR000547,BK000547,J000009,Group Demo Group 00547,4,GROUP,True,NORMAL
GR000548,BK000548,J000009,Family Demo Group 00548,4,FAMILY,True,NORMAL
GR000549,BK000549,J000009,Family Demo Group 00549,3,FAMILY,True,NORMAL
GR000550,BK000550,J000009,Family Demo Group 00550,2,FAMILY,True,NORMAL
GR000551,BK000551,J000009,Group Demo Group 00551,1,GROUP,True,NORMAL
GR000552,BK000552,J000009,Group Demo Group 00552,1,GROUP,True,NORMAL
GR000553,BK000553,J000009,Group Demo Group 00553,1,GROUP,True,NORMAL
GR000554,BK000554,J000009,Couple Demo Group 00554,4,COUPLE,True,NORMAL
GR000555,BK000555,J000009,Group Demo Group 00555,1,GROUP,True,NORMAL
GR000556,BK000556,J000009,Couple Demo Group 00556,2,COUPLE,True,NORMAL
GR000557,BK000557,J000009,Group Demo Group 00557,2,GROUP,True,NORMAL
GR000558,BK000558,J000009,Friends Demo Group 00558,3,FRIENDS,True,NORMAL
GR000559,BK000559,J000009,Group Demo Group 00559,8,GROUP,True,HIGH
GR000560,BK000560,J000009,Group Demo Group 00560,1,GROUP,True,NORMAL
GR000561,BK000561,J000009,Family Demo Group 00561,7,FAMILY,True,HIGH
GR000562,BK000562,J000009,Family Demo Group 00562,6,FAMILY,True,HIGH
GR000563,BK000563,J000009,Friends Demo Group 00563,6,FRIENDS,True,HIGH
GR000564,BK000564,J000009,Group Demo Group 00564,3,GROUP,True,NORMAL
GR000565,BK000565,J000009,Family Demo Group 00565,3,FAMILY,True,NORMAL
GR000566,BK000566,J000009,Family Demo Group 00566,2,FAMILY,True,NORMAL
GR000567,BK000567,J000009,Group Demo Group 00567,1,GROUP,True,NORMAL
GR000568,BK000568,J000009,Family Demo Group 00568,4,FAMILY,True,NORMAL
GR000569,BK000569,J000009,Group Demo Group 00569,2,GROUP,True,NORMAL
GR000570,BK000570,J000009,Family Demo Group 00570,2,FAMILY,True,NORMAL
GR000571,BK000571,J000009,Friends Demo Group 00571,2,FRIENDS,True,NORMAL
GR000572,BK000572,J000009,Group Demo Group 00572,1,GROUP,True,NORMAL
GR000573,BK000573,J000009,Friends Demo Group 00573,4,FRIENDS,True,NORMAL
GR000574,BK000574,J000009,Family Demo Group 00574,2,FAMILY,True,NORMAL
GR000575,BK000575,J000009,Couple Demo Group 00575,3,COUPLE,True,NORMAL
GR000576,BK000576,J000009,Group Demo Group 00576,1,GROUP,True,NORMAL
GR000577,BK000577,J000009,Group Demo Group 00577,2,GROUP,True,NORMAL
GR000578,BK000578,J000009,Group Demo Group 00578,1,GROUP,True,NORMAL
GR000579,BK000579,J000009,Friends Demo Group 00579,6,FRIENDS,True,HIGH
GR000580,BK000580,J000009,Couple Demo Group 00580,2,COUPLE,True,NORMAL
GR000581,BK000581,J000009,Group Demo Group 00581,1,GROUP,True,NORMAL
GR000582,BK000582,J000009,Family Demo Group 00582,2,FAMILY,True,NORMAL
GR000583,BK000583,J000009,Group Demo Group 00583,1,GROUP,True,NORMAL
GR000584,BK000584,J000009,Group Demo Group 00584,7,GROUP,True,HIGH
GR000585,BK000585,J000009,Group Demo Group 00585,2,GROUP,True,NORMAL
GR000586,BK000586,J000009,Group Demo Group 00586,1,GROUP,True,NORMAL
GR000587,BK000587,J000009,Family Demo Group 00587,5,FAMILY,True,NORMAL
GR000588,BK000588,J000009,Couple Demo Group 00588,6,COUPLE,True,HIGH
GR000589,BK000589,J000009,Group Demo Group 00589,2,GROUP,True,NORMAL
GR000590,BK000590,J000009,Friends Demo Group 00590,3,FRIENDS,True,NORMAL
GR000591,BK000591,J000009,Couple Demo Group 00591,3,COUPLE,True,NORMAL
GR000592,BK000592,J000009,Couple Demo Group 00592,2,COUPLE,True,NORMAL
GR000593,BK000593,J000009,Group Demo Group 00593,2,GROUP,True,NORMAL
GR000594,BK000594,J000009,Friends Demo Group 00594,3,FRIENDS,True,NORMAL
GR000595,BK000595,J000009,Group Demo Group 00595,1,GROUP,True,NORMAL
GR000596,BK000596,J000009,Group Demo Group 00596,3,GROUP,True,NORMAL
GR000597,BK000597,J000009,Group Demo Group 00597,2,GROUP,True,NORMAL
GR000598,BK000598,J000009,Group Demo Group 00598,1,GROUP,True,NORMAL
GR000599,BK000599,J000009,Couple Demo Group 00599,3,COUPLE,True,NORMAL
GR000600,BK000600,J000009,Group Demo Group 00600,1,GROUP,True,NORMAL
GR000601,BK000601,J000009,Family Demo Group 00601,3,FAMILY,True,NORMAL
GR000602,BK000602,J000009,Couple Demo Group 00602,4,COUPLE,True,NORMAL
GR000603,BK000603,J000009,Couple Demo Group 00603,3,COUPLE,True,NORMAL
GR000604,BK000604,J000010,Couple Demo Group 00604,2,COUPLE,True,NORMAL
GR000605,BK000605,J000010,Family Demo Group 00605,3,FAMILY,True,NORMAL
GR000606,BK000606,J000010,Family Demo Group 00606,2,FAMILY,True,NORMAL
GR000607,BK000607,J000010,Group Demo Group 00607,4,GROUP,True,NORMAL
GR000608,BK000608,J000010,Group Demo Group 00608,3,GROUP,True,NORMAL
GR000609,BK000609,J000010,Group Demo Group 00609,2,GROUP,True,NORMAL
GR000610,BK000610,J000010,Couple Demo Group 00610,8,COUPLE,True,HIGH
GR000611,BK000611,J000010,Group Demo Group 00611,4,GROUP,True,NORMAL
GR000612,BK000612,J000010,Group Demo Group 00612,3,GROUP,True,NORMAL
GR000613,BK000613,J000010,Group Demo Group 00613,2,GROUP,True,NORMAL
GR000614,BK000614,J000010,Group Demo Group 00614,1,GROUP,True,NORMAL
GR000615,BK000615,J000010,Family Demo Group 00615,5,FAMILY,True,NORMAL
GR000616,BK000616,J000010,Couple Demo Group 00616,2,COUPLE,True,NORMAL
GR000617,BK000617,J000010,Friends Demo Group 00617,4,FRIENDS,True,NORMAL
GR000618,BK000618,J000010,Group Demo Group 00618,1,GROUP,True,NORMAL
GR000619,BK000619,J000010,Friends Demo Group 00619,2,FRIENDS,True,NORMAL
GR000620,BK000620,J000010,Family Demo Group 00620,4,FAMILY,True,NORMAL
GR000621,BK000621,J000010,Friends Demo Group 00621,4,FRIENDS,True,NORMAL
GR000622,BK000622,J000010,Family Demo Group 00622,2,FAMILY,True,NORMAL
GR000623,BK000623,J000010,Friends Demo Group 00623,2,FRIENDS,True,NORMAL
GR000624,BK000624,J000010,Couple Demo Group 00624,2,COUPLE,True,NORMAL
GR000625,BK000625,J000010,Family Demo Group 00625,3,FAMILY,True,NORMAL
GR000626,BK000626,J000010,Family Demo Group 00626,2,FAMILY,True,NORMAL
GR000627,BK000627,J000010,Couple Demo Group 00627,3,COUPLE,True,NORMAL
GR000628,BK000628,J000010,Group Demo Group 00628,1,GROUP,True,NORMAL
GR000629,BK000629,J000010,Family Demo Group 00629,3,FAMILY,True,NORMAL
GR000630,BK000630,J000010,Group Demo Group 00630,1,GROUP,True,NORMAL
GR000631,BK000631,J000010,Group Demo Group 00631,1,GROUP,True,NORMAL
GR000632,BK000632,J000010,Couple Demo Group 00632,2,COUPLE,True,NORMAL
GR000633,BK000633,J000010,Group Demo Group 00633,2,GROUP,True,NORMAL
GR000634,BK000634,J000010,Family Demo Group 00634,2,FAMILY,True,NORMAL
GR000635,BK000635,J000010,Family Demo Group 00635,5,FAMILY,True,NORMAL
GR000636,BK000636,J000010,Family Demo Group 00636,4,FAMILY,True,NORMAL
GR000637,BK000637,J000010,Group Demo Group 00637,2,GROUP,True,NORMAL
GR000638,BK000638,J000010,Family Demo Group 00638,2,FAMILY,True,NORMAL
GR000639,BK000639,J000010,Couple Demo Group 00639,3,COUPLE,True,NORMAL
GR000640,BK000640,J000010,Group Demo Group 00640,1,GROUP,True,NORMAL
GR000641,BK000641,J000010,Group Demo Group 00641,2,GROUP,True,NORMAL
GR000642,BK000642,J000010,Family Demo Group 00642,2,FAMILY,True,NORMAL
GR000643,BK000643,J000010,Couple Demo Group 00643,3,COUPLE,True,NORMAL
GR000644,BK000644,J000010,Couple Demo Group 00644,2,COUPLE,True,NORMAL
GR000645,BK000645,J000010,Friends Demo Group 00645,4,FRIENDS,True,NORMAL
GR000646,BK000646,J000010,Caregiver Demo Group 00646,4,CAREGIVER,True,HIGH
GR000647,BK000647,J000010,Group Demo Group 00647,1,GROUP,True,NORMAL
GR000648,BK000648,J000010,Family Demo Group 00648,4,FAMILY,True,NORMAL
GR000649,BK000649,J000010,Group Demo Group 00649,1,GROUP,True,NORMAL
GR000650,BK000650,J000010,Group Demo Group 00650,5,GROUP,True,NORMAL
GR000651,BK000651,J000010,Family Demo Group 00651,5,FAMILY,True,NORMAL
GR000652,BK000652,J000010,Group Demo Group 00652,3,GROUP,True,NORMAL
GR000653,BK000653,J000010,Group Demo Group 00653,2,GROUP,True,NORMAL
GR000654,BK000654,J000010,Friends Demo Group 00654,3,FRIENDS,True,NORMAL
GR000655,BK000655,J000010,Friends Demo Group 00655,6,FRIENDS,True,HIGH
GR000656,BK000656,J000010,Group Demo Group 00656,1,GROUP,True,NORMAL
GR000657,BK000657,J000010,Group Demo Group 00657,2,GROUP,True,NORMAL
GR000658,BK000658,J000010,Family Demo Group 00658,6,FAMILY,True,HIGH
GR000659,BK000659,J000010,Group Demo Group 00659,4,GROUP,True,NORMAL
GR000660,BK000660,J000010,Group Demo Group 00660,3,GROUP,True,NORMAL
GR000661,BK000661,J000010,Group Demo Group 00661,2,GROUP,True,NORMAL
GR000662,BK000662,J000010,Group Demo Group 00662,1,GROUP,True,NORMAL
GR000663,BK000663,J000010,Couple Demo Group 00663,3,COUPLE,True,NORMAL
GR000664,BK000664,J000010,Couple Demo Group 00664,6,COUPLE,True,HIGH
GR000665,BK000665,J000010,Group Demo Group 00665,2,GROUP,True,NORMAL
GR000666,BK000666,J000010,Couple Demo Group 00666,4,COUPLE,True,NORMAL
GR000667,BK000667,J000010,Friends Demo Group 00667,2,FRIENDS,True,NORMAL
GR000668,BK000668,J000010,Family Demo Group 00668,8,FAMILY,True,HIGH
GR000669,BK000669,J000010,Group Demo Group 00669,1,GROUP,True,NORMAL
GR000670,BK000670,J000010,Family Demo Group 00670,2,FAMILY,True,NORMAL
GR000671,BK000671,J000011,Group Demo Group 00671,1,GROUP,True,NORMAL
GR000672,BK000672,J000011,Couple Demo Group 00672,2,COUPLE,True,NORMAL
GR000673,BK000673,J000011,Group Demo Group 00673,6,GROUP,True,HIGH
GR000674,BK000674,J000011,Group Demo Group 00674,1,GROUP,True,NORMAL
GR000675,BK000675,J000011,Friends Demo Group 00675,2,FRIENDS,True,NORMAL
GR000676,BK000676,J000011,Group Demo Group 00676,3,GROUP,True,NORMAL
GR000677,BK000677,J000011,Group Demo Group 00677,2,GROUP,True,NORMAL
GR000678,BK000678,J000011,Couple Demo Group 00678,4,COUPLE,True,NORMAL
GR000679,BK000679,J000011,Family Demo Group 00679,5,FAMILY,True,NORMAL
GR000680,BK000680,J000011,Group Demo Group 00680,1,GROUP,True,NORMAL
GR000681,BK000681,J000011,Family Demo Group 00681,3,FAMILY,True,NORMAL
GR000682,BK000682,J000011,Group Demo Group 00682,1,GROUP,True,NORMAL
GR000683,BK000683,J000011,Friends Demo Group 00683,2,FRIENDS,True,NORMAL
GR000684,BK000684,J000011,Group Demo Group 00684,3,GROUP,True,NORMAL
GR000685,BK000685,J000011,Group Demo Group 00685,1,GROUP,True,NORMAL
GR000686,BK000686,J000011,Couple Demo Group 00686,4,COUPLE,True,NORMAL
GR000687,BK000687,J000011,Friends Demo Group 00687,6,FRIENDS,True,HIGH
GR000688,BK000688,J000011,Couple Demo Group 00688,2,COUPLE,True,NORMAL
GR000689,BK000689,J000011,Group Demo Group 00689,2,GROUP,True,NORMAL
GR000690,BK000690,J000011,Family Demo Group 00690,2,FAMILY,True,NORMAL
GR000691,BK000691,J000011,Group Demo Group 00691,4,GROUP,True,NORMAL
GR000692,BK000692,J000011,Group Demo Group 00692,1,GROUP,True,NORMAL
GR000693,BK000693,J000011,Family Demo Group 00693,3,FAMILY,True,NORMAL
GR000694,BK000694,J000011,Family Demo Group 00694,2,FAMILY,True,NORMAL
GR000695,BK000695,J000011,Group Demo Group 00695,1,GROUP,True,NORMAL
GR000696,BK000696,J000011,Group Demo Group 00696,1,GROUP,True,NORMAL
GR000697,BK000697,J000011,Group Demo Group 00697,2,GROUP,True,NORMAL
GR000698,BK000698,J000011,Couple Demo Group 00698,4,COUPLE,True,NORMAL
GR000699,BK000699,J000011,Friends Demo Group 00699,2,FRIENDS,True,NORMAL
GR000700,BK000700,J000011,Group Demo Group 00700,1,GROUP,True,NORMAL
GR000701,BK000701,J000011,Friends Demo Group 00701,4,FRIENDS,True,NORMAL
GR000702,BK000702,J000011,Friends Demo Group 00702,3,FRIENDS,True,NORMAL
GR000703,BK000703,J000011,Friends Demo Group 00703,2,FRIENDS,True,NORMAL
GR000704,BK000704,J000011,Group Demo Group 00704,1,GROUP,True,NORMAL
GR000705,BK000705,J000011,Couple Demo Group 00705,5,COUPLE,True,NORMAL
GR000706,BK000706,J000011,Family Demo Group 00706,2,FAMILY,True,NORMAL
GR000707,BK000707,J000011,Friends Demo Group 00707,2,FRIENDS,True,NORMAL
GR000708,BK000708,J000011,Family Demo Group 00708,4,FAMILY,True,NORMAL
GR000709,BK000709,J000011,Friends Demo Group 00709,4,FRIENDS,True,NORMAL
GR000710,BK000710,J000011,Group Demo Group 00710,1,GROUP,True,NORMAL
GR000711,BK000711,J000011,Couple Demo Group 00711,3,COUPLE,True,NORMAL
GR000712,BK000712,J000011,Couple Demo Group 00712,2,COUPLE,True,NORMAL
GR000713,BK000713,J000011,Family Demo Group 00713,3,FAMILY,True,NORMAL
GR000714,BK000714,J000011,Friends Demo Group 00714,3,FRIENDS,True,NORMAL
GR000715,BK000715,J000011,Friends Demo Group 00715,2,FRIENDS,True,NORMAL
GR000716,BK000716,J000011,Group Demo Group 00716,1,GROUP,True,NORMAL
GR000717,BK000717,J000011,Family Demo Group 00717,3,FAMILY,True,NORMAL
GR000718,BK000718,J000011,Group Demo Group 00718,1,GROUP,True,NORMAL
GR000719,BK000719,J000011,Couple Demo Group 00719,3,COUPLE,True,NORMAL
GR000720,BK000720,J000011,Family Demo Group 00720,4,FAMILY,True,NORMAL
GR000721,BK000721,J000011,Family Demo Group 00721,3,FAMILY,True,NORMAL
GR000722,BK000722,J000011,Group Demo Group 00722,1,GROUP,True,NORMAL
GR000723,BK000723,J000011,Group Demo Group 00723,4,GROUP,True,NORMAL
GR000724,BK000724,J000011,Group Demo Group 00724,1,GROUP,True,NORMAL
GR000725,BK000725,J000011,Group Demo Group 00725,1,GROUP,True,NORMAL
GR000726,BK000726,J000011,Family Demo Group 00726,2,FAMILY,True,NORMAL
GR000727,BK000727,J000011,Friends Demo Group 00727,2,FRIENDS,True,NORMAL
GR000728,BK000728,J000011,Friends Demo Group 00728,5,FRIENDS,True,NORMAL
GR000729,BK000729,J000011,Family Demo Group 00729,3,FAMILY,True,NORMAL
GR000730,BK000730,J000011,Couple Demo Group 00730,4,COUPLE,True,NORMAL
GR000731,BK000731,J000011,Couple Demo Group 00731,7,COUPLE,True,HIGH
GR000732,BK000732,J000011,Couple Demo Group 00732,2,COUPLE,True,NORMAL
GR000733,BK000733,J000011,Group Demo Group 00733,2,GROUP,True,NORMAL
GR000734,BK000734,J000011,Friends Demo Group 00734,3,FRIENDS,True,NORMAL
GR000735,BK000735,J000011,Couple Demo Group 00735,3,COUPLE,True,NORMAL
GR000736,BK000736,J000011,Group Demo Group 00736,1,GROUP,True,NORMAL
GR000737,BK000737,J000011,Friends Demo Group 00737,4,FRIENDS,True,NORMAL
GR000738,BK000738,J000012,Couple Demo Group 00738,8,COUPLE,True,HIGH
GR000739,BK000739,J000012,Couple Demo Group 00739,3,COUPLE,True,NORMAL
GR000740,BK000740,J000012,Family Demo Group 00740,4,FAMILY,True,NORMAL
GR000741,BK000741,J000012,Group Demo Group 00741,1,GROUP,True,NORMAL
GR000742,BK000742,J000012,Couple Demo Group 00742,4,COUPLE,True,NORMAL
GR000743,BK000743,J000012,Couple Demo Group 00743,3,COUPLE,True,NORMAL
GR000744,BK000744,J000012,Family Demo Group 00744,4,FAMILY,True,NORMAL
GR000745,BK000745,J000012,Couple Demo Group 00745,5,COUPLE,True,NORMAL
GR000746,BK000746,J000012,Group Demo Group 00746,5,GROUP,True,NORMAL
GR000747,BK000747,J000012,Couple Demo Group 00747,3,COUPLE,True,NORMAL
GR000748,BK000748,J000012,Family Demo Group 00748,4,FAMILY,True,NORMAL
GR000749,BK000749,J000012,Group Demo Group 00749,1,GROUP,True,NORMAL
GR000750,BK000750,J000012,Couple Demo Group 00750,4,COUPLE,True,NORMAL
GR000751,BK000751,J000012,Friends Demo Group 00751,2,FRIENDS,True,NORMAL
GR000752,BK000752,J000012,Family Demo Group 00752,4,FAMILY,True,NORMAL
GR000753,BK000753,J000012,Group Demo Group 00753,2,GROUP,True,NORMAL
GR000754,BK000754,J000012,Group Demo Group 00754,1,GROUP,True,NORMAL
GR000755,BK000755,J000012,Group Demo Group 00755,4,GROUP,True,NORMAL
GR000756,BK000756,J000012,Couple Demo Group 00756,2,COUPLE,True,NORMAL
GR000757,BK000757,J000012,Group Demo Group 00757,1,GROUP,True,NORMAL
GR000758,BK000758,J000012,Family Demo Group 00758,2,FAMILY,True,NORMAL
GR000759,BK000759,J000012,Group Demo Group 00759,4,GROUP,True,NORMAL
GR000760,BK000760,J000012,Group Demo Group 00760,1,GROUP,True,NORMAL
GR000761,BK000761,J000012,Group Demo Group 00761,1,GROUP,True,NORMAL
GR000762,BK000762,J000012,Friends Demo Group 00762,3,FRIENDS,True,NORMAL
GR000763,BK000763,J000012,Friends Demo Group 00763,2,FRIENDS,True,NORMAL
GR000764,BK000764,J000012,Couple Demo Group 00764,2,COUPLE,True,NORMAL
GR000765,BK000765,J000012,Friends Demo Group 00765,4,FRIENDS,True,NORMAL
GR000766,BK000766,J000012,Group Demo Group 00766,1,GROUP,True,NORMAL
GR000767,BK000767,J000012,Friends Demo Group 00767,2,FRIENDS,True,NORMAL
GR000768,BK000768,J000012,Family Demo Group 00768,4,FAMILY,True,NORMAL
GR000769,BK000769,J000012,Group Demo Group 00769,6,GROUP,True,HIGH
GR000770,BK000770,J000012,Family Demo Group 00770,2,FAMILY,True,NORMAL
GR000771,BK000771,J000012,Friends Demo Group 00771,2,FRIENDS,True,NORMAL
GR000772,BK000772,J000012,Couple Demo Group 00772,2,COUPLE,True,NORMAL
GR000773,BK000773,J000012,Family Demo Group 00773,3,FAMILY,True,NORMAL
GR000774,BK000774,J000012,Group Demo Group 00774,1,GROUP,True,NORMAL
GR000775,BK000775,J000012,Family Demo Group 00775,5,FAMILY,True,NORMAL
GR000776,BK000776,J000012,Group Demo Group 00776,1,GROUP,True,NORMAL
GR000777,BK000777,J000012,Family Demo Group 00777,3,FAMILY,True,NORMAL
GR000778,BK000778,J000012,Group Demo Group 00778,1,GROUP,True,NORMAL
GR000779,BK000779,J000012,Caregiver Demo Group 00779,4,CAREGIVER,True,HIGH
GR000780,BK000780,J000012,Group Demo Group 00780,3,GROUP,True,NORMAL
GR000781,BK000781,J000012,Friends Demo Group 00781,4,FRIENDS,True,NORMAL
GR000782,BK000782,J000012,Family Demo Group 00782,2,FAMILY,True,NORMAL
GR000783,BK000783,J000012,Group Demo Group 00783,4,GROUP,True,NORMAL
GR000784,BK000784,J000012,Family Demo Group 00784,4,FAMILY,True,NORMAL
GR000785,BK000785,J000012,Group Demo Group 00785,2,GROUP,True,NORMAL
GR000786,BK000786,J000012,Friends Demo Group 00786,3,FRIENDS,True,NORMAL
GR000787,BK000787,J000012,Friends Demo Group 00787,2,FRIENDS,True,NORMAL
GR000788,BK000788,J000012,Couple Demo Group 00788,2,COUPLE,True,NORMAL
GR000789,BK000789,J000012,Family Demo Group 00789,3,FAMILY,True,NORMAL
GR000790,BK000790,J000012,Family Demo Group 00790,2,FAMILY,True,NORMAL
GR000791,BK000791,J000012,Friends Demo Group 00791,2,FRIENDS,True,NORMAL
GR000792,BK000792,J000012,Couple Demo Group 00792,6,COUPLE,True,HIGH
GR000793,BK000793,J000012,Group Demo Group 00793,1,GROUP,True,NORMAL
GR000794,BK000794,J000012,Friends Demo Group 00794,7,FRIENDS,True,HIGH
GR000795,BK000795,J000012,Friends Demo Group 00795,2,FRIENDS,True,NORMAL
GR000796,BK000796,J000012,Group Demo Group 00796,1,GROUP,True,NORMAL
GR000797,BK000797,J000012,Couple Demo Group 00797,5,COUPLE,True,NORMAL
GR000798,BK000798,J000012,Caregiver Demo Group 00798,7,CAREGIVER,True,HIGH
GR000799,BK000799,J000012,Group Demo Group 00799,4,GROUP,True,NORMAL
GR000800,BK000800,J000012,Family Demo Group 00800,4,FAMILY,True,NORMAL
GR000801,BK000801,J000012,Group Demo Group 00801,6,GROUP,True,HIGH
GR000802,BK000802,J000012,Friends Demo Group 00802,7,FRIENDS,True,HIGH
GR000803,BK000803,J000012,Friends Demo Group 00803,2,FRIENDS,True,NORMAL
GR000804,BK000804,J000012,Couple Demo Group 00804,2,COUPLE,True,NORMAL
GR000805,BK000805,J000013,Friends Demo Group 00805,4,FRIENDS,True,NORMAL
GR000806,BK000806,J000013,Friends Demo Group 00806,3,FRIENDS,True,NORMAL
GR000807,BK000807,J000013,Group Demo Group 00807,4,GROUP,True,NORMAL
GR000808,BK000808,J000013,Couple Demo Group 00808,2,COUPLE,True,NORMAL
GR000809,BK000809,J000013,Friends Demo Group 00809,4,FRIENDS,True,NORMAL
GR000810,BK000810,J000013,Family Demo Group 00810,2,FAMILY,True,NORMAL
GR000811,BK000811,J000013,Group Demo Group 00811,1,GROUP,True,NORMAL
GR000812,BK000812,J000013,Family Demo Group 00812,4,FAMILY,True,NORMAL
GR000813,BK000813,J000013,Friends Demo Group 00813,4,FRIENDS,True,NORMAL
GR000814,BK000814,J000013,Family Demo Group 00814,2,FAMILY,True,NORMAL
GR000815,BK000815,J000013,Friends Demo Group 00815,2,FRIENDS,True,NORMAL
GR000816,BK000816,J000013,Couple Demo Group 00816,2,COUPLE,True,NORMAL
GR000817,BK000817,J000013,Group Demo Group 00817,1,GROUP,True,NORMAL
GR000818,BK000818,J000013,Group Demo Group 00818,1,GROUP,True,NORMAL
GR000819,BK000819,J000013,Group Demo Group 00819,1,GROUP,True,NORMAL
GR000820,BK000820,J000013,Couple Demo Group 00820,2,COUPLE,True,NORMAL
GR000821,BK000821,J000013,Group Demo Group 00821,1,GROUP,True,NORMAL
GR000822,BK000822,J000013,Couple Demo Group 00822,4,COUPLE,True,NORMAL
GR000823,BK000823,J000013,Couple Demo Group 00823,3,COUPLE,True,NORMAL
GR000824,BK000824,J000013,Couple Demo Group 00824,6,COUPLE,True,HIGH
GR000825,BK000825,J000013,Group Demo Group 00825,2,GROUP,True,NORMAL
GR000826,BK000826,J000013,Friends Demo Group 00826,3,FRIENDS,True,NORMAL
GR000827,BK000827,J000013,Friends Demo Group 00827,2,FRIENDS,True,NORMAL
GR000828,BK000828,J000013,Group Demo Group 00828,7,GROUP,True,HIGH
GR000829,BK000829,J000013,Friends Demo Group 00829,4,FRIENDS,True,NORMAL
GR000830,BK000830,J000013,Family Demo Group 00830,2,FAMILY,True,NORMAL
GR000831,BK000831,J000013,Friends Demo Group 00831,2,FRIENDS,True,NORMAL
GR000832,BK000832,J000013,Family Demo Group 00832,4,FAMILY,True,NORMAL
GR000833,BK000833,J000013,Couple Demo Group 00833,5,COUPLE,True,NORMAL
GR000834,BK000834,J000013,Group Demo Group 00834,1,GROUP,True,NORMAL
GR000835,BK000835,J000013,Couple Demo Group 00835,3,COUPLE,True,NORMAL
GR000836,BK000836,J000013,Caregiver Demo Group 00836,4,CAREGIVER,True,HIGH
GR000837,BK000837,J000013,Couple Demo Group 00837,5,COUPLE,True,NORMAL
GR000838,BK000838,J000013,Friends Demo Group 00838,7,FRIENDS,True,HIGH
GR000839,BK000839,J000013,Group Demo Group 00839,1,GROUP,True,NORMAL
GR000840,BK000840,J000013,Couple Demo Group 00840,2,COUPLE,True,NORMAL
GR000841,BK000841,J000013,Group Demo Group 00841,1,GROUP,True,NORMAL
GR000842,BK000842,J000013,Family Demo Group 00842,6,FAMILY,True,HIGH
GR000843,BK000843,J000013,Group Demo Group 00843,4,GROUP,True,NORMAL
GR000844,BK000844,J000013,Family Demo Group 00844,4,FAMILY,True,NORMAL
GR000845,BK000845,J000013,Friends Demo Group 00845,4,FRIENDS,True,NORMAL
GR000846,BK000846,J000013,Group Demo Group 00846,1,GROUP,True,NORMAL
GR000847,BK000847,J000013,Group Demo Group 00847,4,GROUP,True,NORMAL
GR000848,BK000848,J000013,Group Demo Group 00848,1,GROUP,True,NORMAL
GR000849,BK000849,J000013,Group Demo Group 00849,1,GROUP,True,NORMAL
GR000850,BK000850,J000013,Family Demo Group 00850,2,FAMILY,True,NORMAL
GR000851,BK000851,J000013,Group Demo Group 00851,4,GROUP,True,NORMAL
GR000852,BK000852,J000013,Family Demo Group 00852,4,FAMILY,True,NORMAL
GR000853,BK000853,J000013,Friends Demo Group 00853,4,FRIENDS,True,NORMAL
GR000854,BK000854,J000013,Couple Demo Group 00854,4,COUPLE,True,NORMAL
GR000855,BK000855,J000013,Friends Demo Group 00855,2,FRIENDS,True,NORMAL
GR000856,BK000856,J000013,Family Demo Group 00856,4,FAMILY,True,NORMAL
GR000857,BK000857,J000013,Group Demo Group 00857,2,GROUP,True,NORMAL
GR000858,BK000858,J000013,Family Demo Group 00858,2,FAMILY,True,NORMAL
GR000859,BK000859,J000013,Friends Demo Group 00859,2,FRIENDS,True,NORMAL
GR000860,BK000860,J000013,Friends Demo Group 00860,5,FRIENDS,True,NORMAL
GR000861,BK000861,J000013,Group Demo Group 00861,6,GROUP,True,HIGH
GR000862,BK000862,J000013,Family Demo Group 00862,6,FAMILY,True,HIGH
GR000863,BK000863,J000013,Family Demo Group 00863,5,FAMILY,True,NORMAL
GR000864,BK000864,J000013,Couple Demo Group 00864,2,COUPLE,True,NORMAL
GR000865,BK000865,J000013,Group Demo Group 00865,6,GROUP,True,HIGH
GR000866,BK000866,J000013,Group Demo Group 00866,1,GROUP,True,NORMAL
GR000867,BK000867,J000013,Group Demo Group 00867,8,GROUP,True,HIGH
GR000868,BK000868,J000013,Couple Demo Group 00868,2,COUPLE,True,NORMAL
GR000869,BK000869,J000013,Friends Demo Group 00869,4,FRIENDS,True,NORMAL
GR000870,BK000870,J000013,Group Demo Group 00870,1,GROUP,True,NORMAL
GR000871,BK000871,J000013,Couple Demo Group 00871,3,COUPLE,True,NORMAL
GR000872,BK000872,J000014,Family Demo Group 00872,4,FAMILY,True,NORMAL
GR000873,BK000873,J000014,Group Demo Group 00873,2,GROUP,True,NORMAL
GR000874,BK000874,J000014,Group Demo Group 00874,1,GROUP,True,NORMAL
GR000875,BK000875,J000014,Group Demo Group 00875,4,GROUP,True,NORMAL
GR000876,BK000876,J000014,Group Demo Group 00876,1,GROUP,True,NORMAL
GR000877,BK000877,J000014,Friends Demo Group 00877,4,FRIENDS,True,NORMAL
GR000878,BK000878,J000014,Family Demo Group 00878,2,FAMILY,True,NORMAL
GR000879,BK000879,J000014,Friends Demo Group 00879,2,FRIENDS,True,NORMAL
GR000880,BK000880,J000014,Group Demo Group 00880,7,GROUP,True,HIGH
GR000881,BK000881,J000014,Family Demo Group 00881,3,FAMILY,True,NORMAL
GR000882,BK000882,J000014,Group Demo Group 00882,1,GROUP,True,NORMAL
GR000883,BK000883,J000014,Couple Demo Group 00883,7,COUPLE,True,HIGH
GR000884,BK000884,J000014,Couple Demo Group 00884,2,COUPLE,True,NORMAL
GR000885,BK000885,J000014,Family Demo Group 00885,7,FAMILY,True,HIGH
GR000886,BK000886,J000014,Family Demo Group 00886,2,FAMILY,True,NORMAL
GR000887,BK000887,J000014,Family Demo Group 00887,5,FAMILY,True,NORMAL
GR000888,BK000888,J000014,Group Demo Group 00888,1,GROUP,True,NORMAL
GR000889,BK000889,J000014,Friends Demo Group 00889,4,FRIENDS,True,NORMAL
GR000890,BK000890,J000014,Group Demo Group 00890,1,GROUP,True,NORMAL
GR000891,BK000891,J000014,Group Demo Group 00891,1,GROUP,True,NORMAL
GR000892,BK000892,J000014,Couple Demo Group 00892,6,COUPLE,True,HIGH
GR000893,BK000893,J000014,Group Demo Group 00893,2,GROUP,True,NORMAL
GR000894,BK000894,J000014,Group Demo Group 00894,5,GROUP,True,NORMAL
GR000895,BK000895,J000014,Group Demo Group 00895,1,GROUP,True,NORMAL
GR000896,BK000896,J000014,Friends Demo Group 00896,5,FRIENDS,True,NORMAL
GR000897,BK000897,J000014,Group Demo Group 00897,1,GROUP,True,NORMAL
GR000898,BK000898,J000014,Group Demo Group 00898,1,GROUP,True,NORMAL
GR000899,BK000899,J000014,Group Demo Group 00899,4,GROUP,True,NORMAL
GR000900,BK000900,J000014,Couple Demo Group 00900,6,COUPLE,True,HIGH
GR000901,BK000901,J000014,Family Demo Group 00901,3,FAMILY,True,NORMAL
GR000902,BK000902,J000014,Group Demo Group 00902,1,GROUP,True,NORMAL
GR000903,BK000903,J000014,Family Demo Group 00903,5,FAMILY,True,NORMAL
GR000904,BK000904,J000014,Couple Demo Group 00904,6,COUPLE,True,HIGH
GR000905,BK000905,J000014,Family Demo Group 00905,3,FAMILY,True,NORMAL
GR000906,BK000906,J000014,Family Demo Group 00906,6,FAMILY,True,HIGH
GR000907,BK000907,J000014,Group Demo Group 00907,1,GROUP,True,NORMAL
GR000908,BK000908,J000014,Couple Demo Group 00908,2,COUPLE,True,NORMAL
GR000909,BK000909,J000014,Group Demo Group 00909,1,GROUP,True,NORMAL
GR000910,BK000910,J000014,Friends Demo Group 00910,3,FRIENDS,True,NORMAL
GR000911,BK000911,J000014,Group Demo Group 00911,4,GROUP,True,NORMAL
GR000912,BK000912,J000014,Group Demo Group 00912,3,GROUP,True,NORMAL
GR000913,BK000913,J000014,Group Demo Group 00913,6,GROUP,True,HIGH
GR000914,BK000914,J000014,Group Demo Group 00914,1,GROUP,True,NORMAL
GR000915,BK000915,J000014,Group Demo Group 00915,1,GROUP,True,NORMAL
GR000916,BK000916,J000014,Couple Demo Group 00916,2,COUPLE,True,NORMAL
GR000917,BK000917,J000014,Group Demo Group 00917,2,GROUP,True,NORMAL
GR000918,BK000918,J000014,Friends Demo Group 00918,3,FRIENDS,True,NORMAL
GR000919,BK000919,J000014,Group Demo Group 00919,1,GROUP,True,NORMAL
GR000920,BK000920,J000014,Family Demo Group 00920,4,FAMILY,True,NORMAL
GR000921,BK000921,J000014,Group Demo Group 00921,2,GROUP,True,NORMAL
GR000922,BK000922,J000014,Group Demo Group 00922,1,GROUP,True,NORMAL
GR000923,BK000923,J000014,Friends Demo Group 00923,2,FRIENDS,True,NORMAL
GR000924,BK000924,J000014,Group Demo Group 00924,1,GROUP,True,NORMAL
GR000925,BK000925,J000014,Group Demo Group 00925,2,GROUP,True,NORMAL
GR000926,BK000926,J000014,Group Demo Group 00926,1,GROUP,True,NORMAL
GR000927,BK000927,J000014,Group Demo Group 00927,1,GROUP,True,NORMAL
GR000928,BK000928,J000014,Couple Demo Group 00928,2,COUPLE,True,NORMAL
GR000929,BK000929,J000014,Group Demo Group 00929,6,GROUP,True,HIGH
GR000930,BK000930,J000014,Family Demo Group 00930,2,FAMILY,True,NORMAL
GR000931,BK000931,J000014,Caregiver Demo Group 00931,4,CAREGIVER,True,HIGH
GR000932,BK000932,J000014,Couple Demo Group 00932,2,COUPLE,True,NORMAL
GR000933,BK000933,J000014,Couple Demo Group 00933,5,COUPLE,True,NORMAL
GR000934,BK000934,J000014,Group Demo Group 00934,1,GROUP,True,NORMAL
GR000935,BK000935,J000014,Group Demo Group 00935,8,GROUP,True,HIGH
GR000936,BK000936,J000014,Group Demo Group 00936,3,GROUP,True,NORMAL
GR000937,BK000937,J000014,Friends Demo Group 00937,4,FRIENDS,True,NORMAL
GR000938,BK000938,J000014,Couple Demo Group 00938,4,COUPLE,True,NORMAL
GR000939,BK000939,J000015,Family Demo Group 00939,5,FAMILY,True,NORMAL
GR000940,BK000940,J000015,Friends Demo Group 00940,5,FRIENDS,True,NORMAL
GR000941,BK000941,J000015,Friends Demo Group 00941,4,FRIENDS,True,NORMAL
GR000942,BK000942,J000015,Group Demo Group 00942,1,GROUP,True,NORMAL
GR000943,BK000943,J000015,Group Demo Group 00943,1,GROUP,True,NORMAL
GR000944,BK000944,J000015,Group Demo Group 00944,1,GROUP,True,NORMAL
GR000945,BK000945,J000015,Group Demo Group 00945,1,GROUP,True,NORMAL
GR000946,BK000946,J000015,Friends Demo Group 00946,3,FRIENDS,True,NORMAL
GR000947,BK000947,J000015,Friends Demo Group 00947,2,FRIENDS,True,NORMAL
GR000948,BK000948,J000015,Group Demo Group 00948,3,GROUP,True,NORMAL
GR000949,BK000949,J000015,Family Demo Group 00949,3,FAMILY,True,NORMAL
GR000950,BK000950,J000015,Caregiver Demo Group 00950,4,CAREGIVER,True,HIGH
GR000951,BK000951,J000015,Group Demo Group 00951,1,GROUP,True,NORMAL
GR000952,BK000952,J000015,Group Demo Group 00952,1,GROUP,True,NORMAL
GR000953,BK000953,J000015,Group Demo Group 00953,2,GROUP,True,NORMAL
GR000954,BK000954,J000015,Group Demo Group 00954,5,GROUP,True,NORMAL
GR000955,BK000955,J000015,Couple Demo Group 00955,3,COUPLE,True,NORMAL
GR000956,BK000956,J000015,Group Demo Group 00956,3,GROUP,True,NORMAL
GR000957,BK000957,J000015,Group Demo Group 00957,1,GROUP,True,NORMAL
GR000958,BK000958,J000015,Family Demo Group 00958,6,FAMILY,True,HIGH
GR000959,BK000959,J000015,Couple Demo Group 00959,3,COUPLE,True,NORMAL
GR000960,BK000960,J000015,Group Demo Group 00960,3,GROUP,True,NORMAL
GR000961,BK000961,J000015,Group Demo Group 00961,2,GROUP,True,NORMAL
GR000962,BK000962,J000015,Family Demo Group 00962,6,FAMILY,True,HIGH
GR000963,BK000963,J000015,Couple Demo Group 00963,3,COUPLE,True,NORMAL
GR000964,BK000964,J000015,Family Demo Group 00964,4,FAMILY,True,NORMAL
GR000965,BK000965,J000015,Group Demo Group 00965,1,GROUP,True,NORMAL
GR000966,BK000966,J000015,Family Demo Group 00966,6,FAMILY,True,HIGH
GR000967,BK000967,J000015,Group Demo Group 00967,4,GROUP,True,NORMAL
GR000968,BK000968,J000015,Group Demo Group 00968,3,GROUP,True,NORMAL
GR000969,BK000969,J000015,Caregiver Demo Group 00969,8,CAREGIVER,True,HIGH
GR000970,BK000970,J000015,Family Demo Group 00970,2,FAMILY,True,NORMAL
GR000971,BK000971,J000015,Friends Demo Group 00971,6,FRIENDS,True,HIGH
GR000972,BK000972,J000015,Family Demo Group 00972,4,FAMILY,True,NORMAL
GR000973,BK000973,J000015,Friends Demo Group 00973,4,FRIENDS,True,NORMAL
GR000974,BK000974,J000015,Friends Demo Group 00974,3,FRIENDS,True,NORMAL
GR000975,BK000975,J000015,Group Demo Group 00975,1,GROUP,True,NORMAL
GR000976,BK000976,J000015,Group Demo Group 00976,3,GROUP,True,NORMAL
GR000977,BK000977,J000015,Group Demo Group 00977,2,GROUP,True,NORMAL
GR000978,BK000978,J000015,Family Demo Group 00978,2,FAMILY,True,NORMAL
GR000979,BK000979,J000015,Couple Demo Group 00979,3,COUPLE,True,NORMAL
GR000980,BK000980,J000015,Group Demo Group 00980,1,GROUP,True,NORMAL
GR000981,BK000981,J000015,Couple Demo Group 00981,5,COUPLE,True,NORMAL
GR000982,BK000982,J000015,Couple Demo Group 00982,4,COUPLE,True,NORMAL
GR000983,BK000983,J000015,Friends Demo Group 00983,2,FRIENDS,True,NORMAL
GR000984,BK000984,J000015,Couple Demo Group 00984,6,COUPLE,True,HIGH
GR000985,BK000985,J000015,Group Demo Group 00985,2,GROUP,True,NORMAL
GR000986,BK000986,J000015,Family Demo Group 00986,2,FAMILY,True,NORMAL
GR000987,BK000987,J000015,Friends Demo Group 00987,2,FRIENDS,True,NORMAL
GR000988,BK000988,J000015,Caregiver Demo Group 00988,6,CAREGIVER,True,HIGH
GR000989,BK000989,J000015,Group Demo Group 00989,2,GROUP,True,NORMAL
GR000990,BK000990,J000015,Friends Demo Group 00990,3,FRIENDS,True,NORMAL
GR000991,BK000991,J000015,Family Demo Group 00991,5,FAMILY,True,NORMAL
GR000992,BK000992,J000015,Couple Demo Group 00992,2,COUPLE,True,NORMAL
GR000993,BK000993,J000015,Group Demo Group 00993,2,GROUP,True,NORMAL
GR000994,BK000994,J000015,Family Demo Group 00994,2,FAMILY,True,NORMAL
GR000995,BK000995,J000015,Family Demo Group 00995,5,FAMILY,True,NORMAL
GR000996,BK000996,J000015,Friends Demo Group 00996,5,FRIENDS,True,NORMAL
GR000997,BK000997,J000015,Group Demo Group 00997,1,GROUP,True,NORMAL
GR000998,BK000998,J000015,Couple Demo Group 00998,4,COUPLE,True,NORMAL
GR000999,BK000999,J000015,Group Demo Group 00999,1,GROUP,True,NORMAL
GR001000,BK001000,J000015,Family Demo Group 01000,4,FAMILY,True,NORMAL
GR001001,BK001001,J000015,Group Demo Group 01001,2,GROUP,True,NORMAL
GR001002,BK001002,J000015,Couple Demo Group 01002,4,COUPLE,True,NORMAL
GR001003,BK001003,J000015,Group Demo Group 01003,4,GROUP,True,NORMAL
GR001004,BK001004,J000015,Group Demo Group 01004,1,GROUP,True,NORMAL
GR001005,BK001005,J000015,Couple Demo Group 01005,5,COUPLE,True,NORMAL
GR001006,BK001006,J000016,Group Demo Group 01006,1,GROUP,True,NORMAL
GR001007,BK001007,J000016,Friends Demo Group 01007,2,FRIENDS,True,NORMAL
GR001008,BK001008,J000016,Family Demo Group 01008,4,FAMILY,True,NORMAL
GR001009,BK001009,J000016,Group Demo Group 01009,1,GROUP,True,NORMAL
GR001010,BK001010,J000016,Couple Demo Group 01010,4,COUPLE,True,NORMAL
GR001011,BK001011,J000016,Couple Demo Group 01011,3,COUPLE,True,NORMAL
GR001012,BK001012,J000016,Friends Demo Group 01012,5,FRIENDS,True,NORMAL
GR001013,BK001013,J000016,Group Demo Group 01013,2,GROUP,True,NORMAL
GR001014,BK001014,J000016,Family Demo Group 01014,2,FAMILY,True,NORMAL
GR001015,BK001015,J000016,Friends Demo Group 01015,2,FRIENDS,True,NORMAL
GR001016,BK001016,J000016,Group Demo Group 01016,3,GROUP,True,NORMAL
GR001017,BK001017,J000016,Couple Demo Group 01017,5,COUPLE,True,NORMAL
GR001018,BK001018,J000016,Group Demo Group 01018,1,GROUP,True,NORMAL
GR001019,BK001019,J000016,Group Demo Group 01019,1,GROUP,True,NORMAL
GR001020,BK001020,J000016,Group Demo Group 01020,3,GROUP,True,NORMAL
GR001021,BK001021,J000016,Group Demo Group 01021,2,GROUP,True,NORMAL
GR001022,BK001022,J000016,Friends Demo Group 01022,3,FRIENDS,True,NORMAL
GR001023,BK001023,J000016,Couple Demo Group 01023,3,COUPLE,True,NORMAL
GR001024,BK001024,J000016,Couple Demo Group 01024,2,COUPLE,True,NORMAL
GR001025,BK001025,J000016,Group Demo Group 01025,2,GROUP,True,NORMAL
GR001026,BK001026,J000016,Group Demo Group 01026,1,GROUP,True,NORMAL
GR001027,BK001027,J000016,Couple Demo Group 01027,3,COUPLE,True,NORMAL
GR001028,BK001028,J000016,Family Demo Group 01028,4,FAMILY,True,NORMAL
GR001029,BK001029,J000016,Friends Demo Group 01029,4,FRIENDS,True,NORMAL
GR001030,BK001030,J000016,Couple Demo Group 01030,4,COUPLE,True,NORMAL
GR001031,BK001031,J000016,Friends Demo Group 01031,2,FRIENDS,True,NORMAL
GR001032,BK001032,J000016,Family Demo Group 01032,4,FAMILY,True,NORMAL
GR001033,BK001033,J000016,Family Demo Group 01033,3,FAMILY,True,NORMAL
GR001034,BK001034,J000016,Family Demo Group 01034,2,FAMILY,True,NORMAL
GR001035,BK001035,J000016,Group Demo Group 01035,1,GROUP,True,NORMAL
GR001036,BK001036,J000016,Couple Demo Group 01036,2,COUPLE,True,NORMAL
GR001037,BK001037,J000016,Family Demo Group 01037,3,FAMILY,True,NORMAL
GR001038,BK001038,J000016,Friends Demo Group 01038,3,FRIENDS,True,NORMAL
GR001039,BK001039,J000016,Group Demo Group 01039,4,GROUP,True,NORMAL
GR001040,BK001040,J000016,Family Demo Group 01040,4,FAMILY,True,NORMAL
GR001041,BK001041,J000016,Group Demo Group 01041,1,GROUP,True,NORMAL
GR001042,BK001042,J000016,Group Demo Group 01042,5,GROUP,True,NORMAL
GR001043,BK001043,J000016,Group Demo Group 01043,4,GROUP,True,NORMAL
GR001044,BK001044,J000016,Family Demo Group 01044,4,FAMILY,True,NORMAL
GR001045,BK001045,J000016,Group Demo Group 01045,1,GROUP,True,NORMAL
GR001046,BK001046,J000016,Couple Demo Group 01046,4,COUPLE,True,NORMAL
GR001047,BK001047,J000016,Group Demo Group 01047,4,GROUP,True,NORMAL
GR001048,BK001048,J000016,Group Demo Group 01048,7,GROUP,True,HIGH
GR001049,BK001049,J000016,Group Demo Group 01049,1,GROUP,True,NORMAL
GR001050,BK001050,J000016,Group Demo Group 01050,1,GROUP,True,NORMAL
GR001051,BK001051,J000016,Group Demo Group 01051,4,GROUP,True,NORMAL
GR001052,BK001052,J000016,Family Demo Group 01052,4,FAMILY,True,NORMAL
GR001053,BK001053,J000016,Group Demo Group 01053,2,GROUP,True,NORMAL
GR001054,BK001054,J000016,Group Demo Group 01054,5,GROUP,True,NORMAL
GR001055,BK001055,J000016,Group Demo Group 01055,4,GROUP,True,NORMAL
GR001056,BK001056,J000016,Group Demo Group 01056,1,GROUP,True,NORMAL
GR001057,BK001057,J000016,Group Demo Group 01057,2,GROUP,True,NORMAL
GR001058,BK001058,J000016,Family Demo Group 01058,2,FAMILY,True,NORMAL
GR001059,BK001059,J000016,Group Demo Group 01059,1,GROUP,True,NORMAL
GR001060,BK001060,J000016,Group Demo Group 01060,3,GROUP,True,NORMAL
GR001061,BK001061,J000016,Friends Demo Group 01061,8,FRIENDS,True,HIGH
GR001062,BK001062,J000016,Family Demo Group 01062,2,FAMILY,True,NORMAL
GR001063,BK001063,J000016,Friends Demo Group 01063,2,FRIENDS,True,NORMAL
GR001064,BK001064,J000016,Group Demo Group 01064,3,GROUP,True,NORMAL
GR001065,BK001065,J000016,Group Demo Group 01065,1,GROUP,True,NORMAL
GR001066,BK001066,J000016,Friends Demo Group 01066,3,FRIENDS,True,NORMAL
GR001067,BK001067,J000016,Friends Demo Group 01067,2,FRIENDS,True,NORMAL
GR001068,BK001068,J000016,Group Demo Group 01068,1,GROUP,True,NORMAL
GR001069,BK001069,J000016,Family Demo Group 01069,7,FAMILY,True,HIGH
GR001070,BK001070,J000016,Couple Demo Group 01070,4,COUPLE,True,NORMAL
GR001071,BK001071,J000016,Group Demo Group 01071,1,GROUP,True,NORMAL
GR001072,BK001072,J000016,Couple Demo Group 01072,2,COUPLE,True,NORMAL
GR001073,BK001073,J000017,Group Demo Group 01073,2,GROUP,True,NORMAL
GR001074,BK001074,J000017,Family Demo Group 01074,2,FAMILY,True,NORMAL
GR001075,BK001075,J000017,Friends Demo Group 01075,6,FRIENDS,True,HIGH
GR001076,BK001076,J000017,Group Demo Group 01076,1,GROUP,True,NORMAL
GR001077,BK001077,J000017,Group Demo Group 01077,1,GROUP,True,NORMAL
GR001078,BK001078,J000017,Friends Demo Group 01078,7,FRIENDS,True,HIGH
GR001079,BK001079,J000017,Group Demo Group 01079,1,GROUP,True,NORMAL
GR001080,BK001080,J000017,Group Demo Group 01080,1,GROUP,True,NORMAL
GR001081,BK001081,J000017,Friends Demo Group 01081,4,FRIENDS,True,NORMAL
GR001082,BK001082,J000017,Couple Demo Group 01082,4,COUPLE,True,NORMAL
GR001083,BK001083,J000017,Couple Demo Group 01083,3,COUPLE,True,NORMAL
GR001084,BK001084,J000017,Group Demo Group 01084,3,GROUP,True,NORMAL
GR001085,BK001085,J000017,Family Demo Group 01085,3,FAMILY,True,NORMAL
GR001086,BK001086,J000017,Family Demo Group 01086,2,FAMILY,True,NORMAL
GR001087,BK001087,J000017,Group Demo Group 01087,4,GROUP,True,NORMAL
GR001088,BK001088,J000017,Group Demo Group 01088,1,GROUP,True,NORMAL
GR001089,BK001089,J000017,Group Demo Group 01089,1,GROUP,True,NORMAL
GR001090,BK001090,J000017,Group Demo Group 01090,1,GROUP,True,NORMAL
GR001091,BK001091,J000017,Couple Demo Group 01091,3,COUPLE,True,NORMAL
GR001092,BK001092,J000017,Couple Demo Group 01092,2,COUPLE,True,NORMAL
GR001093,BK001093,J000017,Group Demo Group 01093,2,GROUP,True,NORMAL
GR001094,BK001094,J000017,Friends Demo Group 01094,3,FRIENDS,True,NORMAL
GR001095,BK001095,J000017,Family Demo Group 01095,5,FAMILY,True,NORMAL
GR001096,BK001096,J000017,Family Demo Group 01096,4,FAMILY,True,NORMAL
GR001097,BK001097,J000017,Group Demo Group 01097,2,GROUP,True,NORMAL
GR001098,BK001098,J000017,Family Demo Group 01098,6,FAMILY,True,HIGH
GR001099,BK001099,J000017,Family Demo Group 01099,5,FAMILY,True,NORMAL
GR001100,BK001100,J000017,Family Demo Group 01100,4,FAMILY,True,NORMAL
GR001101,BK001101,J000017,Friends Demo Group 01101,8,FRIENDS,True,HIGH
GR001102,BK001102,J000017,Group Demo Group 01102,1,GROUP,True,NORMAL
GR001103,BK001103,J000017,Friends Demo Group 01103,2,FRIENDS,True,NORMAL
GR001104,BK001104,J000017,Couple Demo Group 01104,2,COUPLE,True,NORMAL
GR001105,BK001105,J000017,Family Demo Group 01105,7,FAMILY,True,HIGH
GR001106,BK001106,J000017,Family Demo Group 01106,2,FAMILY,True,NORMAL
GR001107,BK001107,J000017,Friends Demo Group 01107,2,FRIENDS,True,NORMAL
GR001108,BK001108,J000017,Group Demo Group 01108,3,GROUP,True,NORMAL
GR001109,BK001109,J000017,Friends Demo Group 01109,4,FRIENDS,True,NORMAL
GR001110,BK001110,J000017,Friends Demo Group 01110,3,FRIENDS,True,NORMAL
GR001111,BK001111,J000017,Group Demo Group 01111,4,GROUP,True,NORMAL
GR001112,BK001112,J000017,Group Demo Group 01112,1,GROUP,True,NORMAL
GR001113,BK001113,J000017,Family Demo Group 01113,3,FAMILY,True,NORMAL
GR001114,BK001114,J000017,Couple Demo Group 01114,4,COUPLE,True,NORMAL
GR001115,BK001115,J000017,Group Demo Group 01115,1,GROUP,True,NORMAL
GR001116,BK001116,J000017,Family Demo Group 01116,4,FAMILY,True,NORMAL
GR001117,BK001117,J000017,Friends Demo Group 01117,4,FRIENDS,True,NORMAL
GR001118,BK001118,J000017,Family Demo Group 01118,2,FAMILY,True,NORMAL
GR001119,BK001119,J000017,Friends Demo Group 01119,2,FRIENDS,True,NORMAL
GR001120,BK001120,J000017,Family Demo Group 01120,4,FAMILY,True,NORMAL
GR001121,BK001121,J000017,Caregiver Demo Group 01121,8,CAREGIVER,True,HIGH
GR001122,BK001122,J000017,Friends Demo Group 01122,3,FRIENDS,True,NORMAL
GR001123,BK001123,J000017,Friends Demo Group 01123,2,FRIENDS,True,NORMAL
GR001124,BK001124,J000017,Family Demo Group 01124,4,FAMILY,True,NORMAL
GR001125,BK001125,J000017,Friends Demo Group 01125,4,FRIENDS,True,NORMAL
GR001126,BK001126,J000017,Group Demo Group 01126,1,GROUP,True,NORMAL
GR001127,BK001127,J000017,Friends Demo Group 01127,2,FRIENDS,True,NORMAL
GR001128,BK001128,J000017,Family Demo Group 01128,4,FAMILY,True,NORMAL
GR001129,BK001129,J000017,Family Demo Group 01129,3,FAMILY,True,NORMAL
GR001130,BK001130,J000017,Friends Demo Group 01130,3,FRIENDS,True,NORMAL
GR001131,BK001131,J000017,Friends Demo Group 01131,2,FRIENDS,True,NORMAL
GR001132,BK001132,J000017,Group Demo Group 01132,1,GROUP,True,NORMAL
GR001133,BK001133,J000017,Group Demo Group 01133,2,GROUP,True,NORMAL
GR001134,BK001134,J000017,Friends Demo Group 01134,3,FRIENDS,True,NORMAL
GR001135,BK001135,J000017,Friends Demo Group 01135,6,FRIENDS,True,HIGH
GR001136,BK001136,J000017,Family Demo Group 01136,8,FAMILY,True,HIGH
GR001137,BK001137,J000017,Group Demo Group 01137,1,GROUP,True,NORMAL
GR001138,BK001138,J000017,Group Demo Group 01138,1,GROUP,True,NORMAL
GR001139,BK001139,J000017,Group Demo Group 01139,1,GROUP,True,NORMAL
GR001140,BK001140,J000018,Caregiver Demo Group 01140,4,CAREGIVER,True,HIGH
GR001141,BK001141,J000018,Group Demo Group 01141,2,GROUP,True,NORMAL
GR001142,BK001142,J000018,Family Demo Group 01142,2,FAMILY,True,NORMAL
GR001143,BK001143,J000018,Group Demo Group 01143,1,GROUP,True,NORMAL
GR001144,BK001144,J000018,Couple Demo Group 01144,6,COUPLE,True,HIGH
GR001145,BK001145,J000018,Group Demo Group 01145,2,GROUP,True,NORMAL
GR001146,BK001146,J000018,Friends Demo Group 01146,3,FRIENDS,True,NORMAL
GR001147,BK001147,J000018,Couple Demo Group 01147,3,COUPLE,True,NORMAL
GR001148,BK001148,J000018,Couple Demo Group 01148,6,COUPLE,True,HIGH
GR001149,BK001149,J000018,Group Demo Group 01149,1,GROUP,True,NORMAL
GR001150,BK001150,J000018,Family Demo Group 01150,2,FAMILY,True,NORMAL
GR001151,BK001151,J000018,Friends Demo Group 01151,2,FRIENDS,True,NORMAL
GR001152,BK001152,J000018,Group Demo Group 01152,1,GROUP,True,NORMAL
GR001153,BK001153,J000018,Group Demo Group 01153,6,GROUP,True,HIGH
GR001154,BK001154,J000018,Couple Demo Group 01154,4,COUPLE,True,NORMAL
GR001155,BK001155,J000018,Couple Demo Group 01155,7,COUPLE,True,HIGH
GR001156,BK001156,J000018,Couple Demo Group 01156,2,COUPLE,True,NORMAL
GR001157,BK001157,J000018,Friends Demo Group 01157,4,FRIENDS,True,NORMAL
GR001158,BK001158,J000018,Friends Demo Group 01158,3,FRIENDS,True,NORMAL
GR001159,BK001159,J000018,Friends Demo Group 01159,2,FRIENDS,True,NORMAL
GR001160,BK001160,J000018,Family Demo Group 01160,4,FAMILY,True,NORMAL
GR001161,BK001161,J000018,Friends Demo Group 01161,4,FRIENDS,True,NORMAL
GR001162,BK001162,J000018,Friends Demo Group 01162,3,FRIENDS,True,NORMAL
GR001163,BK001163,J000018,Couple Demo Group 01163,3,COUPLE,True,NORMAL
GR001164,BK001164,J000018,Group Demo Group 01164,3,GROUP,True,NORMAL
GR001165,BK001165,J000018,Family Demo Group 01165,7,FAMILY,True,HIGH
GR001166,BK001166,J000018,Couple Demo Group 01166,8,COUPLE,True,HIGH
GR001167,BK001167,J000018,Group Demo Group 01167,8,GROUP,True,HIGH
GR001168,BK001168,J000018,Friends Demo Group 01168,5,FRIENDS,True,NORMAL
GR001169,BK001169,J000018,Friends Demo Group 01169,4,FRIENDS,True,NORMAL
GR001170,BK001170,J000018,Friends Demo Group 01170,7,FRIENDS,True,HIGH
GR001171,BK001171,J000018,Friends Demo Group 01171,2,FRIENDS,True,NORMAL
GR001172,BK001172,J000018,Family Demo Group 01172,4,FAMILY,True,NORMAL
GR001173,BK001173,J000018,Group Demo Group 01173,1,GROUP,True,NORMAL
GR001174,BK001174,J000018,Group Demo Group 01174,1,GROUP,True,NORMAL
GR001175,BK001175,J000018,Friends Demo Group 01175,2,FRIENDS,True,NORMAL
GR001176,BK001176,J000018,Couple Demo Group 01176,2,COUPLE,True,NORMAL
GR001177,BK001177,J000018,Friends Demo Group 01177,8,FRIENDS,True,HIGH
GR001178,BK001178,J000018,Family Demo Group 01178,2,FAMILY,True,NORMAL
GR001179,BK001179,J000018,Group Demo Group 01179,1,GROUP,True,NORMAL
GR001180,BK001180,J000018,Group Demo Group 01180,1,GROUP,True,NORMAL
GR001181,BK001181,J000018,Friends Demo Group 01181,4,FRIENDS,True,NORMAL
GR001182,BK001182,J000018,Friends Demo Group 01182,3,FRIENDS,True,NORMAL
GR001183,BK001183,J000018,Couple Demo Group 01183,3,COUPLE,True,NORMAL
GR001184,BK001184,J000018,Friends Demo Group 01184,5,FRIENDS,True,NORMAL
GR001185,BK001185,J000018,Family Demo Group 01185,3,FAMILY,True,NORMAL
GR001186,BK001186,J000018,Family Demo Group 01186,2,FAMILY,True,NORMAL
GR001187,BK001187,J000018,Group Demo Group 01187,1,GROUP,True,NORMAL
GR001188,BK001188,J000018,Family Demo Group 01188,4,FAMILY,True,NORMAL
GR001189,BK001189,J000018,Friends Demo Group 01189,4,FRIENDS,True,NORMAL
GR001190,BK001190,J000018,Family Demo Group 01190,6,FAMILY,True,HIGH
GR001191,BK001191,J000018,Couple Demo Group 01191,3,COUPLE,True,NORMAL
GR001192,BK001192,J000018,Group Demo Group 01192,3,GROUP,True,NORMAL
GR001193,BK001193,J000018,Family Demo Group 01193,3,FAMILY,True,NORMAL
GR001194,BK001194,J000018,Family Demo Group 01194,6,FAMILY,True,HIGH
GR001195,BK001195,J000018,Couple Demo Group 01195,3,COUPLE,True,NORMAL
GR001196,BK001196,J000018,Group Demo Group 01196,7,GROUP,True,HIGH
GR001197,BK001197,J000018,Group Demo Group 01197,1,GROUP,True,NORMAL
GR001198,BK001198,J000018,Family Demo Group 01198,2,FAMILY,True,NORMAL
GR001199,BK001199,J000018,Group Demo Group 01199,1,GROUP,True,NORMAL
GR001200,BK001200,J000018,Family Demo Group 01200,4,FAMILY,True,NORMAL
GR001201,BK001201,J000018,Group Demo Group 01201,1,GROUP,True,NORMAL
GR001202,BK001202,J000018,Family Demo Group 01202,2,FAMILY,True,NORMAL
GR001203,BK001203,J000018,Friends Demo Group 01203,2,FRIENDS,True,NORMAL
GR001204,BK001204,J000018,Group Demo Group 01204,3,GROUP,True,NORMAL
GR001205,BK001205,J000018,Couple Demo Group 01205,5,COUPLE,True,NORMAL
GR001206,BK001206,J000018,Group Demo Group 01206,1,GROUP,True,NORMAL
GR001207,BK001207,J000019,Friends Demo Group 01207,6,FRIENDS,True,HIGH
GR001208,BK001208,J000019,Couple Demo Group 01208,2,COUPLE,True,NORMAL
GR001209,BK001209,J000019,Group Demo Group 01209,1,GROUP,True,NORMAL
GR001210,BK001210,J000019,Family Demo Group 01210,6,FAMILY,True,HIGH
GR001211,BK001211,J000019,Group Demo Group 01211,4,GROUP,True,NORMAL
GR001212,BK001212,J000019,Group Demo Group 01212,3,GROUP,True,NORMAL
GR001213,BK001213,J000019,Friends Demo Group 01213,4,FRIENDS,True,NORMAL
GR001214,BK001214,J000019,Group Demo Group 01214,1,GROUP,True,NORMAL
GR001215,BK001215,J000019,Group Demo Group 01215,8,GROUP,True,HIGH
GR001216,BK001216,J000019,Group Demo Group 01216,1,GROUP,True,NORMAL
GR001217,BK001217,J000019,Family Demo Group 01217,3,FAMILY,True,NORMAL
GR001218,BK001218,J000019,Family Demo Group 01218,2,FAMILY,True,NORMAL
GR001219,BK001219,J000019,Friends Demo Group 01219,6,FRIENDS,True,HIGH
GR001220,BK001220,J000019,Family Demo Group 01220,4,FAMILY,True,NORMAL
GR001221,BK001221,J000019,Friends Demo Group 01221,4,FRIENDS,True,NORMAL
GR001222,BK001222,J000019,Group Demo Group 01222,5,GROUP,True,NORMAL
GR001223,BK001223,J000019,Couple Demo Group 01223,3,COUPLE,True,NORMAL
GR001224,BK001224,J000019,Group Demo Group 01224,1,GROUP,True,NORMAL
GR001225,BK001225,J000019,Group Demo Group 01225,2,GROUP,True,NORMAL
GR001226,BK001226,J000019,Couple Demo Group 01226,4,COUPLE,True,NORMAL
GR001227,BK001227,J000019,Couple Demo Group 01227,3,COUPLE,True,NORMAL
GR001228,BK001228,J000019,Group Demo Group 01228,1,GROUP,True,NORMAL
GR001229,BK001229,J000019,Family Demo Group 01229,3,FAMILY,True,NORMAL
GR001230,BK001230,J000019,Group Demo Group 01230,1,GROUP,True,NORMAL
GR001231,BK001231,J000019,Friends Demo Group 01231,2,FRIENDS,True,NORMAL
GR001232,BK001232,J000019,Group Demo Group 01232,1,GROUP,True,NORMAL
GR001233,BK001233,J000019,Group Demo Group 01233,2,GROUP,True,NORMAL
GR001234,BK001234,J000019,Family Demo Group 01234,2,FAMILY,True,NORMAL
GR001235,BK001235,J000019,Friends Demo Group 01235,2,FRIENDS,True,NORMAL
GR001236,BK001236,J000019,Couple Demo Group 01236,2,COUPLE,True,NORMAL
GR001237,BK001237,J000019,Group Demo Group 01237,2,GROUP,True,NORMAL
GR001238,BK001238,J000019,Couple Demo Group 01238,8,COUPLE,True,HIGH
GR001239,BK001239,J000019,Couple Demo Group 01239,3,COUPLE,True,NORMAL
GR001240,BK001240,J000019,Couple Demo Group 01240,2,COUPLE,True,NORMAL
GR001241,BK001241,J000019,Friends Demo Group 01241,4,FRIENDS,True,NORMAL
GR001242,BK001242,J000019,Friends Demo Group 01242,3,FRIENDS,True,NORMAL
GR001243,BK001243,J000019,Group Demo Group 01243,4,GROUP,True,NORMAL
GR001244,BK001244,J000019,Couple Demo Group 01244,2,COUPLE,True,NORMAL
GR001245,BK001245,J000019,Friends Demo Group 01245,4,FRIENDS,True,NORMAL
GR001246,BK001246,J000019,Group Demo Group 01246,1,GROUP,True,NORMAL
GR001247,BK001247,J000019,Friends Demo Group 01247,2,FRIENDS,True,NORMAL
GR001248,BK001248,J000019,Family Demo Group 01248,4,FAMILY,True,NORMAL
GR001249,BK001249,J000019,Friends Demo Group 01249,4,FRIENDS,True,NORMAL
GR001250,BK001250,J000019,Couple Demo Group 01250,4,COUPLE,True,NORMAL
GR001251,BK001251,J000019,Friends Demo Group 01251,2,FRIENDS,True,NORMAL
GR001252,BK001252,J000019,Group Demo Group 01252,3,GROUP,True,NORMAL
GR001253,BK001253,J000019,Friends Demo Group 01253,4,FRIENDS,True,NORMAL
GR001254,BK001254,J000019,Group Demo Group 01254,1,GROUP,True,NORMAL
GR001255,BK001255,J000019,Friends Demo Group 01255,2,FRIENDS,True,NORMAL
GR001256,BK001256,J000019,Group Demo Group 01256,1,GROUP,True,NORMAL
GR001257,BK001257,J000019,Friends Demo Group 01257,4,FRIENDS,True,NORMAL
GR001258,BK001258,J000019,Group Demo Group 01258,1,GROUP,True,NORMAL
GR001259,BK001259,J000019,Couple Demo Group 01259,3,COUPLE,True,NORMAL
GR001260,BK001260,J000019,Couple Demo Group 01260,2,COUPLE,True,NORMAL
GR001261,BK001261,J000019,Group Demo Group 01261,1,GROUP,True,NORMAL
GR001262,BK001262,J000019,Group Demo Group 01262,1,GROUP,True,NORMAL
GR001263,BK001263,J000019,Group Demo Group 01263,4,GROUP,True,NORMAL
GR001264,BK001264,J000019,Family Demo Group 01264,4,FAMILY,True,NORMAL
GR001265,BK001265,J000019,Family Demo Group 01265,3,FAMILY,True,NORMAL
GR001266,BK001266,J000019,Group Demo Group 01266,5,GROUP,True,NORMAL
GR001267,BK001267,J000019,Friends Demo Group 01267,2,FRIENDS,True,NORMAL
GR001268,BK001268,J000019,Couple Demo Group 01268,2,COUPLE,True,NORMAL
GR001269,BK001269,J000019,Family Demo Group 01269,3,FAMILY,True,NORMAL
GR001270,BK001270,J000019,Family Demo Group 01270,2,FAMILY,True,NORMAL
GR001271,BK001271,J000019,Group Demo Group 01271,1,GROUP,True,NORMAL
GR001272,BK001272,J000019,Group Demo Group 01272,1,GROUP,True,NORMAL
GR001273,BK001273,J000019,Group Demo Group 01273,2,GROUP,True,NORMAL
GR001274,BK001274,J000020,Family Demo Group 01274,2,FAMILY,True,NORMAL
GR001275,BK001275,J000020,Friends Demo Group 01275,6,FRIENDS,True,HIGH
GR001276,BK001276,J000020,Group Demo Group 01276,1,GROUP,True,NORMAL
GR001277,BK001277,J000020,Group Demo Group 01277,1,GROUP,True,NORMAL
GR001278,BK001278,J000020,Group Demo Group 01278,5,GROUP,True,NORMAL
GR001279,BK001279,J000020,Group Demo Group 01279,4,GROUP,True,NORMAL
GR001280,BK001280,J000020,Group Demo Group 01280,1,GROUP,True,NORMAL
GR001281,BK001281,J000020,Group Demo Group 01281,2,GROUP,True,NORMAL
GR001282,BK001282,J000020,Family Demo Group 01282,6,FAMILY,True,HIGH
GR001283,BK001283,J000020,Group Demo Group 01283,1,GROUP,True,NORMAL
GR001284,BK001284,J000020,Group Demo Group 01284,1,GROUP,True,NORMAL
GR001285,BK001285,J000020,Group Demo Group 01285,2,GROUP,True,NORMAL
GR001286,BK001286,J000020,Family Demo Group 01286,2,FAMILY,True,NORMAL
GR001287,BK001287,J000020,Group Demo Group 01287,1,GROUP,True,NORMAL
GR001288,BK001288,J000020,Family Demo Group 01288,4,FAMILY,True,NORMAL
GR001289,BK001289,J000020,Group Demo Group 01289,2,GROUP,True,NORMAL
GR001290,BK001290,J000020,Couple Demo Group 01290,4,COUPLE,True,NORMAL
GR001291,BK001291,J000020,Group Demo Group 01291,1,GROUP,True,NORMAL
GR001292,BK001292,J000020,Couple Demo Group 01292,2,COUPLE,True,NORMAL
GR001293,BK001293,J000020,Group Demo Group 01293,2,GROUP,True,NORMAL
GR001294,BK001294,J000020,Family Demo Group 01294,2,FAMILY,True,NORMAL
GR001295,BK001295,J000020,Group Demo Group 01295,4,GROUP,True,NORMAL
GR001296,BK001296,J000020,Group Demo Group 01296,1,GROUP,True,NORMAL
GR001297,BK001297,J000020,Group Demo Group 01297,1,GROUP,True,NORMAL
GR001298,BK001298,J000020,Group Demo Group 01298,1,GROUP,True,NORMAL
GR001299,BK001299,J000020,Group Demo Group 01299,4,GROUP,True,NORMAL
GR001300,BK001300,J000020,Group Demo Group 01300,3,GROUP,True,NORMAL
GR001301,BK001301,J000020,Family Demo Group 01301,3,FAMILY,True,NORMAL
GR001302,BK001302,J000020,Family Demo Group 01302,6,FAMILY,True,HIGH
GR001303,BK001303,J000020,Group Demo Group 01303,8,GROUP,True,HIGH
GR001304,BK001304,J000020,Group Demo Group 01304,1,GROUP,True,NORMAL
GR001305,BK001305,J000020,Friends Demo Group 01305,4,FRIENDS,True,NORMAL
GR001306,BK001306,J000020,Family Demo Group 01306,6,FAMILY,True,HIGH
GR001307,BK001307,J000020,Friends Demo Group 01307,2,FRIENDS,True,NORMAL
GR001308,BK001308,J000020,Family Demo Group 01308,8,FAMILY,True,HIGH
GR001309,BK001309,J000020,Family Demo Group 01309,7,FAMILY,True,HIGH
GR001310,BK001310,J000020,Friends Demo Group 01310,3,FRIENDS,True,NORMAL
GR001311,BK001311,J000020,Caregiver Demo Group 01311,6,CAREGIVER,True,HIGH
GR001312,BK001312,J000020,Group Demo Group 01312,1,GROUP,True,NORMAL
GR001313,BK001313,J000020,Group Demo Group 01313,1,GROUP,True,NORMAL
GR001314,BK001314,J000020,Couple Demo Group 01314,4,COUPLE,True,NORMAL
GR001315,BK001315,J000020,Group Demo Group 01315,1,GROUP,True,NORMAL
GR001316,BK001316,J000020,Couple Demo Group 01316,2,COUPLE,True,NORMAL
GR001317,BK001317,J000020,Couple Demo Group 01317,5,COUPLE,True,NORMAL
GR001318,BK001318,J000020,Group Demo Group 01318,1,GROUP,True,NORMAL
GR001319,BK001319,J000020,Group Demo Group 01319,4,GROUP,True,NORMAL
GR001320,BK001320,J000020,Group Demo Group 01320,3,GROUP,True,NORMAL
GR001321,BK001321,J000020,Friends Demo Group 01321,4,FRIENDS,True,NORMAL
GR001322,BK001322,J000020,Group Demo Group 01322,1,GROUP,True,NORMAL
GR001323,BK001323,J000020,Friends Demo Group 01323,2,FRIENDS,True,NORMAL
GR001324,BK001324,J000020,Group Demo Group 01324,1,GROUP,True,NORMAL
GR001325,BK001325,J000020,Friends Demo Group 01325,4,FRIENDS,True,NORMAL
GR001326,BK001326,J000020,Family Demo Group 01326,2,FAMILY,True,NORMAL
GR001327,BK001327,J000020,Friends Demo Group 01327,2,FRIENDS,True,NORMAL
GR001328,BK001328,J000020,Couple Demo Group 01328,2,COUPLE,True,NORMAL
GR001329,BK001329,J000020,Group Demo Group 01329,2,GROUP,True,NORMAL
GR001330,BK001330,J000020,Family Demo Group 01330,2,FAMILY,True,NORMAL
GR001331,BK001331,J000020,Couple Demo Group 01331,3,COUPLE,True,NORMAL
GR001332,BK001332,J000020,Couple Demo Group 01332,2,COUPLE,True,NORMAL
GR001333,BK001333,J000020,Group Demo Group 01333,2,GROUP,True,NORMAL
GR001334,BK001334,J000020,Couple Demo Group 01334,4,COUPLE,True,NORMAL
GR001335,BK001335,J000020,Group Demo Group 01335,4,GROUP,True,NORMAL
GR001336,BK001336,J000020,Group Demo Group 01336,1,GROUP,True,NORMAL
GR001337,BK001337,J000020,Group Demo Group 01337,2,GROUP,True,NORMAL
GR001338,BK001338,J000020,Friends Demo Group 01338,3,FRIENDS,True,NORMAL
GR001339,BK001339,J000020,Group Demo Group 01339,4,GROUP,True,NORMAL
GR001340,BK001340,J000020,Group Demo Group 01340,3,GROUP,True,NORMAL
GR001341,BK001341,J000021,Group Demo Group 01341,2,GROUP,True,NORMAL
GR001342,BK001342,J000021,Friends Demo Group 01342,3,FRIENDS,True,NORMAL
GR001343,BK001343,J000021,Friends Demo Group 01343,2,FRIENDS,True,NORMAL
GR001344,BK001344,J000021,Group Demo Group 01344,1,GROUP,True,NORMAL
GR001345,BK001345,J000021,Family Demo Group 01345,3,FAMILY,True,NORMAL
GR001346,BK001346,J000021,Group Demo Group 01346,1,GROUP,True,NORMAL
GR001347,BK001347,J000021,Group Demo Group 01347,4,GROUP,True,NORMAL
GR001348,BK001348,J000021,Family Demo Group 01348,4,FAMILY,True,NORMAL
GR001349,BK001349,J000021,Caregiver Demo Group 01349,8,CAREGIVER,True,HIGH
GR001350,BK001350,J000021,Group Demo Group 01350,1,GROUP,True,NORMAL
GR001351,BK001351,J000021,Group Demo Group 01351,4,GROUP,True,NORMAL
GR001352,BK001352,J000021,Group Demo Group 01352,3,GROUP,True,NORMAL
GR001353,BK001353,J000021,Family Demo Group 01353,3,FAMILY,True,NORMAL
GR001354,BK001354,J000021,Group Demo Group 01354,1,GROUP,True,NORMAL
GR001355,BK001355,J000021,Friends Demo Group 01355,2,FRIENDS,True,NORMAL
GR001356,BK001356,J000021,Couple Demo Group 01356,2,COUPLE,True,NORMAL
GR001357,BK001357,J000021,Couple Demo Group 01357,5,COUPLE,True,NORMAL
GR001358,BK001358,J000021,Group Demo Group 01358,1,GROUP,True,NORMAL
GR001359,BK001359,J000021,Friends Demo Group 01359,2,FRIENDS,True,NORMAL
GR001360,BK001360,J000021,Group Demo Group 01360,1,GROUP,True,NORMAL
GR001361,BK001361,J000021,Group Demo Group 01361,2,GROUP,True,NORMAL
GR001362,BK001362,J000021,Couple Demo Group 01362,4,COUPLE,True,NORMAL
GR001363,BK001363,J000021,Friends Demo Group 01363,2,FRIENDS,True,NORMAL
GR001364,BK001364,J000021,Couple Demo Group 01364,2,COUPLE,True,NORMAL
GR001365,BK001365,J000021,Group Demo Group 01365,2,GROUP,True,NORMAL
GR001366,BK001366,J000021,Couple Demo Group 01366,4,COUPLE,True,NORMAL
GR001367,BK001367,J000021,Group Demo Group 01367,1,GROUP,True,NORMAL
GR001368,BK001368,J000021,Couple Demo Group 01368,2,COUPLE,True,NORMAL
GR001369,BK001369,J000021,Friends Demo Group 01369,4,FRIENDS,True,NORMAL
GR001370,BK001370,J000021,Family Demo Group 01370,2,FAMILY,True,NORMAL
GR001371,BK001371,J000021,Family Demo Group 01371,5,FAMILY,True,NORMAL
GR001372,BK001372,J000021,Group Demo Group 01372,7,GROUP,True,HIGH
GR001373,BK001373,J000021,Group Demo Group 01373,2,GROUP,True,NORMAL
GR001374,BK001374,J000021,Group Demo Group 01374,5,GROUP,True,NORMAL
GR001375,BK001375,J000021,Group Demo Group 01375,1,GROUP,True,NORMAL
GR001376,BK001376,J000021,Group Demo Group 01376,3,GROUP,True,NORMAL
GR001377,BK001377,J000021,Family Demo Group 01377,3,FAMILY,True,NORMAL
GR001378,BK001378,J000021,Friends Demo Group 01378,3,FRIENDS,True,NORMAL
GR001379,BK001379,J000021,Couple Demo Group 01379,3,COUPLE,True,NORMAL
GR001380,BK001380,J000021,Family Demo Group 01380,4,FAMILY,True,NORMAL
GR001381,BK001381,J000021,Friends Demo Group 01381,4,FRIENDS,True,NORMAL
GR001382,BK001382,J000021,Family Demo Group 01382,2,FAMILY,True,NORMAL
GR001383,BK001383,J000021,Group Demo Group 01383,1,GROUP,True,NORMAL
GR001384,BK001384,J000021,Group Demo Group 01384,1,GROUP,True,NORMAL
GR001385,BK001385,J000021,Friends Demo Group 01385,4,FRIENDS,True,NORMAL
GR001386,BK001386,J000021,Group Demo Group 01386,1,GROUP,True,NORMAL
GR001387,BK001387,J000021,Group Demo Group 01387,1,GROUP,True,NORMAL
GR001388,BK001388,J000021,Couple Demo Group 01388,2,COUPLE,True,NORMAL
GR001389,BK001389,J000021,Group Demo Group 01389,6,GROUP,True,HIGH
GR001390,BK001390,J000021,Family Demo Group 01390,2,FAMILY,True,NORMAL
GR001391,BK001391,J000021,Group Demo Group 01391,4,GROUP,True,NORMAL
GR001392,BK001392,J000021,Friends Demo Group 01392,5,FRIENDS,True,NORMAL
GR001393,BK001393,J000021,Group Demo Group 01393,2,GROUP,True,NORMAL
GR001394,BK001394,J000021,Couple Demo Group 01394,4,COUPLE,True,NORMAL
GR001395,BK001395,J000021,Group Demo Group 01395,1,GROUP,True,NORMAL
GR001396,BK001396,J000021,Group Demo Group 01396,3,GROUP,True,NORMAL
GR001397,BK001397,J000021,Friends Demo Group 01397,4,FRIENDS,True,NORMAL
GR001398,BK001398,J000021,Couple Demo Group 01398,4,COUPLE,True,NORMAL
GR001399,BK001399,J000021,Group Demo Group 01399,1,GROUP,True,NORMAL
GR001400,BK001400,J000021,Group Demo Group 01400,1,GROUP,True,NORMAL
GR001401,BK001401,J000021,Friends Demo Group 01401,4,FRIENDS,True,NORMAL
GR001402,BK001402,J000021,Couple Demo Group 01402,8,COUPLE,True,HIGH
GR001403,BK001403,J000021,Friends Demo Group 01403,2,FRIENDS,True,NORMAL
GR001404,BK001404,J000021,Couple Demo Group 01404,2,COUPLE,True,NORMAL
GR001405,BK001405,J000021,Family Demo Group 01405,3,FAMILY,True,NORMAL
GR001406,BK001406,J000021,Family Demo Group 01406,2,FAMILY,True,NORMAL
GR001407,BK001407,J000021,Group Demo Group 01407,4,GROUP,True,NORMAL
GR001408,BK001408,J000022,Group Demo Group 01408,1,GROUP,True,NORMAL
GR001409,BK001409,J000022,Group Demo Group 01409,1,GROUP,True,NORMAL
GR001410,BK001410,J000022,Family Demo Group 01410,2,FAMILY,True,NORMAL
GR001411,BK001411,J000022,Couple Demo Group 01411,3,COUPLE,True,NORMAL
GR001412,BK001412,J000022,Group Demo Group 01412,1,GROUP,True,NORMAL
GR001413,BK001413,J000022,Family Demo Group 01413,3,FAMILY,True,NORMAL
GR001414,BK001414,J000022,Group Demo Group 01414,1,GROUP,True,NORMAL
GR001415,BK001415,J000022,Family Demo Group 01415,5,FAMILY,True,NORMAL
GR001416,BK001416,J000022,Couple Demo Group 01416,2,COUPLE,True,NORMAL
GR001417,BK001417,J000022,Friends Demo Group 01417,4,FRIENDS,True,NORMAL
GR001418,BK001418,J000022,Group Demo Group 01418,1,GROUP,True,NORMAL
GR001419,BK001419,J000022,Couple Demo Group 01419,3,COUPLE,True,NORMAL
GR001420,BK001420,J000022,Couple Demo Group 01420,6,COUPLE,True,HIGH
GR001421,BK001421,J000022,Couple Demo Group 01421,5,COUPLE,True,NORMAL
GR001422,BK001422,J000022,Group Demo Group 01422,5,GROUP,True,NORMAL
GR001423,BK001423,J000022,Friends Demo Group 01423,2,FRIENDS,True,NORMAL
GR001424,BK001424,J000022,Family Demo Group 01424,4,FAMILY,True,NORMAL
GR001425,BK001425,J000022,Caregiver Demo Group 01425,5,CAREGIVER,True,HIGH
GR001426,BK001426,J000022,Group Demo Group 01426,1,GROUP,True,NORMAL
GR001427,BK001427,J000022,Group Demo Group 01427,4,GROUP,True,NORMAL
GR001428,BK001428,J000022,Group Demo Group 01428,1,GROUP,True,NORMAL
GR001429,BK001429,J000022,Group Demo Group 01429,2,GROUP,True,NORMAL
GR001430,BK001430,J000022,Family Demo Group 01430,6,FAMILY,True,HIGH
GR001431,BK001431,J000022,Family Demo Group 01431,5,FAMILY,True,NORMAL
GR001432,BK001432,J000022,Group Demo Group 01432,1,GROUP,True,NORMAL
GR001433,BK001433,J000022,Group Demo Group 01433,1,GROUP,True,NORMAL
GR001434,BK001434,J000022,Group Demo Group 01434,5,GROUP,True,NORMAL
GR001435,BK001435,J000022,Couple Demo Group 01435,3,COUPLE,True,NORMAL
GR001436,BK001436,J000022,Couple Demo Group 01436,2,COUPLE,True,NORMAL
GR001437,BK001437,J000022,Friends Demo Group 01437,4,FRIENDS,True,NORMAL
GR001438,BK001438,J000022,Couple Demo Group 01438,4,COUPLE,True,NORMAL
GR001439,BK001439,J000022,Couple Demo Group 01439,7,COUPLE,True,HIGH
GR001440,BK001440,J000022,Couple Demo Group 01440,6,COUPLE,True,HIGH
GR001441,BK001441,J000022,Friends Demo Group 01441,8,FRIENDS,True,HIGH
GR001442,BK001442,J000022,Group Demo Group 01442,1,GROUP,True,NORMAL
GR001443,BK001443,J000022,Group Demo Group 01443,4,GROUP,True,NORMAL
GR001444,BK001444,J000022,Group Demo Group 01444,3,GROUP,True,NORMAL
GR001445,BK001445,J000022,Couple Demo Group 01445,5,COUPLE,True,NORMAL
GR001446,BK001446,J000022,Group Demo Group 01446,1,GROUP,True,NORMAL
GR001447,BK001447,J000022,Group Demo Group 01447,8,GROUP,True,HIGH
GR001448,BK001448,J000022,Group Demo Group 01448,1,GROUP,True,NORMAL
GR001449,BK001449,J000022,Family Demo Group 01449,7,FAMILY,True,HIGH
GR001450,BK001450,J000022,Family Demo Group 01450,2,FAMILY,True,NORMAL
GR001451,BK001451,J000022,Friends Demo Group 01451,6,FRIENDS,True,HIGH
GR001452,BK001452,J000022,Group Demo Group 01452,1,GROUP,True,NORMAL
GR001453,BK001453,J000022,Group Demo Group 01453,2,GROUP,True,NORMAL
GR001454,BK001454,J000022,Couple Demo Group 01454,4,COUPLE,True,NORMAL
GR001455,BK001455,J000022,Group Demo Group 01455,4,GROUP,True,NORMAL
GR001456,BK001456,J000022,Family Demo Group 01456,4,FAMILY,True,NORMAL
GR001457,BK001457,J000022,Group Demo Group 01457,1,GROUP,True,NORMAL
GR001458,BK001458,J000022,Family Demo Group 01458,2,FAMILY,True,NORMAL
GR001459,BK001459,J000022,Friends Demo Group 01459,2,FRIENDS,True,NORMAL
GR001460,BK001460,J000022,Family Demo Group 01460,4,FAMILY,True,NORMAL
GR001461,BK001461,J000022,Group Demo Group 01461,1,GROUP,True,NORMAL
GR001462,BK001462,J000022,Family Demo Group 01462,2,FAMILY,True,NORMAL
GR001463,BK001463,J000022,Couple Demo Group 01463,3,COUPLE,True,NORMAL
GR001464,BK001464,J000022,Family Demo Group 01464,4,FAMILY,True,NORMAL
GR001465,BK001465,J000022,Family Demo Group 01465,3,FAMILY,True,NORMAL
GR001466,BK001466,J000022,Family Demo Group 01466,2,FAMILY,True,NORMAL
GR001467,BK001467,J000022,Group Demo Group 01467,4,GROUP,True,NORMAL
GR001468,BK001468,J000022,Family Demo Group 01468,4,FAMILY,True,NORMAL
GR001469,BK001469,J000022,Group Demo Group 01469,2,GROUP,True,NORMAL
GR001470,BK001470,J000022,Family Demo Group 01470,2,FAMILY,True,NORMAL
GR001471,BK001471,J000022,Friends Demo Group 01471,2,FRIENDS,True,NORMAL
GR001472,BK001472,J000022,Group Demo Group 01472,3,GROUP,True,NORMAL
GR001473,BK001473,J000022,Group Demo Group 01473,1,GROUP,True,NORMAL
GR001474,BK001474,J000022,Friends Demo Group 01474,3,FRIENDS,True,NORMAL
GR001475,BK001475,J000023,Group Demo Group 01475,4,GROUP,True,NORMAL
GR001476,BK001476,J000023,Group Demo Group 01476,1,GROUP,True,NORMAL
GR001477,BK001477,J000023,Group Demo Group 01477,2,GROUP,True,NORMAL
GR001478,BK001478,J000023,Family Demo Group 01478,2,FAMILY,True,NORMAL
GR001479,BK001479,J000023,Group Demo Group 01479,4,GROUP,True,NORMAL
GR001480,BK001480,J000023,Family Demo Group 01480,4,FAMILY,True,NORMAL
GR001481,BK001481,J000023,Group Demo Group 01481,1,GROUP,True,NORMAL
GR001482,BK001482,J000023,Group Demo Group 01482,1,GROUP,True,NORMAL
GR001483,BK001483,J000023,Friends Demo Group 01483,6,FRIENDS,True,HIGH
GR001484,BK001484,J000023,Family Demo Group 01484,4,FAMILY,True,NORMAL
GR001485,BK001485,J000023,Group Demo Group 01485,1,GROUP,True,NORMAL
GR001486,BK001486,J000023,Family Demo Group 01486,2,FAMILY,True,NORMAL
GR001487,BK001487,J000023,Friends Demo Group 01487,2,FRIENDS,True,NORMAL
GR001488,BK001488,J000023,Family Demo Group 01488,4,FAMILY,True,NORMAL
GR001489,BK001489,J000023,Group Demo Group 01489,2,GROUP,True,NORMAL
GR001490,BK001490,J000023,Family Demo Group 01490,2,FAMILY,True,NORMAL
GR001491,BK001491,J000023,Group Demo Group 01491,1,GROUP,True,NORMAL
GR001492,BK001492,J000023,Group Demo Group 01492,3,GROUP,True,NORMAL
GR001493,BK001493,J000023,Group Demo Group 01493,1,GROUP,True,NORMAL
GR001494,BK001494,J000023,Family Demo Group 01494,2,FAMILY,True,NORMAL
GR001495,BK001495,J000023,Couple Demo Group 01495,3,COUPLE,True,NORMAL
GR001496,BK001496,J000023,Couple Demo Group 01496,2,COUPLE,True,NORMAL
GR001497,BK001497,J000023,Group Demo Group 01497,2,GROUP,True,NORMAL
GR001498,BK001498,J000023,Family Demo Group 01498,2,FAMILY,True,NORMAL
GR001499,BK001499,J000023,Group Demo Group 01499,1,GROUP,True,NORMAL
GR001500,BK001500,J000023,Family Demo Group 01500,4,FAMILY,True,NORMAL
GR001501,BK001501,J000023,Group Demo Group 01501,1,GROUP,True,NORMAL
GR001502,BK001502,J000023,Couple Demo Group 01502,4,COUPLE,True,NORMAL
GR001503,BK001503,J000023,Couple Demo Group 01503,3,COUPLE,True,NORMAL
GR001504,BK001504,J000023,Group Demo Group 01504,3,GROUP,True,NORMAL
GR001505,BK001505,J000023,Group Demo Group 01505,2,GROUP,True,NORMAL
GR001506,BK001506,J000023,Family Demo Group 01506,2,FAMILY,True,NORMAL
GR001507,BK001507,J000023,Friends Demo Group 01507,2,FRIENDS,True,NORMAL
GR001508,BK001508,J000023,Group Demo Group 01508,1,GROUP,True,NORMAL
GR001509,BK001509,J000023,Friends Demo Group 01509,8,FRIENDS,True,HIGH
GR001510,BK001510,J000023,Family Demo Group 01510,6,FAMILY,True,HIGH
GR001511,BK001511,J000023,Couple Demo Group 01511,3,COUPLE,True,NORMAL
GR001512,BK001512,J000023,Couple Demo Group 01512,6,COUPLE,True,HIGH
GR001513,BK001513,J000023,Couple Demo Group 01513,5,COUPLE,True,NORMAL
GR001514,BK001514,J000023,Family Demo Group 01514,2,FAMILY,True,NORMAL
GR001515,BK001515,J000023,Family Demo Group 01515,5,FAMILY,True,NORMAL
GR001516,BK001516,J000023,Group Demo Group 01516,1,GROUP,True,NORMAL
GR001517,BK001517,J000023,Friends Demo Group 01517,4,FRIENDS,True,NORMAL
GR001518,BK001518,J000023,Couple Demo Group 01518,4,COUPLE,True,NORMAL
GR001519,BK001519,J000023,Group Demo Group 01519,4,GROUP,True,NORMAL
GR001520,BK001520,J000023,Caregiver Demo Group 01520,4,CAREGIVER,True,HIGH
GR001521,BK001521,J000023,Group Demo Group 01521,2,GROUP,True,NORMAL
GR001522,BK001522,J000023,Family Demo Group 01522,2,FAMILY,True,NORMAL
GR001523,BK001523,J000023,Couple Demo Group 01523,3,COUPLE,True,NORMAL
GR001524,BK001524,J000023,Couple Demo Group 01524,2,COUPLE,True,NORMAL
GR001525,BK001525,J000023,Group Demo Group 01525,2,GROUP,True,NORMAL
GR001526,BK001526,J000023,Friends Demo Group 01526,3,FRIENDS,True,NORMAL
GR001527,BK001527,J000023,Couple Demo Group 01527,3,COUPLE,True,NORMAL
GR001528,BK001528,J000023,Group Demo Group 01528,1,GROUP,True,NORMAL
GR001529,BK001529,J000023,Family Demo Group 01529,3,FAMILY,True,NORMAL
GR001530,BK001530,J000023,Family Demo Group 01530,2,FAMILY,True,NORMAL
GR001531,BK001531,J000023,Group Demo Group 01531,4,GROUP,True,NORMAL
GR001532,BK001532,J000023,Group Demo Group 01532,3,GROUP,True,NORMAL
GR001533,BK001533,J000023,Group Demo Group 01533,2,GROUP,True,NORMAL
GR001534,BK001534,J000023,Group Demo Group 01534,1,GROUP,True,NORMAL
GR001535,BK001535,J000023,Group Demo Group 01535,1,GROUP,True,NORMAL
GR001536,BK001536,J000023,Friends Demo Group 01536,5,FRIENDS,True,NORMAL
GR001537,BK001537,J000023,Group Demo Group 01537,2,GROUP,True,NORMAL
GR001538,BK001538,J000023,Couple Demo Group 01538,4,COUPLE,True,NORMAL
GR001539,BK001539,J000023,Group Demo Group 01539,1,GROUP,True,NORMAL
GR001540,BK001540,J000023,Group Demo Group 01540,3,GROUP,True,NORMAL
GR001541,BK001541,J000023,Friends Demo Group 01541,4,FRIENDS,True,NORMAL
GR001542,BK001542,J000024,Couple Demo Group 01542,4,COUPLE,True,NORMAL
GR001543,BK001543,J000024,Couple Demo Group 01543,7,COUPLE,True,HIGH
GR001544,BK001544,J000024,Group Demo Group 01544,3,GROUP,True,NORMAL
GR001545,BK001545,J000024,Group Demo Group 01545,6,GROUP,True,HIGH
GR001546,BK001546,J000024,Group Demo Group 01546,1,GROUP,True,NORMAL
GR001547,BK001547,J000024,Friends Demo Group 01547,2,FRIENDS,True,NORMAL
GR001548,BK001548,J000024,Couple Demo Group 01548,2,COUPLE,True,NORMAL
GR001549,BK001549,J000024,Friends Demo Group 01549,4,FRIENDS,True,NORMAL
GR001550,BK001550,J000024,Family Demo Group 01550,2,FAMILY,True,NORMAL
GR001551,BK001551,J000024,Friends Demo Group 01551,2,FRIENDS,True,NORMAL
GR001552,BK001552,J000024,Couple Demo Group 01552,2,COUPLE,True,NORMAL
GR001553,BK001553,J000024,Friends Demo Group 01553,4,FRIENDS,True,NORMAL
GR001554,BK001554,J000024,Couple Demo Group 01554,4,COUPLE,True,NORMAL
GR001555,BK001555,J000024,Friends Demo Group 01555,2,FRIENDS,True,NORMAL
GR001556,BK001556,J000024,Family Demo Group 01556,4,FAMILY,True,NORMAL
GR001557,BK001557,J000024,Couple Demo Group 01557,5,COUPLE,True,NORMAL
GR001558,BK001558,J000024,Friends Demo Group 01558,3,FRIENDS,True,NORMAL
GR001559,BK001559,J000024,Friends Demo Group 01559,2,FRIENDS,True,NORMAL
GR001560,BK001560,J000024,Couple Demo Group 01560,2,COUPLE,True,NORMAL
GR001561,BK001561,J000024,Friends Demo Group 01561,4,FRIENDS,True,NORMAL
GR001562,BK001562,J000024,Friends Demo Group 01562,3,FRIENDS,True,NORMAL
GR001563,BK001563,J000024,Family Demo Group 01563,5,FAMILY,True,NORMAL
GR001564,BK001564,J000024,Family Demo Group 01564,4,FAMILY,True,NORMAL
GR001565,BK001565,J000024,Friends Demo Group 01565,4,FRIENDS,True,NORMAL
GR001566,BK001566,J000024,Family Demo Group 01566,2,FAMILY,True,NORMAL
GR001567,BK001567,J000024,Couple Demo Group 01567,3,COUPLE,True,NORMAL
GR001568,BK001568,J000024,Couple Demo Group 01568,2,COUPLE,True,NORMAL
GR001569,BK001569,J000024,Couple Demo Group 01569,5,COUPLE,True,NORMAL
GR001570,BK001570,J000024,Family Demo Group 01570,2,FAMILY,True,NORMAL
GR001571,BK001571,J000024,Couple Demo Group 01571,3,COUPLE,True,NORMAL
GR001572,BK001572,J000024,Group Demo Group 01572,3,GROUP,True,NORMAL
GR001573,BK001573,J000024,Family Demo Group 01573,3,FAMILY,True,NORMAL
GR001574,BK001574,J000024,Family Demo Group 01574,2,FAMILY,True,NORMAL
GR001575,BK001575,J000024,Group Demo Group 01575,4,GROUP,True,NORMAL
GR001576,BK001576,J000024,Group Demo Group 01576,7,GROUP,True,HIGH
GR001577,BK001577,J000024,Group Demo Group 01577,1,GROUP,True,NORMAL
GR001578,BK001578,J000024,Couple Demo Group 01578,4,COUPLE,True,NORMAL
GR001579,BK001579,J000024,Couple Demo Group 01579,3,COUPLE,True,NORMAL
GR001580,BK001580,J000024,Group Demo Group 01580,1,GROUP,True,NORMAL
GR001581,BK001581,J000024,Couple Demo Group 01581,5,COUPLE,True,NORMAL
GR001582,BK001582,J000024,Family Demo Group 01582,2,FAMILY,True,NORMAL
GR001583,BK001583,J000024,Group Demo Group 01583,4,GROUP,True,NORMAL
GR001584,BK001584,J000024,Couple Demo Group 01584,2,COUPLE,True,NORMAL
GR001585,BK001585,J000024,Friends Demo Group 01585,4,FRIENDS,True,NORMAL
GR001586,BK001586,J000024,Group Demo Group 01586,1,GROUP,True,NORMAL
GR001587,BK001587,J000024,Friends Demo Group 01587,2,FRIENDS,True,NORMAL
GR001588,BK001588,J000024,Group Demo Group 01588,3,GROUP,True,NORMAL
GR001589,BK001589,J000024,Group Demo Group 01589,1,GROUP,True,NORMAL
GR001590,BK001590,J000024,Friends Demo Group 01590,3,FRIENDS,True,NORMAL
GR001591,BK001591,J000024,Group Demo Group 01591,1,GROUP,True,NORMAL
GR001592,BK001592,J000024,Group Demo Group 01592,1,GROUP,True,NORMAL
GR001593,BK001593,J000024,Group Demo Group 01593,1,GROUP,True,NORMAL
GR001594,BK001594,J000024,Group Demo Group 01594,1,GROUP,True,NORMAL
GR001595,BK001595,J000024,Group Demo Group 01595,1,GROUP,True,NORMAL
GR001596,BK001596,J000024,Caregiver Demo Group 01596,4,CAREGIVER,True,HIGH
GR001597,BK001597,J000024,Friends Demo Group 01597,4,FRIENDS,True,NORMAL
GR001598,BK001598,J000024,Group Demo Group 01598,5,GROUP,True,NORMAL
GR001599,BK001599,J000024,Group Demo Group 01599,1,GROUP,True,NORMAL
GR001600,BK001600,J000024,Group Demo Group 01600,1,GROUP,True,NORMAL
GR001601,BK001601,J000024,Group Demo Group 01601,2,GROUP,True,NORMAL
GR001602,BK001602,J000024,Family Demo Group 01602,2,FAMILY,True,NORMAL
GR001603,BK001603,J000024,Couple Demo Group 01603,3,COUPLE,True,NORMAL
GR001604,BK001604,J000024,Couple Demo Group 01604,2,COUPLE,True,NORMAL
GR001605,BK001605,J000024,Friends Demo Group 01605,4,FRIENDS,True,NORMAL
GR001606,BK001606,J000024,Group Demo Group 01606,1,GROUP,True,NORMAL
GR001607,BK001607,J000024,Group Demo Group 01607,4,GROUP,True,NORMAL
GR001608,BK001608,J000024,Group Demo Group 01608,1,GROUP,True,NORMAL
GR001609,BK001609,J000025,Group Demo Group 01609,1,GROUP,True,NORMAL
GR001610,BK001610,J000025,Group Demo Group 01610,1,GROUP,True,NORMAL
GR001611,BK001611,J000025,Couple Demo Group 01611,3,COUPLE,True,NORMAL
GR001612,BK001612,J000025,Group Demo Group 01612,1,GROUP,True,NORMAL
GR001613,BK001613,J000025,Couple Demo Group 01613,5,COUPLE,True,NORMAL
GR001614,BK001614,J000025,Friends Demo Group 01614,3,FRIENDS,True,NORMAL
GR001615,BK001615,J000025,Caregiver Demo Group 01615,7,CAREGIVER,True,HIGH
GR001616,BK001616,J000025,Couple Demo Group 01616,2,COUPLE,True,NORMAL
GR001617,BK001617,J000025,Group Demo Group 01617,2,GROUP,True,NORMAL
GR001618,BK001618,J000025,Group Demo Group 01618,1,GROUP,True,NORMAL
GR001619,BK001619,J000025,Couple Demo Group 01619,3,COUPLE,True,NORMAL
GR001620,BK001620,J000025,Group Demo Group 01620,1,GROUP,True,NORMAL
GR001621,BK001621,J000025,Group Demo Group 01621,1,GROUP,True,NORMAL
GR001622,BK001622,J000025,Group Demo Group 01622,1,GROUP,True,NORMAL
GR001623,BK001623,J000025,Friends Demo Group 01623,2,FRIENDS,True,NORMAL
GR001624,BK001624,J000025,Couple Demo Group 01624,2,COUPLE,True,NORMAL
GR001625,BK001625,J000025,Group Demo Group 01625,1,GROUP,True,NORMAL
GR001626,BK001626,J000025,Family Demo Group 01626,2,FAMILY,True,NORMAL
GR001627,BK001627,J000025,Group Demo Group 01627,4,GROUP,True,NORMAL
GR001628,BK001628,J000025,Group Demo Group 01628,3,GROUP,True,NORMAL
GR001629,BK001629,J000025,Family Demo Group 01629,7,FAMILY,True,HIGH
GR001630,BK001630,J000025,Group Demo Group 01630,1,GROUP,True,NORMAL
GR001631,BK001631,J000025,Family Demo Group 01631,5,FAMILY,True,NORMAL
GR001632,BK001632,J000025,Friends Demo Group 01632,5,FRIENDS,True,NORMAL
GR001633,BK001633,J000025,Family Demo Group 01633,3,FAMILY,True,NORMAL
GR001634,BK001634,J000025,Friends Demo Group 01634,3,FRIENDS,True,NORMAL
GR001635,BK001635,J000025,Friends Demo Group 01635,6,FRIENDS,True,HIGH
GR001636,BK001636,J000025,Couple Demo Group 01636,2,COUPLE,True,NORMAL
GR001637,BK001637,J000025,Friends Demo Group 01637,4,FRIENDS,True,NORMAL
GR001638,BK001638,J000025,Couple Demo Group 01638,4,COUPLE,True,NORMAL
GR001639,BK001639,J000025,Group Demo Group 01639,1,GROUP,True,NORMAL
GR001640,BK001640,J000025,Family Demo Group 01640,4,FAMILY,True,NORMAL
GR001641,BK001641,J000025,Group Demo Group 01641,1,GROUP,True,NORMAL
GR001642,BK001642,J000025,Friends Demo Group 01642,7,FRIENDS,True,HIGH
GR001643,BK001643,J000025,Group Demo Group 01643,1,GROUP,True,NORMAL
GR001644,BK001644,J000025,Group Demo Group 01644,3,GROUP,True,NORMAL
GR001645,BK001645,J000025,Group Demo Group 01645,1,GROUP,True,NORMAL
GR001646,BK001646,J000025,Couple Demo Group 01646,4,COUPLE,True,NORMAL
GR001647,BK001647,J000025,Group Demo Group 01647,1,GROUP,True,NORMAL
GR001648,BK001648,J000025,Family Demo Group 01648,4,FAMILY,True,NORMAL
GR001649,BK001649,J000025,Group Demo Group 01649,2,GROUP,True,NORMAL
GR001650,BK001650,J000025,Group Demo Group 01650,1,GROUP,True,NORMAL
GR001651,BK001651,J000025,Group Demo Group 01651,1,GROUP,True,NORMAL
GR001652,BK001652,J000025,Friends Demo Group 01652,5,FRIENDS,True,NORMAL
GR001653,BK001653,J000025,Group Demo Group 01653,1,GROUP,True,NORMAL
GR001654,BK001654,J000025,Group Demo Group 01654,1,GROUP,True,NORMAL
GR001655,BK001655,J000025,Group Demo Group 01655,4,GROUP,True,NORMAL
GR001656,BK001656,J000025,Group Demo Group 01656,1,GROUP,True,NORMAL
GR001657,BK001657,J000025,Friends Demo Group 01657,4,FRIENDS,True,NORMAL
GR001658,BK001658,J000025,Group Demo Group 01658,1,GROUP,True,NORMAL
GR001659,BK001659,J000025,Couple Demo Group 01659,3,COUPLE,True,NORMAL
GR001660,BK001660,J000025,Group Demo Group 01660,1,GROUP,True,NORMAL
GR001661,BK001661,J000025,Family Demo Group 01661,3,FAMILY,True,NORMAL
GR001662,BK001662,J000025,Couple Demo Group 01662,4,COUPLE,True,NORMAL
GR001663,BK001663,J000025,Couple Demo Group 01663,3,COUPLE,True,NORMAL
GR001664,BK001664,J000025,Group Demo Group 01664,3,GROUP,True,NORMAL
GR001665,BK001665,J000025,Family Demo Group 01665,7,FAMILY,True,HIGH
GR001666,BK001666,J000025,Couple Demo Group 01666,4,COUPLE,True,NORMAL
GR001667,BK001667,J000025,Group Demo Group 01667,1,GROUP,True,NORMAL
GR001668,BK001668,J000025,Couple Demo Group 01668,2,COUPLE,True,NORMAL
GR001669,BK001669,J000025,Family Demo Group 01669,3,FAMILY,True,NORMAL
GR001670,BK001670,J000025,Group Demo Group 01670,1,GROUP,True,NORMAL
GR001671,BK001671,J000025,Group Demo Group 01671,4,GROUP,True,NORMAL
GR001672,BK001672,J000025,Group Demo Group 01672,1,GROUP,True,NORMAL
GR001673,BK001673,J000025,Group Demo Group 01673,2,GROUP,True,NORMAL
GR001674,BK001674,J000025,Family Demo Group 01674,2,FAMILY,True,NORMAL
GR001675,BK001675,J000025,Group Demo Group 01675,1,GROUP,True,NORMAL
GR001676,BK001676,J000026,Family Demo Group 01676,4,FAMILY,True,NORMAL
GR001677,BK001677,J000026,Group Demo Group 01677,2,GROUP,True,NORMAL
GR001678,BK001678,J000026,Group Demo Group 01678,1,GROUP,True,NORMAL
GR001679,BK001679,J000026,Couple Demo Group 01679,7,COUPLE,True,HIGH
GR001680,BK001680,J000026,Group Demo Group 01680,7,GROUP,True,HIGH
GR001681,BK001681,J000026,Group Demo Group 01681,2,GROUP,True,NORMAL
GR001682,BK001682,J000026,Group Demo Group 01682,1,GROUP,True,NORMAL
GR001683,BK001683,J000026,Friends Demo Group 01683,2,FRIENDS,True,NORMAL
GR001684,BK001684,J000026,Group Demo Group 01684,3,GROUP,True,NORMAL
GR001685,BK001685,J000026,Group Demo Group 01685,2,GROUP,True,NORMAL
GR001686,BK001686,J000026,Group Demo Group 01686,5,GROUP,True,NORMAL
GR001687,BK001687,J000026,Friends Demo Group 01687,2,FRIENDS,True,NORMAL
GR001688,BK001688,J000026,Couple Demo Group 01688,2,COUPLE,True,NORMAL
GR001689,BK001689,J000026,Group Demo Group 01689,2,GROUP,True,NORMAL
GR001690,BK001690,J000026,Friends Demo Group 01690,3,FRIENDS,True,NORMAL
GR001691,BK001691,J000026,Couple Demo Group 01691,3,COUPLE,True,NORMAL
GR001692,BK001692,J000026,Group Demo Group 01692,3,GROUP,True,NORMAL
GR001693,BK001693,J000026,Family Demo Group 01693,3,FAMILY,True,NORMAL
GR001694,BK001694,J000026,Family Demo Group 01694,2,FAMILY,True,NORMAL
GR001695,BK001695,J000026,Group Demo Group 01695,1,GROUP,True,NORMAL
GR001696,BK001696,J000026,Group Demo Group 01696,1,GROUP,True,NORMAL
GR001697,BK001697,J000026,Group Demo Group 01697,1,GROUP,True,NORMAL
GR001698,BK001698,J000026,Family Demo Group 01698,2,FAMILY,True,NORMAL
GR001699,BK001699,J000026,Friends Demo Group 01699,2,FRIENDS,True,NORMAL
GR001700,BK001700,J000026,Group Demo Group 01700,3,GROUP,True,NORMAL
GR001701,BK001701,J000026,Friends Demo Group 01701,4,FRIENDS,True,NORMAL
GR001702,BK001702,J000026,Group Demo Group 01702,1,GROUP,True,NORMAL
GR001703,BK001703,J000026,Friends Demo Group 01703,6,FRIENDS,True,HIGH
GR001704,BK001704,J000026,Friends Demo Group 01704,5,FRIENDS,True,NORMAL
GR001705,BK001705,J000026,Group Demo Group 01705,2,GROUP,True,NORMAL
GR001706,BK001706,J000026,Friends Demo Group 01706,3,FRIENDS,True,NORMAL
GR001707,BK001707,J000026,Friends Demo Group 01707,2,FRIENDS,True,NORMAL
GR001708,BK001708,J000026,Family Demo Group 01708,4,FAMILY,True,NORMAL
GR001709,BK001709,J000026,Friends Demo Group 01709,4,FRIENDS,True,NORMAL
GR001710,BK001710,J000026,Group Demo Group 01710,1,GROUP,True,NORMAL
GR001711,BK001711,J000026,Couple Demo Group 01711,7,COUPLE,True,HIGH
GR001712,BK001712,J000026,Family Demo Group 01712,4,FAMILY,True,NORMAL
GR001713,BK001713,J000026,Group Demo Group 01713,6,GROUP,True,HIGH
GR001714,BK001714,J000026,Group Demo Group 01714,1,GROUP,True,NORMAL
GR001715,BK001715,J000026,Couple Demo Group 01715,3,COUPLE,True,NORMAL
GR001716,BK001716,J000026,Couple Demo Group 01716,2,COUPLE,True,NORMAL
GR001717,BK001717,J000026,Family Demo Group 01717,3,FAMILY,True,NORMAL
GR001718,BK001718,J000026,Group Demo Group 01718,1,GROUP,True,NORMAL
GR001719,BK001719,J000026,Couple Demo Group 01719,3,COUPLE,True,NORMAL
GR001720,BK001720,J000026,Family Demo Group 01720,4,FAMILY,True,NORMAL
GR001721,BK001721,J000026,Group Demo Group 01721,1,GROUP,True,NORMAL
GR001722,BK001722,J000026,Group Demo Group 01722,1,GROUP,True,NORMAL
GR001723,BK001723,J000026,Friends Demo Group 01723,2,FRIENDS,True,NORMAL
GR001724,BK001724,J000026,Group Demo Group 01724,1,GROUP,True,NORMAL
GR001725,BK001725,J000026,Group Demo Group 01725,1,GROUP,True,NORMAL
GR001726,BK001726,J000026,Couple Demo Group 01726,4,COUPLE,True,NORMAL
GR001727,BK001727,J000026,Group Demo Group 01727,4,GROUP,True,NORMAL
GR001728,BK001728,J000026,Family Demo Group 01728,4,FAMILY,True,NORMAL
GR001729,BK001729,J000026,Family Demo Group 01729,3,FAMILY,True,NORMAL
GR001730,BK001730,J000026,Couple Demo Group 01730,4,COUPLE,True,NORMAL
GR001731,BK001731,J000026,Friends Demo Group 01731,2,FRIENDS,True,NORMAL
GR001732,BK001732,J000026,Couple Demo Group 01732,2,COUPLE,True,NORMAL
GR001733,BK001733,J000026,Group Demo Group 01733,2,GROUP,True,NORMAL
GR001734,BK001734,J000026,Family Demo Group 01734,2,FAMILY,True,NORMAL
GR001735,BK001735,J000026,Group Demo Group 01735,8,GROUP,True,HIGH
GR001736,BK001736,J000026,Couple Demo Group 01736,6,COUPLE,True,HIGH
GR001737,BK001737,J000026,Friends Demo Group 01737,8,FRIENDS,True,HIGH
GR001738,BK001738,J000026,Family Demo Group 01738,2,FAMILY,True,NORMAL
GR001739,BK001739,J000026,Group Demo Group 01739,4,GROUP,True,NORMAL
GR001740,BK001740,J000026,Group Demo Group 01740,1,GROUP,True,NORMAL
GR001741,BK001741,J000026,Group Demo Group 01741,1,GROUP,True,NORMAL
GR001742,BK001742,J000026,Group Demo Group 01742,1,GROUP,True,NORMAL
GR001743,BK001743,J000027,Couple Demo Group 01743,7,COUPLE,True,HIGH
GR001744,BK001744,J000027,Family Demo Group 01744,8,FAMILY,True,HIGH
GR001745,BK001745,J000027,Family Demo Group 01745,3,FAMILY,True,NORMAL
GR001746,BK001746,J000027,Group Demo Group 01746,1,GROUP,True,NORMAL
GR001747,BK001747,J000027,Group Demo Group 01747,1,GROUP,True,NORMAL
GR001748,BK001748,J000027,Couple Demo Group 01748,2,COUPLE,True,NORMAL
GR001749,BK001749,J000027,Group Demo Group 01749,1,GROUP,True,NORMAL
GR001750,BK001750,J000027,Group Demo Group 01750,5,GROUP,True,NORMAL
GR001751,BK001751,J000027,Friends Demo Group 01751,2,FRIENDS,True,NORMAL
GR001752,BK001752,J000027,Family Demo Group 01752,4,FAMILY,True,NORMAL
GR001753,BK001753,J000027,Group Demo Group 01753,1,GROUP,True,NORMAL
GR001754,BK001754,J000027,Group Demo Group 01754,1,GROUP,True,NORMAL
GR001755,BK001755,J000027,Group Demo Group 01755,4,GROUP,True,NORMAL
GR001756,BK001756,J000027,Group Demo Group 01756,7,GROUP,True,HIGH
GR001757,BK001757,J000027,Family Demo Group 01757,7,FAMILY,True,HIGH
GR001758,BK001758,J000027,Group Demo Group 01758,1,GROUP,True,NORMAL
GR001759,BK001759,J000027,Group Demo Group 01759,1,GROUP,True,NORMAL
GR001760,BK001760,J000027,Couple Demo Group 01760,2,COUPLE,True,NORMAL
GR001761,BK001761,J000027,Group Demo Group 01761,2,GROUP,True,NORMAL
GR001762,BK001762,J000027,Family Demo Group 01762,2,FAMILY,True,NORMAL
GR001763,BK001763,J000027,Group Demo Group 01763,4,GROUP,True,NORMAL
GR001764,BK001764,J000027,Group Demo Group 01764,1,GROUP,True,NORMAL
GR001765,BK001765,J000027,Family Demo Group 01765,3,FAMILY,True,NORMAL
GR001766,BK001766,J000027,Couple Demo Group 01766,4,COUPLE,True,NORMAL
GR001767,BK001767,J000027,Couple Demo Group 01767,3,COUPLE,True,NORMAL
GR001768,BK001768,J000027,Couple Demo Group 01768,2,COUPLE,True,NORMAL
GR001769,BK001769,J000027,Family Demo Group 01769,3,FAMILY,True,NORMAL
GR001770,BK001770,J000027,Friends Demo Group 01770,7,FRIENDS,True,HIGH
GR001771,BK001771,J000027,Couple Demo Group 01771,7,COUPLE,True,HIGH
GR001772,BK001772,J000027,Couple Demo Group 01772,2,COUPLE,True,NORMAL
GR001773,BK001773,J000027,Family Demo Group 01773,3,FAMILY,True,NORMAL
GR001774,BK001774,J000027,Family Demo Group 01774,2,FAMILY,True,NORMAL
GR001775,BK001775,J000027,Group Demo Group 01775,1,GROUP,True,NORMAL
GR001776,BK001776,J000027,Group Demo Group 01776,1,GROUP,True,NORMAL
GR001777,BK001777,J000027,Couple Demo Group 01777,5,COUPLE,True,NORMAL
GR001778,BK001778,J000027,Group Demo Group 01778,1,GROUP,True,NORMAL
GR001779,BK001779,J000027,Friends Demo Group 01779,2,FRIENDS,True,NORMAL
GR001780,BK001780,J000027,Family Demo Group 01780,4,FAMILY,True,NORMAL
GR001781,BK001781,J000027,Group Demo Group 01781,1,GROUP,True,NORMAL
GR001782,BK001782,J000027,Couple Demo Group 01782,8,COUPLE,True,HIGH
GR001783,BK001783,J000027,Friends Demo Group 01783,2,FRIENDS,True,NORMAL
GR001784,BK001784,J000027,Family Demo Group 01784,4,FAMILY,True,NORMAL
GR001785,BK001785,J000027,Group Demo Group 01785,1,GROUP,True,NORMAL
GR001786,BK001786,J000027,Caregiver Demo Group 01786,4,CAREGIVER,True,HIGH
GR001787,BK001787,J000027,Friends Demo Group 01787,2,FRIENDS,True,NORMAL
GR001788,BK001788,J000027,Couple Demo Group 01788,6,COUPLE,True,HIGH
GR001789,BK001789,J000027,Group Demo Group 01789,1,GROUP,True,NORMAL
GR001790,BK001790,J000027,Friends Demo Group 01790,3,FRIENDS,True,NORMAL
GR001791,BK001791,J000027,Family Demo Group 01791,5,FAMILY,True,NORMAL
GR001792,BK001792,J000027,Family Demo Group 01792,4,FAMILY,True,NORMAL
GR001793,BK001793,J000027,Friends Demo Group 01793,8,FRIENDS,True,HIGH
GR001794,BK001794,J000027,Group Demo Group 01794,1,GROUP,True,NORMAL
GR001795,BK001795,J000027,Couple Demo Group 01795,7,COUPLE,True,HIGH
GR001796,BK001796,J000027,Group Demo Group 01796,1,GROUP,True,NORMAL
GR001797,BK001797,J000027,Group Demo Group 01797,2,GROUP,True,NORMAL
GR001798,BK001798,J000027,Friends Demo Group 01798,3,FRIENDS,True,NORMAL
GR001799,BK001799,J000027,Group Demo Group 01799,1,GROUP,True,NORMAL
GR001800,BK001800,J000027,Group Demo Group 01800,1,GROUP,True,NORMAL
GR001801,BK001801,J000027,Group Demo Group 01801,2,GROUP,True,NORMAL
GR001802,BK001802,J000027,Couple Demo Group 01802,4,COUPLE,True,NORMAL
GR001803,BK001803,J000027,Group Demo Group 01803,1,GROUP,True,NORMAL
GR001804,BK001804,J000027,Family Demo Group 01804,4,FAMILY,True,NORMAL
GR001805,BK001805,J000027,Group Demo Group 01805,1,GROUP,True,NORMAL
GR001806,BK001806,J000027,Couple Demo Group 01806,8,COUPLE,True,HIGH
GR001807,BK001807,J000027,Group Demo Group 01807,1,GROUP,True,NORMAL
GR001808,BK001808,J000027,Group Demo Group 01808,3,GROUP,True,NORMAL
GR001809,BK001809,J000027,Friends Demo Group 01809,4,FRIENDS,True,NORMAL
GR001810,BK001810,J000028,Group Demo Group 01810,1,GROUP,True,NORMAL
GR001811,BK001811,J000028,Friends Demo Group 01811,2,FRIENDS,True,NORMAL
GR001812,BK001812,J000028,Family Demo Group 01812,4,FAMILY,True,NORMAL
GR001813,BK001813,J000028,Family Demo Group 01813,3,FAMILY,True,NORMAL
GR001814,BK001814,J000028,Group Demo Group 01814,1,GROUP,True,NORMAL
GR001815,BK001815,J000028,Friends Demo Group 01815,6,FRIENDS,True,HIGH
GR001816,BK001816,J000028,Group Demo Group 01816,1,GROUP,True,NORMAL
GR001817,BK001817,J000028,Group Demo Group 01817,2,GROUP,True,NORMAL
GR001818,BK001818,J000028,Group Demo Group 01818,1,GROUP,True,NORMAL
GR001819,BK001819,J000028,Couple Demo Group 01819,7,COUPLE,True,HIGH
GR001820,BK001820,J000028,Friends Demo Group 01820,5,FRIENDS,True,NORMAL
GR001821,BK001821,J000028,Group Demo Group 01821,2,GROUP,True,NORMAL
GR001822,BK001822,J000028,Couple Demo Group 01822,4,COUPLE,True,NORMAL
GR001823,BK001823,J000028,Family Demo Group 01823,5,FAMILY,True,NORMAL
GR001824,BK001824,J000028,Group Demo Group 01824,3,GROUP,True,NORMAL
GR001825,BK001825,J000028,Group Demo Group 01825,2,GROUP,True,NORMAL
GR001826,BK001826,J000028,Family Demo Group 01826,2,FAMILY,True,NORMAL
GR001827,BK001827,J000028,Family Demo Group 01827,5,FAMILY,True,NORMAL
GR001828,BK001828,J000028,Group Demo Group 01828,1,GROUP,True,NORMAL
GR001829,BK001829,J000028,Group Demo Group 01829,1,GROUP,True,NORMAL
GR001830,BK001830,J000028,Friends Demo Group 01830,3,FRIENDS,True,NORMAL
GR001831,BK001831,J000028,Group Demo Group 01831,1,GROUP,True,NORMAL
GR001832,BK001832,J000028,Group Demo Group 01832,3,GROUP,True,NORMAL
GR001833,BK001833,J000028,Family Demo Group 01833,3,FAMILY,True,NORMAL
GR001834,BK001834,J000028,Group Demo Group 01834,5,GROUP,True,NORMAL
GR001835,BK001835,J000028,Group Demo Group 01835,1,GROUP,True,NORMAL
GR001836,BK001836,J000028,Group Demo Group 01836,1,GROUP,True,NORMAL
GR001837,BK001837,J000028,Family Demo Group 01837,7,FAMILY,True,HIGH
GR001838,BK001838,J000028,Family Demo Group 01838,2,FAMILY,True,NORMAL
GR001839,BK001839,J000028,Group Demo Group 01839,4,GROUP,True,NORMAL
GR001840,BK001840,J000028,Group Demo Group 01840,1,GROUP,True,NORMAL
GR001841,BK001841,J000028,Friends Demo Group 01841,4,FRIENDS,True,NORMAL
GR001842,BK001842,J000028,Couple Demo Group 01842,4,COUPLE,True,NORMAL
GR001843,BK001843,J000028,Caregiver Demo Group 01843,4,CAREGIVER,True,HIGH
GR001844,BK001844,J000028,Couple Demo Group 01844,2,COUPLE,True,NORMAL
GR001845,BK001845,J000028,Group Demo Group 01845,1,GROUP,True,NORMAL
GR001846,BK001846,J000028,Family Demo Group 01846,2,FAMILY,True,NORMAL
GR001847,BK001847,J000028,Friends Demo Group 01847,2,FRIENDS,True,NORMAL
GR001848,BK001848,J000028,Group Demo Group 01848,1,GROUP,True,NORMAL
GR001849,BK001849,J000028,Family Demo Group 01849,3,FAMILY,True,NORMAL
GR001850,BK001850,J000028,Family Demo Group 01850,2,FAMILY,True,NORMAL
GR001851,BK001851,J000028,Group Demo Group 01851,1,GROUP,True,NORMAL
GR001852,BK001852,J000028,Group Demo Group 01852,3,GROUP,True,NORMAL
GR001853,BK001853,J000028,Friends Demo Group 01853,8,FRIENDS,True,HIGH
GR001854,BK001854,J000028,Group Demo Group 01854,5,GROUP,True,NORMAL
GR001855,BK001855,J000028,Couple Demo Group 01855,3,COUPLE,True,NORMAL
GR001856,BK001856,J000028,Family Demo Group 01856,4,FAMILY,True,NORMAL
GR001857,BK001857,J000028,Friends Demo Group 01857,4,FRIENDS,True,NORMAL
GR001858,BK001858,J000028,Couple Demo Group 01858,4,COUPLE,True,NORMAL
GR001859,BK001859,J000028,Friends Demo Group 01859,6,FRIENDS,True,HIGH
GR001860,BK001860,J000028,Group Demo Group 01860,1,GROUP,True,NORMAL
GR001861,BK001861,J000028,Couple Demo Group 01861,5,COUPLE,True,NORMAL
GR001862,BK001862,J000028,Friends Demo Group 01862,3,FRIENDS,True,NORMAL
GR001863,BK001863,J000028,Couple Demo Group 01863,3,COUPLE,True,NORMAL
GR001864,BK001864,J000028,Couple Demo Group 01864,2,COUPLE,True,NORMAL
GR001865,BK001865,J000028,Group Demo Group 01865,2,GROUP,True,NORMAL
GR001866,BK001866,J000028,Friends Demo Group 01866,7,FRIENDS,True,HIGH
GR001867,BK001867,J000028,Friends Demo Group 01867,2,FRIENDS,True,NORMAL
GR001868,BK001868,J000028,Group Demo Group 01868,3,GROUP,True,NORMAL
GR001869,BK001869,J000028,Family Demo Group 01869,3,FAMILY,True,NORMAL
GR001870,BK001870,J000028,Group Demo Group 01870,1,GROUP,True,NORMAL
GR001871,BK001871,J000028,Group Demo Group 01871,4,GROUP,True,NORMAL
GR001872,BK001872,J000028,Couple Demo Group 01872,2,COUPLE,True,NORMAL
GR001873,BK001873,J000028,Couple Demo Group 01873,5,COUPLE,True,NORMAL
GR001874,BK001874,J000028,Friends Demo Group 01874,3,FRIENDS,True,NORMAL
GR001875,BK001875,J000028,Couple Demo Group 01875,3,COUPLE,True,NORMAL
GR001876,BK001876,J000028,Couple Demo Group 01876,2,COUPLE,True,NORMAL
GR001877,BK001877,J000029,Family Demo Group 01877,3,FAMILY,True,NORMAL
GR001878,BK001878,J000029,Family Demo Group 01878,2,FAMILY,True,NORMAL
GR001879,BK001879,J000029,Couple Demo Group 01879,3,COUPLE,True,NORMAL
GR001880,BK001880,J000029,Couple Demo Group 01880,6,COUPLE,True,HIGH
GR001881,BK001881,J000029,Caregiver Demo Group 01881,5,CAREGIVER,True,HIGH
GR001882,BK001882,J000029,Family Demo Group 01882,2,FAMILY,True,NORMAL
GR001883,BK001883,J000029,Friends Demo Group 01883,2,FRIENDS,True,NORMAL
GR001884,BK001884,J000029,Group Demo Group 01884,3,GROUP,True,NORMAL
GR001885,BK001885,J000029,Friends Demo Group 01885,4,FRIENDS,True,NORMAL
GR001886,BK001886,J000029,Friends Demo Group 01886,3,FRIENDS,True,NORMAL
GR001887,BK001887,J000029,Group Demo Group 01887,4,GROUP,True,NORMAL
GR001888,BK001888,J000029,Couple Demo Group 01888,2,COUPLE,True,NORMAL
GR001889,BK001889,J000029,Couple Demo Group 01889,5,COUPLE,True,NORMAL
GR001890,BK001890,J000029,Couple Demo Group 01890,4,COUPLE,True,NORMAL
GR001891,BK001891,J000029,Couple Demo Group 01891,3,COUPLE,True,NORMAL
GR001892,BK001892,J000029,Couple Demo Group 01892,6,COUPLE,True,HIGH
GR001893,BK001893,J000029,Group Demo Group 01893,2,GROUP,True,NORMAL
GR001894,BK001894,J000029,Family Demo Group 01894,6,FAMILY,True,HIGH
GR001895,BK001895,J000029,Couple Demo Group 01895,3,COUPLE,True,NORMAL
GR001896,BK001896,J000029,Couple Demo Group 01896,2,COUPLE,True,NORMAL
GR001897,BK001897,J000029,Group Demo Group 01897,1,GROUP,True,NORMAL
GR001898,BK001898,J000029,Couple Demo Group 01898,4,COUPLE,True,NORMAL
GR001899,BK001899,J000029,Group Demo Group 01899,1,GROUP,True,NORMAL
GR001900,BK001900,J000029,Couple Demo Group 01900,2,COUPLE,True,NORMAL
GR001901,BK001901,J000029,Friends Demo Group 01901,4,FRIENDS,True,NORMAL
GR001902,BK001902,J000029,Couple Demo Group 01902,4,COUPLE,True,NORMAL
GR001903,BK001903,J000029,Friends Demo Group 01903,2,FRIENDS,True,NORMAL
GR001904,BK001904,J000029,Couple Demo Group 01904,2,COUPLE,True,NORMAL
GR001905,BK001905,J000029,Group Demo Group 01905,6,GROUP,True,HIGH
GR001906,BK001906,J000029,Couple Demo Group 01906,4,COUPLE,True,NORMAL
GR001907,BK001907,J000029,Group Demo Group 01907,1,GROUP,True,NORMAL
GR001908,BK001908,J000029,Group Demo Group 01908,1,GROUP,True,NORMAL
GR001909,BK001909,J000029,Family Demo Group 01909,3,FAMILY,True,NORMAL
GR001910,BK001910,J000029,Group Demo Group 01910,1,GROUP,True,NORMAL
GR001911,BK001911,J000029,Group Demo Group 01911,8,GROUP,True,HIGH
GR001912,BK001912,J000029,Group Demo Group 01912,1,GROUP,True,NORMAL
GR001913,BK001913,J000029,Group Demo Group 01913,6,GROUP,True,HIGH
GR001914,BK001914,J000029,Family Demo Group 01914,2,FAMILY,True,NORMAL
GR001915,BK001915,J000029,Friends Demo Group 01915,2,FRIENDS,True,NORMAL
GR001916,BK001916,J000029,Couple Demo Group 01916,2,COUPLE,True,NORMAL
GR001917,BK001917,J000029,Couple Demo Group 01917,5,COUPLE,True,NORMAL
GR001918,BK001918,J000029,Group Demo Group 01918,1,GROUP,True,NORMAL
GR001919,BK001919,J000029,Caregiver Demo Group 01919,4,CAREGIVER,True,HIGH
GR001920,BK001920,J000029,Family Demo Group 01920,4,FAMILY,True,NORMAL
GR001921,BK001921,J000029,Group Demo Group 01921,1,GROUP,True,NORMAL
GR001922,BK001922,J000029,Friends Demo Group 01922,3,FRIENDS,True,NORMAL
GR001923,BK001923,J000029,Couple Demo Group 01923,3,COUPLE,True,NORMAL
GR001924,BK001924,J000029,Family Demo Group 01924,4,FAMILY,True,NORMAL
GR001925,BK001925,J000029,Friends Demo Group 01925,4,FRIENDS,True,NORMAL
GR001926,BK001926,J000029,Family Demo Group 01926,2,FAMILY,True,NORMAL
GR001927,BK001927,J000029,Group Demo Group 01927,1,GROUP,True,NORMAL
GR001928,BK001928,J000029,Couple Demo Group 01928,2,COUPLE,True,NORMAL
GR001929,BK001929,J000029,Family Demo Group 01929,3,FAMILY,True,NORMAL
GR001930,BK001930,J000029,Group Demo Group 01930,1,GROUP,True,NORMAL
GR001931,BK001931,J000029,Friends Demo Group 01931,2,FRIENDS,True,NORMAL
GR001932,BK001932,J000029,Couple Demo Group 01932,2,COUPLE,True,NORMAL
GR001933,BK001933,J000029,Group Demo Group 01933,1,GROUP,True,NORMAL
GR001934,BK001934,J000029,Couple Demo Group 01934,4,COUPLE,True,NORMAL
GR001935,BK001935,J000029,Group Demo Group 01935,1,GROUP,True,NORMAL
GR001936,BK001936,J000029,Couple Demo Group 01936,2,COUPLE,True,NORMAL
GR001937,BK001937,J000029,Group Demo Group 01937,6,GROUP,True,HIGH
GR001938,BK001938,J000029,Family Demo Group 01938,2,FAMILY,True,NORMAL
GR001939,BK001939,J000029,Couple Demo Group 01939,3,COUPLE,True,NORMAL
GR001940,BK001940,J000029,Family Demo Group 01940,4,FAMILY,True,NORMAL
GR001941,BK001941,J000029,Group Demo Group 01941,1,GROUP,True,NORMAL
GR001942,BK001942,J000029,Family Demo Group 01942,2,FAMILY,True,NORMAL
GR001943,BK001943,J000029,Group Demo Group 01943,1,GROUP,True,NORMAL
GR001944,BK001944,J000030,Couple Demo Group 01944,2,COUPLE,True,NORMAL
GR001945,BK001945,J000030,Group Demo Group 01945,2,GROUP,True,NORMAL
GR001946,BK001946,J000030,Friends Demo Group 01946,3,FRIENDS,True,NORMAL
GR001947,BK001947,J000030,Group Demo Group 01947,4,GROUP,True,NORMAL
GR001948,BK001948,J000030,Couple Demo Group 01948,2,COUPLE,True,NORMAL
GR001949,BK001949,J000030,Group Demo Group 01949,1,GROUP,True,NORMAL
GR001950,BK001950,J000030,Friends Demo Group 01950,7,FRIENDS,True,HIGH
GR001951,BK001951,J000030,Group Demo Group 01951,4,GROUP,True,NORMAL
GR001952,BK001952,J000030,Couple Demo Group 01952,6,COUPLE,True,HIGH
GR001953,BK001953,J000030,Friends Demo Group 01953,4,FRIENDS,True,NORMAL
GR001954,BK001954,J000030,Couple Demo Group 01954,4,COUPLE,True,NORMAL
GR001955,BK001955,J000030,Group Demo Group 01955,4,GROUP,True,NORMAL
GR001956,BK001956,J000030,Couple Demo Group 01956,2,COUPLE,True,NORMAL
GR001957,BK001957,J000030,Group Demo Group 01957,2,GROUP,True,NORMAL
GR001958,BK001958,J000030,Group Demo Group 01958,5,GROUP,True,NORMAL
GR001959,BK001959,J000030,Couple Demo Group 01959,3,COUPLE,True,NORMAL
GR001960,BK001960,J000030,Group Demo Group 01960,1,GROUP,True,NORMAL
GR001961,BK001961,J000030,Couple Demo Group 01961,5,COUPLE,True,NORMAL
GR001962,BK001962,J000030,Friends Demo Group 01962,3,FRIENDS,True,NORMAL
GR001963,BK001963,J000030,Couple Demo Group 01963,3,COUPLE,True,NORMAL
GR001964,BK001964,J000030,Group Demo Group 01964,1,GROUP,True,NORMAL
GR001965,BK001965,J000030,Friends Demo Group 01965,4,FRIENDS,True,NORMAL
GR001966,BK001966,J000030,Group Demo Group 01966,1,GROUP,True,NORMAL
GR001967,BK001967,J000030,Group Demo Group 01967,1,GROUP,True,NORMAL
GR001968,BK001968,J000030,Group Demo Group 01968,3,GROUP,True,NORMAL
GR001969,BK001969,J000030,Friends Demo Group 01969,4,FRIENDS,True,NORMAL
GR001970,BK001970,J000030,Family Demo Group 01970,2,FAMILY,True,NORMAL
GR001971,BK001971,J000030,Group Demo Group 01971,1,GROUP,True,NORMAL
GR001972,BK001972,J000030,Couple Demo Group 01972,2,COUPLE,True,NORMAL
GR001973,BK001973,J000030,Group Demo Group 01973,1,GROUP,True,NORMAL
GR001974,BK001974,J000030,Group Demo Group 01974,5,GROUP,True,NORMAL
GR001975,BK001975,J000030,Friends Demo Group 01975,6,FRIENDS,True,HIGH
GR001976,BK001976,J000030,Group Demo Group 01976,1,GROUP,True,NORMAL
GR001977,BK001977,J000030,Family Demo Group 01977,3,FAMILY,True,NORMAL
GR001978,BK001978,J000030,Group Demo Group 01978,5,GROUP,True,NORMAL
GR001979,BK001979,J000030,Group Demo Group 01979,4,GROUP,True,NORMAL
GR001980,BK001980,J000030,Couple Demo Group 01980,2,COUPLE,True,NORMAL
GR001981,BK001981,J000030,Friends Demo Group 01981,4,FRIENDS,True,NORMAL
GR001982,BK001982,J000030,Group Demo Group 01982,1,GROUP,True,NORMAL
GR001983,BK001983,J000030,Friends Demo Group 01983,2,FRIENDS,True,NORMAL
GR001984,BK001984,J000030,Couple Demo Group 01984,2,COUPLE,True,NORMAL
GR001985,BK001985,J000030,Friends Demo Group 01985,4,FRIENDS,True,NORMAL
GR001986,BK001986,J000030,Couple Demo Group 01986,4,COUPLE,True,NORMAL
GR001987,BK001987,J000030,Group Demo Group 01987,1,GROUP,True,NORMAL
GR001988,BK001988,J000030,Group Demo Group 01988,1,GROUP,True,NORMAL
GR001989,BK001989,J000030,Group Demo Group 01989,1,GROUP,True,NORMAL
GR001990,BK001990,J000030,Friends Demo Group 01990,3,FRIENDS,True,NORMAL
GR001991,BK001991,J000030,Couple Demo Group 01991,3,COUPLE,True,NORMAL
GR001992,BK001992,J000030,Group Demo Group 01992,1,GROUP,True,NORMAL
GR001993,BK001993,J000030,Group Demo Group 01993,1,GROUP,True,NORMAL
GR001994,BK001994,J000030,Group Demo Group 01994,1,GROUP,True,NORMAL
GR001995,BK001995,J000030,Couple Demo Group 01995,3,COUPLE,True,NORMAL
GR001996,BK001996,J000030,Group Demo Group 01996,1,GROUP,True,NORMAL
GR001997,BK001997,J000030,Group Demo Group 01997,6,GROUP,True,HIGH
GR001998,BK001998,J000030,Couple Demo Group 01998,4,COUPLE,True,NORMAL
GR001999,BK001999,J000030,Family Demo Group 01999,5,FAMILY,True,NORMAL
GR002000,BK002000,J000030,Group Demo Group 02000,1,GROUP,True,NORMAL
GR002001,BK002001,J000030,Group Demo Group 02001,2,GROUP,True,NORMAL
GR002002,BK002002,J000030,Group Demo Group 02002,1,GROUP,True,NORMAL
GR002003,BK002003,J000030,Friends Demo Group 02003,6,FRIENDS,True,HIGH
GR002004,BK002004,J000030,Friends Demo Group 02004,5,FRIENDS,True,NORMAL
GR002005,BK002005,J000030,Group Demo Group 02005,1,GROUP,True,NORMAL
GR002006,BK002006,J000030,Family Demo Group 02006,2,FAMILY,True,NORMAL
GR002007,BK002007,J000030,Group Demo Group 02007,1,GROUP,True,NORMAL
GR002008,BK002008,J000030,Group Demo Group 02008,3,GROUP,True,NORMAL
GR002009,BK002009,J000030,Friends Demo Group 02009,4,FRIENDS,True,NORMAL
GR002010,BK002010,J000030,Couple Demo Group 02010,4,COUPLE,True,NORMAL
GR002011,BK002011,J000031,Group Demo Group 02011,1,GROUP,True,NORMAL
GR002012,BK002012,J000031,Group Demo Group 02012,3,GROUP,True,NORMAL
GR002013,BK002013,J000031,Friends Demo Group 02013,8,FRIENDS,True,HIGH
GR002014,BK002014,J000031,Group Demo Group 02014,1,GROUP,True,NORMAL
GR002015,BK002015,J000031,Friends Demo Group 02015,2,FRIENDS,True,NORMAL
GR002016,BK002016,J000031,Couple Demo Group 02016,2,COUPLE,True,NORMAL
GR002017,BK002017,J000031,Group Demo Group 02017,1,GROUP,True,NORMAL
GR002018,BK002018,J000031,Friends Demo Group 02018,3,FRIENDS,True,NORMAL
GR002019,BK002019,J000031,Group Demo Group 02019,1,GROUP,True,NORMAL
GR002020,BK002020,J000031,Couple Demo Group 02020,2,COUPLE,True,NORMAL
GR002021,BK002021,J000031,Friends Demo Group 02021,4,FRIENDS,True,NORMAL
GR002022,BK002022,J000031,Couple Demo Group 02022,4,COUPLE,True,NORMAL
GR002023,BK002023,J000031,Group Demo Group 02023,4,GROUP,True,NORMAL
GR002024,BK002024,J000031,Friends Demo Group 02024,5,FRIENDS,True,NORMAL
GR002025,BK002025,J000031,Group Demo Group 02025,2,GROUP,True,NORMAL
GR002026,BK002026,J000031,Family Demo Group 02026,6,FAMILY,True,HIGH
GR002027,BK002027,J000031,Couple Demo Group 02027,3,COUPLE,True,NORMAL
GR002028,BK002028,J000031,Group Demo Group 02028,1,GROUP,True,NORMAL
GR002029,BK002029,J000031,Group Demo Group 02029,2,GROUP,True,NORMAL
GR002030,BK002030,J000031,Friends Demo Group 02030,3,FRIENDS,True,NORMAL
GR002031,BK002031,J000031,Friends Demo Group 02031,2,FRIENDS,True,NORMAL
GR002032,BK002032,J000031,Couple Demo Group 02032,2,COUPLE,True,NORMAL
GR002033,BK002033,J000031,Caregiver Demo Group 02033,4,CAREGIVER,True,HIGH
GR002034,BK002034,J000031,Group Demo Group 02034,1,GROUP,True,NORMAL
GR002035,BK002035,J000031,Group Demo Group 02035,4,GROUP,True,NORMAL
GR002036,BK002036,J000031,Family Demo Group 02036,4,FAMILY,True,NORMAL
GR002037,BK002037,J000031,Group Demo Group 02037,1,GROUP,True,NORMAL
GR002038,BK002038,J000031,Couple Demo Group 02038,4,COUPLE,True,NORMAL
GR002039,BK002039,J000031,Group Demo Group 02039,1,GROUP,True,NORMAL
GR002040,BK002040,J000031,Couple Demo Group 02040,2,COUPLE,True,NORMAL
GR002041,BK002041,J000031,Friends Demo Group 02041,4,FRIENDS,True,NORMAL
GR002042,BK002042,J000031,Couple Demo Group 02042,4,COUPLE,True,NORMAL
GR002043,BK002043,J000031,Group Demo Group 02043,1,GROUP,True,NORMAL
GR002044,BK002044,J000031,Group Demo Group 02044,3,GROUP,True,NORMAL
GR002045,BK002045,J000031,Group Demo Group 02045,1,GROUP,True,NORMAL
GR002046,BK002046,J000031,Group Demo Group 02046,5,GROUP,True,NORMAL
GR002047,BK002047,J000031,Group Demo Group 02047,4,GROUP,True,NORMAL
GR002048,BK002048,J000031,Couple Demo Group 02048,6,COUPLE,True,HIGH
GR002049,BK002049,J000031,Family Demo Group 02049,3,FAMILY,True,NORMAL
GR002050,BK002050,J000031,Couple Demo Group 02050,4,COUPLE,True,NORMAL
GR002051,BK002051,J000031,Family Demo Group 02051,5,FAMILY,True,NORMAL
GR002052,BK002052,J000031,Couple Demo Group 02052,2,COUPLE,True,NORMAL
GR002053,BK002053,J000031,Friends Demo Group 02053,4,FRIENDS,True,NORMAL
GR002054,BK002054,J000031,Family Demo Group 02054,2,FAMILY,True,NORMAL
GR002055,BK002055,J000031,Friends Demo Group 02055,6,FRIENDS,True,HIGH
GR002056,BK002056,J000031,Group Demo Group 02056,3,GROUP,True,NORMAL
GR002057,BK002057,J000031,Group Demo Group 02057,1,GROUP,True,NORMAL
GR002058,BK002058,J000031,Couple Demo Group 02058,4,COUPLE,True,NORMAL
GR002059,BK002059,J000031,Friends Demo Group 02059,2,FRIENDS,True,NORMAL
GR002060,BK002060,J000031,Group Demo Group 02060,1,GROUP,True,NORMAL
GR002061,BK002061,J000031,Group Demo Group 02061,1,GROUP,True,NORMAL
GR002062,BK002062,J000031,Family Demo Group 02062,6,FAMILY,True,HIGH
GR002063,BK002063,J000031,Group Demo Group 02063,4,GROUP,True,NORMAL
GR002064,BK002064,J000031,Couple Demo Group 02064,2,COUPLE,True,NORMAL
GR002065,BK002065,J000031,Group Demo Group 02065,1,GROUP,True,NORMAL
GR002066,BK002066,J000031,Family Demo Group 02066,2,FAMILY,True,NORMAL
GR002067,BK002067,J000031,Group Demo Group 02067,1,GROUP,True,NORMAL
GR002068,BK002068,J000031,Group Demo Group 02068,7,GROUP,True,HIGH
GR002069,BK002069,J000031,Group Demo Group 02069,2,GROUP,True,NORMAL
GR002070,BK002070,J000031,Couple Demo Group 02070,4,COUPLE,True,NORMAL
GR002071,BK002071,J000031,Friends Demo Group 02071,2,FRIENDS,True,NORMAL
GR002072,BK002072,J000031,Family Demo Group 02072,8,FAMILY,True,HIGH
GR002073,BK002073,J000031,Group Demo Group 02073,1,GROUP,True,NORMAL
GR002074,BK002074,J000031,Group Demo Group 02074,1,GROUP,True,NORMAL
GR002075,BK002075,J000031,Group Demo Group 02075,1,GROUP,True,NORMAL
GR002076,BK002076,J000031,Family Demo Group 02076,4,FAMILY,True,NORMAL
GR002077,BK002077,J000031,Group Demo Group 02077,2,GROUP,True,NORMAL
GR002078,BK002078,J000032,Friends Demo Group 02078,3,FRIENDS,True,NORMAL
GR002079,BK002079,J000032,Couple Demo Group 02079,3,COUPLE,True,NORMAL
GR002080,BK002080,J000032,Couple Demo Group 02080,6,COUPLE,True,HIGH
GR002081,BK002081,J000032,Friends Demo Group 02081,4,FRIENDS,True,NORMAL
GR002082,BK002082,J000032,Group Demo Group 02082,1,GROUP,True,NORMAL
GR002083,BK002083,J000032,Friends Demo Group 02083,2,FRIENDS,True,NORMAL
GR002084,BK002084,J000032,Group Demo Group 02084,1,GROUP,True,NORMAL
GR002085,BK002085,J000032,Friends Demo Group 02085,4,FRIENDS,True,NORMAL
GR002086,BK002086,J000032,Group Demo Group 02086,1,GROUP,True,NORMAL
GR002087,BK002087,J000032,Couple Demo Group 02087,3,COUPLE,True,NORMAL
GR002088,BK002088,J000032,Family Demo Group 02088,4,FAMILY,True,NORMAL
GR002089,BK002089,J000032,Group Demo Group 02089,2,GROUP,True,NORMAL
GR002090,BK002090,J000032,Friends Demo Group 02090,3,FRIENDS,True,NORMAL
GR002091,BK002091,J000032,Group Demo Group 02091,1,GROUP,True,NORMAL
GR002092,BK002092,J000032,Couple Demo Group 02092,6,COUPLE,True,HIGH
GR002093,BK002093,J000032,Group Demo Group 02093,2,GROUP,True,NORMAL
GR002094,BK002094,J000032,Friends Demo Group 02094,3,FRIENDS,True,NORMAL
GR002095,BK002095,J000032,Friends Demo Group 02095,6,FRIENDS,True,HIGH
GR002096,BK002096,J000032,Group Demo Group 02096,1,GROUP,True,NORMAL
GR002097,BK002097,J000032,Family Demo Group 02097,3,FAMILY,True,NORMAL
GR002098,BK002098,J000032,Couple Demo Group 02098,8,COUPLE,True,HIGH
GR002099,BK002099,J000032,Friends Demo Group 02099,2,FRIENDS,True,NORMAL
GR002100,BK002100,J000032,Group Demo Group 02100,1,GROUP,True,NORMAL
GR002101,BK002101,J000032,Friends Demo Group 02101,4,FRIENDS,True,NORMAL
GR002102,BK002102,J000032,Group Demo Group 02102,1,GROUP,True,NORMAL
GR002103,BK002103,J000032,Friends Demo Group 02103,2,FRIENDS,True,NORMAL
GR002104,BK002104,J000032,Couple Demo Group 02104,2,COUPLE,True,NORMAL
GR002105,BK002105,J000032,Couple Demo Group 02105,5,COUPLE,True,NORMAL
GR002106,BK002106,J000032,Group Demo Group 02106,1,GROUP,True,NORMAL
GR002107,BK002107,J000032,Couple Demo Group 02107,3,COUPLE,True,NORMAL
GR002108,BK002108,J000032,Group Demo Group 02108,3,GROUP,True,NORMAL
GR002109,BK002109,J000032,Group Demo Group 02109,2,GROUP,True,NORMAL
GR002110,BK002110,J000032,Friends Demo Group 02110,3,FRIENDS,True,NORMAL
GR002111,BK002111,J000032,Couple Demo Group 02111,3,COUPLE,True,NORMAL
GR002112,BK002112,J000032,Friends Demo Group 02112,5,FRIENDS,True,NORMAL
GR002113,BK002113,J000032,Group Demo Group 02113,2,GROUP,True,NORMAL
GR002114,BK002114,J000032,Family Demo Group 02114,2,FAMILY,True,NORMAL
GR002115,BK002115,J000032,Friends Demo Group 02115,2,FRIENDS,True,NORMAL
GR002116,BK002116,J000032,Group Demo Group 02116,3,GROUP,True,NORMAL
GR002117,BK002117,J000032,Friends Demo Group 02117,4,FRIENDS,True,NORMAL
GR002118,BK002118,J000032,Family Demo Group 02118,2,FAMILY,True,NORMAL
GR002119,BK002119,J000032,Group Demo Group 02119,8,GROUP,True,HIGH
GR002120,BK002120,J000032,Family Demo Group 02120,4,FAMILY,True,NORMAL
GR002121,BK002121,J000032,Group Demo Group 02121,1,GROUP,True,NORMAL
GR002122,BK002122,J000032,Family Demo Group 02122,2,FAMILY,True,NORMAL
GR002123,BK002123,J000032,Group Demo Group 02123,1,GROUP,True,NORMAL
GR002124,BK002124,J000032,Group Demo Group 02124,3,GROUP,True,NORMAL
GR002125,BK002125,J000032,Friends Demo Group 02125,8,FRIENDS,True,HIGH
GR002126,BK002126,J000032,Couple Demo Group 02126,4,COUPLE,True,NORMAL
GR002127,BK002127,J000032,Friends Demo Group 02127,2,FRIENDS,True,NORMAL
GR002128,BK002128,J000032,Group Demo Group 02128,1,GROUP,True,NORMAL
GR002129,BK002129,J000032,Friends Demo Group 02129,4,FRIENDS,True,NORMAL
GR002130,BK002130,J000032,Couple Demo Group 02130,8,COUPLE,True,HIGH
GR002131,BK002131,J000032,Couple Demo Group 02131,7,COUPLE,True,HIGH
GR002132,BK002132,J000032,Couple Demo Group 02132,2,COUPLE,True,NORMAL
GR002133,BK002133,J000032,Family Demo Group 02133,3,FAMILY,True,NORMAL
GR002134,BK002134,J000032,Family Demo Group 02134,6,FAMILY,True,HIGH
GR002135,BK002135,J000032,Group Demo Group 02135,1,GROUP,True,NORMAL
GR002136,BK002136,J000032,Group Demo Group 02136,3,GROUP,True,NORMAL
GR002137,BK002137,J000032,Group Demo Group 02137,2,GROUP,True,NORMAL
GR002138,BK002138,J000032,Friends Demo Group 02138,3,FRIENDS,True,NORMAL
GR002139,BK002139,J000032,Group Demo Group 02139,4,GROUP,True,NORMAL
GR002140,BK002140,J000032,Couple Demo Group 02140,2,COUPLE,True,NORMAL
GR002141,BK002141,J000032,Family Demo Group 02141,7,FAMILY,True,HIGH
GR002142,BK002142,J000032,Couple Demo Group 02142,4,COUPLE,True,NORMAL
GR002143,BK002143,J000032,Family Demo Group 02143,5,FAMILY,True,NORMAL
GR002144,BK002144,J000032,Group Demo Group 02144,1,GROUP,True,NORMAL
GR002145,BK002145,J000033,Friends Demo Group 02145,4,FRIENDS,True,NORMAL
GR002146,BK002146,J000033,Couple Demo Group 02146,4,COUPLE,True,NORMAL
GR002147,BK002147,J000033,Caregiver Demo Group 02147,4,CAREGIVER,True,HIGH
GR002148,BK002148,J000033,Couple Demo Group 02148,6,COUPLE,True,HIGH
GR002149,BK002149,J000033,Group Demo Group 02149,1,GROUP,True,NORMAL
GR002150,BK002150,J000033,Group Demo Group 02150,1,GROUP,True,NORMAL
GR002151,BK002151,J000033,Group Demo Group 02151,4,GROUP,True,NORMAL
GR002152,BK002152,J000033,Group Demo Group 02152,3,GROUP,True,NORMAL
GR002153,BK002153,J000033,Group Demo Group 02153,2,GROUP,True,NORMAL
GR002154,BK002154,J000033,Couple Demo Group 02154,4,COUPLE,True,NORMAL
GR002155,BK002155,J000033,Friends Demo Group 02155,2,FRIENDS,True,NORMAL
GR002156,BK002156,J000033,Group Demo Group 02156,3,GROUP,True,NORMAL
GR002157,BK002157,J000033,Friends Demo Group 02157,4,FRIENDS,True,NORMAL
GR002158,BK002158,J000033,Friends Demo Group 02158,3,FRIENDS,True,NORMAL
GR002159,BK002159,J000033,Friends Demo Group 02159,6,FRIENDS,True,HIGH
GR002160,BK002160,J000033,Group Demo Group 02160,1,GROUP,True,NORMAL
GR002161,BK002161,J000033,Family Demo Group 02161,3,FAMILY,True,NORMAL
GR002162,BK002162,J000033,Couple Demo Group 02162,4,COUPLE,True,NORMAL
GR002163,BK002163,J000033,Group Demo Group 02163,4,GROUP,True,NORMAL
GR002164,BK002164,J000033,Group Demo Group 02164,3,GROUP,True,NORMAL
GR002165,BK002165,J000033,Friends Demo Group 02165,4,FRIENDS,True,NORMAL
GR002166,BK002166,J000033,Friends Demo Group 02166,3,FRIENDS,True,NORMAL
GR002167,BK002167,J000033,Group Demo Group 02167,1,GROUP,True,NORMAL
GR002168,BK002168,J000033,Couple Demo Group 02168,2,COUPLE,True,NORMAL
GR002169,BK002169,J000033,Group Demo Group 02169,2,GROUP,True,NORMAL
GR002170,BK002170,J000033,Family Demo Group 02170,2,FAMILY,True,NORMAL
GR002171,BK002171,J000033,Group Demo Group 02171,4,GROUP,True,NORMAL
GR002172,BK002172,J000033,Family Demo Group 02172,4,FAMILY,True,NORMAL
GR002173,BK002173,J000033,Friends Demo Group 02173,4,FRIENDS,True,NORMAL
GR002174,BK002174,J000033,Group Demo Group 02174,1,GROUP,True,NORMAL
GR002175,BK002175,J000033,Group Demo Group 02175,1,GROUP,True,NORMAL
GR002176,BK002176,J000033,Group Demo Group 02176,3,GROUP,True,NORMAL
GR002177,BK002177,J000033,Friends Demo Group 02177,4,FRIENDS,True,NORMAL
GR002178,BK002178,J000033,Family Demo Group 02178,2,FAMILY,True,NORMAL
GR002179,BK002179,J000033,Group Demo Group 02179,1,GROUP,True,NORMAL
GR002180,BK002180,J000033,Group Demo Group 02180,3,GROUP,True,NORMAL
GR002181,BK002181,J000033,Group Demo Group 02181,2,GROUP,True,NORMAL
GR002182,BK002182,J000033,Couple Demo Group 02182,4,COUPLE,True,NORMAL
GR002183,BK002183,J000033,Friends Demo Group 02183,2,FRIENDS,True,NORMAL
GR002184,BK002184,J000033,Couple Demo Group 02184,2,COUPLE,True,NORMAL
GR002185,BK002185,J000033,Family Demo Group 02185,3,FAMILY,True,NORMAL
GR002186,BK002186,J000033,Couple Demo Group 02186,4,COUPLE,True,NORMAL
GR002187,BK002187,J000033,Couple Demo Group 02187,3,COUPLE,True,NORMAL
GR002188,BK002188,J000033,Family Demo Group 02188,4,FAMILY,True,NORMAL
GR002189,BK002189,J000033,Family Demo Group 02189,3,FAMILY,True,NORMAL
GR002190,BK002190,J000033,Friends Demo Group 02190,3,FRIENDS,True,NORMAL
GR002191,BK002191,J000033,Group Demo Group 02191,8,GROUP,True,HIGH
GR002192,BK002192,J000033,Couple Demo Group 02192,2,COUPLE,True,NORMAL
GR002193,BK002193,J000033,Group Demo Group 02193,1,GROUP,True,NORMAL
GR002194,BK002194,J000033,Group Demo Group 02194,1,GROUP,True,NORMAL
GR002195,BK002195,J000033,Friends Demo Group 02195,2,FRIENDS,True,NORMAL
GR002196,BK002196,J000033,Couple Demo Group 02196,2,COUPLE,True,NORMAL
GR002197,BK002197,J000033,Group Demo Group 02197,1,GROUP,True,NORMAL
GR002198,BK002198,J000033,Group Demo Group 02198,5,GROUP,True,NORMAL
GR002199,BK002199,J000033,Couple Demo Group 02199,3,COUPLE,True,NORMAL
GR002200,BK002200,J000033,Group Demo Group 02200,3,GROUP,True,NORMAL
GR002201,BK002201,J000033,Friends Demo Group 02201,4,FRIENDS,True,NORMAL
GR002202,BK002202,J000033,Group Demo Group 02202,1,GROUP,True,NORMAL
GR002203,BK002203,J000033,Friends Demo Group 02203,2,FRIENDS,True,NORMAL
GR002204,BK002204,J000033,Group Demo Group 02204,3,GROUP,True,NORMAL
GR002205,BK002205,J000033,Group Demo Group 02205,1,GROUP,True,NORMAL
GR002206,BK002206,J000033,Group Demo Group 02206,5,GROUP,True,NORMAL
GR002207,BK002207,J000033,Group Demo Group 02207,8,GROUP,True,HIGH
GR002208,BK002208,J000033,Couple Demo Group 02208,2,COUPLE,True,NORMAL
GR002209,BK002209,J000033,Group Demo Group 02209,1,GROUP,True,NORMAL
GR002210,BK002210,J000033,Couple Demo Group 02210,4,COUPLE,True,NORMAL
GR002211,BK002211,J000033,Couple Demo Group 02211,3,COUPLE,True,NORMAL
GR002212,BK002212,J000034,Family Demo Group 02212,4,FAMILY,True,NORMAL
GR002213,BK002213,J000034,Group Demo Group 02213,1,GROUP,True,NORMAL
GR002214,BK002214,J000034,Friends Demo Group 02214,7,FRIENDS,True,HIGH
GR002215,BK002215,J000034,Friends Demo Group 02215,2,FRIENDS,True,NORMAL
GR002216,BK002216,J000034,Family Demo Group 02216,4,FAMILY,True,NORMAL
GR002217,BK002217,J000034,Group Demo Group 02217,1,GROUP,True,NORMAL
GR002218,BK002218,J000034,Couple Demo Group 02218,4,COUPLE,True,NORMAL
GR002219,BK002219,J000034,Friends Demo Group 02219,2,FRIENDS,True,NORMAL
GR002220,BK002220,J000034,Friends Demo Group 02220,5,FRIENDS,True,NORMAL
GR002221,BK002221,J000034,Friends Demo Group 02221,4,FRIENDS,True,NORMAL
GR002222,BK002222,J000034,Friends Demo Group 02222,3,FRIENDS,True,NORMAL
GR002223,BK002223,J000034,Friends Demo Group 02223,2,FRIENDS,True,NORMAL
GR002224,BK002224,J000034,Group Demo Group 02224,1,GROUP,True,NORMAL
GR002225,BK002225,J000034,Family Demo Group 02225,3,FAMILY,True,NORMAL
GR002226,BK002226,J000034,Couple Demo Group 02226,4,COUPLE,True,NORMAL
GR002227,BK002227,J000034,Group Demo Group 02227,1,GROUP,True,NORMAL
GR002228,BK002228,J000034,Couple Demo Group 02228,2,COUPLE,True,NORMAL
GR002229,BK002229,J000034,Group Demo Group 02229,1,GROUP,True,NORMAL
GR002230,BK002230,J000034,Family Demo Group 02230,2,FAMILY,True,NORMAL
GR002231,BK002231,J000034,Group Demo Group 02231,1,GROUP,True,NORMAL
GR002232,BK002232,J000034,Group Demo Group 02232,3,GROUP,True,NORMAL
GR002233,BK002233,J000034,Couple Demo Group 02233,5,COUPLE,True,NORMAL
GR002234,BK002234,J000034,Family Demo Group 02234,2,FAMILY,True,NORMAL
GR002235,BK002235,J000034,Group Demo Group 02235,1,GROUP,True,NORMAL
GR002236,BK002236,J000034,Couple Demo Group 02236,2,COUPLE,True,NORMAL
GR002237,BK002237,J000034,Group Demo Group 02237,2,GROUP,True,NORMAL
GR002238,BK002238,J000034,Family Demo Group 02238,2,FAMILY,True,NORMAL
GR002239,BK002239,J000034,Group Demo Group 02239,1,GROUP,True,NORMAL
GR002240,BK002240,J000034,Group Demo Group 02240,3,GROUP,True,NORMAL
GR002241,BK002241,J000034,Group Demo Group 02241,1,GROUP,True,NORMAL
GR002242,BK002242,J000034,Group Demo Group 02242,1,GROUP,True,NORMAL
GR002243,BK002243,J000034,Group Demo Group 02243,4,GROUP,True,NORMAL
GR002244,BK002244,J000034,Couple Demo Group 02244,2,COUPLE,True,NORMAL
GR002245,BK002245,J000034,Family Demo Group 02245,3,FAMILY,True,NORMAL
GR002246,BK002246,J000034,Group Demo Group 02246,1,GROUP,True,NORMAL
GR002247,BK002247,J000034,Friends Demo Group 02247,2,FRIENDS,True,NORMAL
GR002248,BK002248,J000034,Family Demo Group 02248,8,FAMILY,True,HIGH
GR002249,BK002249,J000034,Group Demo Group 02249,6,GROUP,True,HIGH
GR002250,BK002250,J000034,Family Demo Group 02250,2,FAMILY,True,NORMAL
GR002251,BK002251,J000034,Friends Demo Group 02251,2,FRIENDS,True,NORMAL
GR002252,BK002252,J000034,Group Demo Group 02252,1,GROUP,True,NORMAL
GR002253,BK002253,J000034,Group Demo Group 02253,6,GROUP,True,HIGH
GR002254,BK002254,J000034,Group Demo Group 02254,1,GROUP,True,NORMAL
GR002255,BK002255,J000034,Group Demo Group 02255,1,GROUP,True,NORMAL
GR002256,BK002256,J000034,Couple Demo Group 02256,2,COUPLE,True,NORMAL
GR002257,BK002257,J000034,Friends Demo Group 02257,4,FRIENDS,True,NORMAL
GR002258,BK002258,J000034,Group Demo Group 02258,1,GROUP,True,NORMAL
GR002259,BK002259,J000034,Group Demo Group 02259,1,GROUP,True,NORMAL
GR002260,BK002260,J000034,Family Demo Group 02260,4,FAMILY,True,NORMAL
GR002261,BK002261,J000034,Caregiver Demo Group 02261,7,CAREGIVER,True,HIGH
GR002262,BK002262,J000034,Friends Demo Group 02262,3,FRIENDS,True,NORMAL
GR002263,BK002263,J000034,Couple Demo Group 02263,3,COUPLE,True,NORMAL
GR002264,BK002264,J000034,Family Demo Group 02264,4,FAMILY,True,NORMAL
GR002265,BK002265,J000034,Family Demo Group 02265,7,FAMILY,True,HIGH
GR002266,BK002266,J000034,Friends Demo Group 02266,3,FRIENDS,True,NORMAL
GR002267,BK002267,J000034,Group Demo Group 02267,1,GROUP,True,NORMAL
GR002268,BK002268,J000034,Family Demo Group 02268,4,FAMILY,True,NORMAL
GR002269,BK002269,J000034,Family Demo Group 02269,3,FAMILY,True,NORMAL
GR002270,BK002270,J000034,Family Demo Group 02270,2,FAMILY,True,NORMAL
GR002271,BK002271,J000034,Couple Demo Group 02271,3,COUPLE,True,NORMAL
GR002272,BK002272,J000034,Group Demo Group 02272,1,GROUP,True,NORMAL
GR002273,BK002273,J000034,Family Demo Group 02273,3,FAMILY,True,NORMAL
GR002274,BK002274,J000034,Group Demo Group 02274,5,GROUP,True,NORMAL
GR002275,BK002275,J000034,Friends Demo Group 02275,2,FRIENDS,True,NORMAL
GR002276,BK002276,J000034,Group Demo Group 02276,3,GROUP,True,NORMAL
GR002277,BK002277,J000034,Friends Demo Group 02277,4,FRIENDS,True,NORMAL
GR002278,BK002278,J000034,Friends Demo Group 02278,3,FRIENDS,True,NORMAL
GR002279,BK002279,J000035,Group Demo Group 02279,1,GROUP,True,NORMAL
GR002280,BK002280,J000035,Caregiver Demo Group 02280,4,CAREGIVER,True,HIGH
GR002281,BK002281,J000035,Friends Demo Group 02281,4,FRIENDS,True,NORMAL
GR002282,BK002282,J000035,Group Demo Group 02282,1,GROUP,True,NORMAL
GR002283,BK002283,J000035,Group Demo Group 02283,4,GROUP,True,NORMAL
GR002284,BK002284,J000035,Couple Demo Group 02284,6,COUPLE,True,HIGH
GR002285,BK002285,J000035,Group Demo Group 02285,6,GROUP,True,HIGH
GR002286,BK002286,J000035,Friends Demo Group 02286,3,FRIENDS,True,NORMAL
GR002287,BK002287,J000035,Couple Demo Group 02287,3,COUPLE,True,NORMAL
GR002288,BK002288,J000035,Couple Demo Group 02288,2,COUPLE,True,NORMAL
GR002289,BK002289,J000035,Friends Demo Group 02289,4,FRIENDS,True,NORMAL
GR002290,BK002290,J000035,Family Demo Group 02290,2,FAMILY,True,NORMAL
GR002291,BK002291,J000035,Couple Demo Group 02291,7,COUPLE,True,HIGH
GR002292,BK002292,J000035,Group Demo Group 02292,3,GROUP,True,NORMAL
GR002293,BK002293,J000035,Group Demo Group 02293,2,GROUP,True,NORMAL
GR002294,BK002294,J000035,Couple Demo Group 02294,4,COUPLE,True,NORMAL
GR002295,BK002295,J000035,Couple Demo Group 02295,7,COUPLE,True,HIGH
GR002296,BK002296,J000035,Group Demo Group 02296,1,GROUP,True,NORMAL
GR002297,BK002297,J000035,Group Demo Group 02297,2,GROUP,True,NORMAL
GR002298,BK002298,J000035,Group Demo Group 02298,1,GROUP,True,NORMAL
GR002299,BK002299,J000035,Caregiver Demo Group 02299,4,CAREGIVER,True,HIGH
GR002300,BK002300,J000035,Group Demo Group 02300,1,GROUP,True,NORMAL
GR002301,BK002301,J000035,Group Demo Group 02301,1,GROUP,True,NORMAL
GR002302,BK002302,J000035,Friends Demo Group 02302,3,FRIENDS,True,NORMAL
GR002303,BK002303,J000035,Group Demo Group 02303,1,GROUP,True,NORMAL
GR002304,BK002304,J000035,Family Demo Group 02304,4,FAMILY,True,NORMAL
GR002305,BK002305,J000035,Friends Demo Group 02305,4,FRIENDS,True,NORMAL
GR002306,BK002306,J000035,Friends Demo Group 02306,3,FRIENDS,True,NORMAL
GR002307,BK002307,J000035,Friends Demo Group 02307,2,FRIENDS,True,NORMAL
GR002308,BK002308,J000035,Couple Demo Group 02308,2,COUPLE,True,NORMAL
GR002309,BK002309,J000035,Family Demo Group 02309,3,FAMILY,True,NORMAL
GR002310,BK002310,J000035,Family Demo Group 02310,2,FAMILY,True,NORMAL
GR002311,BK002311,J000035,Couple Demo Group 02311,3,COUPLE,True,NORMAL
GR002312,BK002312,J000035,Couple Demo Group 02312,2,COUPLE,True,NORMAL
GR002313,BK002313,J000035,Group Demo Group 02313,2,GROUP,True,NORMAL
GR002314,BK002314,J000035,Family Demo Group 02314,6,FAMILY,True,HIGH
GR002315,BK002315,J000035,Couple Demo Group 02315,3,COUPLE,True,NORMAL
GR002316,BK002316,J000035,Couple Demo Group 02316,2,COUPLE,True,NORMAL
GR002317,BK002317,J000035,Friends Demo Group 02317,4,FRIENDS,True,NORMAL
GR002318,BK002318,J000035,Caregiver Demo Group 02318,4,CAREGIVER,True,HIGH
GR002319,BK002319,J000035,Group Demo Group 02319,8,GROUP,True,HIGH
GR002320,BK002320,J000035,Group Demo Group 02320,3,GROUP,True,NORMAL
GR002321,BK002321,J000035,Group Demo Group 02321,1,GROUP,True,NORMAL
GR002322,BK002322,J000035,Family Demo Group 02322,6,FAMILY,True,HIGH
GR002323,BK002323,J000035,Group Demo Group 02323,1,GROUP,True,NORMAL
GR002324,BK002324,J000035,Couple Demo Group 02324,2,COUPLE,True,NORMAL
GR002325,BK002325,J000035,Couple Demo Group 02325,5,COUPLE,True,NORMAL
GR002326,BK002326,J000035,Family Demo Group 02326,2,FAMILY,True,NORMAL
GR002327,BK002327,J000035,Friends Demo Group 02327,2,FRIENDS,True,NORMAL
GR002328,BK002328,J000035,Group Demo Group 02328,1,GROUP,True,NORMAL
GR002329,BK002329,J000035,Group Demo Group 02329,2,GROUP,True,NORMAL
GR002330,BK002330,J000035,Friends Demo Group 02330,7,FRIENDS,True,HIGH
GR002331,BK002331,J000035,Group Demo Group 02331,4,GROUP,True,NORMAL
GR002332,BK002332,J000035,Couple Demo Group 02332,2,COUPLE,True,NORMAL
GR002333,BK002333,J000035,Friends Demo Group 02333,4,FRIENDS,True,NORMAL
GR002334,BK002334,J000035,Group Demo Group 02334,1,GROUP,True,NORMAL
GR002335,BK002335,J000035,Friends Demo Group 02335,6,FRIENDS,True,HIGH
GR002336,BK002336,J000035,Friends Demo Group 02336,5,FRIENDS,True,NORMAL
GR002337,BK002337,J000035,Caregiver Demo Group 02337,8,CAREGIVER,True,HIGH
GR002338,BK002338,J000035,Friends Demo Group 02338,7,FRIENDS,True,HIGH
GR002339,BK002339,J000035,Couple Demo Group 02339,3,COUPLE,True,NORMAL
GR002340,BK002340,J000035,Group Demo Group 02340,3,GROUP,True,NORMAL
GR002341,BK002341,J000035,Group Demo Group 02341,1,GROUP,True,NORMAL
GR002342,BK002342,J000035,Couple Demo Group 02342,4,COUPLE,True,NORMAL
GR002343,BK002343,J000035,Friends Demo Group 02343,2,FRIENDS,True,NORMAL
GR002344,BK002344,J000035,Family Demo Group 02344,4,FAMILY,True,NORMAL
GR002345,BK002345,J000035,Group Demo Group 02345,2,GROUP,True,NORMAL
GR002346,BK002346,J000036,Couple Demo Group 02346,4,COUPLE,True,NORMAL
GR002347,BK002347,J000036,Group Demo Group 02347,4,GROUP,True,NORMAL
GR002348,BK002348,J000036,Family Demo Group 02348,4,FAMILY,True,NORMAL
GR002349,BK002349,J000036,Group Demo Group 02349,1,GROUP,True,NORMAL
GR002350,BK002350,J000036,Group Demo Group 02350,1,GROUP,True,NORMAL
GR002351,BK002351,J000036,Family Demo Group 02351,5,FAMILY,True,NORMAL
GR002352,BK002352,J000036,Family Demo Group 02352,4,FAMILY,True,NORMAL
GR002353,BK002353,J000036,Group Demo Group 02353,2,GROUP,True,NORMAL
GR002354,BK002354,J000036,Group Demo Group 02354,1,GROUP,True,NORMAL
GR002355,BK002355,J000036,Friends Demo Group 02355,6,FRIENDS,True,HIGH
GR002356,BK002356,J000036,Couple Demo Group 02356,2,COUPLE,True,NORMAL
GR002357,BK002357,J000036,Group Demo Group 02357,1,GROUP,True,NORMAL
GR002358,BK002358,J000036,Couple Demo Group 02358,4,COUPLE,True,NORMAL
GR002359,BK002359,J000036,Group Demo Group 02359,1,GROUP,True,NORMAL
GR002360,BK002360,J000036,Friends Demo Group 02360,5,FRIENDS,True,NORMAL
GR002361,BK002361,J000036,Group Demo Group 02361,1,GROUP,True,NORMAL
GR002362,BK002362,J000036,Family Demo Group 02362,6,FAMILY,True,HIGH
GR002363,BK002363,J000036,Couple Demo Group 02363,3,COUPLE,True,NORMAL
GR002364,BK002364,J000036,Group Demo Group 02364,3,GROUP,True,NORMAL
GR002365,BK002365,J000036,Friends Demo Group 02365,4,FRIENDS,True,NORMAL
GR002366,BK002366,J000036,Couple Demo Group 02366,4,COUPLE,True,NORMAL
GR002367,BK002367,J000036,Group Demo Group 02367,1,GROUP,True,NORMAL
GR002368,BK002368,J000036,Couple Demo Group 02368,2,COUPLE,True,NORMAL
GR002369,BK002369,J000036,Group Demo Group 02369,1,GROUP,True,NORMAL
GR002370,BK002370,J000036,Friends Demo Group 02370,3,FRIENDS,True,NORMAL
GR002371,BK002371,J000036,Group Demo Group 02371,1,GROUP,True,NORMAL
GR002372,BK002372,J000036,Group Demo Group 02372,3,GROUP,True,NORMAL
GR002373,BK002373,J000036,Friends Demo Group 02373,4,FRIENDS,True,NORMAL
GR002374,BK002374,J000036,Friends Demo Group 02374,3,FRIENDS,True,NORMAL
GR002375,BK002375,J000036,Group Demo Group 02375,1,GROUP,True,NORMAL
GR002376,BK002376,J000036,Couple Demo Group 02376,2,COUPLE,True,NORMAL
GR002377,BK002377,J000036,Group Demo Group 02377,2,GROUP,True,NORMAL
GR002378,BK002378,J000036,Couple Demo Group 02378,4,COUPLE,True,NORMAL
GR002379,BK002379,J000036,Group Demo Group 02379,4,GROUP,True,NORMAL
GR002380,BK002380,J000036,Couple Demo Group 02380,2,COUPLE,True,NORMAL
GR002381,BK002381,J000036,Group Demo Group 02381,2,GROUP,True,NORMAL
GR002382,BK002382,J000036,Family Demo Group 02382,2,FAMILY,True,NORMAL
GR002383,BK002383,J000036,Friends Demo Group 02383,6,FRIENDS,True,HIGH
GR002384,BK002384,J000036,Couple Demo Group 02384,6,COUPLE,True,HIGH
GR002385,BK002385,J000036,Friends Demo Group 02385,4,FRIENDS,True,NORMAL
GR002386,BK002386,J000036,Couple Demo Group 02386,4,COUPLE,True,NORMAL
GR002387,BK002387,J000036,Friends Demo Group 02387,2,FRIENDS,True,NORMAL
GR002388,BK002388,J000036,Couple Demo Group 02388,2,COUPLE,True,NORMAL
GR002389,BK002389,J000036,Family Demo Group 02389,3,FAMILY,True,NORMAL
GR002390,BK002390,J000036,Group Demo Group 02390,1,GROUP,True,NORMAL
GR002391,BK002391,J000036,Friends Demo Group 02391,2,FRIENDS,True,NORMAL
GR002392,BK002392,J000036,Couple Demo Group 02392,2,COUPLE,True,NORMAL
GR002393,BK002393,J000036,Family Demo Group 02393,3,FAMILY,True,NORMAL
GR002394,BK002394,J000036,Group Demo Group 02394,1,GROUP,True,NORMAL
GR002395,BK002395,J000036,Couple Demo Group 02395,3,COUPLE,True,NORMAL
GR002396,BK002396,J000036,Family Demo Group 02396,4,FAMILY,True,NORMAL
GR002397,BK002397,J000036,Friends Demo Group 02397,4,FRIENDS,True,NORMAL
GR002398,BK002398,J000036,Family Demo Group 02398,2,FAMILY,True,NORMAL
GR002399,BK002399,J000036,Friends Demo Group 02399,2,FRIENDS,True,NORMAL
GR002400,BK002400,J000036,Family Demo Group 02400,4,FAMILY,True,NORMAL
GR002401,BK002401,J000036,Group Demo Group 02401,1,GROUP,True,NORMAL
GR002402,BK002402,J000036,Couple Demo Group 02402,4,COUPLE,True,NORMAL
GR002403,BK002403,J000036,Group Demo Group 02403,1,GROUP,True,NORMAL
GR002404,BK002404,J000036,Couple Demo Group 02404,2,COUPLE,True,NORMAL
GR002405,BK002405,J000036,Friends Demo Group 02405,4,FRIENDS,True,NORMAL
GR002406,BK002406,J000036,Friends Demo Group 02406,3,FRIENDS,True,NORMAL
GR002407,BK002407,J000036,Group Demo Group 02407,8,GROUP,True,HIGH
GR002408,BK002408,J000036,Group Demo Group 02408,1,GROUP,True,NORMAL
GR002409,BK002409,J000036,Couple Demo Group 02409,5,COUPLE,True,NORMAL
GR002410,BK002410,J000036,Couple Demo Group 02410,4,COUPLE,True,NORMAL
GR002411,BK002411,J000036,Group Demo Group 02411,1,GROUP,True,NORMAL
GR002412,BK002412,J000036,Friends Demo Group 02412,5,FRIENDS,True,NORMAL
GR002413,BK002413,J000037,Group Demo Group 02413,2,GROUP,True,NORMAL
GR002414,BK002414,J000037,Family Demo Group 02414,2,FAMILY,True,NORMAL
GR002415,BK002415,J000037,Friends Demo Group 02415,6,FRIENDS,True,HIGH
GR002416,BK002416,J000037,Group Demo Group 02416,1,GROUP,True,NORMAL
GR002417,BK002417,J000037,Group Demo Group 02417,1,GROUP,True,NORMAL
GR002418,BK002418,J000037,Couple Demo Group 02418,4,COUPLE,True,NORMAL
GR002419,BK002419,J000037,Group Demo Group 02419,4,GROUP,True,NORMAL
GR002420,BK002420,J000037,Couple Demo Group 02420,2,COUPLE,True,NORMAL
GR002421,BK002421,J000037,Group Demo Group 02421,2,GROUP,True,NORMAL
GR002422,BK002422,J000037,Friends Demo Group 02422,3,FRIENDS,True,NORMAL
GR002423,BK002423,J000037,Friends Demo Group 02423,2,FRIENDS,True,NORMAL
GR002424,BK002424,J000037,Family Demo Group 02424,4,FAMILY,True,NORMAL
GR002425,BK002425,J000037,Group Demo Group 02425,2,GROUP,True,NORMAL
GR002426,BK002426,J000037,Couple Demo Group 02426,4,COUPLE,True,NORMAL
GR002427,BK002427,J000037,Group Demo Group 02427,1,GROUP,True,NORMAL
GR002428,BK002428,J000037,Couple Demo Group 02428,2,COUPLE,True,NORMAL
GR002429,BK002429,J000037,Group Demo Group 02429,1,GROUP,True,NORMAL
GR002430,BK002430,J000037,Family Demo Group 02430,2,FAMILY,True,NORMAL
GR002431,BK002431,J000037,Couple Demo Group 02431,3,COUPLE,True,NORMAL
GR002432,BK002432,J000037,Caregiver Demo Group 02432,6,CAREGIVER,True,HIGH
GR002433,BK002433,J000037,Friends Demo Group 02433,4,FRIENDS,True,NORMAL
GR002434,BK002434,J000037,Friends Demo Group 02434,3,FRIENDS,True,NORMAL
GR002435,BK002435,J000037,Group Demo Group 02435,4,GROUP,True,NORMAL
GR002436,BK002436,J000037,Couple Demo Group 02436,2,COUPLE,True,NORMAL
GR002437,BK002437,J000037,Group Demo Group 02437,2,GROUP,True,NORMAL
GR002438,BK002438,J000037,Friends Demo Group 02438,3,FRIENDS,True,NORMAL
GR002439,BK002439,J000037,Friends Demo Group 02439,2,FRIENDS,True,NORMAL
GR002440,BK002440,J000037,Group Demo Group 02440,3,GROUP,True,NORMAL
GR002441,BK002441,J000037,Family Demo Group 02441,7,FAMILY,True,HIGH
GR002442,BK002442,J000037,Family Demo Group 02442,2,FAMILY,True,NORMAL
GR002443,BK002443,J000037,Couple Demo Group 02443,3,COUPLE,True,NORMAL
GR002444,BK002444,J000037,Friends Demo Group 02444,5,FRIENDS,True,NORMAL
GR002445,BK002445,J000037,Group Demo Group 02445,2,GROUP,True,NORMAL
GR002446,BK002446,J000037,Family Demo Group 02446,2,FAMILY,True,NORMAL
GR002447,BK002447,J000037,Couple Demo Group 02447,3,COUPLE,True,NORMAL
GR002448,BK002448,J000037,Couple Demo Group 02448,2,COUPLE,True,NORMAL
GR002449,BK002449,J000037,Friends Demo Group 02449,4,FRIENDS,True,NORMAL
GR002450,BK002450,J000037,Couple Demo Group 02450,4,COUPLE,True,NORMAL
GR002451,BK002451,J000037,Couple Demo Group 02451,3,COUPLE,True,NORMAL
GR002452,BK002452,J000037,Group Demo Group 02452,1,GROUP,True,NORMAL
GR002453,BK002453,J000037,Group Demo Group 02453,2,GROUP,True,NORMAL
GR002454,BK002454,J000037,Family Demo Group 02454,2,FAMILY,True,NORMAL
GR002455,BK002455,J000037,Group Demo Group 02455,4,GROUP,True,NORMAL
GR002456,BK002456,J000037,Couple Demo Group 02456,2,COUPLE,True,NORMAL
GR002457,BK002457,J000037,Couple Demo Group 02457,5,COUPLE,True,NORMAL
GR002458,BK002458,J000037,Group Demo Group 02458,1,GROUP,True,NORMAL
GR002459,BK002459,J000037,Couple Demo Group 02459,3,COUPLE,True,NORMAL
GR002460,BK002460,J000037,Family Demo Group 02460,4,FAMILY,True,NORMAL
GR002461,BK002461,J000037,Group Demo Group 02461,2,GROUP,True,NORMAL
GR002462,BK002462,J000037,Friends Demo Group 02462,7,FRIENDS,True,HIGH
GR002463,BK002463,J000037,Group Demo Group 02463,1,GROUP,True,NORMAL
GR002464,BK002464,J000037,Group Demo Group 02464,3,GROUP,True,NORMAL
GR002465,BK002465,J000037,Family Demo Group 02465,3,FAMILY,True,NORMAL
GR002466,BK002466,J000037,Group Demo Group 02466,1,GROUP,True,NORMAL
GR002467,BK002467,J000037,Group Demo Group 02467,4,GROUP,True,NORMAL
GR002468,BK002468,J000037,Group Demo Group 02468,3,GROUP,True,NORMAL
GR002469,BK002469,J000037,Friends Demo Group 02469,4,FRIENDS,True,NORMAL
GR002470,BK002470,J000037,Caregiver Demo Group 02470,4,CAREGIVER,True,HIGH
GR002471,BK002471,J000037,Couple Demo Group 02471,3,COUPLE,True,NORMAL
GR002472,BK002472,J000037,Couple Demo Group 02472,6,COUPLE,True,HIGH
GR002473,BK002473,J000037,Friends Demo Group 02473,8,FRIENDS,True,HIGH
GR002474,BK002474,J000037,Group Demo Group 02474,1,GROUP,True,NORMAL
GR002475,BK002475,J000037,Group Demo Group 02475,4,GROUP,True,NORMAL
GR002476,BK002476,J000037,Couple Demo Group 02476,2,COUPLE,True,NORMAL
GR002477,BK002477,J000037,Group Demo Group 02477,2,GROUP,True,NORMAL
GR002478,BK002478,J000037,Group Demo Group 02478,1,GROUP,True,NORMAL
GR002479,BK002479,J000037,Family Demo Group 02479,5,FAMILY,True,NORMAL
GR002480,BK002480,J000038,Group Demo Group 02480,1,GROUP,True,NORMAL
GR002481,BK002481,J000038,Family Demo Group 02481,3,FAMILY,True,NORMAL
GR002482,BK002482,J000038,Friends Demo Group 02482,3,FRIENDS,True,NORMAL
GR002483,BK002483,J000038,Friends Demo Group 02483,2,FRIENDS,True,NORMAL
GR002484,BK002484,J000038,Family Demo Group 02484,4,FAMILY,True,NORMAL
GR002485,BK002485,J000038,Family Demo Group 02485,7,FAMILY,True,HIGH
GR002486,BK002486,J000038,Family Demo Group 02486,2,FAMILY,True,NORMAL
GR002487,BK002487,J000038,Couple Demo Group 02487,3,COUPLE,True,NORMAL
GR002488,BK002488,J000038,Family Demo Group 02488,4,FAMILY,True,NORMAL
GR002489,BK002489,J000038,Caregiver Demo Group 02489,6,CAREGIVER,True,HIGH
GR002490,BK002490,J000038,Family Demo Group 02490,6,FAMILY,True,HIGH
GR002491,BK002491,J000038,Couple Demo Group 02491,3,COUPLE,True,NORMAL
GR002492,BK002492,J000038,Couple Demo Group 02492,2,COUPLE,True,NORMAL
GR002493,BK002493,J000038,Friends Demo Group 02493,4,FRIENDS,True,NORMAL
GR002494,BK002494,J000038,Couple Demo Group 02494,4,COUPLE,True,NORMAL
GR002495,BK002495,J000038,Group Demo Group 02495,1,GROUP,True,NORMAL
GR002496,BK002496,J000038,Group Demo Group 02496,1,GROUP,True,NORMAL
GR002497,BK002497,J000038,Group Demo Group 02497,1,GROUP,True,NORMAL
GR002498,BK002498,J000038,Family Demo Group 02498,6,FAMILY,True,HIGH
GR002499,BK002499,J000038,Friends Demo Group 02499,2,FRIENDS,True,NORMAL
GR002500,BK002500,J000038,Group Demo Group 02500,1,GROUP,True,NORMAL
GR002501,BK002501,J000038,Group Demo Group 02501,1,GROUP,True,NORMAL
GR002502,BK002502,J000038,Couple Demo Group 02502,8,COUPLE,True,HIGH
GR002503,BK002503,J000038,Group Demo Group 02503,4,GROUP,True,NORMAL
GR002504,BK002504,J000038,Group Demo Group 02504,1,GROUP,True,NORMAL
GR002505,BK002505,J000038,Group Demo Group 02505,1,GROUP,True,NORMAL
GR002506,BK002506,J000038,Family Demo Group 02506,2,FAMILY,True,NORMAL
GR002507,BK002507,J000038,Group Demo Group 02507,8,GROUP,True,HIGH
GR002508,BK002508,J000038,Group Demo Group 02508,1,GROUP,True,NORMAL
GR002509,BK002509,J000038,Family Demo Group 02509,3,FAMILY,True,NORMAL
GR002510,BK002510,J000038,Couple Demo Group 02510,4,COUPLE,True,NORMAL
GR002511,BK002511,J000038,Couple Demo Group 02511,3,COUPLE,True,NORMAL
GR002512,BK002512,J000038,Group Demo Group 02512,3,GROUP,True,NORMAL
GR002513,BK002513,J000038,Family Demo Group 02513,3,FAMILY,True,NORMAL
GR002514,BK002514,J000038,Friends Demo Group 02514,3,FRIENDS,True,NORMAL
GR002515,BK002515,J000038,Group Demo Group 02515,4,GROUP,True,NORMAL
GR002516,BK002516,J000038,Group Demo Group 02516,1,GROUP,True,NORMAL
GR002517,BK002517,J000038,Group Demo Group 02517,6,GROUP,True,HIGH
GR002518,BK002518,J000038,Group Demo Group 02518,5,GROUP,True,NORMAL
GR002519,BK002519,J000038,Friends Demo Group 02519,2,FRIENDS,True,NORMAL
GR002520,BK002520,J000038,Group Demo Group 02520,7,GROUP,True,HIGH
GR002521,BK002521,J000038,Group Demo Group 02521,2,GROUP,True,NORMAL
GR002522,BK002522,J000038,Family Demo Group 02522,2,FAMILY,True,NORMAL
GR002523,BK002523,J000038,Couple Demo Group 02523,3,COUPLE,True,NORMAL
GR002524,BK002524,J000038,Couple Demo Group 02524,2,COUPLE,True,NORMAL
GR002525,BK002525,J000038,Family Demo Group 02525,7,FAMILY,True,HIGH
GR002526,BK002526,J000038,Group Demo Group 02526,1,GROUP,True,NORMAL
GR002527,BK002527,J000038,Group Demo Group 02527,1,GROUP,True,NORMAL
GR002528,BK002528,J000038,Family Demo Group 02528,4,FAMILY,True,NORMAL
GR002529,BK002529,J000038,Group Demo Group 02529,2,GROUP,True,NORMAL
GR002530,BK002530,J000038,Couple Demo Group 02530,4,COUPLE,True,NORMAL
GR002531,BK002531,J000038,Couple Demo Group 02531,3,COUPLE,True,NORMAL
GR002532,BK002532,J000038,Couple Demo Group 02532,2,COUPLE,True,NORMAL
GR002533,BK002533,J000038,Family Demo Group 02533,3,FAMILY,True,NORMAL
GR002534,BK002534,J000038,Family Demo Group 02534,2,FAMILY,True,NORMAL
GR002535,BK002535,J000038,Group Demo Group 02535,1,GROUP,True,NORMAL
GR002536,BK002536,J000038,Couple Demo Group 02536,2,COUPLE,True,NORMAL
GR002537,BK002537,J000038,Friends Demo Group 02537,4,FRIENDS,True,NORMAL
GR002538,BK002538,J000038,Family Demo Group 02538,6,FAMILY,True,HIGH
GR002539,BK002539,J000038,Friends Demo Group 02539,2,FRIENDS,True,NORMAL
GR002540,BK002540,J000038,Group Demo Group 02540,1,GROUP,True,NORMAL
GR002541,BK002541,J000038,Group Demo Group 02541,1,GROUP,True,NORMAL
GR002542,BK002542,J000038,Couple Demo Group 02542,4,COUPLE,True,NORMAL
GR002543,BK002543,J000038,Group Demo Group 02543,1,GROUP,True,NORMAL
GR002544,BK002544,J000038,Couple Demo Group 02544,2,COUPLE,True,NORMAL
GR002545,BK002545,J000038,Group Demo Group 02545,1,GROUP,True,NORMAL
GR002546,BK002546,J000038,Group Demo Group 02546,1,GROUP,True,NORMAL
GR002547,BK002547,J000039,Group Demo Group 02547,4,GROUP,True,NORMAL
GR002548,BK002548,J000039,Family Demo Group 02548,4,FAMILY,True,NORMAL
GR002549,BK002549,J000039,Friends Demo Group 02549,4,FRIENDS,True,NORMAL
GR002550,BK002550,J000039,Friends Demo Group 02550,3,FRIENDS,True,NORMAL
GR002551,BK002551,J000039,Group Demo Group 02551,1,GROUP,True,NORMAL
GR002552,BK002552,J000039,Group Demo Group 02552,7,GROUP,True,HIGH
GR002553,BK002553,J000039,Group Demo Group 02553,1,GROUP,True,NORMAL
GR002554,BK002554,J000039,Couple Demo Group 02554,4,COUPLE,True,NORMAL
GR002555,BK002555,J000039,Group Demo Group 02555,1,GROUP,True,NORMAL
GR002556,BK002556,J000039,Group Demo Group 02556,3,GROUP,True,NORMAL
GR002557,BK002557,J000039,Group Demo Group 02557,2,GROUP,True,NORMAL
GR002558,BK002558,J000039,Couple Demo Group 02558,4,COUPLE,True,NORMAL
GR002559,BK002559,J000039,Couple Demo Group 02559,3,COUPLE,True,NORMAL
GR002560,BK002560,J000039,Group Demo Group 02560,3,GROUP,True,NORMAL
GR002561,BK002561,J000039,Family Demo Group 02561,3,FAMILY,True,NORMAL
GR002562,BK002562,J000039,Couple Demo Group 02562,4,COUPLE,True,NORMAL
GR002563,BK002563,J000039,Couple Demo Group 02563,3,COUPLE,True,NORMAL
GR002564,BK002564,J000039,Couple Demo Group 02564,2,COUPLE,True,NORMAL
GR002565,BK002565,J000039,Group Demo Group 02565,1,GROUP,True,NORMAL
GR002566,BK002566,J000039,Group Demo Group 02566,5,GROUP,True,NORMAL
GR002567,BK002567,J000039,Group Demo Group 02567,4,GROUP,True,NORMAL
GR002568,BK002568,J000039,Couple Demo Group 02568,6,COUPLE,True,HIGH
GR002569,BK002569,J000039,Group Demo Group 02569,2,GROUP,True,NORMAL
GR002570,BK002570,J000039,Family Demo Group 02570,6,FAMILY,True,HIGH
GR002571,BK002571,J000039,Group Demo Group 02571,4,GROUP,True,NORMAL
GR002572,BK002572,J000039,Group Demo Group 02572,1,GROUP,True,NORMAL
GR002573,BK002573,J000039,Group Demo Group 02573,2,GROUP,True,NORMAL
GR002574,BK002574,J000039,Group Demo Group 02574,1,GROUP,True,NORMAL
GR002575,BK002575,J000039,Friends Demo Group 02575,2,FRIENDS,True,NORMAL
GR002576,BK002576,J000039,Couple Demo Group 02576,2,COUPLE,True,NORMAL
GR002577,BK002577,J000039,Group Demo Group 02577,1,GROUP,True,NORMAL
GR002578,BK002578,J000039,Group Demo Group 02578,1,GROUP,True,NORMAL
GR002579,BK002579,J000039,Group Demo Group 02579,4,GROUP,True,NORMAL
GR002580,BK002580,J000039,Group Demo Group 02580,7,GROUP,True,HIGH
GR002581,BK002581,J000039,Group Demo Group 02581,2,GROUP,True,NORMAL
GR002582,BK002582,J000039,Friends Demo Group 02582,3,FRIENDS,True,NORMAL
GR002583,BK002583,J000039,Family Demo Group 02583,5,FAMILY,True,NORMAL
GR002584,BK002584,J000039,Group Demo Group 02584,1,GROUP,True,NORMAL
GR002585,BK002585,J000039,Family Demo Group 02585,3,FAMILY,True,NORMAL
GR002586,BK002586,J000039,Group Demo Group 02586,5,GROUP,True,NORMAL
GR002587,BK002587,J000039,Group Demo Group 02587,4,GROUP,True,NORMAL
GR002588,BK002588,J000039,Group Demo Group 02588,3,GROUP,True,NORMAL
GR002589,BK002589,J000039,Group Demo Group 02589,2,GROUP,True,NORMAL
GR002590,BK002590,J000039,Friends Demo Group 02590,7,FRIENDS,True,HIGH
GR002591,BK002591,J000039,Group Demo Group 02591,4,GROUP,True,NORMAL
GR002592,BK002592,J000039,Couple Demo Group 02592,2,COUPLE,True,NORMAL
GR002593,BK002593,J000039,Group Demo Group 02593,2,GROUP,True,NORMAL
GR002594,BK002594,J000039,Friends Demo Group 02594,3,FRIENDS,True,NORMAL
GR002595,BK002595,J000039,Group Demo Group 02595,4,GROUP,True,NORMAL
GR002596,BK002596,J000039,Group Demo Group 02596,1,GROUP,True,NORMAL
GR002597,BK002597,J000039,Friends Demo Group 02597,4,FRIENDS,True,NORMAL
GR002598,BK002598,J000039,Couple Demo Group 02598,4,COUPLE,True,NORMAL
GR002599,BK002599,J000039,Group Demo Group 02599,1,GROUP,True,NORMAL
GR002600,BK002600,J000039,Family Demo Group 02600,4,FAMILY,True,NORMAL
GR002601,BK002601,J000039,Friends Demo Group 02601,4,FRIENDS,True,NORMAL
GR002602,BK002602,J000039,Couple Demo Group 02602,4,COUPLE,True,NORMAL
GR002603,BK002603,J000039,Caregiver Demo Group 02603,4,CAREGIVER,True,HIGH
GR002604,BK002604,J000039,Family Demo Group 02604,4,FAMILY,True,NORMAL
GR002605,BK002605,J000039,Group Demo Group 02605,2,GROUP,True,NORMAL
GR002606,BK002606,J000039,Group Demo Group 02606,5,GROUP,True,NORMAL
GR002607,BK002607,J000039,Group Demo Group 02607,1,GROUP,True,NORMAL
GR002608,BK002608,J000039,Couple Demo Group 02608,2,COUPLE,True,NORMAL
GR002609,BK002609,J000039,Group Demo Group 02609,1,GROUP,True,NORMAL
GR002610,BK002610,J000039,Family Demo Group 02610,2,FAMILY,True,NORMAL
GR002611,BK002611,J000039,Group Demo Group 02611,1,GROUP,True,NORMAL
GR002612,BK002612,J000039,Family Demo Group 02612,4,FAMILY,True,NORMAL
GR002613,BK002613,J000039,Family Demo Group 02613,7,FAMILY,True,HIGH
GR002614,BK002614,J000040,Family Demo Group 02614,2,FAMILY,True,NORMAL
GR002615,BK002615,J000040,Friends Demo Group 02615,6,FRIENDS,True,HIGH
GR002616,BK002616,J000040,Group Demo Group 02616,3,GROUP,True,NORMAL
GR002617,BK002617,J000040,Family Demo Group 02617,3,FAMILY,True,NORMAL
GR002618,BK002618,J000040,Group Demo Group 02618,1,GROUP,True,NORMAL
GR002619,BK002619,J000040,Family Demo Group 02619,5,FAMILY,True,NORMAL
GR002620,BK002620,J000040,Couple Demo Group 02620,2,COUPLE,True,NORMAL
GR002621,BK002621,J000040,Group Demo Group 02621,1,GROUP,True,NORMAL
GR002622,BK002622,J000040,Caregiver Demo Group 02622,4,CAREGIVER,True,HIGH
GR002623,BK002623,J000040,Friends Demo Group 02623,2,FRIENDS,True,NORMAL
GR002624,BK002624,J000040,Friends Demo Group 02624,5,FRIENDS,True,NORMAL
GR002625,BK002625,J000040,Group Demo Group 02625,1,GROUP,True,NORMAL
GR002626,BK002626,J000040,Family Demo Group 02626,2,FAMILY,True,NORMAL
GR002627,BK002627,J000040,Group Demo Group 02627,1,GROUP,True,NORMAL
GR002628,BK002628,J000040,Family Demo Group 02628,4,FAMILY,True,NORMAL
GR002629,BK002629,J000040,Family Demo Group 02629,3,FAMILY,True,NORMAL
GR002630,BK002630,J000040,Group Demo Group 02630,1,GROUP,True,NORMAL
GR002631,BK002631,J000040,Group Demo Group 02631,1,GROUP,True,NORMAL
GR002632,BK002632,J000040,Group Demo Group 02632,3,GROUP,True,NORMAL
GR002633,BK002633,J000040,Couple Demo Group 02633,5,COUPLE,True,NORMAL
GR002634,BK002634,J000040,Friends Demo Group 02634,3,FRIENDS,True,NORMAL
GR002635,BK002635,J000040,Group Demo Group 02635,1,GROUP,True,NORMAL
GR002636,BK002636,J000040,Couple Demo Group 02636,6,COUPLE,True,HIGH
GR002637,BK002637,J000040,Group Demo Group 02637,1,GROUP,True,NORMAL
GR002638,BK002638,J000040,Couple Demo Group 02638,4,COUPLE,True,NORMAL
GR002639,BK002639,J000040,Friends Demo Group 02639,2,FRIENDS,True,NORMAL
GR002640,BK002640,J000040,Family Demo Group 02640,4,FAMILY,True,NORMAL
GR002641,BK002641,J000040,Family Demo Group 02641,3,FAMILY,True,NORMAL
GR002642,BK002642,J000040,Friends Demo Group 02642,3,FRIENDS,True,NORMAL
GR002643,BK002643,J000040,Friends Demo Group 02643,6,FRIENDS,True,HIGH
GR002644,BK002644,J000040,Couple Demo Group 02644,6,COUPLE,True,HIGH
GR002645,BK002645,J000040,Group Demo Group 02645,1,GROUP,True,NORMAL
GR002646,BK002646,J000040,Family Demo Group 02646,2,FAMILY,True,NORMAL
GR002647,BK002647,J000040,Family Demo Group 02647,5,FAMILY,True,NORMAL
GR002648,BK002648,J000040,Group Demo Group 02648,1,GROUP,True,NORMAL
GR002649,BK002649,J000040,Family Demo Group 02649,3,FAMILY,True,NORMAL
GR002650,BK002650,J000040,Couple Demo Group 02650,4,COUPLE,True,NORMAL
GR002651,BK002651,J000040,Group Demo Group 02651,1,GROUP,True,NORMAL
GR002652,BK002652,J000040,Couple Demo Group 02652,2,COUPLE,True,NORMAL
GR002653,BK002653,J000040,Group Demo Group 02653,2,GROUP,True,NORMAL
GR002654,BK002654,J000040,Group Demo Group 02654,1,GROUP,True,NORMAL
GR002655,BK002655,J000040,Couple Demo Group 02655,7,COUPLE,True,HIGH
GR002656,BK002656,J000040,Group Demo Group 02656,1,GROUP,True,NORMAL
GR002657,BK002657,J000040,Couple Demo Group 02657,5,COUPLE,True,NORMAL
GR002658,BK002658,J000040,Group Demo Group 02658,1,GROUP,True,NORMAL
GR002659,BK002659,J000040,Friends Demo Group 02659,2,FRIENDS,True,NORMAL
GR002660,BK002660,J000040,Group Demo Group 02660,1,GROUP,True,NORMAL
GR002661,BK002661,J000040,Group Demo Group 02661,2,GROUP,True,NORMAL
GR002662,BK002662,J000040,Family Demo Group 02662,6,FAMILY,True,HIGH
GR002663,BK002663,J000040,Friends Demo Group 02663,2,FRIENDS,True,NORMAL
GR002664,BK002664,J000040,Couple Demo Group 02664,2,COUPLE,True,NORMAL
GR002665,BK002665,J000040,Friends Demo Group 02665,4,FRIENDS,True,NORMAL
GR002666,BK002666,J000040,Family Demo Group 02666,6,FAMILY,True,HIGH
GR002667,BK002667,J000040,Friends Demo Group 02667,2,FRIENDS,True,NORMAL
GR002668,BK002668,J000040,Group Demo Group 02668,1,GROUP,True,NORMAL
GR002669,BK002669,J000040,Family Demo Group 02669,3,FAMILY,True,NORMAL
GR002670,BK002670,J000040,Group Demo Group 02670,5,GROUP,True,NORMAL
GR002671,BK002671,J000040,Group Demo Group 02671,1,GROUP,True,NORMAL
GR002672,BK002672,J000040,Group Demo Group 02672,3,GROUP,True,NORMAL
GR002673,BK002673,J000040,Group Demo Group 02673,2,GROUP,True,NORMAL
GR002674,BK002674,J000040,Friends Demo Group 02674,3,FRIENDS,True,NORMAL
GR002675,BK002675,J000040,Friends Demo Group 02675,2,FRIENDS,True,NORMAL
GR002676,BK002676,J000040,Group Demo Group 02676,1,GROUP,True,NORMAL
GR002677,BK002677,J000040,Group Demo Group 02677,6,GROUP,True,HIGH
GR002678,BK002678,J000040,Group Demo Group 02678,1,GROUP,True,NORMAL
GR002679,BK002679,J000040,Group Demo Group 02679,1,GROUP,True,NORMAL
GR002680,BK002680,J000040,Group Demo Group 02680,3,GROUP,True,NORMAL
GR002681,BK002681,J000041,Friends Demo Group 02681,4,FRIENDS,True,NORMAL
GR002682,BK002682,J000041,Family Demo Group 02682,2,FAMILY,True,NORMAL
GR002683,BK002683,J000041,Friends Demo Group 02683,2,FRIENDS,True,NORMAL
GR002684,BK002684,J000041,Group Demo Group 02684,1,GROUP,True,NORMAL
GR002685,BK002685,J000041,Friends Demo Group 02685,4,FRIENDS,True,NORMAL
GR002686,BK002686,J000041,Family Demo Group 02686,6,FAMILY,True,HIGH
GR002687,BK002687,J000041,Group Demo Group 02687,4,GROUP,True,NORMAL
GR002688,BK002688,J000041,Couple Demo Group 02688,2,COUPLE,True,NORMAL
GR002689,BK002689,J000041,Family Demo Group 02689,3,FAMILY,True,NORMAL
GR002690,BK002690,J000041,Couple Demo Group 02690,4,COUPLE,True,NORMAL
GR002691,BK002691,J000041,Couple Demo Group 02691,3,COUPLE,True,NORMAL
GR002692,BK002692,J000041,Friends Demo Group 02692,5,FRIENDS,True,NORMAL
GR002693,BK002693,J000041,Group Demo Group 02693,1,GROUP,True,NORMAL
GR002694,BK002694,J000041,Friends Demo Group 02694,3,FRIENDS,True,NORMAL
GR002695,BK002695,J000041,Couple Demo Group 02695,3,COUPLE,True,NORMAL
GR002696,BK002696,J000041,Friends Demo Group 02696,5,FRIENDS,True,NORMAL
GR002697,BK002697,J000041,Group Demo Group 02697,6,GROUP,True,HIGH
GR002698,BK002698,J000041,Caregiver Demo Group 02698,6,CAREGIVER,True,HIGH
GR002699,BK002699,J000041,Group Demo Group 02699,1,GROUP,True,NORMAL
GR002700,BK002700,J000041,Family Demo Group 02700,4,FAMILY,True,NORMAL
GR002701,BK002701,J000041,Couple Demo Group 02701,5,COUPLE,True,NORMAL
GR002702,BK002702,J000041,Group Demo Group 02702,1,GROUP,True,NORMAL
GR002703,BK002703,J000041,Group Demo Group 02703,1,GROUP,True,NORMAL
GR002704,BK002704,J000041,Friends Demo Group 02704,5,FRIENDS,True,NORMAL
GR002705,BK002705,J000041,Group Demo Group 02705,6,GROUP,True,HIGH
GR002706,BK002706,J000041,Friends Demo Group 02706,7,FRIENDS,True,HIGH
GR002707,BK002707,J000041,Group Demo Group 02707,4,GROUP,True,NORMAL
GR002708,BK002708,J000041,Couple Demo Group 02708,2,COUPLE,True,NORMAL
GR002709,BK002709,J000041,Group Demo Group 02709,2,GROUP,True,NORMAL
GR002710,BK002710,J000041,Group Demo Group 02710,1,GROUP,True,NORMAL
GR002711,BK002711,J000041,Group Demo Group 02711,4,GROUP,True,NORMAL
GR002712,BK002712,J000041,Friends Demo Group 02712,5,FRIENDS,True,NORMAL
GR002713,BK002713,J000041,Family Demo Group 02713,3,FAMILY,True,NORMAL
GR002714,BK002714,J000041,Group Demo Group 02714,1,GROUP,True,NORMAL
GR002715,BK002715,J000041,Group Demo Group 02715,1,GROUP,True,NORMAL
GR002716,BK002716,J000041,Group Demo Group 02716,3,GROUP,True,NORMAL
GR002717,BK002717,J000041,Group Demo Group 02717,2,GROUP,True,NORMAL
GR002718,BK002718,J000041,Couple Demo Group 02718,4,COUPLE,True,NORMAL
GR002719,BK002719,J000041,Group Demo Group 02719,1,GROUP,True,NORMAL
GR002720,BK002720,J000041,Family Demo Group 02720,4,FAMILY,True,NORMAL
GR002721,BK002721,J000041,Group Demo Group 02721,1,GROUP,True,NORMAL
GR002722,BK002722,J000041,Group Demo Group 02722,1,GROUP,True,NORMAL
GR002723,BK002723,J000041,Couple Demo Group 02723,3,COUPLE,True,NORMAL
GR002724,BK002724,J000041,Group Demo Group 02724,3,GROUP,True,NORMAL
GR002725,BK002725,J000041,Group Demo Group 02725,1,GROUP,True,NORMAL
GR002726,BK002726,J000041,Family Demo Group 02726,6,FAMILY,True,HIGH
GR002727,BK002727,J000041,Friends Demo Group 02727,6,FRIENDS,True,HIGH
GR002728,BK002728,J000041,Family Demo Group 02728,4,FAMILY,True,NORMAL
GR002729,BK002729,J000041,Group Demo Group 02729,1,GROUP,True,NORMAL
GR002730,BK002730,J000041,Family Demo Group 02730,2,FAMILY,True,NORMAL
GR002731,BK002731,J000041,Group Demo Group 02731,4,GROUP,True,NORMAL
GR002732,BK002732,J000041,Couple Demo Group 02732,2,COUPLE,True,NORMAL
GR002733,BK002733,J000041,Group Demo Group 02733,2,GROUP,True,NORMAL
GR002734,BK002734,J000041,Friends Demo Group 02734,7,FRIENDS,True,HIGH
GR002735,BK002735,J000041,Friends Demo Group 02735,6,FRIENDS,True,HIGH
GR002736,BK002736,J000041,Caregiver Demo Group 02736,8,CAREGIVER,True,HIGH
GR002737,BK002737,J000041,Group Demo Group 02737,6,GROUP,True,HIGH
GR002738,BK002738,J000041,Family Demo Group 02738,6,FAMILY,True,HIGH
GR002739,BK002739,J000041,Group Demo Group 02739,4,GROUP,True,NORMAL
GR002740,BK002740,J000041,Group Demo Group 02740,3,GROUP,True,NORMAL
GR002741,BK002741,J000041,Family Demo Group 02741,3,FAMILY,True,NORMAL
GR002742,BK002742,J000041,Family Demo Group 02742,2,FAMILY,True,NORMAL
GR002743,BK002743,J000041,Friends Demo Group 02743,2,FRIENDS,True,NORMAL
GR002744,BK002744,J000041,Family Demo Group 02744,4,FAMILY,True,NORMAL
GR002745,BK002745,J000041,Group Demo Group 02745,1,GROUP,True,NORMAL
GR002746,BK002746,J000041,Couple Demo Group 02746,4,COUPLE,True,NORMAL
GR002747,BK002747,J000041,Group Demo Group 02747,4,GROUP,True,NORMAL
GR002748,BK002748,J000042,Friends Demo Group 02748,5,FRIENDS,True,NORMAL
GR002749,BK002749,J000042,Group Demo Group 02749,2,GROUP,True,NORMAL
GR002750,BK002750,J000042,Family Demo Group 02750,2,FAMILY,True,NORMAL
GR002751,BK002751,J000042,Group Demo Group 02751,4,GROUP,True,NORMAL
GR002752,BK002752,J000042,Family Demo Group 02752,8,FAMILY,True,HIGH
GR002753,BK002753,J000042,Group Demo Group 02753,2,GROUP,True,NORMAL
GR002754,BK002754,J000042,Family Demo Group 02754,2,FAMILY,True,NORMAL
GR002755,BK002755,J000042,Friends Demo Group 02755,2,FRIENDS,True,NORMAL
GR002756,BK002756,J000042,Group Demo Group 02756,1,GROUP,True,NORMAL
GR002757,BK002757,J000042,Group Demo Group 02757,2,GROUP,True,NORMAL
GR002758,BK002758,J000042,Couple Demo Group 02758,4,COUPLE,True,NORMAL
GR002759,BK002759,J000042,Group Demo Group 02759,4,GROUP,True,NORMAL
GR002760,BK002760,J000042,Couple Demo Group 02760,6,COUPLE,True,HIGH
GR002761,BK002761,J000042,Family Demo Group 02761,3,FAMILY,True,NORMAL
GR002762,BK002762,J000042,Friends Demo Group 02762,3,FRIENDS,True,NORMAL
GR002763,BK002763,J000042,Couple Demo Group 02763,3,COUPLE,True,NORMAL
GR002764,BK002764,J000042,Group Demo Group 02764,3,GROUP,True,NORMAL
GR002765,BK002765,J000042,Group Demo Group 02765,1,GROUP,True,NORMAL
GR002766,BK002766,J000042,Friends Demo Group 02766,7,FRIENDS,True,HIGH
GR002767,BK002767,J000042,Couple Demo Group 02767,7,COUPLE,True,HIGH
GR002768,BK002768,J000042,Family Demo Group 02768,4,FAMILY,True,NORMAL
GR002769,BK002769,J000042,Group Demo Group 02769,2,GROUP,True,NORMAL
GR002770,BK002770,J000042,Friends Demo Group 02770,3,FRIENDS,True,NORMAL
GR002771,BK002771,J000042,Friends Demo Group 02771,2,FRIENDS,True,NORMAL
GR002772,BK002772,J000042,Group Demo Group 02772,1,GROUP,True,NORMAL
GR002773,BK002773,J000042,Group Demo Group 02773,6,GROUP,True,HIGH
GR002774,BK002774,J000042,Caregiver Demo Group 02774,5,CAREGIVER,True,HIGH
GR002775,BK002775,J000042,Group Demo Group 02775,4,GROUP,True,NORMAL
GR002776,BK002776,J000042,Couple Demo Group 02776,6,COUPLE,True,HIGH
GR002777,BK002777,J000042,Group Demo Group 02777,2,GROUP,True,NORMAL
GR002778,BK002778,J000042,Couple Demo Group 02778,4,COUPLE,True,NORMAL
GR002779,BK002779,J000042,Couple Demo Group 02779,7,COUPLE,True,HIGH
GR002780,BK002780,J000042,Group Demo Group 02780,1,GROUP,True,NORMAL
GR002781,BK002781,J000042,Friends Demo Group 02781,8,FRIENDS,True,HIGH
GR002782,BK002782,J000042,Group Demo Group 02782,1,GROUP,True,NORMAL
GR002783,BK002783,J000042,Friends Demo Group 02783,2,FRIENDS,True,NORMAL
GR002784,BK002784,J000042,Group Demo Group 02784,1,GROUP,True,NORMAL
GR002785,BK002785,J000042,Couple Demo Group 02785,5,COUPLE,True,NORMAL
GR002786,BK002786,J000042,Group Demo Group 02786,1,GROUP,True,NORMAL
GR002787,BK002787,J000042,Group Demo Group 02787,4,GROUP,True,NORMAL
GR002788,BK002788,J000042,Family Demo Group 02788,4,FAMILY,True,NORMAL
GR002789,BK002789,J000042,Group Demo Group 02789,1,GROUP,True,NORMAL
GR002790,BK002790,J000042,Couple Demo Group 02790,4,COUPLE,True,NORMAL
GR002791,BK002791,J000042,Group Demo Group 02791,1,GROUP,True,NORMAL
GR002792,BK002792,J000042,Group Demo Group 02792,1,GROUP,True,NORMAL
GR002793,BK002793,J000042,Group Demo Group 02793,1,GROUP,True,NORMAL
GR002794,BK002794,J000042,Family Demo Group 02794,2,FAMILY,True,NORMAL
GR002795,BK002795,J000042,Group Demo Group 02795,4,GROUP,True,NORMAL
GR002796,BK002796,J000042,Friends Demo Group 02796,5,FRIENDS,True,NORMAL
GR002797,BK002797,J000042,Friends Demo Group 02797,4,FRIENDS,True,NORMAL
GR002798,BK002798,J000042,Group Demo Group 02798,1,GROUP,True,NORMAL
GR002799,BK002799,J000042,Group Demo Group 02799,1,GROUP,True,NORMAL
GR002800,BK002800,J000042,Family Demo Group 02800,8,FAMILY,True,HIGH
GR002801,BK002801,J000042,Group Demo Group 02801,2,GROUP,True,NORMAL
GR002802,BK002802,J000042,Group Demo Group 02802,1,GROUP,True,NORMAL
GR002803,BK002803,J000042,Friends Demo Group 02803,2,FRIENDS,True,NORMAL
GR002804,BK002804,J000042,Couple Demo Group 02804,2,COUPLE,True,NORMAL
GR002805,BK002805,J000042,Group Demo Group 02805,6,GROUP,True,HIGH
GR002806,BK002806,J000042,Family Demo Group 02806,2,FAMILY,True,NORMAL
GR002807,BK002807,J000042,Couple Demo Group 02807,3,COUPLE,True,NORMAL
GR002808,BK002808,J000042,Group Demo Group 02808,1,GROUP,True,NORMAL
GR002809,BK002809,J000042,Couple Demo Group 02809,5,COUPLE,True,NORMAL
GR002810,BK002810,J000042,Family Demo Group 02810,2,FAMILY,True,NORMAL
GR002811,BK002811,J000042,Group Demo Group 02811,1,GROUP,True,NORMAL
GR002812,BK002812,J000042,Couple Demo Group 02812,2,COUPLE,True,NORMAL
GR002813,BK002813,J000042,Family Demo Group 02813,3,FAMILY,True,NORMAL
GR002814,BK002814,J000042,Family Demo Group 02814,2,FAMILY,True,NORMAL
GR002815,BK002815,J000043,Group Demo Group 02815,1,GROUP,True,NORMAL
GR002816,BK002816,J000043,Group Demo Group 02816,3,GROUP,True,NORMAL
GR002817,BK002817,J000043,Friends Demo Group 02817,4,FRIENDS,True,NORMAL
GR002818,BK002818,J000043,Family Demo Group 02818,2,FAMILY,True,NORMAL
GR002819,BK002819,J000043,Friends Demo Group 02819,2,FRIENDS,True,NORMAL
GR002820,BK002820,J000043,Group Demo Group 02820,1,GROUP,True,NORMAL
GR002821,BK002821,J000043,Group Demo Group 02821,2,GROUP,True,NORMAL
GR002822,BK002822,J000043,Group Demo Group 02822,1,GROUP,True,NORMAL
GR002823,BK002823,J000043,Group Demo Group 02823,8,GROUP,True,HIGH
GR002824,BK002824,J000043,Couple Demo Group 02824,2,COUPLE,True,NORMAL
GR002825,BK002825,J000043,Group Demo Group 02825,1,GROUP,True,NORMAL
GR002826,BK002826,J000043,Friends Demo Group 02826,3,FRIENDS,True,NORMAL
GR002827,BK002827,J000043,Group Demo Group 02827,1,GROUP,True,NORMAL
GR002828,BK002828,J000043,Group Demo Group 02828,1,GROUP,True,NORMAL
GR002829,BK002829,J000043,Family Demo Group 02829,3,FAMILY,True,NORMAL
GR002830,BK002830,J000043,Couple Demo Group 02830,4,COUPLE,True,NORMAL
GR002831,BK002831,J000043,Caregiver Demo Group 02831,4,CAREGIVER,True,HIGH
GR002832,BK002832,J000043,Family Demo Group 02832,4,FAMILY,True,NORMAL
GR002833,BK002833,J000043,Family Demo Group 02833,3,FAMILY,True,NORMAL
GR002834,BK002834,J000043,Group Demo Group 02834,1,GROUP,True,NORMAL
GR002835,BK002835,J000043,Couple Demo Group 02835,3,COUPLE,True,NORMAL
GR002836,BK002836,J000043,Group Demo Group 02836,1,GROUP,True,NORMAL
GR002837,BK002837,J000043,Group Demo Group 02837,1,GROUP,True,NORMAL
GR002838,BK002838,J000043,Couple Demo Group 02838,4,COUPLE,True,NORMAL
GR002839,BK002839,J000043,Couple Demo Group 02839,3,COUPLE,True,NORMAL
GR002840,BK002840,J000043,Group Demo Group 02840,7,GROUP,True,HIGH
GR002841,BK002841,J000043,Friends Demo Group 02841,4,FRIENDS,True,NORMAL
GR002842,BK002842,J000043,Couple Demo Group 02842,4,COUPLE,True,NORMAL
GR002843,BK002843,J000043,Group Demo Group 02843,1,GROUP,True,NORMAL
GR002844,BK002844,J000043,Family Demo Group 02844,4,FAMILY,True,NORMAL
GR002845,BK002845,J000043,Friends Demo Group 02845,4,FRIENDS,True,NORMAL
GR002846,BK002846,J000043,Family Demo Group 02846,2,FAMILY,True,NORMAL
GR002847,BK002847,J000043,Group Demo Group 02847,8,GROUP,True,HIGH
GR002848,BK002848,J000043,Couple Demo Group 02848,2,COUPLE,True,NORMAL
GR002849,BK002849,J000043,Friends Demo Group 02849,4,FRIENDS,True,NORMAL
GR002850,BK002850,J000043,Group Demo Group 02850,1,GROUP,True,NORMAL
GR002851,BK002851,J000043,Group Demo Group 02851,4,GROUP,True,NORMAL
GR002852,BK002852,J000043,Group Demo Group 02852,1,GROUP,True,NORMAL
GR002853,BK002853,J000043,Group Demo Group 02853,2,GROUP,True,NORMAL
GR002854,BK002854,J000043,Couple Demo Group 02854,4,COUPLE,True,NORMAL
GR002855,BK002855,J000043,Friends Demo Group 02855,2,FRIENDS,True,NORMAL
GR002856,BK002856,J000043,Friends Demo Group 02856,5,FRIENDS,True,NORMAL
GR002857,BK002857,J000043,Friends Demo Group 02857,4,FRIENDS,True,NORMAL
GR002858,BK002858,J000043,Group Demo Group 02858,1,GROUP,True,NORMAL
GR002859,BK002859,J000043,Family Demo Group 02859,5,FAMILY,True,NORMAL
GR002860,BK002860,J000043,Family Demo Group 02860,4,FAMILY,True,NORMAL
GR002861,BK002861,J000043,Family Demo Group 02861,3,FAMILY,True,NORMAL
GR002862,BK002862,J000043,Couple Demo Group 02862,4,COUPLE,True,NORMAL
GR002863,BK002863,J000043,Couple Demo Group 02863,3,COUPLE,True,NORMAL
GR002864,BK002864,J000043,Family Demo Group 02864,4,FAMILY,True,NORMAL
GR002865,BK002865,J000043,Friends Demo Group 02865,4,FRIENDS,True,NORMAL
GR002866,BK002866,J000043,Couple Demo Group 02866,4,COUPLE,True,NORMAL
GR002867,BK002867,J000043,Friends Demo Group 02867,2,FRIENDS,True,NORMAL
GR002868,BK002868,J000043,Family Demo Group 02868,4,FAMILY,True,NORMAL
GR002869,BK002869,J000043,Group Demo Group 02869,1,GROUP,True,NORMAL
GR002870,BK002870,J000043,Group Demo Group 02870,1,GROUP,True,NORMAL
GR002871,BK002871,J000043,Group Demo Group 02871,1,GROUP,True,NORMAL
GR002872,BK002872,J000043,Friends Demo Group 02872,5,FRIENDS,True,NORMAL
GR002873,BK002873,J000043,Family Demo Group 02873,3,FAMILY,True,NORMAL
GR002874,BK002874,J000043,Group Demo Group 02874,1,GROUP,True,NORMAL
GR002875,BK002875,J000043,Group Demo Group 02875,1,GROUP,True,NORMAL
GR002876,BK002876,J000043,Family Demo Group 02876,8,FAMILY,True,HIGH
GR002877,BK002877,J000043,Group Demo Group 02877,1,GROUP,True,NORMAL
GR002878,BK002878,J000043,Couple Demo Group 02878,4,COUPLE,True,NORMAL
GR002879,BK002879,J000043,Group Demo Group 02879,1,GROUP,True,NORMAL
GR002880,BK002880,J000043,Group Demo Group 02880,1,GROUP,True,NORMAL
GR002881,BK002881,J000043,Group Demo Group 02881,1,GROUP,True,NORMAL
GR002882,BK002882,J000044,Family Demo Group 02882,2,FAMILY,True,NORMAL
GR002883,BK002883,J000044,Group Demo Group 02883,4,GROUP,True,NORMAL
GR002884,BK002884,J000044,Friends Demo Group 02884,5,FRIENDS,True,NORMAL
GR002885,BK002885,J000044,Group Demo Group 02885,2,GROUP,True,NORMAL
GR002886,BK002886,J000044,Group Demo Group 02886,1,GROUP,True,NORMAL
GR002887,BK002887,J000044,Couple Demo Group 02887,3,COUPLE,True,NORMAL
GR002888,BK002888,J000044,Group Demo Group 02888,3,GROUP,True,NORMAL
GR002889,BK002889,J000044,Group Demo Group 02889,1,GROUP,True,NORMAL
GR002890,BK002890,J000044,Couple Demo Group 02890,4,COUPLE,True,NORMAL
GR002891,BK002891,J000044,Friends Demo Group 02891,2,FRIENDS,True,NORMAL
GR002892,BK002892,J000044,Group Demo Group 02892,1,GROUP,True,NORMAL
GR002893,BK002893,J000044,Group Demo Group 02893,1,GROUP,True,NORMAL
GR002894,BK002894,J000044,Family Demo Group 02894,2,FAMILY,True,NORMAL
GR002895,BK002895,J000044,Group Demo Group 02895,4,GROUP,True,NORMAL
GR002896,BK002896,J000044,Friends Demo Group 02896,5,FRIENDS,True,NORMAL
GR002897,BK002897,J000044,Family Demo Group 02897,3,FAMILY,True,NORMAL
GR002898,BK002898,J000044,Group Demo Group 02898,1,GROUP,True,NORMAL
GR002899,BK002899,J000044,Group Demo Group 02899,4,GROUP,True,NORMAL
GR002900,BK002900,J000044,Group Demo Group 02900,7,GROUP,True,HIGH
GR002901,BK002901,J000044,Group Demo Group 02901,2,GROUP,True,NORMAL
GR002902,BK002902,J000044,Family Demo Group 02902,2,FAMILY,True,NORMAL
GR002903,BK002903,J000044,Friends Demo Group 02903,6,FRIENDS,True,HIGH
GR002904,BK002904,J000044,Couple Demo Group 02904,2,COUPLE,True,NORMAL
GR002905,BK002905,J000044,Friends Demo Group 02905,4,FRIENDS,True,NORMAL
GR002906,BK002906,J000044,Friends Demo Group 02906,3,FRIENDS,True,NORMAL
GR002907,BK002907,J000044,Couple Demo Group 02907,3,COUPLE,True,NORMAL
GR002908,BK002908,J000044,Family Demo Group 02908,4,FAMILY,True,NORMAL
GR002909,BK002909,J000044,Group Demo Group 02909,2,GROUP,True,NORMAL
GR002910,BK002910,J000044,Couple Demo Group 02910,8,COUPLE,True,HIGH
GR002911,BK002911,J000044,Group Demo Group 02911,4,GROUP,True,NORMAL
GR002912,BK002912,J000044,Group Demo Group 02912,1,GROUP,True,NORMAL
GR002913,BK002913,J000044,Group Demo Group 02913,2,GROUP,True,NORMAL
GR002914,BK002914,J000044,Couple Demo Group 02914,4,COUPLE,True,NORMAL
GR002915,BK002915,J000044,Family Demo Group 02915,5,FAMILY,True,NORMAL
GR002916,BK002916,J000044,Family Demo Group 02916,8,FAMILY,True,HIGH
GR002917,BK002917,J000044,Friends Demo Group 02917,4,FRIENDS,True,NORMAL
GR002918,BK002918,J000044,Group Demo Group 02918,1,GROUP,True,NORMAL
GR002919,BK002919,J000044,Friends Demo Group 02919,2,FRIENDS,True,NORMAL
GR002920,BK002920,J000044,Group Demo Group 02920,3,GROUP,True,NORMAL
GR002921,BK002921,J000044,Group Demo Group 02921,1,GROUP,True,NORMAL
GR002922,BK002922,J000044,Friends Demo Group 02922,3,FRIENDS,True,NORMAL
GR002923,BK002923,J000044,Group Demo Group 02923,1,GROUP,True,NORMAL
GR002924,BK002924,J000044,Couple Demo Group 02924,2,COUPLE,True,NORMAL
GR002925,BK002925,J000044,Friends Demo Group 02925,4,FRIENDS,True,NORMAL
GR002926,BK002926,J000044,Family Demo Group 02926,2,FAMILY,True,NORMAL
GR002927,BK002927,J000044,Group Demo Group 02927,1,GROUP,True,NORMAL
GR002928,BK002928,J000044,Group Demo Group 02928,1,GROUP,True,NORMAL
GR002929,BK002929,J000044,Friends Demo Group 02929,4,FRIENDS,True,NORMAL
GR002930,BK002930,J000044,Group Demo Group 02930,1,GROUP,True,NORMAL
GR002931,BK002931,J000044,Group Demo Group 02931,4,GROUP,True,NORMAL
GR002932,BK002932,J000044,Couple Demo Group 02932,6,COUPLE,True,HIGH
GR002933,BK002933,J000044,Couple Demo Group 02933,5,COUPLE,True,NORMAL
GR002934,BK002934,J000044,Group Demo Group 02934,1,GROUP,True,NORMAL
GR002935,BK002935,J000044,Group Demo Group 02935,4,GROUP,True,NORMAL
GR002936,BK002936,J000044,Group Demo Group 02936,3,GROUP,True,NORMAL
GR002937,BK002937,J000044,Family Demo Group 02937,3,FAMILY,True,NORMAL
GR002938,BK002938,J000044,Family Demo Group 02938,2,FAMILY,True,NORMAL
GR002939,BK002939,J000044,Friends Demo Group 02939,2,FRIENDS,True,NORMAL
GR002940,BK002940,J000044,Couple Demo Group 02940,2,COUPLE,True,NORMAL
GR002941,BK002941,J000044,Group Demo Group 02941,1,GROUP,True,NORMAL
GR002942,BK002942,J000044,Couple Demo Group 02942,4,COUPLE,True,NORMAL
GR002943,BK002943,J000044,Friends Demo Group 02943,2,FRIENDS,True,NORMAL
GR002944,BK002944,J000044,Couple Demo Group 02944,2,COUPLE,True,NORMAL
GR002945,BK002945,J000044,Group Demo Group 02945,1,GROUP,True,NORMAL
GR002946,BK002946,J000044,Family Demo Group 02946,2,FAMILY,True,NORMAL
GR002947,BK002947,J000044,Group Demo Group 02947,4,GROUP,True,NORMAL
GR002948,BK002948,J000044,Group Demo Group 02948,3,GROUP,True,NORMAL
GR002949,BK002949,J000045,Family Demo Group 02949,7,FAMILY,True,HIGH
GR002950,BK002950,J000045,Friends Demo Group 02950,3,FRIENDS,True,NORMAL
GR002951,BK002951,J000045,Family Demo Group 02951,5,FAMILY,True,NORMAL
GR002952,BK002952,J000045,Family Demo Group 02952,4,FAMILY,True,NORMAL
GR002953,BK002953,J000045,Friends Demo Group 02953,4,FRIENDS,True,NORMAL
GR002954,BK002954,J000045,Family Demo Group 02954,2,FAMILY,True,NORMAL
GR002955,BK002955,J000045,Family Demo Group 02955,5,FAMILY,True,NORMAL
GR002956,BK002956,J000045,Family Demo Group 02956,4,FAMILY,True,NORMAL
GR002957,BK002957,J000045,Group Demo Group 02957,1,GROUP,True,NORMAL
GR002958,BK002958,J000045,Family Demo Group 02958,2,FAMILY,True,NORMAL
GR002959,BK002959,J000045,Couple Demo Group 02959,3,COUPLE,True,NORMAL
GR002960,BK002960,J000045,Group Demo Group 02960,1,GROUP,True,NORMAL
GR002961,BK002961,J000045,Friends Demo Group 02961,4,FRIENDS,True,NORMAL
GR002962,BK002962,J000045,Group Demo Group 02962,5,GROUP,True,NORMAL
GR002963,BK002963,J000045,Couple Demo Group 02963,3,COUPLE,True,NORMAL
GR002964,BK002964,J000045,Caregiver Demo Group 02964,5,CAREGIVER,True,HIGH
GR002965,BK002965,J000045,Friends Demo Group 02965,4,FRIENDS,True,NORMAL
GR002966,BK002966,J000045,Couple Demo Group 02966,4,COUPLE,True,NORMAL
GR002967,BK002967,J000045,Group Demo Group 02967,1,GROUP,True,NORMAL
GR002968,BK002968,J000045,Group Demo Group 02968,1,GROUP,True,NORMAL
GR002969,BK002969,J000045,Group Demo Group 02969,1,GROUP,True,NORMAL
GR002970,BK002970,J000045,Family Demo Group 02970,2,FAMILY,True,NORMAL
GR002971,BK002971,J000045,Couple Demo Group 02971,3,COUPLE,True,NORMAL
GR002972,BK002972,J000045,Group Demo Group 02972,1,GROUP,True,NORMAL
GR002973,BK002973,J000045,Friends Demo Group 02973,4,FRIENDS,True,NORMAL
GR002974,BK002974,J000045,Group Demo Group 02974,1,GROUP,True,NORMAL
GR002975,BK002975,J000045,Group Demo Group 02975,1,GROUP,True,NORMAL
GR002976,BK002976,J000045,Couple Demo Group 02976,2,COUPLE,True,NORMAL
GR002977,BK002977,J000045,Friends Demo Group 02977,4,FRIENDS,True,NORMAL
GR002978,BK002978,J000045,Family Demo Group 02978,2,FAMILY,True,NORMAL
GR002979,BK002979,J000045,Friends Demo Group 02979,2,FRIENDS,True,NORMAL
GR002980,BK002980,J000045,Couple Demo Group 02980,2,COUPLE,True,NORMAL
GR002981,BK002981,J000045,Group Demo Group 02981,2,GROUP,True,NORMAL
GR002982,BK002982,J000045,Couple Demo Group 02982,4,COUPLE,True,NORMAL
GR002983,BK002983,J000045,Friends Demo Group 02983,2,FRIENDS,True,NORMAL
GR002984,BK002984,J000045,Group Demo Group 02984,3,GROUP,True,NORMAL
GR002985,BK002985,J000045,Group Demo Group 02985,2,GROUP,True,NORMAL
GR002986,BK002986,J000045,Group Demo Group 02986,1,GROUP,True,NORMAL
GR002987,BK002987,J000045,Group Demo Group 02987,1,GROUP,True,NORMAL
GR002988,BK002988,J000045,Group Demo Group 02988,3,GROUP,True,NORMAL
GR002989,BK002989,J000045,Group Demo Group 02989,2,GROUP,True,NORMAL
GR002990,BK002990,J000045,Friends Demo Group 02990,7,FRIENDS,True,HIGH
GR002991,BK002991,J000045,Group Demo Group 02991,1,GROUP,True,NORMAL
GR002992,BK002992,J000045,Group Demo Group 02992,1,GROUP,True,NORMAL
GR002993,BK002993,J000045,Group Demo Group 02993,1,GROUP,True,NORMAL
GR002994,BK002994,J000045,Group Demo Group 02994,5,GROUP,True,NORMAL
GR002995,BK002995,J000045,Group Demo Group 02995,1,GROUP,True,NORMAL
GR002996,BK002996,J000045,Group Demo Group 02996,3,GROUP,True,NORMAL
GR002997,BK002997,J000045,Family Demo Group 02997,3,FAMILY,True,NORMAL
GR002998,BK002998,J000045,Family Demo Group 02998,2,FAMILY,True,NORMAL
GR002999,BK002999,J000045,Group Demo Group 02999,4,GROUP,True,NORMAL
GR003000,BK003000,J000045,Group Demo Group 03000,3,GROUP,True,NORMAL
GR003001,BK003001,J000045,Group Demo Group 03001,2,GROUP,True,NORMAL
GR003002,BK003002,J000045,Caregiver Demo Group 03002,5,CAREGIVER,True,HIGH
GR003003,BK003003,J000045,Friends Demo Group 03003,2,FRIENDS,True,NORMAL
GR003004,BK003004,J000045,Group Demo Group 03004,1,GROUP,True,NORMAL
GR003005,BK003005,J000045,Group Demo Group 03005,1,GROUP,True,NORMAL
GR003006,BK003006,J000045,Family Demo Group 03006,2,FAMILY,True,NORMAL
GR003007,BK003007,J000045,Friends Demo Group 03007,2,FRIENDS,True,NORMAL
GR003008,BK003008,J000045,Couple Demo Group 03008,2,COUPLE,True,NORMAL
GR003009,BK003009,J000045,Friends Demo Group 03009,8,FRIENDS,True,HIGH
GR003010,BK003010,J000045,Friends Demo Group 03010,7,FRIENDS,True,HIGH
GR003011,BK003011,J000045,Group Demo Group 03011,1,GROUP,True,NORMAL
GR003012,BK003012,J000045,Family Demo Group 03012,4,FAMILY,True,NORMAL
GR003013,BK003013,J000045,Family Demo Group 03013,3,FAMILY,True,NORMAL
GR003014,BK003014,J000045,Group Demo Group 03014,1,GROUP,True,NORMAL
GR003015,BK003015,J000045,Couple Demo Group 03015,3,COUPLE,True,NORMAL
GR003016,BK003016,J000046,Couple Demo Group 03016,2,COUPLE,True,NORMAL
GR003017,BK003017,J000046,Group Demo Group 03017,2,GROUP,True,NORMAL
GR003018,BK003018,J000046,Friends Demo Group 03018,7,FRIENDS,True,HIGH
GR003019,BK003019,J000046,Friends Demo Group 03019,2,FRIENDS,True,NORMAL
GR003020,BK003020,J000046,Couple Demo Group 03020,2,COUPLE,True,NORMAL
GR003021,BK003021,J000046,Group Demo Group 03021,2,GROUP,True,NORMAL
GR003022,BK003022,J000046,Friends Demo Group 03022,3,FRIENDS,True,NORMAL
GR003023,BK003023,J000046,Friends Demo Group 03023,2,FRIENDS,True,NORMAL
GR003024,BK003024,J000046,Group Demo Group 03024,3,GROUP,True,NORMAL
GR003025,BK003025,J000046,Group Demo Group 03025,1,GROUP,True,NORMAL
GR003026,BK003026,J000046,Family Demo Group 03026,2,FAMILY,True,NORMAL
GR003027,BK003027,J000046,Couple Demo Group 03027,3,COUPLE,True,NORMAL
GR003028,BK003028,J000046,Group Demo Group 03028,3,GROUP,True,NORMAL
GR003029,BK003029,J000046,Friends Demo Group 03029,4,FRIENDS,True,NORMAL
GR003030,BK003030,J000046,Family Demo Group 03030,2,FAMILY,True,NORMAL
GR003031,BK003031,J000046,Friends Demo Group 03031,2,FRIENDS,True,NORMAL
GR003032,BK003032,J000046,Friends Demo Group 03032,5,FRIENDS,True,NORMAL
GR003033,BK003033,J000046,Group Demo Group 03033,1,GROUP,True,NORMAL
GR003034,BK003034,J000046,Family Demo Group 03034,6,FAMILY,True,HIGH
GR003035,BK003035,J000046,Group Demo Group 03035,4,GROUP,True,NORMAL
GR003036,BK003036,J000046,Friends Demo Group 03036,5,FRIENDS,True,NORMAL
GR003037,BK003037,J000046,Group Demo Group 03037,1,GROUP,True,NORMAL
GR003038,BK003038,J000046,Family Demo Group 03038,2,FAMILY,True,NORMAL
GR003039,BK003039,J000046,Friends Demo Group 03039,2,FRIENDS,True,NORMAL
GR003040,BK003040,J000046,Caregiver Demo Group 03040,4,CAREGIVER,True,HIGH
GR003041,BK003041,J000046,Family Demo Group 03041,3,FAMILY,True,NORMAL
GR003042,BK003042,J000046,Couple Demo Group 03042,4,COUPLE,True,NORMAL
GR003043,BK003043,J000046,Group Demo Group 03043,1,GROUP,True,NORMAL
GR003044,BK003044,J000046,Couple Demo Group 03044,2,COUPLE,True,NORMAL
GR003045,BK003045,J000046,Group Demo Group 03045,6,GROUP,True,HIGH
GR003046,BK003046,J000046,Family Demo Group 03046,2,FAMILY,True,NORMAL
GR003047,BK003047,J000046,Friends Demo Group 03047,2,FRIENDS,True,NORMAL
GR003048,BK003048,J000046,Group Demo Group 03048,1,GROUP,True,NORMAL
GR003049,BK003049,J000046,Couple Demo Group 03049,5,COUPLE,True,NORMAL
GR003050,BK003050,J000046,Family Demo Group 03050,6,FAMILY,True,HIGH
GR003051,BK003051,J000046,Group Demo Group 03051,4,GROUP,True,NORMAL
GR003052,BK003052,J000046,Friends Demo Group 03052,5,FRIENDS,True,NORMAL
GR003053,BK003053,J000046,Group Demo Group 03053,2,GROUP,True,NORMAL
GR003054,BK003054,J000046,Family Demo Group 03054,2,FAMILY,True,NORMAL
GR003055,BK003055,J000046,Group Demo Group 03055,4,GROUP,True,NORMAL
GR003056,BK003056,J000046,Couple Demo Group 03056,2,COUPLE,True,NORMAL
GR003057,BK003057,J000046,Group Demo Group 03057,2,GROUP,True,NORMAL
GR003058,BK003058,J000046,Family Demo Group 03058,2,FAMILY,True,NORMAL
GR003059,BK003059,J000046,Group Demo Group 03059,1,GROUP,True,NORMAL
GR003060,BK003060,J000046,Friends Demo Group 03060,5,FRIENDS,True,NORMAL
GR003061,BK003061,J000046,Group Demo Group 03061,1,GROUP,True,NORMAL
GR003062,BK003062,J000046,Family Demo Group 03062,2,FAMILY,True,NORMAL
GR003063,BK003063,J000046,Friends Demo Group 03063,2,FRIENDS,True,NORMAL
GR003064,BK003064,J000046,Couple Demo Group 03064,2,COUPLE,True,NORMAL
GR003065,BK003065,J000046,Group Demo Group 03065,1,GROUP,True,NORMAL
GR003066,BK003066,J000046,Family Demo Group 03066,2,FAMILY,True,NORMAL
GR003067,BK003067,J000046,Couple Demo Group 03067,3,COUPLE,True,NORMAL
GR003068,BK003068,J000046,Family Demo Group 03068,4,FAMILY,True,NORMAL
GR003069,BK003069,J000046,Friends Demo Group 03069,4,FRIENDS,True,NORMAL
GR003070,BK003070,J000046,Friends Demo Group 03070,3,FRIENDS,True,NORMAL
GR003071,BK003071,J000046,Friends Demo Group 03071,6,FRIENDS,True,HIGH
GR003072,BK003072,J000046,Group Demo Group 03072,3,GROUP,True,NORMAL
GR003073,BK003073,J000046,Family Demo Group 03073,3,FAMILY,True,NORMAL
GR003074,BK003074,J000046,Group Demo Group 03074,5,GROUP,True,NORMAL
GR003075,BK003075,J000046,Group Demo Group 03075,1,GROUP,True,NORMAL
GR003076,BK003076,J000046,Couple Demo Group 03076,2,COUPLE,True,NORMAL
GR003077,BK003077,J000046,Family Demo Group 03077,3,FAMILY,True,NORMAL
GR003078,BK003078,J000046,Friends Demo Group 03078,3,FRIENDS,True,NORMAL
GR003079,BK003079,J000046,Friends Demo Group 03079,2,FRIENDS,True,NORMAL
GR003080,BK003080,J000046,Friends Demo Group 03080,5,FRIENDS,True,NORMAL
GR003081,BK003081,J000046,Group Demo Group 03081,1,GROUP,True,NORMAL
GR003082,BK003082,J000046,Family Demo Group 03082,2,FAMILY,True,NORMAL
GR003083,BK003083,J000047,Couple Demo Group 03083,3,COUPLE,True,NORMAL
GR003084,BK003084,J000047,Group Demo Group 03084,3,GROUP,True,NORMAL
GR003085,BK003085,J000047,Group Demo Group 03085,2,GROUP,True,NORMAL
GR003086,BK003086,J000047,Family Demo Group 03086,2,FAMILY,True,NORMAL
GR003087,BK003087,J000047,Group Demo Group 03087,4,GROUP,True,NORMAL
GR003088,BK003088,J000047,Group Demo Group 03088,3,GROUP,True,NORMAL
GR003089,BK003089,J000047,Friends Demo Group 03089,4,FRIENDS,True,NORMAL
GR003090,BK003090,J000047,Group Demo Group 03090,1,GROUP,True,NORMAL
GR003091,BK003091,J000047,Friends Demo Group 03091,2,FRIENDS,True,NORMAL
GR003092,BK003092,J000047,Group Demo Group 03092,3,GROUP,True,NORMAL
GR003093,BK003093,J000047,Friends Demo Group 03093,4,FRIENDS,True,NORMAL
GR003094,BK003094,J000047,Couple Demo Group 03094,8,COUPLE,True,HIGH
GR003095,BK003095,J000047,Friends Demo Group 03095,2,FRIENDS,True,NORMAL
GR003096,BK003096,J000047,Group Demo Group 03096,3,GROUP,True,NORMAL
GR003097,BK003097,J000047,Caregiver Demo Group 03097,4,CAREGIVER,True,HIGH
GR003098,BK003098,J000047,Couple Demo Group 03098,4,COUPLE,True,NORMAL
GR003099,BK003099,J000047,Friends Demo Group 03099,2,FRIENDS,True,NORMAL
GR003100,BK003100,J000047,Group Demo Group 03100,1,GROUP,True,NORMAL
GR003101,BK003101,J000047,Group Demo Group 03101,1,GROUP,True,NORMAL
GR003102,BK003102,J000047,Family Demo Group 03102,2,FAMILY,True,NORMAL
GR003103,BK003103,J000047,Couple Demo Group 03103,3,COUPLE,True,NORMAL
GR003104,BK003104,J000047,Couple Demo Group 03104,2,COUPLE,True,NORMAL
GR003105,BK003105,J000047,Friends Demo Group 03105,4,FRIENDS,True,NORMAL
GR003106,BK003106,J000047,Group Demo Group 03106,1,GROUP,True,NORMAL
GR003107,BK003107,J000047,Friends Demo Group 03107,2,FRIENDS,True,NORMAL
GR003108,BK003108,J000047,Group Demo Group 03108,1,GROUP,True,NORMAL
GR003109,BK003109,J000047,Friends Demo Group 03109,4,FRIENDS,True,NORMAL
GR003110,BK003110,J000047,Couple Demo Group 03110,4,COUPLE,True,NORMAL
GR003111,BK003111,J000047,Group Demo Group 03111,1,GROUP,True,NORMAL
GR003112,BK003112,J000047,Couple Demo Group 03112,2,COUPLE,True,NORMAL
GR003113,BK003113,J000047,Couple Demo Group 03113,5,COUPLE,True,NORMAL
GR003114,BK003114,J000047,Group Demo Group 03114,1,GROUP,True,NORMAL
GR003115,BK003115,J000047,Friends Demo Group 03115,2,FRIENDS,True,NORMAL
GR003116,BK003116,J000047,Couple Demo Group 03116,2,COUPLE,True,NORMAL
GR003117,BK003117,J000047,Group Demo Group 03117,1,GROUP,True,NORMAL
GR003118,BK003118,J000047,Group Demo Group 03118,1,GROUP,True,NORMAL
GR003119,BK003119,J000047,Group Demo Group 03119,1,GROUP,True,NORMAL
GR003120,BK003120,J000047,Family Demo Group 03120,4,FAMILY,True,NORMAL
GR003121,BK003121,J000047,Family Demo Group 03121,3,FAMILY,True,NORMAL
GR003122,BK003122,J000047,Group Demo Group 03122,1,GROUP,True,NORMAL
GR003123,BK003123,J000047,Group Demo Group 03123,4,GROUP,True,NORMAL
GR003124,BK003124,J000047,Couple Demo Group 03124,2,COUPLE,True,NORMAL
GR003125,BK003125,J000047,Group Demo Group 03125,2,GROUP,True,NORMAL
GR003126,BK003126,J000047,Group Demo Group 03126,1,GROUP,True,NORMAL
GR003127,BK003127,J000047,Family Demo Group 03127,5,FAMILY,True,NORMAL
GR003128,BK003128,J000047,Couple Demo Group 03128,2,COUPLE,True,NORMAL
GR003129,BK003129,J000047,Family Demo Group 03129,3,FAMILY,True,NORMAL
GR003130,BK003130,J000047,Family Demo Group 03130,2,FAMILY,True,NORMAL
GR003131,BK003131,J000047,Group Demo Group 03131,1,GROUP,True,NORMAL
GR003132,BK003132,J000047,Group Demo Group 03132,3,GROUP,True,NORMAL
GR003133,BK003133,J000047,Couple Demo Group 03133,5,COUPLE,True,NORMAL
GR003134,BK003134,J000047,Group Demo Group 03134,1,GROUP,True,NORMAL
GR003135,BK003135,J000047,Couple Demo Group 03135,3,COUPLE,True,NORMAL
GR003136,BK003136,J000047,Couple Demo Group 03136,6,COUPLE,True,HIGH
GR003137,BK003137,J000047,Group Demo Group 03137,2,GROUP,True,NORMAL
GR003138,BK003138,J000047,Family Demo Group 03138,2,FAMILY,True,NORMAL
GR003139,BK003139,J000047,Couple Demo Group 03139,3,COUPLE,True,NORMAL
GR003140,BK003140,J000047,Family Demo Group 03140,4,FAMILY,True,NORMAL
GR003141,BK003141,J000047,Friends Demo Group 03141,4,FRIENDS,True,NORMAL
GR003142,BK003142,J000047,Family Demo Group 03142,2,FAMILY,True,NORMAL
GR003143,BK003143,J000047,Friends Demo Group 03143,2,FRIENDS,True,NORMAL
GR003144,BK003144,J000047,Group Demo Group 03144,1,GROUP,True,NORMAL
GR003145,BK003145,J000047,Group Demo Group 03145,2,GROUP,True,NORMAL
GR003146,BK003146,J000047,Group Demo Group 03146,5,GROUP,True,NORMAL
GR003147,BK003147,J000047,Friends Demo Group 03147,2,FRIENDS,True,NORMAL
GR003148,BK003148,J000047,Couple Demo Group 03148,2,COUPLE,True,NORMAL
GR003149,BK003149,J000047,Family Demo Group 03149,3,FAMILY,True,NORMAL
GR003150,BK003150,J000048,Couple Demo Group 03150,4,COUPLE,True,NORMAL
GR003151,BK003151,J000048,Couple Demo Group 03151,3,COUPLE,True,NORMAL
GR003152,BK003152,J000048,Group Demo Group 03152,1,GROUP,True,NORMAL
GR003153,BK003153,J000048,Family Demo Group 03153,3,FAMILY,True,NORMAL
GR003154,BK003154,J000048,Group Demo Group 03154,1,GROUP,True,NORMAL
GR003155,BK003155,J000048,Group Demo Group 03155,4,GROUP,True,NORMAL
GR003156,BK003156,J000048,Group Demo Group 03156,1,GROUP,True,NORMAL
GR003157,BK003157,J000048,Group Demo Group 03157,1,GROUP,True,NORMAL
GR003158,BK003158,J000048,Couple Demo Group 03158,4,COUPLE,True,NORMAL
GR003159,BK003159,J000048,Friends Demo Group 03159,2,FRIENDS,True,NORMAL
GR003160,BK003160,J000048,Family Demo Group 03160,4,FAMILY,True,NORMAL
GR003161,BK003161,J000048,Group Demo Group 03161,1,GROUP,True,NORMAL
GR003162,BK003162,J000048,Friends Demo Group 03162,3,FRIENDS,True,NORMAL
GR003163,BK003163,J000048,Family Demo Group 03163,5,FAMILY,True,NORMAL
GR003164,BK003164,J000048,Family Demo Group 03164,4,FAMILY,True,NORMAL
GR003165,BK003165,J000048,Friends Demo Group 03165,4,FRIENDS,True,NORMAL
GR003166,BK003166,J000048,Family Demo Group 03166,2,FAMILY,True,NORMAL
GR003167,BK003167,J000048,Group Demo Group 03167,4,GROUP,True,NORMAL
GR003168,BK003168,J000048,Family Demo Group 03168,4,FAMILY,True,NORMAL
GR003169,BK003169,J000048,Friends Demo Group 03169,4,FRIENDS,True,NORMAL
GR003170,BK003170,J000048,Group Demo Group 03170,1,GROUP,True,NORMAL
GR003171,BK003171,J000048,Couple Demo Group 03171,3,COUPLE,True,NORMAL
GR003172,BK003172,J000048,Group Demo Group 03172,1,GROUP,True,NORMAL
GR003173,BK003173,J000048,Family Demo Group 03173,3,FAMILY,True,NORMAL
GR003174,BK003174,J000048,Family Demo Group 03174,2,FAMILY,True,NORMAL
GR003175,BK003175,J000048,Group Demo Group 03175,8,GROUP,True,HIGH
GR003176,BK003176,J000048,Family Demo Group 03176,4,FAMILY,True,NORMAL
GR003177,BK003177,J000048,Group Demo Group 03177,1,GROUP,True,NORMAL
GR003178,BK003178,J000048,Group Demo Group 03178,5,GROUP,True,NORMAL
GR003179,BK003179,J000048,Friends Demo Group 03179,2,FRIENDS,True,NORMAL
GR003180,BK003180,J000048,Group Demo Group 03180,1,GROUP,True,NORMAL
GR003181,BK003181,J000048,Group Demo Group 03181,2,GROUP,True,NORMAL
GR003182,BK003182,J000048,Friends Demo Group 03182,3,FRIENDS,True,NORMAL
GR003183,BK003183,J000048,Friends Demo Group 03183,2,FRIENDS,True,NORMAL
GR003184,BK003184,J000048,Group Demo Group 03184,1,GROUP,True,NORMAL
GR003185,BK003185,J000048,Group Demo Group 03185,2,GROUP,True,NORMAL
GR003186,BK003186,J000048,Couple Demo Group 03186,4,COUPLE,True,NORMAL
GR003187,BK003187,J000048,Group Demo Group 03187,4,GROUP,True,NORMAL
GR003188,BK003188,J000048,Couple Demo Group 03188,2,COUPLE,True,NORMAL
GR003189,BK003189,J000048,Friends Demo Group 03189,4,FRIENDS,True,NORMAL
GR003190,BK003190,J000048,Group Demo Group 03190,5,GROUP,True,NORMAL
GR003191,BK003191,J000048,Friends Demo Group 03191,6,FRIENDS,True,HIGH
GR003192,BK003192,J000048,Group Demo Group 03192,1,GROUP,True,NORMAL
GR003193,BK003193,J000048,Group Demo Group 03193,1,GROUP,True,NORMAL
GR003194,BK003194,J000048,Couple Demo Group 03194,4,COUPLE,True,NORMAL
GR003195,BK003195,J000048,Group Demo Group 03195,1,GROUP,True,NORMAL
GR003196,BK003196,J000048,Group Demo Group 03196,1,GROUP,True,NORMAL
GR003197,BK003197,J000048,Group Demo Group 03197,2,GROUP,True,NORMAL
GR003198,BK003198,J000048,Couple Demo Group 03198,4,COUPLE,True,NORMAL
GR003199,BK003199,J000048,Friends Demo Group 03199,2,FRIENDS,True,NORMAL
GR003200,BK003200,J000048,Couple Demo Group 03200,2,COUPLE,True,NORMAL
GR003201,BK003201,J000048,Family Demo Group 03201,3,FAMILY,True,NORMAL
GR003202,BK003202,J000048,Friends Demo Group 03202,3,FRIENDS,True,NORMAL
GR003203,BK003203,J000048,Group Demo Group 03203,4,GROUP,True,NORMAL
GR003204,BK003204,J000048,Group Demo Group 03204,3,GROUP,True,NORMAL
GR003205,BK003205,J000048,Couple Demo Group 03205,5,COUPLE,True,NORMAL
GR003206,BK003206,J000048,Group Demo Group 03206,1,GROUP,True,NORMAL
GR003207,BK003207,J000048,Group Demo Group 03207,1,GROUP,True,NORMAL
GR003208,BK003208,J000048,Couple Demo Group 03208,6,COUPLE,True,HIGH
GR003209,BK003209,J000048,Friends Demo Group 03209,8,FRIENDS,True,HIGH
GR003210,BK003210,J000048,Couple Demo Group 03210,4,COUPLE,True,NORMAL
GR003211,BK003211,J000048,Caregiver Demo Group 03211,4,CAREGIVER,True,HIGH
GR003212,BK003212,J000048,Group Demo Group 03212,1,GROUP,True,NORMAL
GR003213,BK003213,J000048,Group Demo Group 03213,2,GROUP,True,NORMAL
GR003214,BK003214,J000048,Friends Demo Group 03214,3,FRIENDS,True,NORMAL
GR003215,BK003215,J000048,Couple Demo Group 03215,3,COUPLE,True,NORMAL
GR003216,BK003216,J000048,Couple Demo Group 03216,2,COUPLE,True,NORMAL
GR003217,BK003217,J000049,Family Demo Group 03217,3,FAMILY,True,NORMAL
GR003218,BK003218,J000049,Group Demo Group 03218,1,GROUP,True,NORMAL
GR003219,BK003219,J000049,Friends Demo Group 03219,2,FRIENDS,True,NORMAL
GR003220,BK003220,J000049,Couple Demo Group 03220,2,COUPLE,True,NORMAL
GR003221,BK003221,J000049,Group Demo Group 03221,2,GROUP,True,NORMAL
GR003222,BK003222,J000049,Couple Demo Group 03222,4,COUPLE,True,NORMAL
GR003223,BK003223,J000049,Friends Demo Group 03223,2,FRIENDS,True,NORMAL
GR003224,BK003224,J000049,Group Demo Group 03224,3,GROUP,True,NORMAL
GR003225,BK003225,J000049,Friends Demo Group 03225,4,FRIENDS,True,NORMAL
GR003226,BK003226,J000049,Group Demo Group 03226,5,GROUP,True,NORMAL
GR003227,BK003227,J000049,Group Demo Group 03227,4,GROUP,True,NORMAL
GR003228,BK003228,J000049,Group Demo Group 03228,1,GROUP,True,NORMAL
GR003229,BK003229,J000049,Group Demo Group 03229,6,GROUP,True,HIGH
GR003230,BK003230,J000049,Group Demo Group 03230,1,GROUP,True,NORMAL
GR003231,BK003231,J000049,Group Demo Group 03231,1,GROUP,True,NORMAL
GR003232,BK003232,J000049,Couple Demo Group 03232,2,COUPLE,True,NORMAL
GR003233,BK003233,J000049,Friends Demo Group 03233,4,FRIENDS,True,NORMAL
GR003234,BK003234,J000049,Group Demo Group 03234,1,GROUP,True,NORMAL
GR003235,BK003235,J000049,Friends Demo Group 03235,2,FRIENDS,True,NORMAL
GR003236,BK003236,J000049,Group Demo Group 03236,3,GROUP,True,NORMAL
GR003237,BK003237,J000049,Friends Demo Group 03237,4,FRIENDS,True,NORMAL
GR003238,BK003238,J000049,Group Demo Group 03238,1,GROUP,True,NORMAL
GR003239,BK003239,J000049,Group Demo Group 03239,1,GROUP,True,NORMAL
GR003240,BK003240,J000049,Couple Demo Group 03240,2,COUPLE,True,NORMAL
GR003241,BK003241,J000049,Friends Demo Group 03241,4,FRIENDS,True,NORMAL
GR003242,BK003242,J000049,Family Demo Group 03242,2,FAMILY,True,NORMAL
GR003243,BK003243,J000049,Couple Demo Group 03243,3,COUPLE,True,NORMAL
GR003244,BK003244,J000049,Couple Demo Group 03244,2,COUPLE,True,NORMAL
GR003245,BK003245,J000049,Group Demo Group 03245,2,GROUP,True,NORMAL
GR003246,BK003246,J000049,Couple Demo Group 03246,4,COUPLE,True,NORMAL
GR003247,BK003247,J000049,Group Demo Group 03247,4,GROUP,True,NORMAL
GR003248,BK003248,J000049,Group Demo Group 03248,1,GROUP,True,NORMAL
GR003249,BK003249,J000049,Group Demo Group 03249,1,GROUP,True,NORMAL
GR003250,BK003250,J000049,Couple Demo Group 03250,4,COUPLE,True,NORMAL
GR003251,BK003251,J000049,Couple Demo Group 03251,3,COUPLE,True,NORMAL
GR003252,BK003252,J000049,Couple Demo Group 03252,2,COUPLE,True,NORMAL
GR003253,BK003253,J000049,Group Demo Group 03253,2,GROUP,True,NORMAL
GR003254,BK003254,J000049,Couple Demo Group 03254,4,COUPLE,True,NORMAL
GR003255,BK003255,J000049,Friends Demo Group 03255,2,FRIENDS,True,NORMAL
GR003256,BK003256,J000049,Group Demo Group 03256,1,GROUP,True,NORMAL
GR003257,BK003257,J000049,Group Demo Group 03257,2,GROUP,True,NORMAL
GR003258,BK003258,J000049,Family Demo Group 03258,2,FAMILY,True,NORMAL
GR003259,BK003259,J000049,Group Demo Group 03259,1,GROUP,True,NORMAL
GR003260,BK003260,J000049,Group Demo Group 03260,1,GROUP,True,NORMAL
GR003261,BK003261,J000049,Group Demo Group 03261,1,GROUP,True,NORMAL
GR003262,BK003262,J000049,Couple Demo Group 03262,4,COUPLE,True,NORMAL
GR003263,BK003263,J000049,Group Demo Group 03263,4,GROUP,True,NORMAL
GR003264,BK003264,J000049,Couple Demo Group 03264,6,COUPLE,True,HIGH
GR003265,BK003265,J000049,Group Demo Group 03265,2,GROUP,True,NORMAL
GR003266,BK003266,J000049,Couple Demo Group 03266,4,COUPLE,True,NORMAL
GR003267,BK003267,J000049,Friends Demo Group 03267,2,FRIENDS,True,NORMAL
GR003268,BK003268,J000049,Group Demo Group 03268,1,GROUP,True,NORMAL
GR003269,BK003269,J000049,Group Demo Group 03269,1,GROUP,True,NORMAL
GR003270,BK003270,J000049,Family Demo Group 03270,6,FAMILY,True,HIGH
GR003271,BK003271,J000049,Friends Demo Group 03271,2,FRIENDS,True,NORMAL
GR003272,BK003272,J000049,Family Demo Group 03272,4,FAMILY,True,NORMAL
GR003273,BK003273,J000049,Group Demo Group 03273,1,GROUP,True,NORMAL
GR003274,BK003274,J000049,Couple Demo Group 03274,8,COUPLE,True,HIGH
GR003275,BK003275,J000049,Friends Demo Group 03275,6,FRIENDS,True,HIGH
GR003276,BK003276,J000049,Friends Demo Group 03276,5,FRIENDS,True,NORMAL
GR003277,BK003277,J000049,Group Demo Group 03277,2,GROUP,True,NORMAL
GR003278,BK003278,J000049,Family Demo Group 03278,2,FAMILY,True,NORMAL
GR003279,BK003279,J000049,Group Demo Group 03279,4,GROUP,True,NORMAL
GR003280,BK003280,J000049,Friends Demo Group 03280,5,FRIENDS,True,NORMAL
GR003281,BK003281,J000049,Group Demo Group 03281,1,GROUP,True,NORMAL
GR003282,BK003282,J000049,Group Demo Group 03282,1,GROUP,True,NORMAL
GR003283,BK003283,J000049,Group Demo Group 03283,1,GROUP,True,NORMAL
GR003284,BK003284,J000050,Family Demo Group 03284,4,FAMILY,True,NORMAL
GR003285,BK003285,J000050,Couple Demo Group 03285,5,COUPLE,True,NORMAL
GR003286,BK003286,J000050,Group Demo Group 03286,1,GROUP,True,NORMAL
GR003287,BK003287,J000050,Caregiver Demo Group 03287,4,CAREGIVER,True,HIGH
GR003288,BK003288,J000050,Group Demo Group 03288,1,GROUP,True,NORMAL
GR003289,BK003289,J000050,Group Demo Group 03289,1,GROUP,True,NORMAL
GR003290,BK003290,J000050,Couple Demo Group 03290,4,COUPLE,True,NORMAL
GR003291,BK003291,J000050,Group Demo Group 03291,1,GROUP,True,NORMAL
GR003292,BK003292,J000050,Group Demo Group 03292,3,GROUP,True,NORMAL
GR003293,BK003293,J000050,Friends Demo Group 03293,4,FRIENDS,True,NORMAL
GR003294,BK003294,J000050,Family Demo Group 03294,2,FAMILY,True,NORMAL
GR003295,BK003295,J000050,Family Demo Group 03295,5,FAMILY,True,NORMAL
GR003296,BK003296,J000050,Group Demo Group 03296,1,GROUP,True,NORMAL
GR003297,BK003297,J000050,Group Demo Group 03297,2,GROUP,True,NORMAL
GR003298,BK003298,J000050,Group Demo Group 03298,1,GROUP,True,NORMAL
GR003299,BK003299,J000050,Group Demo Group 03299,1,GROUP,True,NORMAL
GR003300,BK003300,J000050,Group Demo Group 03300,1,GROUP,True,NORMAL
GR003301,BK003301,J000050,Family Demo Group 03301,3,FAMILY,True,NORMAL
GR003302,BK003302,J000050,Group Demo Group 03302,1,GROUP,True,NORMAL
GR003303,BK003303,J000050,Group Demo Group 03303,4,GROUP,True,NORMAL
GR003304,BK003304,J000050,Family Demo Group 03304,4,FAMILY,True,NORMAL
GR003305,BK003305,J000050,Couple Demo Group 03305,5,COUPLE,True,NORMAL
GR003306,BK003306,J000050,Family Demo Group 03306,2,FAMILY,True,NORMAL
GR003307,BK003307,J000050,Group Demo Group 03307,1,GROUP,True,NORMAL
GR003308,BK003308,J000050,Couple Demo Group 03308,2,COUPLE,True,NORMAL
GR003309,BK003309,J000050,Group Demo Group 03309,2,GROUP,True,NORMAL
GR003310,BK003310,J000050,Group Demo Group 03310,1,GROUP,True,NORMAL
GR003311,BK003311,J000050,Group Demo Group 03311,1,GROUP,True,NORMAL
GR003312,BK003312,J000050,Group Demo Group 03312,1,GROUP,True,NORMAL
GR003313,BK003313,J000050,Friends Demo Group 03313,4,FRIENDS,True,NORMAL
GR003314,BK003314,J000050,Family Demo Group 03314,2,FAMILY,True,NORMAL
GR003315,BK003315,J000050,Group Demo Group 03315,4,GROUP,True,NORMAL
GR003316,BK003316,J000050,Couple Demo Group 03316,2,COUPLE,True,NORMAL
GR003317,BK003317,J000050,Group Demo Group 03317,1,GROUP,True,NORMAL
GR003318,BK003318,J000050,Group Demo Group 03318,1,GROUP,True,NORMAL
GR003319,BK003319,J000050,Couple Demo Group 03319,7,COUPLE,True,HIGH
GR003320,BK003320,J000050,Group Demo Group 03320,1,GROUP,True,NORMAL
GR003321,BK003321,J000050,Group Demo Group 03321,2,GROUP,True,NORMAL
GR003322,BK003322,J000050,Group Demo Group 03322,1,GROUP,True,NORMAL
GR003323,BK003323,J000050,Friends Demo Group 03323,2,FRIENDS,True,NORMAL
GR003324,BK003324,J000050,Group Demo Group 03324,1,GROUP,True,NORMAL
GR003325,BK003325,J000050,Group Demo Group 03325,2,GROUP,True,NORMAL
GR003326,BK003326,J000050,Couple Demo Group 03326,8,COUPLE,True,HIGH
GR003327,BK003327,J000050,Friends Demo Group 03327,2,FRIENDS,True,NORMAL
GR003328,BK003328,J000050,Group Demo Group 03328,1,GROUP,True,NORMAL
GR003329,BK003329,J000050,Group Demo Group 03329,2,GROUP,True,NORMAL
GR003330,BK003330,J000050,Friends Demo Group 03330,3,FRIENDS,True,NORMAL
GR003331,BK003331,J000050,Group Demo Group 03331,4,GROUP,True,NORMAL
GR003332,BK003332,J000050,Family Demo Group 03332,4,FAMILY,True,NORMAL
GR003333,BK003333,J000050,Family Demo Group 03333,3,FAMILY,True,NORMAL
GR003334,BK003334,J000050,Family Demo Group 03334,6,FAMILY,True,HIGH
GR003335,BK003335,J000050,Group Demo Group 03335,4,GROUP,True,NORMAL
GR003336,BK003336,J000050,Family Demo Group 03336,4,FAMILY,True,NORMAL
GR003337,BK003337,J000050,Group Demo Group 03337,2,GROUP,True,NORMAL
GR003338,BK003338,J000050,Couple Demo Group 03338,4,COUPLE,True,NORMAL
GR003339,BK003339,J000050,Couple Demo Group 03339,3,COUPLE,True,NORMAL
GR003340,BK003340,J000050,Couple Demo Group 03340,2,COUPLE,True,NORMAL
GR003341,BK003341,J000050,Group Demo Group 03341,1,GROUP,True,NORMAL
GR003342,BK003342,J000050,Couple Demo Group 03342,4,COUPLE,True,NORMAL
GR003343,BK003343,J000050,Friends Demo Group 03343,2,FRIENDS,True,NORMAL
GR003344,BK003344,J000050,Group Demo Group 03344,1,GROUP,True,NORMAL
GR003345,BK003345,J000050,Family Demo Group 03345,3,FAMILY,True,NORMAL
GR003346,BK003346,J000050,Group Demo Group 03346,1,GROUP,True,NORMAL
GR003347,BK003347,J000050,Friends Demo Group 03347,6,FRIENDS,True,HIGH
GR003348,BK003348,J000050,Family Demo Group 03348,4,FAMILY,True,NORMAL
GR003349,BK003349,J000050,Group Demo Group 03349,1,GROUP,True,NORMAL
GR003350,BK003350,J000050,Group Demo Group 03350,1,GROUP,True,NORMAL
GR003351,BK003351,J000051,Group Demo Group 03351,4,GROUP,True,NORMAL
GR003352,BK003352,J000051,Couple Demo Group 03352,2,COUPLE,True,NORMAL
GR003353,BK003353,J000051,Family Demo Group 03353,3,FAMILY,True,NORMAL
GR003354,BK003354,J000051,Friends Demo Group 03354,3,FRIENDS,True,NORMAL
GR003355,BK003355,J000051,Friends Demo Group 03355,2,FRIENDS,True,NORMAL
GR003356,BK003356,J000051,Group Demo Group 03356,1,GROUP,True,NORMAL
GR003357,BK003357,J000051,Group Demo Group 03357,1,GROUP,True,NORMAL
GR003358,BK003358,J000051,Family Demo Group 03358,6,FAMILY,True,HIGH
GR003359,BK003359,J000051,Group Demo Group 03359,1,GROUP,True,NORMAL
GR003360,BK003360,J000051,Group Demo Group 03360,1,GROUP,True,NORMAL
GR003361,BK003361,J000051,Family Demo Group 03361,3,FAMILY,True,NORMAL
GR003362,BK003362,J000051,Group Demo Group 03362,1,GROUP,True,NORMAL
GR003363,BK003363,J000051,Caregiver Demo Group 03363,4,CAREGIVER,True,HIGH
GR003364,BK003364,J000051,Family Demo Group 03364,4,FAMILY,True,NORMAL
GR003365,BK003365,J000051,Friends Demo Group 03365,4,FRIENDS,True,NORMAL
GR003366,BK003366,J000051,Family Demo Group 03366,2,FAMILY,True,NORMAL
GR003367,BK003367,J000051,Group Demo Group 03367,1,GROUP,True,NORMAL
GR003368,BK003368,J000051,Couple Demo Group 03368,2,COUPLE,True,NORMAL
GR003369,BK003369,J000051,Couple Demo Group 03369,5,COUPLE,True,NORMAL
GR003370,BK003370,J000051,Friends Demo Group 03370,3,FRIENDS,True,NORMAL
GR003371,BK003371,J000051,Friends Demo Group 03371,2,FRIENDS,True,NORMAL
GR003372,BK003372,J000051,Group Demo Group 03372,1,GROUP,True,NORMAL
GR003373,BK003373,J000051,Group Demo Group 03373,6,GROUP,True,HIGH
GR003374,BK003374,J000051,Friends Demo Group 03374,3,FRIENDS,True,NORMAL
GR003375,BK003375,J000051,Family Demo Group 03375,5,FAMILY,True,NORMAL
GR003376,BK003376,J000051,Group Demo Group 03376,1,GROUP,True,NORMAL
GR003377,BK003377,J000051,Family Demo Group 03377,3,FAMILY,True,NORMAL
GR003378,BK003378,J000051,Family Demo Group 03378,2,FAMILY,True,NORMAL
GR003379,BK003379,J000051,Group Demo Group 03379,1,GROUP,True,NORMAL
GR003380,BK003380,J000051,Family Demo Group 03380,4,FAMILY,True,NORMAL
GR003381,BK003381,J000051,Group Demo Group 03381,2,GROUP,True,NORMAL
GR003382,BK003382,J000051,Friends Demo Group 03382,3,FRIENDS,True,NORMAL
GR003383,BK003383,J000051,Group Demo Group 03383,1,GROUP,True,NORMAL
GR003384,BK003384,J000051,Group Demo Group 03384,3,GROUP,True,NORMAL
GR003385,BK003385,J000051,Friends Demo Group 03385,4,FRIENDS,True,NORMAL
GR003386,BK003386,J000051,Group Demo Group 03386,1,GROUP,True,NORMAL
GR003387,BK003387,J000051,Family Demo Group 03387,5,FAMILY,True,NORMAL
GR003388,BK003388,J000051,Group Demo Group 03388,3,GROUP,True,NORMAL
GR003389,BK003389,J000051,Family Demo Group 03389,3,FAMILY,True,NORMAL
GR003390,BK003390,J000051,Family Demo Group 03390,2,FAMILY,True,NORMAL
GR003391,BK003391,J000051,Group Demo Group 03391,4,GROUP,True,NORMAL
GR003392,BK003392,J000051,Couple Demo Group 03392,2,COUPLE,True,NORMAL
GR003393,BK003393,J000051,Group Demo Group 03393,2,GROUP,True,NORMAL
GR003394,BK003394,J000051,Family Demo Group 03394,2,FAMILY,True,NORMAL
GR003395,BK003395,J000051,Friends Demo Group 03395,2,FRIENDS,True,NORMAL
GR003396,BK003396,J000051,Group Demo Group 03396,1,GROUP,True,NORMAL
GR003397,BK003397,J000051,Friends Demo Group 03397,4,FRIENDS,True,NORMAL
GR003398,BK003398,J000051,Family Demo Group 03398,2,FAMILY,True,NORMAL
GR003399,BK003399,J000051,Family Demo Group 03399,5,FAMILY,True,NORMAL
GR003400,BK003400,J000051,Couple Demo Group 03400,2,COUPLE,True,NORMAL
GR003401,BK003401,J000051,Caregiver Demo Group 03401,4,CAREGIVER,True,HIGH
GR003402,BK003402,J000051,Family Demo Group 03402,6,FAMILY,True,HIGH
GR003403,BK003403,J000051,Group Demo Group 03403,4,GROUP,True,NORMAL
GR003404,BK003404,J000051,Family Demo Group 03404,4,FAMILY,True,NORMAL
GR003405,BK003405,J000051,Group Demo Group 03405,1,GROUP,True,NORMAL
GR003406,BK003406,J000051,Family Demo Group 03406,2,FAMILY,True,NORMAL
GR003407,BK003407,J000051,Couple Demo Group 03407,3,COUPLE,True,NORMAL
GR003408,BK003408,J000051,Group Demo Group 03408,1,GROUP,True,NORMAL
GR003409,BK003409,J000051,Group Demo Group 03409,6,GROUP,True,HIGH
GR003410,BK003410,J000051,Friends Demo Group 03410,3,FRIENDS,True,NORMAL
GR003411,BK003411,J000051,Group Demo Group 03411,1,GROUP,True,NORMAL
GR003412,BK003412,J000051,Couple Demo Group 03412,2,COUPLE,True,NORMAL
GR003413,BK003413,J000051,Friends Demo Group 03413,4,FRIENDS,True,NORMAL
GR003414,BK003414,J000051,Group Demo Group 03414,1,GROUP,True,NORMAL
GR003415,BK003415,J000051,Friends Demo Group 03415,2,FRIENDS,True,NORMAL
GR003416,BK003416,J000051,Group Demo Group 03416,1,GROUP,True,NORMAL
GR003417,BK003417,J000051,Group Demo Group 03417,2,GROUP,True,NORMAL
GR003418,BK003418,J000052,Friends Demo Group 03418,3,FRIENDS,True,NORMAL
GR003419,BK003419,J000052,Friends Demo Group 03419,2,FRIENDS,True,NORMAL
GR003420,BK003420,J000052,Caregiver Demo Group 03420,5,CAREGIVER,True,HIGH
GR003421,BK003421,J000052,Group Demo Group 03421,1,GROUP,True,NORMAL
GR003422,BK003422,J000052,Group Demo Group 03422,1,GROUP,True,NORMAL
GR003423,BK003423,J000052,Family Demo Group 03423,5,FAMILY,True,NORMAL
GR003424,BK003424,J000052,Couple Demo Group 03424,2,COUPLE,True,NORMAL
GR003425,BK003425,J000052,Family Demo Group 03425,3,FAMILY,True,NORMAL
GR003426,BK003426,J000052,Friends Demo Group 03426,3,FRIENDS,True,NORMAL
GR003427,BK003427,J000052,Family Demo Group 03427,5,FAMILY,True,NORMAL
GR003428,BK003428,J000052,Couple Demo Group 03428,2,COUPLE,True,NORMAL
GR003429,BK003429,J000052,Group Demo Group 03429,1,GROUP,True,NORMAL
GR003430,BK003430,J000052,Couple Demo Group 03430,4,COUPLE,True,NORMAL
GR003431,BK003431,J000052,Couple Demo Group 03431,3,COUPLE,True,NORMAL
GR003432,BK003432,J000052,Couple Demo Group 03432,2,COUPLE,True,NORMAL
GR003433,BK003433,J000052,Group Demo Group 03433,2,GROUP,True,NORMAL
GR003434,BK003434,J000052,Couple Demo Group 03434,4,COUPLE,True,NORMAL
GR003435,BK003435,J000052,Group Demo Group 03435,1,GROUP,True,NORMAL
GR003436,BK003436,J000052,Friends Demo Group 03436,5,FRIENDS,True,NORMAL
GR003437,BK003437,J000052,Couple Demo Group 03437,5,COUPLE,True,NORMAL
GR003438,BK003438,J000052,Couple Demo Group 03438,4,COUPLE,True,NORMAL
GR003439,BK003439,J000052,Friends Demo Group 03439,2,FRIENDS,True,NORMAL
GR003440,BK003440,J000052,Group Demo Group 03440,1,GROUP,True,NORMAL
GR003441,BK003441,J000052,Group Demo Group 03441,1,GROUP,True,NORMAL
GR003442,BK003442,J000052,Family Demo Group 03442,2,FAMILY,True,NORMAL
GR003443,BK003443,J000052,Friends Demo Group 03443,2,FRIENDS,True,NORMAL
GR003444,BK003444,J000052,Family Demo Group 03444,4,FAMILY,True,NORMAL
GR003445,BK003445,J000052,Group Demo Group 03445,1,GROUP,True,NORMAL
GR003446,BK003446,J000052,Family Demo Group 03446,2,FAMILY,True,NORMAL
GR003447,BK003447,J000052,Group Demo Group 03447,1,GROUP,True,NORMAL
GR003448,BK003448,J000052,Group Demo Group 03448,3,GROUP,True,NORMAL
GR003449,BK003449,J000052,Group Demo Group 03449,2,GROUP,True,NORMAL
GR003450,BK003450,J000052,Family Demo Group 03450,6,FAMILY,True,HIGH
GR003451,BK003451,J000052,Friends Demo Group 03451,6,FRIENDS,True,HIGH
GR003452,BK003452,J000052,Family Demo Group 03452,4,FAMILY,True,NORMAL
GR003453,BK003453,J000052,Group Demo Group 03453,2,GROUP,True,NORMAL
GR003454,BK003454,J000052,Group Demo Group 03454,1,GROUP,True,NORMAL
GR003455,BK003455,J000052,Friends Demo Group 03455,2,FRIENDS,True,NORMAL
GR003456,BK003456,J000052,Group Demo Group 03456,1,GROUP,True,NORMAL
GR003457,BK003457,J000052,Group Demo Group 03457,6,GROUP,True,HIGH
GR003458,BK003458,J000052,Group Demo Group 03458,1,GROUP,True,NORMAL
GR003459,BK003459,J000052,Couple Demo Group 03459,3,COUPLE,True,NORMAL
GR003460,BK003460,J000052,Group Demo Group 03460,1,GROUP,True,NORMAL
GR003461,BK003461,J000052,Group Demo Group 03461,1,GROUP,True,NORMAL
GR003462,BK003462,J000052,Family Demo Group 03462,2,FAMILY,True,NORMAL
GR003463,BK003463,J000052,Couple Demo Group 03463,3,COUPLE,True,NORMAL
GR003464,BK003464,J000052,Couple Demo Group 03464,6,COUPLE,True,HIGH
GR003465,BK003465,J000052,Couple Demo Group 03465,5,COUPLE,True,NORMAL
GR003466,BK003466,J000052,Family Demo Group 03466,2,FAMILY,True,NORMAL
GR003467,BK003467,J000052,Group Demo Group 03467,1,GROUP,True,NORMAL
GR003468,BK003468,J000052,Family Demo Group 03468,4,FAMILY,True,NORMAL
GR003469,BK003469,J000052,Friends Demo Group 03469,4,FRIENDS,True,NORMAL
GR003470,BK003470,J000052,Family Demo Group 03470,2,FAMILY,True,NORMAL
GR003471,BK003471,J000052,Group Demo Group 03471,1,GROUP,True,NORMAL
GR003472,BK003472,J000052,Group Demo Group 03472,1,GROUP,True,NORMAL
GR003473,BK003473,J000052,Group Demo Group 03473,2,GROUP,True,NORMAL
GR003474,BK003474,J000052,Family Demo Group 03474,2,FAMILY,True,NORMAL
GR003475,BK003475,J000052,Friends Demo Group 03475,6,FRIENDS,True,HIGH
GR003476,BK003476,J000052,Family Demo Group 03476,4,FAMILY,True,NORMAL
GR003477,BK003477,J000052,Family Demo Group 03477,3,FAMILY,True,NORMAL
GR003478,BK003478,J000052,Group Demo Group 03478,1,GROUP,True,NORMAL
GR003479,BK003479,J000052,Group Demo Group 03479,1,GROUP,True,NORMAL
GR003480,BK003480,J000052,Couple Demo Group 03480,2,COUPLE,True,NORMAL
GR003481,BK003481,J000052,Friends Demo Group 03481,4,FRIENDS,True,NORMAL
GR003482,BK003482,J000052,Couple Demo Group 03482,4,COUPLE,True,NORMAL
GR003483,BK003483,J000052,Friends Demo Group 03483,2,FRIENDS,True,NORMAL
GR003484,BK003484,J000052,Couple Demo Group 03484,6,COUPLE,True,HIGH
GR003485,BK003485,J000053,Group Demo Group 03485,2,GROUP,True,NORMAL
GR003486,BK003486,J000053,Group Demo Group 03486,1,GROUP,True,NORMAL
GR003487,BK003487,J000053,Family Demo Group 03487,5,FAMILY,True,NORMAL
GR003488,BK003488,J000053,Group Demo Group 03488,1,GROUP,True,NORMAL
GR003489,BK003489,J000053,Family Demo Group 03489,3,FAMILY,True,NORMAL
GR003490,BK003490,J000053,Group Demo Group 03490,1,GROUP,True,NORMAL
GR003491,BK003491,J000053,Friends Demo Group 03491,2,FRIENDS,True,NORMAL
GR003492,BK003492,J000053,Group Demo Group 03492,7,GROUP,True,HIGH
GR003493,BK003493,J000053,Group Demo Group 03493,1,GROUP,True,NORMAL
GR003494,BK003494,J000053,Group Demo Group 03494,5,GROUP,True,NORMAL
GR003495,BK003495,J000053,Friends Demo Group 03495,6,FRIENDS,True,HIGH
GR003496,BK003496,J000053,Couple Demo Group 03496,2,COUPLE,True,NORMAL
GR003497,BK003497,J000053,Family Demo Group 03497,3,FAMILY,True,NORMAL
GR003498,BK003498,J000053,Family Demo Group 03498,2,FAMILY,True,NORMAL
GR003499,BK003499,J000053,Couple Demo Group 03499,3,COUPLE,True,NORMAL
GR003500,BK003500,J000053,Group Demo Group 03500,1,GROUP,True,NORMAL
GR003501,BK003501,J000053,Friends Demo Group 03501,4,FRIENDS,True,NORMAL
GR003502,BK003502,J000053,Family Demo Group 03502,2,FAMILY,True,NORMAL
GR003503,BK003503,J000053,Friends Demo Group 03503,2,FRIENDS,True,NORMAL
GR003504,BK003504,J000053,Couple Demo Group 03504,2,COUPLE,True,NORMAL
GR003505,BK003505,J000053,Family Demo Group 03505,3,FAMILY,True,NORMAL
GR003506,BK003506,J000053,Friends Demo Group 03506,3,FRIENDS,True,NORMAL
GR003507,BK003507,J000053,Friends Demo Group 03507,6,FRIENDS,True,HIGH
GR003508,BK003508,J000053,Group Demo Group 03508,1,GROUP,True,NORMAL
GR003509,BK003509,J000053,Friends Demo Group 03509,4,FRIENDS,True,NORMAL
GR003510,BK003510,J000053,Group Demo Group 03510,1,GROUP,True,NORMAL
GR003511,BK003511,J000053,Group Demo Group 03511,1,GROUP,True,NORMAL
GR003512,BK003512,J000053,Family Demo Group 03512,4,FAMILY,True,NORMAL
GR003513,BK003513,J000053,Group Demo Group 03513,2,GROUP,True,NORMAL
GR003514,BK003514,J000053,Friends Demo Group 03514,7,FRIENDS,True,HIGH
GR003515,BK003515,J000053,Caregiver Demo Group 03515,4,CAREGIVER,True,HIGH
GR003516,BK003516,J000053,Couple Demo Group 03516,6,COUPLE,True,HIGH
GR003517,BK003517,J000053,Couple Demo Group 03517,5,COUPLE,True,NORMAL
GR003518,BK003518,J000053,Family Demo Group 03518,2,FAMILY,True,NORMAL
GR003519,BK003519,J000053,Group Demo Group 03519,1,GROUP,True,NORMAL
GR003520,BK003520,J000053,Friends Demo Group 03520,5,FRIENDS,True,NORMAL
GR003521,BK003521,J000053,Group Demo Group 03521,2,GROUP,True,NORMAL
GR003522,BK003522,J000053,Family Demo Group 03522,6,FAMILY,True,HIGH
GR003523,BK003523,J000053,Group Demo Group 03523,1,GROUP,True,NORMAL
GR003524,BK003524,J000053,Family Demo Group 03524,4,FAMILY,True,NORMAL
GR003525,BK003525,J000053,Friends Demo Group 03525,4,FRIENDS,True,NORMAL
GR003526,BK003526,J000053,Friends Demo Group 03526,3,FRIENDS,True,NORMAL
GR003527,BK003527,J000053,Group Demo Group 03527,4,GROUP,True,NORMAL
GR003528,BK003528,J000053,Group Demo Group 03528,1,GROUP,True,NORMAL
GR003529,BK003529,J000053,Group Demo Group 03529,2,GROUP,True,NORMAL
GR003530,BK003530,J000053,Family Demo Group 03530,2,FAMILY,True,NORMAL
GR003531,BK003531,J000053,Couple Demo Group 03531,3,COUPLE,True,NORMAL
GR003532,BK003532,J000053,Group Demo Group 03532,7,GROUP,True,HIGH
GR003533,BK003533,J000053,Group Demo Group 03533,1,GROUP,True,NORMAL
GR003534,BK003534,J000053,Caregiver Demo Group 03534,4,CAREGIVER,True,HIGH
GR003535,BK003535,J000053,Group Demo Group 03535,1,GROUP,True,NORMAL
GR003536,BK003536,J000053,Group Demo Group 03536,1,GROUP,True,NORMAL
GR003537,BK003537,J000053,Friends Demo Group 03537,4,FRIENDS,True,NORMAL
GR003538,BK003538,J000053,Family Demo Group 03538,2,FAMILY,True,NORMAL
GR003539,BK003539,J000053,Group Demo Group 03539,1,GROUP,True,NORMAL
GR003540,BK003540,J000053,Couple Demo Group 03540,6,COUPLE,True,HIGH
GR003541,BK003541,J000053,Group Demo Group 03541,2,GROUP,True,NORMAL
GR003542,BK003542,J000053,Couple Demo Group 03542,4,COUPLE,True,NORMAL
GR003543,BK003543,J000053,Group Demo Group 03543,1,GROUP,True,NORMAL
GR003544,BK003544,J000053,Couple Demo Group 03544,2,COUPLE,True,NORMAL
GR003545,BK003545,J000053,Friends Demo Group 03545,4,FRIENDS,True,NORMAL
GR003546,BK003546,J000053,Group Demo Group 03546,1,GROUP,True,NORMAL
GR003547,BK003547,J000053,Group Demo Group 03547,1,GROUP,True,NORMAL
GR003548,BK003548,J000053,Group Demo Group 03548,3,GROUP,True,NORMAL
GR003549,BK003549,J000053,Group Demo Group 03549,1,GROUP,True,NORMAL
GR003550,BK003550,J000053,Group Demo Group 03550,1,GROUP,True,NORMAL
GR003551,BK003551,J000053,Group Demo Group 03551,4,GROUP,True,NORMAL
GR003552,BK003552,J000054,Group Demo Group 03552,1,GROUP,True,NORMAL
GR003553,BK003553,J000054,Family Demo Group 03553,3,FAMILY,True,NORMAL
GR003554,BK003554,J000054,Friends Demo Group 03554,3,FRIENDS,True,NORMAL
GR003555,BK003555,J000054,Couple Demo Group 03555,3,COUPLE,True,NORMAL
GR003556,BK003556,J000054,Couple Demo Group 03556,2,COUPLE,True,NORMAL
GR003557,BK003557,J000054,Group Demo Group 03557,2,GROUP,True,NORMAL
GR003558,BK003558,J000054,Group Demo Group 03558,1,GROUP,True,NORMAL
GR003559,BK003559,J000054,Group Demo Group 03559,1,GROUP,True,NORMAL
GR003560,BK003560,J000054,Group Demo Group 03560,1,GROUP,True,NORMAL
GR003561,BK003561,J000054,Group Demo Group 03561,2,GROUP,True,NORMAL
GR003562,BK003562,J000054,Group Demo Group 03562,1,GROUP,True,NORMAL
GR003563,BK003563,J000054,Group Demo Group 03563,4,GROUP,True,NORMAL
GR003564,BK003564,J000054,Group Demo Group 03564,3,GROUP,True,NORMAL
GR003565,BK003565,J000054,Family Demo Group 03565,3,FAMILY,True,NORMAL
GR003566,BK003566,J000054,Friends Demo Group 03566,3,FRIENDS,True,NORMAL
GR003567,BK003567,J000054,Couple Demo Group 03567,3,COUPLE,True,NORMAL
GR003568,BK003568,J000054,Couple Demo Group 03568,6,COUPLE,True,HIGH
GR003569,BK003569,J000054,Family Demo Group 03569,3,FAMILY,True,NORMAL
GR003570,BK003570,J000054,Family Demo Group 03570,6,FAMILY,True,HIGH
GR003571,BK003571,J000054,Group Demo Group 03571,4,GROUP,True,NORMAL
GR003572,BK003572,J000054,Caregiver Demo Group 03572,6,CAREGIVER,True,HIGH
GR003573,BK003573,J000054,Friends Demo Group 03573,4,FRIENDS,True,NORMAL
GR003574,BK003574,J000054,Couple Demo Group 03574,4,COUPLE,True,NORMAL
GR003575,BK003575,J000054,Friends Demo Group 03575,2,FRIENDS,True,NORMAL
GR003576,BK003576,J000054,Group Demo Group 03576,1,GROUP,True,NORMAL
GR003577,BK003577,J000054,Group Demo Group 03577,2,GROUP,True,NORMAL
GR003578,BK003578,J000054,Family Demo Group 03578,2,FAMILY,True,NORMAL
GR003579,BK003579,J000054,Group Demo Group 03579,4,GROUP,True,NORMAL
GR003580,BK003580,J000054,Group Demo Group 03580,3,GROUP,True,NORMAL
GR003581,BK003581,J000054,Group Demo Group 03581,2,GROUP,True,NORMAL
GR003582,BK003582,J000054,Couple Demo Group 03582,4,COUPLE,True,NORMAL
GR003583,BK003583,J000054,Group Demo Group 03583,8,GROUP,True,HIGH
GR003584,BK003584,J000054,Couple Demo Group 03584,6,COUPLE,True,HIGH
GR003585,BK003585,J000054,Family Demo Group 03585,3,FAMILY,True,NORMAL
GR003586,BK003586,J000054,Friends Demo Group 03586,3,FRIENDS,True,NORMAL
GR003587,BK003587,J000054,Group Demo Group 03587,4,GROUP,True,NORMAL
GR003588,BK003588,J000054,Group Demo Group 03588,1,GROUP,True,NORMAL
GR003589,BK003589,J000054,Group Demo Group 03589,2,GROUP,True,NORMAL
GR003590,BK003590,J000054,Group Demo Group 03590,1,GROUP,True,NORMAL
GR003591,BK003591,J000054,Caregiver Demo Group 03591,4,CAREGIVER,True,HIGH
GR003592,BK003592,J000054,Group Demo Group 03592,1,GROUP,True,NORMAL
GR003593,BK003593,J000054,Group Demo Group 03593,1,GROUP,True,NORMAL
GR003594,BK003594,J000054,Couple Demo Group 03594,4,COUPLE,True,NORMAL
GR003595,BK003595,J000054,Group Demo Group 03595,1,GROUP,True,NORMAL
GR003596,BK003596,J000054,Group Demo Group 03596,3,GROUP,True,NORMAL
GR003597,BK003597,J000054,Family Demo Group 03597,3,FAMILY,True,NORMAL
GR003598,BK003598,J000054,Family Demo Group 03598,6,FAMILY,True,HIGH
GR003599,BK003599,J000054,Friends Demo Group 03599,2,FRIENDS,True,NORMAL
GR003600,BK003600,J000054,Group Demo Group 03600,3,GROUP,True,NORMAL
GR003601,BK003601,J000054,Group Demo Group 03601,1,GROUP,True,NORMAL
GR003602,BK003602,J000054,Friends Demo Group 03602,3,FRIENDS,True,NORMAL
GR003603,BK003603,J000054,Friends Demo Group 03603,2,FRIENDS,True,NORMAL
GR003604,BK003604,J000054,Group Demo Group 03604,1,GROUP,True,NORMAL
GR003605,BK003605,J000054,Group Demo Group 03605,1,GROUP,True,NORMAL
GR003606,BK003606,J000054,Family Demo Group 03606,2,FAMILY,True,NORMAL
GR003607,BK003607,J000054,Friends Demo Group 03607,2,FRIENDS,True,NORMAL
GR003608,BK003608,J000054,Group Demo Group 03608,1,GROUP,True,NORMAL
GR003609,BK003609,J000054,Group Demo Group 03609,2,GROUP,True,NORMAL
GR003610,BK003610,J000054,Caregiver Demo Group 03610,4,CAREGIVER,True,HIGH
GR003611,BK003611,J000054,Group Demo Group 03611,1,GROUP,True,NORMAL
GR003612,BK003612,J000054,Group Demo Group 03612,3,GROUP,True,NORMAL
GR003613,BK003613,J000054,Group Demo Group 03613,2,GROUP,True,NORMAL
GR003614,BK003614,J000054,Family Demo Group 03614,6,FAMILY,True,HIGH
GR003615,BK003615,J000054,Friends Demo Group 03615,2,FRIENDS,True,NORMAL
GR003616,BK003616,J000054,Group Demo Group 03616,1,GROUP,True,NORMAL
GR003617,BK003617,J000054,Couple Demo Group 03617,5,COUPLE,True,NORMAL
GR003618,BK003618,J000054,Couple Demo Group 03618,4,COUPLE,True,NORMAL
GR003619,BK003619,J000055,Group Demo Group 03619,1,GROUP,True,NORMAL
GR003620,BK003620,J000055,Group Demo Group 03620,3,GROUP,True,NORMAL
GR003621,BK003621,J000055,Group Demo Group 03621,2,GROUP,True,NORMAL
GR003622,BK003622,J000055,Group Demo Group 03622,1,GROUP,True,NORMAL
GR003623,BK003623,J000055,Group Demo Group 03623,1,GROUP,True,NORMAL
GR003624,BK003624,J000055,Family Demo Group 03624,4,FAMILY,True,NORMAL
GR003625,BK003625,J000055,Family Demo Group 03625,3,FAMILY,True,NORMAL
GR003626,BK003626,J000055,Family Demo Group 03626,6,FAMILY,True,HIGH
GR003627,BK003627,J000055,Group Demo Group 03627,1,GROUP,True,NORMAL
GR003628,BK003628,J000055,Couple Demo Group 03628,2,COUPLE,True,NORMAL
GR003629,BK003629,J000055,Caregiver Demo Group 03629,4,CAREGIVER,True,HIGH
GR003630,BK003630,J000055,Friends Demo Group 03630,3,FRIENDS,True,NORMAL
GR003631,BK003631,J000055,Couple Demo Group 03631,3,COUPLE,True,NORMAL
GR003632,BK003632,J000055,Friends Demo Group 03632,5,FRIENDS,True,NORMAL
GR003633,BK003633,J000055,Group Demo Group 03633,2,GROUP,True,NORMAL
GR003634,BK003634,J000055,Family Demo Group 03634,2,FAMILY,True,NORMAL
GR003635,BK003635,J000055,Group Demo Group 03635,4,GROUP,True,NORMAL
GR003636,BK003636,J000055,Family Demo Group 03636,4,FAMILY,True,NORMAL
GR003637,BK003637,J000055,Group Demo Group 03637,1,GROUP,True,NORMAL
GR003638,BK003638,J000055,Group Demo Group 03638,1,GROUP,True,NORMAL
GR003639,BK003639,J000055,Group Demo Group 03639,8,GROUP,True,HIGH
GR003640,BK003640,J000055,Family Demo Group 03640,4,FAMILY,True,NORMAL
GR003641,BK003641,J000055,Group Demo Group 03641,1,GROUP,True,NORMAL
GR003642,BK003642,J000055,Friends Demo Group 03642,3,FRIENDS,True,NORMAL
GR003643,BK003643,J000055,Group Demo Group 03643,1,GROUP,True,NORMAL
GR003644,BK003644,J000055,Group Demo Group 03644,1,GROUP,True,NORMAL
GR003645,BK003645,J000055,Group Demo Group 03645,2,GROUP,True,NORMAL
GR003646,BK003646,J000055,Group Demo Group 03646,1,GROUP,True,NORMAL
GR003647,BK003647,J000055,Couple Demo Group 03647,3,COUPLE,True,NORMAL
GR003648,BK003648,J000055,Couple Demo Group 03648,2,COUPLE,True,NORMAL
GR003649,BK003649,J000055,Group Demo Group 03649,2,GROUP,True,NORMAL
GR003650,BK003650,J000055,Couple Demo Group 03650,8,COUPLE,True,HIGH
GR003651,BK003651,J000055,Group Demo Group 03651,1,GROUP,True,NORMAL
GR003652,BK003652,J000055,Couple Demo Group 03652,2,COUPLE,True,NORMAL
GR003653,BK003653,J000055,Group Demo Group 03653,1,GROUP,True,NORMAL
GR003654,BK003654,J000055,Couple Demo Group 03654,8,COUPLE,True,HIGH
GR003655,BK003655,J000055,Group Demo Group 03655,1,GROUP,True,NORMAL
GR003656,BK003656,J000055,Couple Demo Group 03656,2,COUPLE,True,NORMAL
GR003657,BK003657,J000055,Family Demo Group 03657,7,FAMILY,True,HIGH
GR003658,BK003658,J000055,Family Demo Group 03658,2,FAMILY,True,NORMAL
GR003659,BK003659,J000055,Friends Demo Group 03659,2,FRIENDS,True,NORMAL
GR003660,BK003660,J000055,Couple Demo Group 03660,6,COUPLE,True,HIGH
GR003661,BK003661,J000055,Group Demo Group 03661,2,GROUP,True,NORMAL
GR003662,BK003662,J000055,Group Demo Group 03662,1,GROUP,True,NORMAL
GR003663,BK003663,J000055,Couple Demo Group 03663,3,COUPLE,True,NORMAL
GR003664,BK003664,J000055,Family Demo Group 03664,8,FAMILY,True,HIGH
GR003665,BK003665,J000055,Family Demo Group 03665,3,FAMILY,True,NORMAL
GR003666,BK003666,J000055,Family Demo Group 03666,2,FAMILY,True,NORMAL
GR003667,BK003667,J000055,Caregiver Demo Group 03667,4,CAREGIVER,True,HIGH
GR003668,BK003668,J000055,Friends Demo Group 03668,5,FRIENDS,True,NORMAL
GR003669,BK003669,J000055,Couple Demo Group 03669,5,COUPLE,True,NORMAL
GR003670,BK003670,J000055,Couple Demo Group 03670,4,COUPLE,True,NORMAL
GR003671,BK003671,J000055,Friends Demo Group 03671,2,FRIENDS,True,NORMAL
GR003672,BK003672,J000055,Group Demo Group 03672,3,GROUP,True,NORMAL
GR003673,BK003673,J000055,Friends Demo Group 03673,4,FRIENDS,True,NORMAL
GR003674,BK003674,J000055,Couple Demo Group 03674,4,COUPLE,True,NORMAL
GR003675,BK003675,J000055,Group Demo Group 03675,1,GROUP,True,NORMAL
GR003676,BK003676,J000055,Group Demo Group 03676,1,GROUP,True,NORMAL
GR003677,BK003677,J000055,Friends Demo Group 03677,4,FRIENDS,True,NORMAL
GR003678,BK003678,J000055,Friends Demo Group 03678,3,FRIENDS,True,NORMAL
GR003679,BK003679,J000055,Couple Demo Group 03679,7,COUPLE,True,HIGH
GR003680,BK003680,J000055,Couple Demo Group 03680,2,COUPLE,True,NORMAL
GR003681,BK003681,J000055,Group Demo Group 03681,2,GROUP,True,NORMAL
GR003682,BK003682,J000055,Friends Demo Group 03682,3,FRIENDS,True,NORMAL
GR003683,BK003683,J000055,Group Demo Group 03683,8,GROUP,True,HIGH
GR003684,BK003684,J000055,Group Demo Group 03684,3,GROUP,True,NORMAL
GR003685,BK003685,J000055,Friends Demo Group 03685,4,FRIENDS,True,NORMAL
GR003686,BK003686,J000056,Group Demo Group 03686,1,GROUP,True,NORMAL
GR003687,BK003687,J000056,Group Demo Group 03687,4,GROUP,True,NORMAL
GR003688,BK003688,J000056,Group Demo Group 03688,3,GROUP,True,NORMAL
GR003689,BK003689,J000056,Family Demo Group 03689,7,FAMILY,True,HIGH
GR003690,BK003690,J000056,Family Demo Group 03690,2,FAMILY,True,NORMAL
GR003691,BK003691,J000056,Friends Demo Group 03691,2,FRIENDS,True,NORMAL
GR003692,BK003692,J000056,Family Demo Group 03692,4,FAMILY,True,NORMAL
GR003693,BK003693,J000056,Group Demo Group 03693,2,GROUP,True,NORMAL
GR003694,BK003694,J000056,Group Demo Group 03694,5,GROUP,True,NORMAL
GR003695,BK003695,J000056,Group Demo Group 03695,1,GROUP,True,NORMAL
GR003696,BK003696,J000056,Family Demo Group 03696,4,FAMILY,True,NORMAL
GR003697,BK003697,J000056,Family Demo Group 03697,3,FAMILY,True,NORMAL
GR003698,BK003698,J000056,Couple Demo Group 03698,4,COUPLE,True,NORMAL
GR003699,BK003699,J000056,Group Demo Group 03699,8,GROUP,True,HIGH
GR003700,BK003700,J000056,Family Demo Group 03700,4,FAMILY,True,NORMAL
GR003701,BK003701,J000056,Group Demo Group 03701,1,GROUP,True,NORMAL
GR003702,BK003702,J000056,Group Demo Group 03702,1,GROUP,True,NORMAL
GR003703,BK003703,J000056,Group Demo Group 03703,1,GROUP,True,NORMAL
GR003704,BK003704,J000056,Group Demo Group 03704,3,GROUP,True,NORMAL
GR003705,BK003705,J000056,Group Demo Group 03705,1,GROUP,True,NORMAL
GR003706,BK003706,J000056,Group Demo Group 03706,1,GROUP,True,NORMAL
GR003707,BK003707,J000056,Couple Demo Group 03707,3,COUPLE,True,NORMAL
GR003708,BK003708,J000056,Group Demo Group 03708,3,GROUP,True,NORMAL
GR003709,BK003709,J000056,Group Demo Group 03709,1,GROUP,True,NORMAL
GR003710,BK003710,J000056,Family Demo Group 03710,2,FAMILY,True,NORMAL
GR003711,BK003711,J000056,Group Demo Group 03711,4,GROUP,True,NORMAL
GR003712,BK003712,J000056,Couple Demo Group 03712,2,COUPLE,True,NORMAL
GR003713,BK003713,J000056,Group Demo Group 03713,6,GROUP,True,HIGH
GR003714,BK003714,J000056,Group Demo Group 03714,1,GROUP,True,NORMAL
GR003715,BK003715,J000056,Group Demo Group 03715,1,GROUP,True,NORMAL
GR003716,BK003716,J000056,Couple Demo Group 03716,2,COUPLE,True,NORMAL
GR003717,BK003717,J000056,Group Demo Group 03717,1,GROUP,True,NORMAL
GR003718,BK003718,J000056,Group Demo Group 03718,1,GROUP,True,NORMAL
GR003719,BK003719,J000056,Group Demo Group 03719,1,GROUP,True,NORMAL
GR003720,BK003720,J000056,Couple Demo Group 03720,2,COUPLE,True,NORMAL
GR003721,BK003721,J000056,Group Demo Group 03721,1,GROUP,True,NORMAL
GR003722,BK003722,J000056,Friends Demo Group 03722,3,FRIENDS,True,NORMAL
GR003723,BK003723,J000056,Couple Demo Group 03723,7,COUPLE,True,HIGH
GR003724,BK003724,J000056,Caregiver Demo Group 03724,6,CAREGIVER,True,HIGH
GR003725,BK003725,J000056,Group Demo Group 03725,2,GROUP,True,NORMAL
GR003726,BK003726,J000056,Group Demo Group 03726,1,GROUP,True,NORMAL
GR003727,BK003727,J000056,Couple Demo Group 03727,3,COUPLE,True,NORMAL
GR003728,BK003728,J000056,Group Demo Group 03728,7,GROUP,True,HIGH
GR003729,BK003729,J000056,Group Demo Group 03729,1,GROUP,True,NORMAL
GR003730,BK003730,J000056,Family Demo Group 03730,2,FAMILY,True,NORMAL
GR003731,BK003731,J000056,Group Demo Group 03731,1,GROUP,True,NORMAL
GR003732,BK003732,J000056,Couple Demo Group 03732,2,COUPLE,True,NORMAL
GR003733,BK003733,J000056,Family Demo Group 03733,3,FAMILY,True,NORMAL
GR003734,BK003734,J000056,Friends Demo Group 03734,3,FRIENDS,True,NORMAL
GR003735,BK003735,J000056,Group Demo Group 03735,1,GROUP,True,NORMAL
GR003736,BK003736,J000056,Friends Demo Group 03736,5,FRIENDS,True,NORMAL
GR003737,BK003737,J000056,Group Demo Group 03737,2,GROUP,True,NORMAL
GR003738,BK003738,J000056,Friends Demo Group 03738,3,FRIENDS,True,NORMAL
GR003739,BK003739,J000056,Family Demo Group 03739,5,FAMILY,True,NORMAL
GR003740,BK003740,J000056,Family Demo Group 03740,4,FAMILY,True,NORMAL
GR003741,BK003741,J000056,Friends Demo Group 03741,8,FRIENDS,True,HIGH
GR003742,BK003742,J000056,Couple Demo Group 03742,4,COUPLE,True,NORMAL
GR003743,BK003743,J000056,Caregiver Demo Group 03743,4,CAREGIVER,True,HIGH
GR003744,BK003744,J000056,Family Demo Group 03744,4,FAMILY,True,NORMAL
GR003745,BK003745,J000056,Group Demo Group 03745,1,GROUP,True,NORMAL
GR003746,BK003746,J000056,Couple Demo Group 03746,4,COUPLE,True,NORMAL
GR003747,BK003747,J000056,Group Demo Group 03747,1,GROUP,True,NORMAL
GR003748,BK003748,J000056,Couple Demo Group 03748,2,COUPLE,True,NORMAL
GR003749,BK003749,J000056,Couple Demo Group 03749,5,COUPLE,True,NORMAL
GR003750,BK003750,J000056,Group Demo Group 03750,1,GROUP,True,NORMAL
GR003751,BK003751,J000056,Friends Demo Group 03751,2,FRIENDS,True,NORMAL
GR003752,BK003752,J000056,Group Demo Group 03752,1,GROUP,True,NORMAL
GR003753,BK003753,J000057,Family Demo Group 03753,3,FAMILY,True,NORMAL
GR003754,BK003754,J000057,Family Demo Group 03754,6,FAMILY,True,HIGH
GR003755,BK003755,J000057,Group Demo Group 03755,1,GROUP,True,NORMAL
GR003756,BK003756,J000057,Group Demo Group 03756,3,GROUP,True,NORMAL
GR003757,BK003757,J000057,Group Demo Group 03757,1,GROUP,True,NORMAL
GR003758,BK003758,J000057,Family Demo Group 03758,2,FAMILY,True,NORMAL
GR003759,BK003759,J000057,Friends Demo Group 03759,6,FRIENDS,True,HIGH
GR003760,BK003760,J000057,Group Demo Group 03760,1,GROUP,True,NORMAL
GR003761,BK003761,J000057,Family Demo Group 03761,7,FAMILY,True,HIGH
GR003762,BK003762,J000057,Group Demo Group 03762,1,GROUP,True,NORMAL
GR003763,BK003763,J000057,Group Demo Group 03763,4,GROUP,True,NORMAL
GR003764,BK003764,J000057,Family Demo Group 03764,4,FAMILY,True,NORMAL
GR003765,BK003765,J000057,Family Demo Group 03765,3,FAMILY,True,NORMAL
GR003766,BK003766,J000057,Couple Demo Group 03766,4,COUPLE,True,NORMAL
GR003767,BK003767,J000057,Family Demo Group 03767,5,FAMILY,True,NORMAL
GR003768,BK003768,J000057,Family Demo Group 03768,4,FAMILY,True,NORMAL
GR003769,BK003769,J000057,Friends Demo Group 03769,4,FRIENDS,True,NORMAL
GR003770,BK003770,J000057,Group Demo Group 03770,1,GROUP,True,NORMAL
GR003771,BK003771,J000057,Couple Demo Group 03771,3,COUPLE,True,NORMAL
GR003772,BK003772,J000057,Group Demo Group 03772,1,GROUP,True,NORMAL
GR003773,BK003773,J000057,Group Demo Group 03773,2,GROUP,True,NORMAL
GR003774,BK003774,J000057,Friends Demo Group 03774,7,FRIENDS,True,HIGH
GR003775,BK003775,J000057,Couple Demo Group 03775,3,COUPLE,True,NORMAL
GR003776,BK003776,J000057,Group Demo Group 03776,1,GROUP,True,NORMAL
GR003777,BK003777,J000057,Family Demo Group 03777,3,FAMILY,True,NORMAL
GR003778,BK003778,J000057,Family Demo Group 03778,2,FAMILY,True,NORMAL
GR003779,BK003779,J000057,Friends Demo Group 03779,6,FRIENDS,True,HIGH
GR003780,BK003780,J000057,Group Demo Group 03780,3,GROUP,True,NORMAL
GR003781,BK003781,J000057,Caregiver Demo Group 03781,4,CAREGIVER,True,HIGH
GR003782,BK003782,J000057,Group Demo Group 03782,1,GROUP,True,NORMAL
GR003783,BK003783,J000057,Group Demo Group 03783,1,GROUP,True,NORMAL
GR003784,BK003784,J000057,Couple Demo Group 03784,2,COUPLE,True,NORMAL
GR003785,BK003785,J000057,Group Demo Group 03785,2,GROUP,True,NORMAL
GR003786,BK003786,J000057,Friends Demo Group 03786,3,FRIENDS,True,NORMAL
GR003787,BK003787,J000057,Couple Demo Group 03787,3,COUPLE,True,NORMAL
GR003788,BK003788,J000057,Group Demo Group 03788,1,GROUP,True,NORMAL
GR003789,BK003789,J000057,Group Demo Group 03789,1,GROUP,True,NORMAL
GR003790,BK003790,J000057,Family Demo Group 03790,2,FAMILY,True,NORMAL
GR003791,BK003791,J000057,Group Demo Group 03791,1,GROUP,True,NORMAL
GR003792,BK003792,J000057,Group Demo Group 03792,3,GROUP,True,NORMAL
GR003793,BK003793,J000057,Friends Demo Group 03793,4,FRIENDS,True,NORMAL
GR003794,BK003794,J000057,Family Demo Group 03794,2,FAMILY,True,NORMAL
GR003795,BK003795,J000057,Group Demo Group 03795,4,GROUP,True,NORMAL
GR003796,BK003796,J000057,Couple Demo Group 03796,2,COUPLE,True,NORMAL
GR003797,BK003797,J000057,Group Demo Group 03797,1,GROUP,True,NORMAL
GR003798,BK003798,J000057,Couple Demo Group 03798,4,COUPLE,True,NORMAL
GR003799,BK003799,J000057,Group Demo Group 03799,1,GROUP,True,NORMAL
GR003800,BK003800,J000057,Group Demo Group 03800,1,GROUP,True,NORMAL
GR003801,BK003801,J000057,Group Demo Group 03801,2,GROUP,True,NORMAL
GR003802,BK003802,J000057,Family Demo Group 03802,2,FAMILY,True,NORMAL
GR003803,BK003803,J000057,Friends Demo Group 03803,2,FRIENDS,True,NORMAL
GR003804,BK003804,J000057,Couple Demo Group 03804,2,COUPLE,True,NORMAL
GR003805,BK003805,J000057,Family Demo Group 03805,3,FAMILY,True,NORMAL
GR003806,BK003806,J000057,Family Demo Group 03806,2,FAMILY,True,NORMAL
GR003807,BK003807,J000057,Group Demo Group 03807,1,GROUP,True,NORMAL
GR003808,BK003808,J000057,Family Demo Group 03808,4,FAMILY,True,NORMAL
GR003809,BK003809,J000057,Family Demo Group 03809,3,FAMILY,True,NORMAL
GR003810,BK003810,J000057,Group Demo Group 03810,5,GROUP,True,NORMAL
GR003811,BK003811,J000057,Group Demo Group 03811,4,GROUP,True,NORMAL
GR003812,BK003812,J000057,Couple Demo Group 03812,6,COUPLE,True,HIGH
GR003813,BK003813,J000057,Group Demo Group 03813,2,GROUP,True,NORMAL
GR003814,BK003814,J000057,Group Demo Group 03814,1,GROUP,True,NORMAL
GR003815,BK003815,J000057,Group Demo Group 03815,1,GROUP,True,NORMAL
GR003816,BK003816,J000057,Friends Demo Group 03816,5,FRIENDS,True,NORMAL
GR003817,BK003817,J000057,Couple Demo Group 03817,5,COUPLE,True,NORMAL
GR003818,BK003818,J000057,Group Demo Group 03818,1,GROUP,True,NORMAL
GR003819,BK003819,J000057,Couple Demo Group 03819,3,COUPLE,True,NORMAL
GR003820,BK003820,J000058,Group Demo Group 03820,3,GROUP,True,NORMAL
GR003821,BK003821,J000058,Group Demo Group 03821,2,GROUP,True,NORMAL
GR003822,BK003822,J000058,Family Demo Group 03822,2,FAMILY,True,NORMAL
GR003823,BK003823,J000058,Couple Demo Group 03823,3,COUPLE,True,NORMAL
GR003824,BK003824,J000058,Family Demo Group 03824,4,FAMILY,True,NORMAL
GR003825,BK003825,J000058,Friends Demo Group 03825,4,FRIENDS,True,NORMAL
GR003826,BK003826,J000058,Family Demo Group 03826,2,FAMILY,True,NORMAL
GR003827,BK003827,J000058,Couple Demo Group 03827,3,COUPLE,True,NORMAL
GR003828,BK003828,J000058,Couple Demo Group 03828,6,COUPLE,True,HIGH
GR003829,BK003829,J000058,Friends Demo Group 03829,4,FRIENDS,True,NORMAL
GR003830,BK003830,J000058,Family Demo Group 03830,2,FAMILY,True,NORMAL
GR003831,BK003831,J000058,Group Demo Group 03831,4,GROUP,True,NORMAL
GR003832,BK003832,J000058,Group Demo Group 03832,1,GROUP,True,NORMAL
GR003833,BK003833,J000058,Group Demo Group 03833,1,GROUP,True,NORMAL
GR003834,BK003834,J000058,Friends Demo Group 03834,7,FRIENDS,True,HIGH
GR003835,BK003835,J000058,Friends Demo Group 03835,2,FRIENDS,True,NORMAL
GR003836,BK003836,J000058,Group Demo Group 03836,3,GROUP,True,NORMAL
GR003837,BK003837,J000058,Group Demo Group 03837,2,GROUP,True,NORMAL
GR003838,BK003838,J000058,Caregiver Demo Group 03838,5,CAREGIVER,True,HIGH
GR003839,BK003839,J000058,Group Demo Group 03839,1,GROUP,True,NORMAL
GR003840,BK003840,J000058,Couple Demo Group 03840,2,COUPLE,True,NORMAL
GR003841,BK003841,J000058,Group Demo Group 03841,1,GROUP,True,NORMAL
GR003842,BK003842,J000058,Group Demo Group 03842,1,GROUP,True,NORMAL
GR003843,BK003843,J000058,Family Demo Group 03843,5,FAMILY,True,NORMAL
GR003844,BK003844,J000058,Group Demo Group 03844,3,GROUP,True,NORMAL
GR003845,BK003845,J000058,Group Demo Group 03845,2,GROUP,True,NORMAL
GR003846,BK003846,J000058,Couple Demo Group 03846,4,COUPLE,True,NORMAL
GR003847,BK003847,J000058,Friends Demo Group 03847,2,FRIENDS,True,NORMAL
GR003848,BK003848,J000058,Group Demo Group 03848,1,GROUP,True,NORMAL
GR003849,BK003849,J000058,Friends Demo Group 03849,4,FRIENDS,True,NORMAL
GR003850,BK003850,J000058,Group Demo Group 03850,1,GROUP,True,NORMAL
GR003851,BK003851,J000058,Couple Demo Group 03851,3,COUPLE,True,NORMAL
GR003852,BK003852,J000058,Family Demo Group 03852,4,FAMILY,True,NORMAL
GR003853,BK003853,J000058,Group Demo Group 03853,2,GROUP,True,NORMAL
GR003854,BK003854,J000058,Friends Demo Group 03854,3,FRIENDS,True,NORMAL
GR003855,BK003855,J000058,Couple Demo Group 03855,7,COUPLE,True,HIGH
GR003856,BK003856,J000058,Couple Demo Group 03856,2,COUPLE,True,NORMAL
GR003857,BK003857,J000058,Group Demo Group 03857,2,GROUP,True,NORMAL
GR003858,BK003858,J000058,Family Demo Group 03858,2,FAMILY,True,NORMAL
GR003859,BK003859,J000058,Couple Demo Group 03859,3,COUPLE,True,NORMAL
GR003860,BK003860,J000058,Family Demo Group 03860,4,FAMILY,True,NORMAL
GR003861,BK003861,J000058,Group Demo Group 03861,1,GROUP,True,NORMAL
GR003862,BK003862,J000058,Couple Demo Group 03862,4,COUPLE,True,NORMAL
GR003863,BK003863,J000058,Group Demo Group 03863,4,GROUP,True,NORMAL
GR003864,BK003864,J000058,Group Demo Group 03864,1,GROUP,True,NORMAL
GR003865,BK003865,J000058,Family Demo Group 03865,3,FAMILY,True,NORMAL
GR003866,BK003866,J000058,Couple Demo Group 03866,4,COUPLE,True,NORMAL
GR003867,BK003867,J000058,Group Demo Group 03867,1,GROUP,True,NORMAL
GR003868,BK003868,J000058,Couple Demo Group 03868,6,COUPLE,True,HIGH
GR003869,BK003869,J000058,Group Demo Group 03869,1,GROUP,True,NORMAL
GR003870,BK003870,J000058,Family Demo Group 03870,2,FAMILY,True,NORMAL
GR003871,BK003871,J000058,Group Demo Group 03871,4,GROUP,True,NORMAL
GR003872,BK003872,J000058,Group Demo Group 03872,1,GROUP,True,NORMAL
GR003873,BK003873,J000058,Friends Demo Group 03873,4,FRIENDS,True,NORMAL
GR003874,BK003874,J000058,Family Demo Group 03874,2,FAMILY,True,NORMAL
GR003875,BK003875,J000058,Group Demo Group 03875,4,GROUP,True,NORMAL
GR003876,BK003876,J000058,Couple Demo Group 03876,2,COUPLE,True,NORMAL
GR003877,BK003877,J000058,Couple Demo Group 03877,5,COUPLE,True,NORMAL
GR003878,BK003878,J000058,Couple Demo Group 03878,4,COUPLE,True,NORMAL
GR003879,BK003879,J000058,Group Demo Group 03879,4,GROUP,True,NORMAL
GR003880,BK003880,J000058,Group Demo Group 03880,1,GROUP,True,NORMAL
GR003881,BK003881,J000058,Group Demo Group 03881,2,GROUP,True,NORMAL
GR003882,BK003882,J000058,Couple Demo Group 03882,4,COUPLE,True,NORMAL
GR003883,BK003883,J000058,Friends Demo Group 03883,2,FRIENDS,True,NORMAL
GR003884,BK003884,J000058,Couple Demo Group 03884,6,COUPLE,True,HIGH
GR003885,BK003885,J000058,Friends Demo Group 03885,8,FRIENDS,True,HIGH
GR003886,BK003886,J000058,Group Demo Group 03886,1,GROUP,True,NORMAL
GR003887,BK003887,J000059,Group Demo Group 03887,4,GROUP,True,NORMAL
GR003888,BK003888,J000059,Family Demo Group 03888,4,FAMILY,True,NORMAL
GR003889,BK003889,J000059,Group Demo Group 03889,2,GROUP,True,NORMAL
GR003890,BK003890,J000059,Couple Demo Group 03890,8,COUPLE,True,HIGH
GR003891,BK003891,J000059,Group Demo Group 03891,4,GROUP,True,NORMAL
GR003892,BK003892,J000059,Family Demo Group 03892,8,FAMILY,True,HIGH
GR003893,BK003893,J000059,Group Demo Group 03893,1,GROUP,True,NORMAL
GR003894,BK003894,J000059,Group Demo Group 03894,1,GROUP,True,NORMAL
GR003895,BK003895,J000059,Caregiver Demo Group 03895,6,CAREGIVER,True,HIGH
GR003896,BK003896,J000059,Family Demo Group 03896,4,FAMILY,True,NORMAL
GR003897,BK003897,J000059,Family Demo Group 03897,3,FAMILY,True,NORMAL
GR003898,BK003898,J000059,Friends Demo Group 03898,3,FRIENDS,True,NORMAL
GR003899,BK003899,J000059,Friends Demo Group 03899,2,FRIENDS,True,NORMAL
GR003900,BK003900,J000059,Couple Demo Group 03900,2,COUPLE,True,NORMAL
GR003901,BK003901,J000059,Group Demo Group 03901,2,GROUP,True,NORMAL
GR003902,BK003902,J000059,Couple Demo Group 03902,4,COUPLE,True,NORMAL
GR003903,BK003903,J000059,Group Demo Group 03903,1,GROUP,True,NORMAL
GR003904,BK003904,J000059,Group Demo Group 03904,1,GROUP,True,NORMAL
GR003905,BK003905,J000059,Friends Demo Group 03905,4,FRIENDS,True,NORMAL
GR003906,BK003906,J000059,Family Demo Group 03906,2,FAMILY,True,NORMAL
GR003907,BK003907,J000059,Group Demo Group 03907,1,GROUP,True,NORMAL
GR003908,BK003908,J000059,Couple Demo Group 03908,2,COUPLE,True,NORMAL
GR003909,BK003909,J000059,Group Demo Group 03909,1,GROUP,True,NORMAL
GR003910,BK003910,J000059,Couple Demo Group 03910,4,COUPLE,True,NORMAL
GR003911,BK003911,J000059,Friends Demo Group 03911,2,FRIENDS,True,NORMAL
GR003912,BK003912,J000059,Couple Demo Group 03912,2,COUPLE,True,NORMAL
GR003913,BK003913,J000059,Group Demo Group 03913,2,GROUP,True,NORMAL
GR003914,BK003914,J000059,Group Demo Group 03914,1,GROUP,True,NORMAL
GR003915,BK003915,J000059,Friends Demo Group 03915,2,FRIENDS,True,NORMAL
GR003916,BK003916,J000059,Family Demo Group 03916,4,FAMILY,True,NORMAL
GR003917,BK003917,J000059,Couple Demo Group 03917,5,COUPLE,True,NORMAL
GR003918,BK003918,J000059,Group Demo Group 03918,1,GROUP,True,NORMAL
GR003919,BK003919,J000059,Friends Demo Group 03919,6,FRIENDS,True,HIGH
GR003920,BK003920,J000059,Family Demo Group 03920,4,FAMILY,True,NORMAL
GR003921,BK003921,J000059,Group Demo Group 03921,1,GROUP,True,NORMAL
GR003922,BK003922,J000059,Friends Demo Group 03922,3,FRIENDS,True,NORMAL
GR003923,BK003923,J000059,Friends Demo Group 03923,2,FRIENDS,True,NORMAL
GR003924,BK003924,J000059,Couple Demo Group 03924,2,COUPLE,True,NORMAL
GR003925,BK003925,J000059,Family Demo Group 03925,3,FAMILY,True,NORMAL
GR003926,BK003926,J000059,Group Demo Group 03926,5,GROUP,True,NORMAL
GR003927,BK003927,J000059,Friends Demo Group 03927,2,FRIENDS,True,NORMAL
GR003928,BK003928,J000059,Couple Demo Group 03928,2,COUPLE,True,NORMAL
GR003929,BK003929,J000059,Group Demo Group 03929,1,GROUP,True,NORMAL
GR003930,BK003930,J000059,Couple Demo Group 03930,4,COUPLE,True,NORMAL
GR003931,BK003931,J000059,Friends Demo Group 03931,2,FRIENDS,True,NORMAL
GR003932,BK003932,J000059,Family Demo Group 03932,4,FAMILY,True,NORMAL
GR003933,BK003933,J000059,Group Demo Group 03933,2,GROUP,True,NORMAL
GR003934,BK003934,J000059,Group Demo Group 03934,1,GROUP,True,NORMAL
GR003935,BK003935,J000059,Group Demo Group 03935,4,GROUP,True,NORMAL
GR003936,BK003936,J000059,Family Demo Group 03936,8,FAMILY,True,HIGH
GR003937,BK003937,J000059,Group Demo Group 03937,2,GROUP,True,NORMAL
GR003938,BK003938,J000059,Group Demo Group 03938,1,GROUP,True,NORMAL
GR003939,BK003939,J000059,Group Demo Group 03939,1,GROUP,True,NORMAL
GR003940,BK003940,J000059,Group Demo Group 03940,1,GROUP,True,NORMAL
GR003941,BK003941,J000059,Group Demo Group 03941,2,GROUP,True,NORMAL
GR003942,BK003942,J000059,Group Demo Group 03942,1,GROUP,True,NORMAL
GR003943,BK003943,J000059,Friends Demo Group 03943,2,FRIENDS,True,NORMAL
GR003944,BK003944,J000059,Family Demo Group 03944,4,FAMILY,True,NORMAL
GR003945,BK003945,J000059,Family Demo Group 03945,3,FAMILY,True,NORMAL
GR003946,BK003946,J000059,Couple Demo Group 03946,4,COUPLE,True,NORMAL
GR003947,BK003947,J000059,Friends Demo Group 03947,6,FRIENDS,True,HIGH
GR003948,BK003948,J000059,Friends Demo Group 03948,5,FRIENDS,True,NORMAL
GR003949,BK003949,J000059,Group Demo Group 03949,1,GROUP,True,NORMAL
GR003950,BK003950,J000059,Couple Demo Group 03950,4,COUPLE,True,NORMAL
GR003951,BK003951,J000059,Friends Demo Group 03951,2,FRIENDS,True,NORMAL
GR003952,BK003952,J000059,Couple Demo Group 03952,2,COUPLE,True,NORMAL
GR003953,BK003953,J000059,Group Demo Group 03953,6,GROUP,True,HIGH
GR003954,BK003954,J000060,Friends Demo Group 03954,3,FRIENDS,True,NORMAL
GR003955,BK003955,J000060,Group Demo Group 03955,1,GROUP,True,NORMAL
GR003956,BK003956,J000060,Group Demo Group 03956,1,GROUP,True,NORMAL
GR003957,BK003957,J000060,Friends Demo Group 03957,4,FRIENDS,True,NORMAL
GR003958,BK003958,J000060,Group Demo Group 03958,1,GROUP,True,NORMAL
GR003959,BK003959,J000060,Friends Demo Group 03959,6,FRIENDS,True,HIGH
GR003960,BK003960,J000060,Family Demo Group 03960,4,FAMILY,True,NORMAL
GR003961,BK003961,J000060,Friends Demo Group 03961,4,FRIENDS,True,NORMAL
GR003962,BK003962,J000060,Couple Demo Group 03962,8,COUPLE,True,HIGH
GR003963,BK003963,J000060,Group Demo Group 03963,4,GROUP,True,NORMAL
GR003964,BK003964,J000060,Family Demo Group 03964,4,FAMILY,True,NORMAL
GR003965,BK003965,J000060,Group Demo Group 03965,2,GROUP,True,NORMAL
GR003966,BK003966,J000060,Group Demo Group 03966,1,GROUP,True,NORMAL
GR003967,BK003967,J000060,Friends Demo Group 03967,6,FRIENDS,True,HIGH
GR003968,BK003968,J000060,Couple Demo Group 03968,2,COUPLE,True,NORMAL
GR003969,BK003969,J000060,Family Demo Group 03969,7,FAMILY,True,HIGH
GR003970,BK003970,J000060,Friends Demo Group 03970,3,FRIENDS,True,NORMAL
GR003971,BK003971,J000060,Couple Demo Group 03971,3,COUPLE,True,NORMAL
GR003972,BK003972,J000060,Group Demo Group 03972,1,GROUP,True,NORMAL
GR003973,BK003973,J000060,Group Demo Group 03973,1,GROUP,True,NORMAL
GR003974,BK003974,J000060,Friends Demo Group 03974,3,FRIENDS,True,NORMAL
GR003975,BK003975,J000060,Group Demo Group 03975,1,GROUP,True,NORMAL
GR003976,BK003976,J000060,Family Demo Group 03976,4,FAMILY,True,NORMAL
GR003977,BK003977,J000060,Friends Demo Group 03977,8,FRIENDS,True,HIGH
GR003978,BK003978,J000060,Friends Demo Group 03978,3,FRIENDS,True,NORMAL
GR003979,BK003979,J000060,Group Demo Group 03979,4,GROUP,True,NORMAL
GR003980,BK003980,J000060,Couple Demo Group 03980,2,COUPLE,True,NORMAL
GR003981,BK003981,J000060,Group Demo Group 03981,2,GROUP,True,NORMAL
GR003982,BK003982,J000060,Family Demo Group 03982,2,FAMILY,True,NORMAL
GR003983,BK003983,J000060,Friends Demo Group 03983,2,FRIENDS,True,NORMAL
GR003984,BK003984,J000060,Couple Demo Group 03984,6,COUPLE,True,HIGH
GR003985,BK003985,J000060,Friends Demo Group 03985,4,FRIENDS,True,NORMAL
GR003986,BK003986,J000060,Family Demo Group 03986,2,FAMILY,True,NORMAL
GR003987,BK003987,J000060,Family Demo Group 03987,5,FAMILY,True,NORMAL
GR003988,BK003988,J000060,Family Demo Group 03988,4,FAMILY,True,NORMAL
GR003989,BK003989,J000060,Family Demo Group 03989,3,FAMILY,True,NORMAL
GR003990,BK003990,J000060,Family Demo Group 03990,2,FAMILY,True,NORMAL
GR003991,BK003991,J000060,Group Demo Group 03991,1,GROUP,True,NORMAL
GR003992,BK003992,J000060,Group Demo Group 03992,3,GROUP,True,NORMAL
GR003993,BK003993,J000060,Friends Demo Group 03993,4,FRIENDS,True,NORMAL
GR003994,BK003994,J000060,Couple Demo Group 03994,4,COUPLE,True,NORMAL
GR003995,BK003995,J000060,Group Demo Group 03995,1,GROUP,True,NORMAL
GR003996,BK003996,J000060,Couple Demo Group 03996,2,COUPLE,True,NORMAL
GR003997,BK003997,J000060,Friends Demo Group 03997,4,FRIENDS,True,NORMAL
GR003998,BK003998,J000060,Family Demo Group 03998,6,FAMILY,True,HIGH
GR003999,BK003999,J000060,Group Demo Group 03999,4,GROUP,True,NORMAL
GR004000,BK004000,J000060,Couple Demo Group 04000,2,COUPLE,True,NORMAL
GR004001,BK004001,J000060,Group Demo Group 04001,2,GROUP,True,NORMAL
GR004002,BK004002,J000060,Friends Demo Group 04002,3,FRIENDS,True,NORMAL
GR004003,BK004003,J000060,Group Demo Group 04003,1,GROUP,True,NORMAL
GR004004,BK004004,J000060,Group Demo Group 04004,3,GROUP,True,NORMAL
GR004005,BK004005,J000060,Group Demo Group 04005,2,GROUP,True,NORMAL
GR004006,BK004006,J000060,Couple Demo Group 04006,4,COUPLE,True,NORMAL
GR004007,BK004007,J000060,Group Demo Group 04007,1,GROUP,True,NORMAL
GR004008,BK004008,J000060,Group Demo Group 04008,1,GROUP,True,NORMAL
GR004009,BK004009,J000060,Group Demo Group 04009,2,GROUP,True,NORMAL
GR004010,BK004010,J000060,Group Demo Group 04010,1,GROUP,True,NORMAL
GR004011,BK004011,J000060,Group Demo Group 04011,4,GROUP,True,NORMAL
GR004012,BK004012,J000060,Group Demo Group 04012,1,GROUP,True,NORMAL
GR004013,BK004013,J000060,Family Demo Group 04013,3,FAMILY,True,NORMAL
GR004014,BK004014,J000060,Family Demo Group 04014,2,FAMILY,True,NORMAL
GR004015,BK004015,J000060,Friends Demo Group 04015,2,FRIENDS,True,NORMAL
GR004016,BK004016,J000060,Group Demo Group 04016,1,GROUP,True,NORMAL
GR004017,BK004017,J000060,Friends Demo Group 04017,4,FRIENDS,True,NORMAL
GR004018,BK004018,J000060,Group Demo Group 04018,1,GROUP,True,NORMAL
GR004019,BK004019,J000060,Friends Demo Group 04019,2,FRIENDS,True,NORMAL
GR004020,BK004020,J000060,Group Demo Group 04020,1,GROUP,True,NORMAL
GR004021,BK004021,J000061,Couple Demo Group 04021,5,COUPLE,True,NORMAL
GR004022,BK004022,J000061,Couple Demo Group 04022,4,COUPLE,True,NORMAL
GR004023,BK004023,J000061,Group Demo Group 04023,1,GROUP,True,NORMAL
GR004024,BK004024,J000061,Family Demo Group 04024,4,FAMILY,True,NORMAL
GR004025,BK004025,J000061,Friends Demo Group 04025,4,FRIENDS,True,NORMAL
GR004026,BK004026,J000061,Group Demo Group 04026,1,GROUP,True,NORMAL
GR004027,BK004027,J000061,Group Demo Group 04027,4,GROUP,True,NORMAL
GR004028,BK004028,J000061,Group Demo Group 04028,1,GROUP,True,NORMAL
GR004029,BK004029,J000061,Group Demo Group 04029,1,GROUP,True,NORMAL
GR004030,BK004030,J000061,Couple Demo Group 04030,8,COUPLE,True,HIGH
GR004031,BK004031,J000061,Friends Demo Group 04031,6,FRIENDS,True,HIGH
GR004032,BK004032,J000061,Family Demo Group 04032,4,FAMILY,True,NORMAL
GR004033,BK004033,J000061,Group Demo Group 04033,1,GROUP,True,NORMAL
GR004034,BK004034,J000061,Group Demo Group 04034,1,GROUP,True,NORMAL
GR004035,BK004035,J000061,Family Demo Group 04035,5,FAMILY,True,NORMAL
GR004036,BK004036,J000061,Couple Demo Group 04036,2,COUPLE,True,NORMAL
GR004037,BK004037,J000061,Group Demo Group 04037,2,GROUP,True,NORMAL
GR004038,BK004038,J000061,Family Demo Group 04038,2,FAMILY,True,NORMAL
GR004039,BK004039,J000061,Group Demo Group 04039,8,GROUP,True,HIGH
GR004040,BK004040,J000061,Family Demo Group 04040,4,FAMILY,True,NORMAL
GR004041,BK004041,J000061,Group Demo Group 04041,2,GROUP,True,NORMAL
GR004042,BK004042,J000061,Couple Demo Group 04042,4,COUPLE,True,NORMAL
GR004043,BK004043,J000061,Couple Demo Group 04043,3,COUPLE,True,NORMAL
GR004044,BK004044,J000061,Friends Demo Group 04044,5,FRIENDS,True,NORMAL
GR004045,BK004045,J000061,Group Demo Group 04045,2,GROUP,True,NORMAL
GR004046,BK004046,J000061,Family Demo Group 04046,6,FAMILY,True,HIGH
GR004047,BK004047,J000061,Group Demo Group 04047,1,GROUP,True,NORMAL
GR004048,BK004048,J000061,Group Demo Group 04048,7,GROUP,True,HIGH
GR004049,BK004049,J000061,Friends Demo Group 04049,4,FRIENDS,True,NORMAL
GR004050,BK004050,J000061,Family Demo Group 04050,2,FAMILY,True,NORMAL
GR004051,BK004051,J000061,Group Demo Group 04051,1,GROUP,True,NORMAL
GR004052,BK004052,J000061,Couple Demo Group 04052,2,COUPLE,True,NORMAL
GR004053,BK004053,J000061,Group Demo Group 04053,2,GROUP,True,NORMAL
GR004054,BK004054,J000061,Couple Demo Group 04054,4,COUPLE,True,NORMAL
GR004055,BK004055,J000061,Family Demo Group 04055,5,FAMILY,True,NORMAL
GR004056,BK004056,J000061,Couple Demo Group 04056,2,COUPLE,True,NORMAL
GR004057,BK004057,J000061,Family Demo Group 04057,3,FAMILY,True,NORMAL
GR004058,BK004058,J000061,Group Demo Group 04058,1,GROUP,True,NORMAL
GR004059,BK004059,J000061,Group Demo Group 04059,4,GROUP,True,NORMAL
GR004060,BK004060,J000061,Group Demo Group 04060,3,GROUP,True,NORMAL
GR004061,BK004061,J000061,Group Demo Group 04061,6,GROUP,True,HIGH
GR004062,BK004062,J000061,Family Demo Group 04062,2,FAMILY,True,NORMAL
GR004063,BK004063,J000061,Group Demo Group 04063,1,GROUP,True,NORMAL
GR004064,BK004064,J000061,Group Demo Group 04064,1,GROUP,True,NORMAL
GR004065,BK004065,J000061,Friends Demo Group 04065,4,FRIENDS,True,NORMAL
GR004066,BK004066,J000061,Friends Demo Group 04066,3,FRIENDS,True,NORMAL
GR004067,BK004067,J000061,Couple Demo Group 04067,7,COUPLE,True,HIGH
GR004068,BK004068,J000061,Couple Demo Group 04068,2,COUPLE,True,NORMAL
GR004069,BK004069,J000061,Group Demo Group 04069,1,GROUP,True,NORMAL
GR004070,BK004070,J000061,Group Demo Group 04070,1,GROUP,True,NORMAL
GR004071,BK004071,J000061,Group Demo Group 04071,4,GROUP,True,NORMAL
GR004072,BK004072,J000061,Couple Demo Group 04072,6,COUPLE,True,HIGH
GR004073,BK004073,J000061,Group Demo Group 04073,1,GROUP,True,NORMAL
GR004074,BK004074,J000061,Couple Demo Group 04074,4,COUPLE,True,NORMAL
GR004075,BK004075,J000061,Group Demo Group 04075,4,GROUP,True,NORMAL
GR004076,BK004076,J000061,Group Demo Group 04076,3,GROUP,True,NORMAL
GR004077,BK004077,J000061,Group Demo Group 04077,2,GROUP,True,NORMAL
GR004078,BK004078,J000061,Group Demo Group 04078,1,GROUP,True,NORMAL
GR004079,BK004079,J000061,Friends Demo Group 04079,6,FRIENDS,True,HIGH
GR004080,BK004080,J000061,Couple Demo Group 04080,2,COUPLE,True,NORMAL
GR004081,BK004081,J000061,Group Demo Group 04081,1,GROUP,True,NORMAL
GR004082,BK004082,J000061,Family Demo Group 04082,2,FAMILY,True,NORMAL
GR004083,BK004083,J000061,Group Demo Group 04083,4,GROUP,True,NORMAL
GR004084,BK004084,J000061,Family Demo Group 04084,4,FAMILY,True,NORMAL
GR004085,BK004085,J000061,Family Demo Group 04085,3,FAMILY,True,NORMAL
GR004086,BK004086,J000061,Friends Demo Group 04086,3,FRIENDS,True,NORMAL
GR004087,BK004087,J000061,Family Demo Group 04087,5,FAMILY,True,NORMAL
GR004088,BK004088,J000062,Couple Demo Group 04088,2,COUPLE,True,NORMAL
GR004089,BK004089,J000062,Friends Demo Group 04089,4,FRIENDS,True,NORMAL
GR004090,BK004090,J000062,Group Demo Group 04090,1,GROUP,True,NORMAL
GR004091,BK004091,J000062,Group Demo Group 04091,1,GROUP,True,NORMAL
GR004092,BK004092,J000062,Family Demo Group 04092,4,FAMILY,True,NORMAL
GR004093,BK004093,J000062,Group Demo Group 04093,2,GROUP,True,NORMAL
GR004094,BK004094,J000062,Family Demo Group 04094,2,FAMILY,True,NORMAL
GR004095,BK004095,J000062,Group Demo Group 04095,4,GROUP,True,NORMAL
GR004096,BK004096,J000062,Group Demo Group 04096,3,GROUP,True,NORMAL
GR004097,BK004097,J000062,Group Demo Group 04097,1,GROUP,True,NORMAL
GR004098,BK004098,J000062,Group Demo Group 04098,5,GROUP,True,NORMAL
GR004099,BK004099,J000062,Friends Demo Group 04099,2,FRIENDS,True,NORMAL
GR004100,BK004100,J000062,Group Demo Group 04100,1,GROUP,True,NORMAL
GR004101,BK004101,J000062,Group Demo Group 04101,1,GROUP,True,NORMAL
GR004102,BK004102,J000062,Family Demo Group 04102,2,FAMILY,True,NORMAL
GR004103,BK004103,J000062,Couple Demo Group 04103,3,COUPLE,True,NORMAL
GR004104,BK004104,J000062,Group Demo Group 04104,1,GROUP,True,NORMAL
GR004105,BK004105,J000062,Group Demo Group 04105,2,GROUP,True,NORMAL
GR004106,BK004106,J000062,Group Demo Group 04106,1,GROUP,True,NORMAL
GR004107,BK004107,J000062,Friends Demo Group 04107,2,FRIENDS,True,NORMAL
GR004108,BK004108,J000062,Couple Demo Group 04108,2,COUPLE,True,NORMAL
GR004109,BK004109,J000062,Group Demo Group 04109,2,GROUP,True,NORMAL
GR004110,BK004110,J000062,Couple Demo Group 04110,4,COUPLE,True,NORMAL
GR004111,BK004111,J000062,Friends Demo Group 04111,2,FRIENDS,True,NORMAL
GR004112,BK004112,J000062,Family Demo Group 04112,4,FAMILY,True,NORMAL
GR004113,BK004113,J000062,Group Demo Group 04113,1,GROUP,True,NORMAL
GR004114,BK004114,J000062,Family Demo Group 04114,2,FAMILY,True,NORMAL
GR004115,BK004115,J000062,Group Demo Group 04115,1,GROUP,True,NORMAL
GR004116,BK004116,J000062,Couple Demo Group 04116,2,COUPLE,True,NORMAL
GR004117,BK004117,J000062,Group Demo Group 04117,1,GROUP,True,NORMAL
GR004118,BK004118,J000062,Family Demo Group 04118,2,FAMILY,True,NORMAL
GR004119,BK004119,J000062,Friends Demo Group 04119,2,FRIENDS,True,NORMAL
GR004120,BK004120,J000062,Group Demo Group 04120,1,GROUP,True,NORMAL
GR004121,BK004121,J000062,Group Demo Group 04121,2,GROUP,True,NORMAL
GR004122,BK004122,J000062,Family Demo Group 04122,2,FAMILY,True,NORMAL
GR004123,BK004123,J000062,Group Demo Group 04123,1,GROUP,True,NORMAL
GR004124,BK004124,J000062,Group Demo Group 04124,3,GROUP,True,NORMAL
GR004125,BK004125,J000062,Friends Demo Group 04125,4,FRIENDS,True,NORMAL
GR004126,BK004126,J000062,Friends Demo Group 04126,3,FRIENDS,True,NORMAL
GR004127,BK004127,J000062,Group Demo Group 04127,4,GROUP,True,NORMAL
GR004128,BK004128,J000062,Family Demo Group 04128,4,FAMILY,True,NORMAL
GR004129,BK004129,J000062,Group Demo Group 04129,1,GROUP,True,NORMAL
GR004130,BK004130,J000062,Family Demo Group 04130,2,FAMILY,True,NORMAL
GR004131,BK004131,J000062,Group Demo Group 04131,4,GROUP,True,NORMAL
GR004132,BK004132,J000062,Group Demo Group 04132,1,GROUP,True,NORMAL
GR004133,BK004133,J000062,Friends Demo Group 04133,4,FRIENDS,True,NORMAL
GR004134,BK004134,J000062,Group Demo Group 04134,1,GROUP,True,NORMAL
GR004135,BK004135,J000062,Group Demo Group 04135,1,GROUP,True,NORMAL
GR004136,BK004136,J000062,Group Demo Group 04136,1,GROUP,True,NORMAL
GR004137,BK004137,J000062,Couple Demo Group 04137,5,COUPLE,True,NORMAL
GR004138,BK004138,J000062,Couple Demo Group 04138,4,COUPLE,True,NORMAL
GR004139,BK004139,J000062,Friends Demo Group 04139,2,FRIENDS,True,NORMAL
GR004140,BK004140,J000062,Group Demo Group 04140,1,GROUP,True,NORMAL
GR004141,BK004141,J000062,Family Demo Group 04141,3,FAMILY,True,NORMAL
GR004142,BK004142,J000062,Family Demo Group 04142,2,FAMILY,True,NORMAL
GR004143,BK004143,J000062,Friends Demo Group 04143,6,FRIENDS,True,HIGH
GR004144,BK004144,J000062,Couple Demo Group 04144,2,COUPLE,True,NORMAL
GR004145,BK004145,J000062,Friends Demo Group 04145,4,FRIENDS,True,NORMAL
GR004146,BK004146,J000062,Family Demo Group 04146,2,FAMILY,True,NORMAL
GR004147,BK004147,J000062,Group Demo Group 04147,4,GROUP,True,NORMAL
GR004148,BK004148,J000062,Group Demo Group 04148,7,GROUP,True,HIGH
GR004149,BK004149,J000062,Family Demo Group 04149,7,FAMILY,True,HIGH
GR004150,BK004150,J000062,Group Demo Group 04150,1,GROUP,True,NORMAL
GR004151,BK004151,J000062,Friends Demo Group 04151,2,FRIENDS,True,NORMAL
GR004152,BK004152,J000062,Family Demo Group 04152,4,FAMILY,True,NORMAL
GR004153,BK004153,J000062,Group Demo Group 04153,1,GROUP,True,NORMAL
GR004154,BK004154,J000062,Family Demo Group 04154,2,FAMILY,True,NORMAL
GR004155,BK004155,J000063,Group Demo Group 04155,1,GROUP,True,NORMAL
GR004156,BK004156,J000063,Group Demo Group 04156,3,GROUP,True,NORMAL
GR004157,BK004157,J000063,Group Demo Group 04157,2,GROUP,True,NORMAL
GR004158,BK004158,J000063,Couple Demo Group 04158,4,COUPLE,True,NORMAL
GR004159,BK004159,J000063,Couple Demo Group 04159,3,COUPLE,True,NORMAL
GR004160,BK004160,J000063,Couple Demo Group 04160,6,COUPLE,True,HIGH
GR004161,BK004161,J000063,Group Demo Group 04161,2,GROUP,True,NORMAL
GR004162,BK004162,J000063,Couple Demo Group 04162,4,COUPLE,True,NORMAL
GR004163,BK004163,J000063,Group Demo Group 04163,4,GROUP,True,NORMAL
GR004164,BK004164,J000063,Couple Demo Group 04164,2,COUPLE,True,NORMAL
GR004165,BK004165,J000063,Friends Demo Group 04165,4,FRIENDS,True,NORMAL
GR004166,BK004166,J000063,Couple Demo Group 04166,4,COUPLE,True,NORMAL
GR004167,BK004167,J000063,Friends Demo Group 04167,2,FRIENDS,True,NORMAL
GR004168,BK004168,J000063,Family Demo Group 04168,4,FAMILY,True,NORMAL
GR004169,BK004169,J000063,Friends Demo Group 04169,4,FRIENDS,True,NORMAL
GR004170,BK004170,J000063,Family Demo Group 04170,2,FAMILY,True,NORMAL
GR004171,BK004171,J000063,Friends Demo Group 04171,2,FRIENDS,True,NORMAL
GR004172,BK004172,J000063,Family Demo Group 04172,4,FAMILY,True,NORMAL
GR004173,BK004173,J000063,Family Demo Group 04173,3,FAMILY,True,NORMAL
GR004174,BK004174,J000063,Couple Demo Group 04174,4,COUPLE,True,NORMAL
GR004175,BK004175,J000063,Group Demo Group 04175,8,GROUP,True,HIGH
GR004176,BK004176,J000063,Couple Demo Group 04176,2,COUPLE,True,NORMAL
GR004177,BK004177,J000063,Family Demo Group 04177,7,FAMILY,True,HIGH
GR004178,BK004178,J000063,Couple Demo Group 04178,4,COUPLE,True,NORMAL
GR004179,BK004179,J000063,Group Demo Group 04179,4,GROUP,True,NORMAL
GR004180,BK004180,J000063,Caregiver Demo Group 04180,4,CAREGIVER,True,HIGH
GR004181,BK004181,J000063,Group Demo Group 04181,1,GROUP,True,NORMAL
GR004182,BK004182,J000063,Couple Demo Group 04182,8,COUPLE,True,HIGH
GR004183,BK004183,J000063,Friends Demo Group 04183,2,FRIENDS,True,NORMAL
GR004184,BK004184,J000063,Group Demo Group 04184,1,GROUP,True,NORMAL
GR004185,BK004185,J000063,Group Demo Group 04185,1,GROUP,True,NORMAL
GR004186,BK004186,J000063,Couple Demo Group 04186,4,COUPLE,True,NORMAL
GR004187,BK004187,J000063,Friends Demo Group 04187,2,FRIENDS,True,NORMAL
GR004188,BK004188,J000063,Family Demo Group 04188,4,FAMILY,True,NORMAL
GR004189,BK004189,J000063,Group Demo Group 04189,6,GROUP,True,HIGH
GR004190,BK004190,J000063,Group Demo Group 04190,1,GROUP,True,NORMAL
GR004191,BK004191,J000063,Group Demo Group 04191,1,GROUP,True,NORMAL
GR004192,BK004192,J000063,Couple Demo Group 04192,2,COUPLE,True,NORMAL
GR004193,BK004193,J000063,Couple Demo Group 04193,5,COUPLE,True,NORMAL
GR004194,BK004194,J000063,Group Demo Group 04194,1,GROUP,True,NORMAL
GR004195,BK004195,J000063,Couple Demo Group 04195,3,COUPLE,True,NORMAL
GR004196,BK004196,J000063,Group Demo Group 04196,3,GROUP,True,NORMAL
GR004197,BK004197,J000063,Friends Demo Group 04197,4,FRIENDS,True,NORMAL
GR004198,BK004198,J000063,Couple Demo Group 04198,4,COUPLE,True,NORMAL
GR004199,BK004199,J000063,Couple Demo Group 04199,3,COUPLE,True,NORMAL
GR004200,BK004200,J000063,Group Demo Group 04200,1,GROUP,True,NORMAL
GR004201,BK004201,J000063,Group Demo Group 04201,1,GROUP,True,NORMAL
GR004202,BK004202,J000063,Friends Demo Group 04202,3,FRIENDS,True,NORMAL
GR004203,BK004203,J000063,Group Demo Group 04203,1,GROUP,True,NORMAL
GR004204,BK004204,J000063,Group Demo Group 04204,1,GROUP,True,NORMAL
GR004205,BK004205,J000063,Group Demo Group 04205,2,GROUP,True,NORMAL
GR004206,BK004206,J000063,Group Demo Group 04206,1,GROUP,True,NORMAL
GR004207,BK004207,J000063,Family Demo Group 04207,5,FAMILY,True,NORMAL
GR004208,BK004208,J000063,Group Demo Group 04208,1,GROUP,True,NORMAL
GR004209,BK004209,J000063,Group Demo Group 04209,1,GROUP,True,NORMAL
GR004210,BK004210,J000063,Group Demo Group 04210,5,GROUP,True,NORMAL
GR004211,BK004211,J000063,Couple Demo Group 04211,3,COUPLE,True,NORMAL
GR004212,BK004212,J000063,Couple Demo Group 04212,2,COUPLE,True,NORMAL
GR004213,BK004213,J000063,Friends Demo Group 04213,8,FRIENDS,True,HIGH
GR004214,BK004214,J000063,Group Demo Group 04214,1,GROUP,True,NORMAL
GR004215,BK004215,J000063,Friends Demo Group 04215,2,FRIENDS,True,NORMAL
GR004216,BK004216,J000063,Group Demo Group 04216,1,GROUP,True,NORMAL
GR004217,BK004217,J000063,Group Demo Group 04217,2,GROUP,True,NORMAL
GR004218,BK004218,J000063,Caregiver Demo Group 04218,6,CAREGIVER,True,HIGH
GR004219,BK004219,J000063,Friends Demo Group 04219,6,FRIENDS,True,HIGH
GR004220,BK004220,J000063,Friends Demo Group 04220,5,FRIENDS,True,NORMAL
GR004221,BK004221,J000063,Group Demo Group 04221,2,GROUP,True,NORMAL
GR004222,BK004222,J000064,Friends Demo Group 04222,3,FRIENDS,True,NORMAL
GR004223,BK004223,J000064,Friends Demo Group 04223,2,FRIENDS,True,NORMAL
GR004224,BK004224,J000064,Couple Demo Group 04224,2,COUPLE,True,NORMAL
GR004225,BK004225,J000064,Group Demo Group 04225,2,GROUP,True,NORMAL
GR004226,BK004226,J000064,Couple Demo Group 04226,4,COUPLE,True,NORMAL
GR004227,BK004227,J000064,Couple Demo Group 04227,7,COUPLE,True,HIGH
GR004228,BK004228,J000064,Couple Demo Group 04228,6,COUPLE,True,HIGH
GR004229,BK004229,J000064,Group Demo Group 04229,1,GROUP,True,NORMAL
GR004230,BK004230,J000064,Family Demo Group 04230,6,FAMILY,True,HIGH
GR004231,BK004231,J000064,Group Demo Group 04231,4,GROUP,True,NORMAL
GR004232,BK004232,J000064,Couple Demo Group 04232,2,COUPLE,True,NORMAL
GR004233,BK004233,J000064,Group Demo Group 04233,2,GROUP,True,NORMAL
GR004234,BK004234,J000064,Family Demo Group 04234,2,FAMILY,True,NORMAL
GR004235,BK004235,J000064,Group Demo Group 04235,1,GROUP,True,NORMAL
GR004236,BK004236,J000064,Group Demo Group 04236,1,GROUP,True,NORMAL
GR004237,BK004237,J000064,Caregiver Demo Group 04237,4,CAREGIVER,True,HIGH
GR004238,BK004238,J000064,Couple Demo Group 04238,4,COUPLE,True,NORMAL
GR004239,BK004239,J000064,Group Demo Group 04239,4,GROUP,True,NORMAL
GR004240,BK004240,J000064,Group Demo Group 04240,1,GROUP,True,NORMAL
GR004241,BK004241,J000064,Group Demo Group 04241,1,GROUP,True,NORMAL
GR004242,BK004242,J000064,Group Demo Group 04242,1,GROUP,True,NORMAL
GR004243,BK004243,J000064,Friends Demo Group 04243,2,FRIENDS,True,NORMAL
GR004244,BK004244,J000064,Family Demo Group 04244,4,FAMILY,True,NORMAL
GR004245,BK004245,J000064,Friends Demo Group 04245,4,FRIENDS,True,NORMAL
GR004246,BK004246,J000064,Couple Demo Group 04246,4,COUPLE,True,NORMAL
GR004247,BK004247,J000064,Friends Demo Group 04247,2,FRIENDS,True,NORMAL
GR004248,BK004248,J000064,Family Demo Group 04248,8,FAMILY,True,HIGH
GR004249,BK004249,J000064,Group Demo Group 04249,1,GROUP,True,NORMAL
GR004250,BK004250,J000064,Group Demo Group 04250,1,GROUP,True,NORMAL
GR004251,BK004251,J000064,Group Demo Group 04251,4,GROUP,True,NORMAL
GR004252,BK004252,J000064,Family Demo Group 04252,4,FAMILY,True,NORMAL
GR004253,BK004253,J000064,Family Demo Group 04253,3,FAMILY,True,NORMAL
GR004254,BK004254,J000064,Friends Demo Group 04254,3,FRIENDS,True,NORMAL
GR004255,BK004255,J000064,Group Demo Group 04255,8,GROUP,True,HIGH
GR004256,BK004256,J000064,Group Demo Group 04256,3,GROUP,True,NORMAL
GR004257,BK004257,J000064,Friends Demo Group 04257,4,FRIENDS,True,NORMAL
GR004258,BK004258,J000064,Family Demo Group 04258,2,FAMILY,True,NORMAL
GR004259,BK004259,J000064,Friends Demo Group 04259,2,FRIENDS,True,NORMAL
GR004260,BK004260,J000064,Group Demo Group 04260,1,GROUP,True,NORMAL
GR004261,BK004261,J000064,Group Demo Group 04261,2,GROUP,True,NORMAL
GR004262,BK004262,J000064,Group Demo Group 04262,1,GROUP,True,NORMAL
GR004263,BK004263,J000064,Couple Demo Group 04263,3,COUPLE,True,NORMAL
GR004264,BK004264,J000064,Group Demo Group 04264,3,GROUP,True,NORMAL
GR004265,BK004265,J000064,Group Demo Group 04265,2,GROUP,True,NORMAL
GR004266,BK004266,J000064,Group Demo Group 04266,1,GROUP,True,NORMAL
GR004267,BK004267,J000064,Couple Demo Group 04267,3,COUPLE,True,NORMAL
GR004268,BK004268,J000064,Couple Demo Group 04268,2,COUPLE,True,NORMAL
GR004269,BK004269,J000064,Family Demo Group 04269,3,FAMILY,True,NORMAL
GR004270,BK004270,J000064,Group Demo Group 04270,1,GROUP,True,NORMAL
GR004271,BK004271,J000064,Group Demo Group 04271,1,GROUP,True,NORMAL
GR004272,BK004272,J000064,Group Demo Group 04272,3,GROUP,True,NORMAL
GR004273,BK004273,J000064,Family Demo Group 04273,3,FAMILY,True,NORMAL
GR004274,BK004274,J000064,Group Demo Group 04274,1,GROUP,True,NORMAL
GR004275,BK004275,J000064,Friends Demo Group 04275,2,FRIENDS,True,NORMAL
GR004276,BK004276,J000064,Family Demo Group 04276,4,FAMILY,True,NORMAL
GR004277,BK004277,J000064,Group Demo Group 04277,2,GROUP,True,NORMAL
GR004278,BK004278,J000064,Group Demo Group 04278,1,GROUP,True,NORMAL
GR004279,BK004279,J000064,Group Demo Group 04279,1,GROUP,True,NORMAL
GR004280,BK004280,J000064,Group Demo Group 04280,7,GROUP,True,HIGH
GR004281,BK004281,J000064,Group Demo Group 04281,2,GROUP,True,NORMAL
GR004282,BK004282,J000064,Family Demo Group 04282,2,FAMILY,True,NORMAL
GR004283,BK004283,J000064,Group Demo Group 04283,1,GROUP,True,NORMAL
GR004284,BK004284,J000064,Group Demo Group 04284,1,GROUP,True,NORMAL
GR004285,BK004285,J000064,Group Demo Group 04285,1,GROUP,True,NORMAL
GR004286,BK004286,J000064,Group Demo Group 04286,1,GROUP,True,NORMAL
GR004287,BK004287,J000064,Couple Demo Group 04287,3,COUPLE,True,NORMAL
GR004288,BK004288,J000064,Couple Demo Group 04288,2,COUPLE,True,NORMAL
GR004289,BK004289,J000065,Group Demo Group 04289,1,GROUP,True,NORMAL
GR004290,BK004290,J000065,Couple Demo Group 04290,4,COUPLE,True,NORMAL
GR004291,BK004291,J000065,Friends Demo Group 04291,2,FRIENDS,True,NORMAL
GR004292,BK004292,J000065,Couple Demo Group 04292,2,COUPLE,True,NORMAL
GR004293,BK004293,J000065,Group Demo Group 04293,1,GROUP,True,NORMAL
GR004294,BK004294,J000065,Caregiver Demo Group 04294,4,CAREGIVER,True,HIGH
GR004295,BK004295,J000065,Group Demo Group 04295,1,GROUP,True,NORMAL
GR004296,BK004296,J000065,Couple Demo Group 04296,2,COUPLE,True,NORMAL
GR004297,BK004297,J000065,Couple Demo Group 04297,5,COUPLE,True,NORMAL
GR004298,BK004298,J000065,Group Demo Group 04298,1,GROUP,True,NORMAL
GR004299,BK004299,J000065,Friends Demo Group 04299,2,FRIENDS,True,NORMAL
GR004300,BK004300,J000065,Couple Demo Group 04300,2,COUPLE,True,NORMAL
GR004301,BK004301,J000065,Group Demo Group 04301,2,GROUP,True,NORMAL
GR004302,BK004302,J000065,Family Demo Group 04302,2,FAMILY,True,NORMAL
GR004303,BK004303,J000065,Group Demo Group 04303,4,GROUP,True,NORMAL
GR004304,BK004304,J000065,Group Demo Group 04304,1,GROUP,True,NORMAL
GR004305,BK004305,J000065,Friends Demo Group 04305,4,FRIENDS,True,NORMAL
GR004306,BK004306,J000065,Family Demo Group 04306,2,FAMILY,True,NORMAL
GR004307,BK004307,J000065,Group Demo Group 04307,4,GROUP,True,NORMAL
GR004308,BK004308,J000065,Couple Demo Group 04308,2,COUPLE,True,NORMAL
GR004309,BK004309,J000065,Group Demo Group 04309,2,GROUP,True,NORMAL
GR004310,BK004310,J000065,Couple Demo Group 04310,4,COUPLE,True,NORMAL
GR004311,BK004311,J000065,Group Demo Group 04311,4,GROUP,True,NORMAL
GR004312,BK004312,J000065,Family Demo Group 04312,4,FAMILY,True,NORMAL
GR004313,BK004313,J000065,Group Demo Group 04313,2,GROUP,True,NORMAL
GR004314,BK004314,J000065,Couple Demo Group 04314,4,COUPLE,True,NORMAL
GR004315,BK004315,J000065,Family Demo Group 04315,5,FAMILY,True,NORMAL
GR004316,BK004316,J000065,Family Demo Group 04316,4,FAMILY,True,NORMAL
GR004317,BK004317,J000065,Group Demo Group 04317,6,GROUP,True,HIGH
GR004318,BK004318,J000065,Group Demo Group 04318,1,GROUP,True,NORMAL
GR004319,BK004319,J000065,Group Demo Group 04319,1,GROUP,True,NORMAL
GR004320,BK004320,J000065,Group Demo Group 04320,1,GROUP,True,NORMAL
GR004321,BK004321,J000065,Group Demo Group 04321,1,GROUP,True,NORMAL
GR004322,BK004322,J000065,Family Demo Group 04322,2,FAMILY,True,NORMAL
GR004323,BK004323,J000065,Friends Demo Group 04323,2,FRIENDS,True,NORMAL
GR004324,BK004324,J000065,Couple Demo Group 04324,6,COUPLE,True,HIGH
GR004325,BK004325,J000065,Group Demo Group 04325,6,GROUP,True,HIGH
GR004326,BK004326,J000065,Group Demo Group 04326,1,GROUP,True,NORMAL
GR004327,BK004327,J000065,Friends Demo Group 04327,2,FRIENDS,True,NORMAL
GR004328,BK004328,J000065,Group Demo Group 04328,1,GROUP,True,NORMAL
GR004329,BK004329,J000065,Friends Demo Group 04329,4,FRIENDS,True,NORMAL
GR004330,BK004330,J000065,Family Demo Group 04330,2,FAMILY,True,NORMAL
GR004331,BK004331,J000065,Couple Demo Group 04331,3,COUPLE,True,NORMAL
GR004332,BK004332,J000065,Group Demo Group 04332,3,GROUP,True,NORMAL
GR004333,BK004333,J000065,Couple Demo Group 04333,5,COUPLE,True,NORMAL
GR004334,BK004334,J000065,Group Demo Group 04334,5,GROUP,True,NORMAL
GR004335,BK004335,J000065,Group Demo Group 04335,4,GROUP,True,NORMAL
GR004336,BK004336,J000065,Family Demo Group 04336,4,FAMILY,True,NORMAL
GR004337,BK004337,J000065,Group Demo Group 04337,1,GROUP,True,NORMAL
GR004338,BK004338,J000065,Family Demo Group 04338,6,FAMILY,True,HIGH
GR004339,BK004339,J000065,Friends Demo Group 04339,6,FRIENDS,True,HIGH
GR004340,BK004340,J000065,Couple Demo Group 04340,2,COUPLE,True,NORMAL
GR004341,BK004341,J000065,Group Demo Group 04341,2,GROUP,True,NORMAL
GR004342,BK004342,J000065,Group Demo Group 04342,1,GROUP,True,NORMAL
GR004343,BK004343,J000065,Group Demo Group 04343,4,GROUP,True,NORMAL
GR004344,BK004344,J000065,Group Demo Group 04344,1,GROUP,True,NORMAL
GR004345,BK004345,J000065,Group Demo Group 04345,2,GROUP,True,NORMAL
GR004346,BK004346,J000065,Couple Demo Group 04346,4,COUPLE,True,NORMAL
GR004347,BK004347,J000065,Friends Demo Group 04347,2,FRIENDS,True,NORMAL
GR004348,BK004348,J000065,Group Demo Group 04348,3,GROUP,True,NORMAL
GR004349,BK004349,J000065,Group Demo Group 04349,1,GROUP,True,NORMAL
GR004350,BK004350,J000065,Group Demo Group 04350,1,GROUP,True,NORMAL
GR004351,BK004351,J000065,Caregiver Demo Group 04351,8,CAREGIVER,True,HIGH
GR004352,BK004352,J000065,Group Demo Group 04352,3,GROUP,True,NORMAL
GR004353,BK004353,J000065,Group Demo Group 04353,1,GROUP,True,NORMAL
GR004354,BK004354,J000065,Group Demo Group 04354,5,GROUP,True,NORMAL
GR004355,BK004355,J000065,Group Demo Group 04355,4,GROUP,True,NORMAL
GR004356,BK004356,J000066,Couple Demo Group 04356,6,COUPLE,True,HIGH
GR004357,BK004357,J000066,Group Demo Group 04357,2,GROUP,True,NORMAL
GR004358,BK004358,J000066,Family Demo Group 04358,2,FAMILY,True,NORMAL
GR004359,BK004359,J000066,Friends Demo Group 04359,2,FRIENDS,True,NORMAL
GR004360,BK004360,J000066,Friends Demo Group 04360,5,FRIENDS,True,NORMAL
GR004361,BK004361,J000066,Group Demo Group 04361,1,GROUP,True,NORMAL
GR004362,BK004362,J000066,Group Demo Group 04362,1,GROUP,True,NORMAL
GR004363,BK004363,J000066,Couple Demo Group 04363,3,COUPLE,True,NORMAL
GR004364,BK004364,J000066,Group Demo Group 04364,3,GROUP,True,NORMAL
GR004365,BK004365,J000066,Group Demo Group 04365,2,GROUP,True,NORMAL
GR004366,BK004366,J000066,Friends Demo Group 04366,3,FRIENDS,True,NORMAL
GR004367,BK004367,J000066,Group Demo Group 04367,1,GROUP,True,NORMAL
GR004368,BK004368,J000066,Family Demo Group 04368,8,FAMILY,True,HIGH
GR004369,BK004369,J000066,Family Demo Group 04369,3,FAMILY,True,NORMAL
GR004370,BK004370,J000066,Caregiver Demo Group 04370,5,CAREGIVER,True,HIGH
GR004371,BK004371,J000066,Couple Demo Group 04371,3,COUPLE,True,NORMAL
GR004372,BK004372,J000066,Group Demo Group 04372,3,GROUP,True,NORMAL
GR004373,BK004373,J000066,Friends Demo Group 04373,4,FRIENDS,True,NORMAL
GR004374,BK004374,J000066,Friends Demo Group 04374,3,FRIENDS,True,NORMAL
GR004375,BK004375,J000066,Friends Demo Group 04375,2,FRIENDS,True,NORMAL
GR004376,BK004376,J000066,Friends Demo Group 04376,5,FRIENDS,True,NORMAL
GR004377,BK004377,J000066,Family Demo Group 04377,3,FAMILY,True,NORMAL
GR004378,BK004378,J000066,Group Demo Group 04378,1,GROUP,True,NORMAL
GR004379,BK004379,J000066,Group Demo Group 04379,1,GROUP,True,NORMAL
GR004380,BK004380,J000066,Group Demo Group 04380,1,GROUP,True,NORMAL
GR004381,BK004381,J000066,Friends Demo Group 04381,8,FRIENDS,True,HIGH
GR004382,BK004382,J000066,Group Demo Group 04382,1,GROUP,True,NORMAL
GR004383,BK004383,J000066,Group Demo Group 04383,4,GROUP,True,NORMAL
GR004384,BK004384,J000066,Couple Demo Group 04384,6,COUPLE,True,HIGH
GR004385,BK004385,J000066,Group Demo Group 04385,2,GROUP,True,NORMAL
GR004386,BK004386,J000066,Family Demo Group 04386,2,FAMILY,True,NORMAL
GR004387,BK004387,J000066,Group Demo Group 04387,1,GROUP,True,NORMAL
GR004388,BK004388,J000066,Couple Demo Group 04388,2,COUPLE,True,NORMAL
GR004389,BK004389,J000066,Caregiver Demo Group 04389,4,CAREGIVER,True,HIGH
GR004390,BK004390,J000066,Group Demo Group 04390,1,GROUP,True,NORMAL
GR004391,BK004391,J000066,Friends Demo Group 04391,2,FRIENDS,True,NORMAL
GR004392,BK004392,J000066,Group Demo Group 04392,7,GROUP,True,HIGH
GR004393,BK004393,J000066,Friends Demo Group 04393,8,FRIENDS,True,HIGH
GR004394,BK004394,J000066,Couple Demo Group 04394,4,COUPLE,True,NORMAL
GR004395,BK004395,J000066,Group Demo Group 04395,1,GROUP,True,NORMAL
GR004396,BK004396,J000066,Couple Demo Group 04396,2,COUPLE,True,NORMAL
GR004397,BK004397,J000066,Group Demo Group 04397,1,GROUP,True,NORMAL
GR004398,BK004398,J000066,Group Demo Group 04398,1,GROUP,True,NORMAL
GR004399,BK004399,J000066,Group Demo Group 04399,4,GROUP,True,NORMAL
GR004400,BK004400,J000066,Family Demo Group 04400,4,FAMILY,True,NORMAL
GR004401,BK004401,J000066,Family Demo Group 04401,7,FAMILY,True,HIGH
GR004402,BK004402,J000066,Family Demo Group 04402,2,FAMILY,True,NORMAL
GR004403,BK004403,J000066,Group Demo Group 04403,8,GROUP,True,HIGH
GR004404,BK004404,J000066,Group Demo Group 04404,3,GROUP,True,NORMAL
GR004405,BK004405,J000066,Group Demo Group 04405,1,GROUP,True,NORMAL
GR004406,BK004406,J000066,Friends Demo Group 04406,3,FRIENDS,True,NORMAL
GR004407,BK004407,J000066,Friends Demo Group 04407,2,FRIENDS,True,NORMAL
GR004408,BK004408,J000066,Group Demo Group 04408,1,GROUP,True,NORMAL
GR004409,BK004409,J000066,Group Demo Group 04409,6,GROUP,True,HIGH
GR004410,BK004410,J000066,Group Demo Group 04410,1,GROUP,True,NORMAL
GR004411,BK004411,J000066,Couple Demo Group 04411,3,COUPLE,True,NORMAL
GR004412,BK004412,J000066,Family Demo Group 04412,4,FAMILY,True,NORMAL
GR004413,BK004413,J000066,Friends Demo Group 04413,4,FRIENDS,True,NORMAL
GR004414,BK004414,J000066,Friends Demo Group 04414,3,FRIENDS,True,NORMAL
GR004415,BK004415,J000066,Couple Demo Group 04415,3,COUPLE,True,NORMAL
GR004416,BK004416,J000066,Couple Demo Group 04416,2,COUPLE,True,NORMAL
GR004417,BK004417,J000066,Group Demo Group 04417,2,GROUP,True,NORMAL
GR004418,BK004418,J000066,Family Demo Group 04418,2,FAMILY,True,NORMAL
GR004419,BK004419,J000066,Group Demo Group 04419,4,GROUP,True,NORMAL
GR004420,BK004420,J000066,Couple Demo Group 04420,6,COUPLE,True,HIGH
GR004421,BK004421,J000066,Group Demo Group 04421,6,GROUP,True,HIGH
GR004422,BK004422,J000066,Group Demo Group 04422,5,GROUP,True,NORMAL
GR004423,BK004423,J000067,Group Demo Group 04423,1,GROUP,True,NORMAL
GR004424,BK004424,J000067,Friends Demo Group 04424,5,FRIENDS,True,NORMAL
GR004425,BK004425,J000067,Group Demo Group 04425,2,GROUP,True,NORMAL
GR004426,BK004426,J000067,Group Demo Group 04426,1,GROUP,True,NORMAL
GR004427,BK004427,J000067,Caregiver Demo Group 04427,6,CAREGIVER,True,HIGH
GR004428,BK004428,J000067,Couple Demo Group 04428,2,COUPLE,True,NORMAL
GR004429,BK004429,J000067,Group Demo Group 04429,2,GROUP,True,NORMAL
GR004430,BK004430,J000067,Friends Demo Group 04430,3,FRIENDS,True,NORMAL
GR004431,BK004431,J000067,Friends Demo Group 04431,2,FRIENDS,True,NORMAL
GR004432,BK004432,J000067,Family Demo Group 04432,4,FAMILY,True,NORMAL
GR004433,BK004433,J000067,Group Demo Group 04433,2,GROUP,True,NORMAL
GR004434,BK004434,J000067,Couple Demo Group 04434,8,COUPLE,True,HIGH
GR004435,BK004435,J000067,Group Demo Group 04435,4,GROUP,True,NORMAL
GR004436,BK004436,J000067,Group Demo Group 04436,1,GROUP,True,NORMAL
GR004437,BK004437,J000067,Group Demo Group 04437,2,GROUP,True,NORMAL
GR004438,BK004438,J000067,Group Demo Group 04438,5,GROUP,True,NORMAL
GR004439,BK004439,J000067,Family Demo Group 04439,5,FAMILY,True,NORMAL
GR004440,BK004440,J000067,Family Demo Group 04440,4,FAMILY,True,NORMAL
GR004441,BK004441,J000067,Couple Demo Group 04441,5,COUPLE,True,NORMAL
GR004442,BK004442,J000067,Couple Demo Group 04442,8,COUPLE,True,HIGH
GR004443,BK004443,J000067,Friends Demo Group 04443,2,FRIENDS,True,NORMAL
GR004444,BK004444,J000067,Couple Demo Group 04444,2,COUPLE,True,NORMAL
GR004445,BK004445,J000067,Group Demo Group 04445,1,GROUP,True,NORMAL
GR004446,BK004446,J000067,Group Demo Group 04446,1,GROUP,True,NORMAL
GR004447,BK004447,J000067,Friends Demo Group 04447,6,FRIENDS,True,HIGH
GR004448,BK004448,J000067,Group Demo Group 04448,3,GROUP,True,NORMAL
GR004449,BK004449,J000067,Family Demo Group 04449,3,FAMILY,True,NORMAL
GR004450,BK004450,J000067,Friends Demo Group 04450,3,FRIENDS,True,NORMAL
GR004451,BK004451,J000067,Friends Demo Group 04451,2,FRIENDS,True,NORMAL
GR004452,BK004452,J000067,Group Demo Group 04452,1,GROUP,True,NORMAL
GR004453,BK004453,J000067,Group Demo Group 04453,2,GROUP,True,NORMAL
GR004454,BK004454,J000067,Family Demo Group 04454,2,FAMILY,True,NORMAL
GR004455,BK004455,J000067,Group Demo Group 04455,4,GROUP,True,NORMAL
GR004456,BK004456,J000067,Couple Demo Group 04456,2,COUPLE,True,NORMAL
GR004457,BK004457,J000067,Group Demo Group 04457,1,GROUP,True,NORMAL
GR004458,BK004458,J000067,Friends Demo Group 04458,3,FRIENDS,True,NORMAL
GR004459,BK004459,J000067,Group Demo Group 04459,4,GROUP,True,NORMAL
GR004460,BK004460,J000067,Group Demo Group 04460,1,GROUP,True,NORMAL
GR004461,BK004461,J000067,Group Demo Group 04461,1,GROUP,True,NORMAL
GR004462,BK004462,J000067,Family Demo Group 04462,2,FAMILY,True,NORMAL
GR004463,BK004463,J000067,Couple Demo Group 04463,3,COUPLE,True,NORMAL
GR004464,BK004464,J000067,Family Demo Group 04464,4,FAMILY,True,NORMAL
GR004465,BK004465,J000067,Group Demo Group 04465,2,GROUP,True,NORMAL
GR004466,BK004466,J000067,Family Demo Group 04466,2,FAMILY,True,NORMAL
GR004467,BK004467,J000067,Group Demo Group 04467,4,GROUP,True,NORMAL
GR004468,BK004468,J000067,Couple Demo Group 04468,6,COUPLE,True,HIGH
GR004469,BK004469,J000067,Friends Demo Group 04469,4,FRIENDS,True,NORMAL
GR004470,BK004470,J000067,Family Demo Group 04470,2,FAMILY,True,NORMAL
GR004471,BK004471,J000067,Group Demo Group 04471,1,GROUP,True,NORMAL
GR004472,BK004472,J000067,Family Demo Group 04472,4,FAMILY,True,NORMAL
GR004473,BK004473,J000067,Group Demo Group 04473,6,GROUP,True,HIGH
GR004474,BK004474,J000067,Family Demo Group 04474,2,FAMILY,True,NORMAL
GR004475,BK004475,J000067,Friends Demo Group 04475,2,FRIENDS,True,NORMAL
GR004476,BK004476,J000067,Family Demo Group 04476,4,FAMILY,True,NORMAL
GR004477,BK004477,J000067,Friends Demo Group 04477,4,FRIENDS,True,NORMAL
GR004478,BK004478,J000067,Friends Demo Group 04478,3,FRIENDS,True,NORMAL
GR004479,BK004479,J000067,Friends Demo Group 04479,6,FRIENDS,True,HIGH
GR004480,BK004480,J000067,Couple Demo Group 04480,2,COUPLE,True,NORMAL
GR004481,BK004481,J000067,Group Demo Group 04481,1,GROUP,True,NORMAL
GR004482,BK004482,J000067,Group Demo Group 04482,1,GROUP,True,NORMAL
GR004483,BK004483,J000067,Friends Demo Group 04483,2,FRIENDS,True,NORMAL
GR004484,BK004484,J000067,Group Demo Group 04484,1,GROUP,True,NORMAL
GR004485,BK004485,J000067,Couple Demo Group 04485,5,COUPLE,True,NORMAL
GR004486,BK004486,J000067,Group Demo Group 04486,1,GROUP,True,NORMAL
GR004487,BK004487,J000067,Couple Demo Group 04487,3,COUPLE,True,NORMAL
GR004488,BK004488,J000067,Family Demo Group 04488,4,FAMILY,True,NORMAL
GR004489,BK004489,J000067,Friends Demo Group 04489,4,FRIENDS,True,NORMAL
GR004490,BK004490,J000068,Family Demo Group 04490,2,FAMILY,True,NORMAL
GR004491,BK004491,J000068,Group Demo Group 04491,4,GROUP,True,NORMAL
GR004492,BK004492,J000068,Group Demo Group 04492,3,GROUP,True,NORMAL
GR004493,BK004493,J000068,Friends Demo Group 04493,4,FRIENDS,True,NORMAL
GR004494,BK004494,J000068,Group Demo Group 04494,1,GROUP,True,NORMAL
GR004495,BK004495,J000068,Friends Demo Group 04495,2,FRIENDS,True,NORMAL
GR004496,BK004496,J000068,Group Demo Group 04496,1,GROUP,True,NORMAL
GR004497,BK004497,J000068,Group Demo Group 04497,1,GROUP,True,NORMAL
GR004498,BK004498,J000068,Couple Demo Group 04498,4,COUPLE,True,NORMAL
GR004499,BK004499,J000068,Friends Demo Group 04499,2,FRIENDS,True,NORMAL
GR004500,BK004500,J000068,Friends Demo Group 04500,5,FRIENDS,True,NORMAL
GR004501,BK004501,J000068,Friends Demo Group 04501,4,FRIENDS,True,NORMAL
GR004502,BK004502,J000068,Family Demo Group 04502,2,FAMILY,True,NORMAL
GR004503,BK004503,J000068,Couple Demo Group 04503,3,COUPLE,True,NORMAL
GR004504,BK004504,J000068,Couple Demo Group 04504,2,COUPLE,True,NORMAL
GR004505,BK004505,J000068,Couple Demo Group 04505,5,COUPLE,True,NORMAL
GR004506,BK004506,J000068,Group Demo Group 04506,1,GROUP,True,NORMAL
GR004507,BK004507,J000068,Family Demo Group 04507,5,FAMILY,True,NORMAL
GR004508,BK004508,J000068,Family Demo Group 04508,4,FAMILY,True,NORMAL
GR004509,BK004509,J000068,Group Demo Group 04509,2,GROUP,True,NORMAL
GR004510,BK004510,J000068,Family Demo Group 04510,2,FAMILY,True,NORMAL
GR004511,BK004511,J000068,Couple Demo Group 04511,3,COUPLE,True,NORMAL
GR004512,BK004512,J000068,Friends Demo Group 04512,5,FRIENDS,True,NORMAL
GR004513,BK004513,J000068,Group Demo Group 04513,1,GROUP,True,NORMAL
GR004514,BK004514,J000068,Family Demo Group 04514,6,FAMILY,True,HIGH
GR004515,BK004515,J000068,Friends Demo Group 04515,2,FRIENDS,True,NORMAL
GR004516,BK004516,J000068,Group Demo Group 04516,1,GROUP,True,NORMAL
GR004517,BK004517,J000068,Friends Demo Group 04517,4,FRIENDS,True,NORMAL
GR004518,BK004518,J000068,Group Demo Group 04518,5,GROUP,True,NORMAL
GR004519,BK004519,J000068,Group Demo Group 04519,1,GROUP,True,NORMAL
GR004520,BK004520,J000068,Group Demo Group 04520,1,GROUP,True,NORMAL
GR004521,BK004521,J000068,Group Demo Group 04521,2,GROUP,True,NORMAL
GR004522,BK004522,J000068,Caregiver Demo Group 04522,6,CAREGIVER,True,HIGH
GR004523,BK004523,J000068,Couple Demo Group 04523,3,COUPLE,True,NORMAL
GR004524,BK004524,J000068,Family Demo Group 04524,4,FAMILY,True,NORMAL
GR004525,BK004525,J000068,Group Demo Group 04525,2,GROUP,True,NORMAL
GR004526,BK004526,J000068,Family Demo Group 04526,2,FAMILY,True,NORMAL
GR004527,BK004527,J000068,Group Demo Group 04527,4,GROUP,True,NORMAL
GR004528,BK004528,J000068,Group Demo Group 04528,1,GROUP,True,NORMAL
GR004529,BK004529,J000068,Family Demo Group 04529,7,FAMILY,True,HIGH
GR004530,BK004530,J000068,Friends Demo Group 04530,3,FRIENDS,True,NORMAL
GR004531,BK004531,J000068,Group Demo Group 04531,4,GROUP,True,NORMAL
GR004532,BK004532,J000068,Couple Demo Group 04532,2,COUPLE,True,NORMAL
GR004533,BK004533,J000068,Group Demo Group 04533,6,GROUP,True,HIGH
GR004534,BK004534,J000068,Family Demo Group 04534,2,FAMILY,True,NORMAL
GR004535,BK004535,J000068,Family Demo Group 04535,5,FAMILY,True,NORMAL
GR004536,BK004536,J000068,Family Demo Group 04536,4,FAMILY,True,NORMAL
GR004537,BK004537,J000068,Group Demo Group 04537,1,GROUP,True,NORMAL
GR004538,BK004538,J000068,Group Demo Group 04538,1,GROUP,True,NORMAL
GR004539,BK004539,J000068,Couple Demo Group 04539,3,COUPLE,True,NORMAL
GR004540,BK004540,J000068,Group Demo Group 04540,1,GROUP,True,NORMAL
GR004541,BK004541,J000068,Group Demo Group 04541,2,GROUP,True,NORMAL
GR004542,BK004542,J000068,Couple Demo Group 04542,4,COUPLE,True,NORMAL
GR004543,BK004543,J000068,Group Demo Group 04543,4,GROUP,True,NORMAL
GR004544,BK004544,J000068,Couple Demo Group 04544,2,COUPLE,True,NORMAL
GR004545,BK004545,J000068,Friends Demo Group 04545,4,FRIENDS,True,NORMAL
GR004546,BK004546,J000068,Couple Demo Group 04546,4,COUPLE,True,NORMAL
GR004547,BK004547,J000068,Friends Demo Group 04547,6,FRIENDS,True,HIGH
GR004548,BK004548,J000068,Group Demo Group 04548,3,GROUP,True,NORMAL
GR004549,BK004549,J000068,Group Demo Group 04549,2,GROUP,True,NORMAL
GR004550,BK004550,J000068,Family Demo Group 04550,2,FAMILY,True,NORMAL
GR004551,BK004551,J000068,Group Demo Group 04551,4,GROUP,True,NORMAL
GR004552,BK004552,J000068,Group Demo Group 04552,1,GROUP,True,NORMAL
GR004553,BK004553,J000068,Group Demo Group 04553,6,GROUP,True,HIGH
GR004554,BK004554,J000068,Couple Demo Group 04554,4,COUPLE,True,NORMAL
GR004555,BK004555,J000068,Couple Demo Group 04555,3,COUPLE,True,NORMAL
GR004556,BK004556,J000068,Couple Demo Group 04556,6,COUPLE,True,HIGH
GR004557,BK004557,J000069,Friends Demo Group 04557,4,FRIENDS,True,NORMAL
GR004558,BK004558,J000069,Couple Demo Group 04558,4,COUPLE,True,NORMAL
GR004559,BK004559,J000069,Friends Demo Group 04559,2,FRIENDS,True,NORMAL
GR004560,BK004560,J000069,Group Demo Group 04560,3,GROUP,True,NORMAL
GR004561,BK004561,J000069,Friends Demo Group 04561,4,FRIENDS,True,NORMAL
GR004562,BK004562,J000069,Family Demo Group 04562,2,FAMILY,True,NORMAL
GR004563,BK004563,J000069,Group Demo Group 04563,1,GROUP,True,NORMAL
GR004564,BK004564,J000069,Family Demo Group 04564,4,FAMILY,True,NORMAL
GR004565,BK004565,J000069,Family Demo Group 04565,3,FAMILY,True,NORMAL
GR004566,BK004566,J000069,Family Demo Group 04566,2,FAMILY,True,NORMAL
GR004567,BK004567,J000069,Group Demo Group 04567,4,GROUP,True,NORMAL
GR004568,BK004568,J000069,Family Demo Group 04568,8,FAMILY,True,HIGH
GR004569,BK004569,J000069,Group Demo Group 04569,2,GROUP,True,NORMAL
GR004570,BK004570,J000069,Group Demo Group 04570,1,GROUP,True,NORMAL
GR004571,BK004571,J000069,Group Demo Group 04571,1,GROUP,True,NORMAL
GR004572,BK004572,J000069,Couple Demo Group 04572,2,COUPLE,True,NORMAL
GR004573,BK004573,J000069,Group Demo Group 04573,2,GROUP,True,NORMAL
GR004574,BK004574,J000069,Group Demo Group 04574,1,GROUP,True,NORMAL
GR004575,BK004575,J000069,Group Demo Group 04575,4,GROUP,True,NORMAL
GR004576,BK004576,J000069,Group Demo Group 04576,3,GROUP,True,NORMAL
GR004577,BK004577,J000069,Friends Demo Group 04577,4,FRIENDS,True,NORMAL
GR004578,BK004578,J000069,Couple Demo Group 04578,4,COUPLE,True,NORMAL
GR004579,BK004579,J000069,Caregiver Demo Group 04579,4,CAREGIVER,True,HIGH
GR004580,BK004580,J000069,Group Demo Group 04580,1,GROUP,True,NORMAL
GR004581,BK004581,J000069,Group Demo Group 04581,2,GROUP,True,NORMAL
GR004582,BK004582,J000069,Group Demo Group 04582,1,GROUP,True,NORMAL
GR004583,BK004583,J000069,Group Demo Group 04583,1,GROUP,True,NORMAL
GR004584,BK004584,J000069,Couple Demo Group 04584,2,COUPLE,True,NORMAL
GR004585,BK004585,J000069,Family Demo Group 04585,7,FAMILY,True,HIGH
GR004586,BK004586,J000069,Group Demo Group 04586,1,GROUP,True,NORMAL
GR004587,BK004587,J000069,Couple Demo Group 04587,3,COUPLE,True,NORMAL
GR004588,BK004588,J000069,Couple Demo Group 04588,2,COUPLE,True,NORMAL
GR004589,BK004589,J000069,Friends Demo Group 04589,4,FRIENDS,True,NORMAL
GR004590,BK004590,J000069,Friends Demo Group 04590,3,FRIENDS,True,NORMAL
GR004591,BK004591,J000069,Group Demo Group 04591,1,GROUP,True,NORMAL
GR004592,BK004592,J000069,Couple Demo Group 04592,2,COUPLE,True,NORMAL
GR004593,BK004593,J000069,Group Demo Group 04593,2,GROUP,True,NORMAL
GR004594,BK004594,J000069,Group Demo Group 04594,1,GROUP,True,NORMAL
GR004595,BK004595,J000069,Friends Demo Group 04595,2,FRIENDS,True,NORMAL
GR004596,BK004596,J000069,Family Demo Group 04596,8,FAMILY,True,HIGH
GR004597,BK004597,J000069,Group Demo Group 04597,1,GROUP,True,NORMAL
GR004598,BK004598,J000069,Caregiver Demo Group 04598,5,CAREGIVER,True,HIGH
GR004599,BK004599,J000069,Couple Demo Group 04599,3,COUPLE,True,NORMAL
GR004600,BK004600,J000069,Friends Demo Group 04600,5,FRIENDS,True,NORMAL
GR004601,BK004601,J000069,Friends Demo Group 04601,8,FRIENDS,True,HIGH
GR004602,BK004602,J000069,Group Demo Group 04602,1,GROUP,True,NORMAL
GR004603,BK004603,J000069,Couple Demo Group 04603,7,COUPLE,True,HIGH
GR004604,BK004604,J000069,Group Demo Group 04604,1,GROUP,True,NORMAL
GR004605,BK004605,J000069,Group Demo Group 04605,1,GROUP,True,NORMAL
GR004606,BK004606,J000069,Family Demo Group 04606,2,FAMILY,True,NORMAL
GR004607,BK004607,J000069,Group Demo Group 04607,4,GROUP,True,NORMAL
GR004608,BK004608,J000069,Couple Demo Group 04608,2,COUPLE,True,NORMAL
GR004609,BK004609,J000069,Friends Demo Group 04609,4,FRIENDS,True,NORMAL
GR004610,BK004610,J000069,Group Demo Group 04610,1,GROUP,True,NORMAL
GR004611,BK004611,J000069,Group Demo Group 04611,4,GROUP,True,NORMAL
GR004612,BK004612,J000069,Group Demo Group 04612,3,GROUP,True,NORMAL
GR004613,BK004613,J000069,Group Demo Group 04613,1,GROUP,True,NORMAL
GR004614,BK004614,J000069,Family Demo Group 04614,2,FAMILY,True,NORMAL
GR004615,BK004615,J000069,Group Demo Group 04615,4,GROUP,True,NORMAL
GR004616,BK004616,J000069,Group Demo Group 04616,1,GROUP,True,NORMAL
GR004617,BK004617,J000069,Family Demo Group 04617,3,FAMILY,True,NORMAL
GR004618,BK004618,J000069,Group Demo Group 04618,1,GROUP,True,NORMAL
GR004619,BK004619,J000069,Couple Demo Group 04619,3,COUPLE,True,NORMAL
GR004620,BK004620,J000069,Group Demo Group 04620,1,GROUP,True,NORMAL
GR004621,BK004621,J000069,Group Demo Group 04621,1,GROUP,True,NORMAL
GR004622,BK004622,J000069,Family Demo Group 04622,2,FAMILY,True,NORMAL
GR004623,BK004623,J000069,Group Demo Group 04623,1,GROUP,True,NORMAL
GR004624,BK004624,J000070,Group Demo Group 04624,1,GROUP,True,NORMAL
GR004625,BK004625,J000070,Family Demo Group 04625,3,FAMILY,True,NORMAL
GR004626,BK004626,J000070,Group Demo Group 04626,1,GROUP,True,NORMAL
GR004627,BK004627,J000070,Group Demo Group 04627,1,GROUP,True,NORMAL
GR004628,BK004628,J000070,Couple Demo Group 04628,2,COUPLE,True,NORMAL
GR004629,BK004629,J000070,Group Demo Group 04629,6,GROUP,True,HIGH
GR004630,BK004630,J000070,Friends Demo Group 04630,3,FRIENDS,True,NORMAL
GR004631,BK004631,J000070,Group Demo Group 04631,1,GROUP,True,NORMAL
GR004632,BK004632,J000070,Group Demo Group 04632,1,GROUP,True,NORMAL
GR004633,BK004633,J000070,Group Demo Group 04633,2,GROUP,True,NORMAL
GR004634,BK004634,J000070,Couple Demo Group 04634,4,COUPLE,True,NORMAL
GR004635,BK004635,J000070,Group Demo Group 04635,1,GROUP,True,NORMAL
GR004636,BK004636,J000070,Caregiver Demo Group 04636,5,CAREGIVER,True,HIGH
GR004637,BK004637,J000070,Group Demo Group 04637,6,GROUP,True,HIGH
GR004638,BK004638,J000070,Family Demo Group 04638,2,FAMILY,True,NORMAL
GR004639,BK004639,J000070,Group Demo Group 04639,1,GROUP,True,NORMAL
GR004640,BK004640,J000070,Family Demo Group 04640,4,FAMILY,True,NORMAL
GR004641,BK004641,J000070,Group Demo Group 04641,2,GROUP,True,NORMAL
GR004642,BK004642,J000070,Family Demo Group 04642,2,FAMILY,True,NORMAL
GR004643,BK004643,J000070,Group Demo Group 04643,4,GROUP,True,NORMAL
GR004644,BK004644,J000070,Family Demo Group 04644,8,FAMILY,True,HIGH
GR004645,BK004645,J000070,Group Demo Group 04645,1,GROUP,True,NORMAL
GR004646,BK004646,J000070,Couple Demo Group 04646,4,COUPLE,True,NORMAL
GR004647,BK004647,J000070,Group Demo Group 04647,4,GROUP,True,NORMAL
GR004648,BK004648,J000070,Couple Demo Group 04648,2,COUPLE,True,NORMAL
GR004649,BK004649,J000070,Group Demo Group 04649,1,GROUP,True,NORMAL
GR004650,BK004650,J000070,Group Demo Group 04650,5,GROUP,True,NORMAL
GR004651,BK004651,J000070,Group Demo Group 04651,4,GROUP,True,NORMAL
GR004652,BK004652,J000070,Family Demo Group 04652,4,FAMILY,True,NORMAL
GR004653,BK004653,J000070,Couple Demo Group 04653,5,COUPLE,True,NORMAL
GR004654,BK004654,J000070,Family Demo Group 04654,2,FAMILY,True,NORMAL
GR004655,BK004655,J000070,Couple Demo Group 04655,3,COUPLE,True,NORMAL
GR004656,BK004656,J000070,Group Demo Group 04656,1,GROUP,True,NORMAL
GR004657,BK004657,J000070,Group Demo Group 04657,2,GROUP,True,NORMAL
GR004658,BK004658,J000070,Family Demo Group 04658,2,FAMILY,True,NORMAL
GR004659,BK004659,J000070,Group Demo Group 04659,8,GROUP,True,HIGH
GR004660,BK004660,J000070,Friends Demo Group 04660,5,FRIENDS,True,NORMAL
GR004661,BK004661,J000070,Group Demo Group 04661,2,GROUP,True,NORMAL
GR004662,BK004662,J000070,Family Demo Group 04662,2,FAMILY,True,NORMAL
GR004663,BK004663,J000070,Group Demo Group 04663,1,GROUP,True,NORMAL
GR004664,BK004664,J000070,Family Demo Group 04664,8,FAMILY,True,HIGH
GR004665,BK004665,J000070,Group Demo Group 04665,2,GROUP,True,NORMAL
GR004666,BK004666,J000070,Group Demo Group 04666,1,GROUP,True,NORMAL
GR004667,BK004667,J000070,Group Demo Group 04667,1,GROUP,True,NORMAL
GR004668,BK004668,J000070,Family Demo Group 04668,4,FAMILY,True,NORMAL
GR004669,BK004669,J000070,Group Demo Group 04669,2,GROUP,True,NORMAL
GR004670,BK004670,J000070,Group Demo Group 04670,1,GROUP,True,NORMAL
GR004671,BK004671,J000070,Family Demo Group 04671,5,FAMILY,True,NORMAL
GR004672,BK004672,J000070,Couple Demo Group 04672,2,COUPLE,True,NORMAL
GR004673,BK004673,J000070,Family Demo Group 04673,3,FAMILY,True,NORMAL
GR004674,BK004674,J000070,Friends Demo Group 04674,3,FRIENDS,True,NORMAL
GR004675,BK004675,J000070,Group Demo Group 04675,4,GROUP,True,NORMAL
GR004676,BK004676,J000070,Group Demo Group 04676,3,GROUP,True,NORMAL
GR004677,BK004677,J000070,Group Demo Group 04677,1,GROUP,True,NORMAL
GR004678,BK004678,J000070,Friends Demo Group 04678,3,FRIENDS,True,NORMAL
GR004679,BK004679,J000070,Friends Demo Group 04679,2,FRIENDS,True,NORMAL
GR004680,BK004680,J000070,Group Demo Group 04680,1,GROUP,True,NORMAL
GR004681,BK004681,J000070,Group Demo Group 04681,2,GROUP,True,NORMAL
GR004682,BK004682,J000070,Group Demo Group 04682,1,GROUP,True,NORMAL
GR004683,BK004683,J000070,Friends Demo Group 04683,2,FRIENDS,True,NORMAL
GR004684,BK004684,J000070,Group Demo Group 04684,3,GROUP,True,NORMAL
GR004685,BK004685,J000070,Friends Demo Group 04685,8,FRIENDS,True,HIGH
GR004686,BK004686,J000070,Family Demo Group 04686,2,FAMILY,True,NORMAL
GR004687,BK004687,J000070,Friends Demo Group 04687,2,FRIENDS,True,NORMAL
GR004688,BK004688,J000070,Couple Demo Group 04688,2,COUPLE,True,NORMAL
GR004689,BK004689,J000070,Group Demo Group 04689,1,GROUP,True,NORMAL
GR004690,BK004690,J000070,Couple Demo Group 04690,4,COUPLE,True,NORMAL
GR004691,BK004691,J000071,Friends Demo Group 04691,2,FRIENDS,True,NORMAL
GR004692,BK004692,J000071,Couple Demo Group 04692,2,COUPLE,True,NORMAL
GR004693,BK004693,J000071,Group Demo Group 04693,2,GROUP,True,NORMAL
GR004694,BK004694,J000071,Family Demo Group 04694,2,FAMILY,True,NORMAL
GR004695,BK004695,J000071,Friends Demo Group 04695,2,FRIENDS,True,NORMAL
GR004696,BK004696,J000071,Group Demo Group 04696,1,GROUP,True,NORMAL
GR004697,BK004697,J000071,Family Demo Group 04697,7,FAMILY,True,HIGH
GR004698,BK004698,J000071,Couple Demo Group 04698,4,COUPLE,True,NORMAL
GR004699,BK004699,J000071,Group Demo Group 04699,4,GROUP,True,NORMAL
GR004700,BK004700,J000071,Group Demo Group 04700,3,GROUP,True,NORMAL
GR004701,BK004701,J000071,Group Demo Group 04701,1,GROUP,True,NORMAL
GR004702,BK004702,J000071,Couple Demo Group 04702,4,COUPLE,True,NORMAL
GR004703,BK004703,J000071,Friends Demo Group 04703,2,FRIENDS,True,NORMAL
GR004704,BK004704,J000071,Group Demo Group 04704,1,GROUP,True,NORMAL
GR004705,BK004705,J000071,Group Demo Group 04705,1,GROUP,True,NORMAL
GR004706,BK004706,J000071,Family Demo Group 04706,2,FAMILY,True,NORMAL
GR004707,BK004707,J000071,Group Demo Group 04707,1,GROUP,True,NORMAL
GR004708,BK004708,J000071,Couple Demo Group 04708,6,COUPLE,True,HIGH
GR004709,BK004709,J000071,Group Demo Group 04709,2,GROUP,True,NORMAL
GR004710,BK004710,J000071,Couple Demo Group 04710,4,COUPLE,True,NORMAL
GR004711,BK004711,J000071,Friends Demo Group 04711,6,FRIENDS,True,HIGH
GR004712,BK004712,J000071,Couple Demo Group 04712,2,COUPLE,True,NORMAL
GR004713,BK004713,J000071,Friends Demo Group 04713,4,FRIENDS,True,NORMAL
GR004714,BK004714,J000071,Group Demo Group 04714,1,GROUP,True,NORMAL
GR004715,BK004715,J000071,Couple Demo Group 04715,3,COUPLE,True,NORMAL
GR004716,BK004716,J000071,Group Demo Group 04716,3,GROUP,True,NORMAL
GR004717,BK004717,J000071,Group Demo Group 04717,2,GROUP,True,NORMAL
GR004718,BK004718,J000071,Group Demo Group 04718,1,GROUP,True,NORMAL
GR004719,BK004719,J000071,Family Demo Group 04719,5,FAMILY,True,NORMAL
GR004720,BK004720,J000071,Couple Demo Group 04720,2,COUPLE,True,NORMAL
GR004721,BK004721,J000071,Family Demo Group 04721,3,FAMILY,True,NORMAL
GR004722,BK004722,J000071,Friends Demo Group 04722,3,FRIENDS,True,NORMAL
GR004723,BK004723,J000071,Couple Demo Group 04723,3,COUPLE,True,NORMAL
GR004724,BK004724,J000071,Group Demo Group 04724,3,GROUP,True,NORMAL
GR004725,BK004725,J000071,Couple Demo Group 04725,5,COUPLE,True,NORMAL
GR004726,BK004726,J000071,Family Demo Group 04726,2,FAMILY,True,NORMAL
GR004727,BK004727,J000071,Group Demo Group 04727,4,GROUP,True,NORMAL
GR004728,BK004728,J000071,Group Demo Group 04728,1,GROUP,True,NORMAL
GR004729,BK004729,J000071,Group Demo Group 04729,1,GROUP,True,NORMAL
GR004730,BK004730,J000071,Group Demo Group 04730,1,GROUP,True,NORMAL
GR004731,BK004731,J000071,Couple Demo Group 04731,3,COUPLE,True,NORMAL
GR004732,BK004732,J000071,Group Demo Group 04732,1,GROUP,True,NORMAL
GR004733,BK004733,J000071,Group Demo Group 04733,1,GROUP,True,NORMAL
GR004734,BK004734,J000071,Group Demo Group 04734,5,GROUP,True,NORMAL
GR004735,BK004735,J000071,Group Demo Group 04735,1,GROUP,True,NORMAL
GR004736,BK004736,J000071,Group Demo Group 04736,1,GROUP,True,NORMAL
GR004737,BK004737,J000071,Group Demo Group 04737,1,GROUP,True,NORMAL
GR004738,BK004738,J000071,Couple Demo Group 04738,4,COUPLE,True,NORMAL
GR004739,BK004739,J000071,Group Demo Group 04739,4,GROUP,True,NORMAL
GR004740,BK004740,J000071,Couple Demo Group 04740,2,COUPLE,True,NORMAL
GR004741,BK004741,J000071,Group Demo Group 04741,1,GROUP,True,NORMAL
GR004742,BK004742,J000071,Couple Demo Group 04742,4,COUPLE,True,NORMAL
GR004743,BK004743,J000071,Group Demo Group 04743,4,GROUP,True,NORMAL
GR004744,BK004744,J000071,Group Demo Group 04744,7,GROUP,True,HIGH
GR004745,BK004745,J000071,Group Demo Group 04745,2,GROUP,True,NORMAL
GR004746,BK004746,J000071,Couple Demo Group 04746,4,COUPLE,True,NORMAL
GR004747,BK004747,J000071,Group Demo Group 04747,4,GROUP,True,NORMAL
GR004748,BK004748,J000071,Couple Demo Group 04748,2,COUPLE,True,NORMAL
GR004749,BK004749,J000071,Family Demo Group 04749,7,FAMILY,True,HIGH
GR004750,BK004750,J000071,Family Demo Group 04750,2,FAMILY,True,NORMAL
GR004751,BK004751,J000071,Group Demo Group 04751,1,GROUP,True,NORMAL
GR004752,BK004752,J000071,Group Demo Group 04752,3,GROUP,True,NORMAL
GR004753,BK004753,J000071,Friends Demo Group 04753,4,FRIENDS,True,NORMAL
GR004754,BK004754,J000071,Family Demo Group 04754,6,FAMILY,True,HIGH
GR004755,BK004755,J000071,Group Demo Group 04755,1,GROUP,True,NORMAL
GR004756,BK004756,J000071,Family Demo Group 04756,4,FAMILY,True,NORMAL
GR004757,BK004757,J000071,Group Demo Group 04757,1,GROUP,True,NORMAL
GR004758,BK004758,J000072,Couple Demo Group 04758,4,COUPLE,True,NORMAL
GR004759,BK004759,J000072,Friends Demo Group 04759,6,FRIENDS,True,HIGH
GR004760,BK004760,J000072,Group Demo Group 04760,1,GROUP,True,NORMAL
GR004761,BK004761,J000072,Friends Demo Group 04761,4,FRIENDS,True,NORMAL
GR004762,BK004762,J000072,Group Demo Group 04762,1,GROUP,True,NORMAL
GR004763,BK004763,J000072,Friends Demo Group 04763,2,FRIENDS,True,NORMAL
GR004764,BK004764,J000072,Couple Demo Group 04764,6,COUPLE,True,HIGH
GR004765,BK004765,J000072,Group Demo Group 04765,2,GROUP,True,NORMAL
GR004766,BK004766,J000072,Group Demo Group 04766,1,GROUP,True,NORMAL
GR004767,BK004767,J000072,Group Demo Group 04767,1,GROUP,True,NORMAL
GR004768,BK004768,J000072,Group Demo Group 04768,3,GROUP,True,NORMAL
GR004769,BK004769,J000072,Caregiver Demo Group 04769,4,CAREGIVER,True,HIGH
GR004770,BK004770,J000072,Group Demo Group 04770,5,GROUP,True,NORMAL
GR004771,BK004771,J000072,Friends Demo Group 04771,2,FRIENDS,True,NORMAL
GR004772,BK004772,J000072,Family Demo Group 04772,4,FAMILY,True,NORMAL
GR004773,BK004773,J000072,Group Demo Group 04773,1,GROUP,True,NORMAL
GR004774,BK004774,J000072,Family Demo Group 04774,2,FAMILY,True,NORMAL
GR004775,BK004775,J000072,Group Demo Group 04775,4,GROUP,True,NORMAL
GR004776,BK004776,J000072,Family Demo Group 04776,4,FAMILY,True,NORMAL
GR004777,BK004777,J000072,Family Demo Group 04777,3,FAMILY,True,NORMAL
GR004778,BK004778,J000072,Couple Demo Group 04778,4,COUPLE,True,NORMAL
GR004779,BK004779,J000072,Group Demo Group 04779,4,GROUP,True,NORMAL
GR004780,BK004780,J000072,Family Demo Group 04780,4,FAMILY,True,NORMAL
GR004781,BK004781,J000072,Friends Demo Group 04781,4,FRIENDS,True,NORMAL
GR004782,BK004782,J000072,Family Demo Group 04782,2,FAMILY,True,NORMAL
GR004783,BK004783,J000072,Couple Demo Group 04783,3,COUPLE,True,NORMAL
GR004784,BK004784,J000072,Family Demo Group 04784,8,FAMILY,True,HIGH
GR004785,BK004785,J000072,Group Demo Group 04785,1,GROUP,True,NORMAL
GR004786,BK004786,J000072,Friends Demo Group 04786,3,FRIENDS,True,NORMAL
GR004787,BK004787,J000072,Group Demo Group 04787,4,GROUP,True,NORMAL
GR004788,BK004788,J000072,Caregiver Demo Group 04788,5,CAREGIVER,True,HIGH
GR004789,BK004789,J000072,Group Demo Group 04789,1,GROUP,True,NORMAL
GR004790,BK004790,J000072,Group Demo Group 04790,1,GROUP,True,NORMAL
GR004791,BK004791,J000072,Friends Demo Group 04791,6,FRIENDS,True,HIGH
GR004792,BK004792,J000072,Group Demo Group 04792,1,GROUP,True,NORMAL
GR004793,BK004793,J000072,Group Demo Group 04793,1,GROUP,True,NORMAL
GR004794,BK004794,J000072,Family Demo Group 04794,2,FAMILY,True,NORMAL
GR004795,BK004795,J000072,Group Demo Group 04795,1,GROUP,True,NORMAL
GR004796,BK004796,J000072,Couple Demo Group 04796,2,COUPLE,True,NORMAL
GR004797,BK004797,J000072,Group Demo Group 04797,6,GROUP,True,HIGH
GR004798,BK004798,J000072,Family Demo Group 04798,2,FAMILY,True,NORMAL
GR004799,BK004799,J000072,Friends Demo Group 04799,2,FRIENDS,True,NORMAL
GR004800,BK004800,J000072,Couple Demo Group 04800,2,COUPLE,True,NORMAL
GR004801,BK004801,J000072,Friends Demo Group 04801,4,FRIENDS,True,NORMAL
GR004802,BK004802,J000072,Couple Demo Group 04802,4,COUPLE,True,NORMAL
GR004803,BK004803,J000072,Friends Demo Group 04803,2,FRIENDS,True,NORMAL
GR004804,BK004804,J000072,Couple Demo Group 04804,6,COUPLE,True,HIGH
GR004805,BK004805,J000072,Friends Demo Group 04805,4,FRIENDS,True,NORMAL
GR004806,BK004806,J000072,Couple Demo Group 04806,8,COUPLE,True,HIGH
GR004807,BK004807,J000072,Friends Demo Group 04807,2,FRIENDS,True,NORMAL
GR004808,BK004808,J000072,Group Demo Group 04808,1,GROUP,True,NORMAL
GR004809,BK004809,J000072,Group Demo Group 04809,1,GROUP,True,NORMAL
GR004810,BK004810,J000072,Couple Demo Group 04810,4,COUPLE,True,NORMAL
GR004811,BK004811,J000072,Couple Demo Group 04811,7,COUPLE,True,HIGH
GR004812,BK004812,J000072,Couple Demo Group 04812,2,COUPLE,True,NORMAL
GR004813,BK004813,J000072,Group Demo Group 04813,1,GROUP,True,NORMAL
GR004814,BK004814,J000072,Family Demo Group 04814,2,FAMILY,True,NORMAL
GR004815,BK004815,J000072,Group Demo Group 04815,1,GROUP,True,NORMAL
GR004816,BK004816,J000072,Group Demo Group 04816,1,GROUP,True,NORMAL
GR004817,BK004817,J000072,Friends Demo Group 04817,4,FRIENDS,True,NORMAL
GR004818,BK004818,J000072,Friends Demo Group 04818,3,FRIENDS,True,NORMAL
GR004819,BK004819,J000072,Group Demo Group 04819,1,GROUP,True,NORMAL
GR004820,BK004820,J000072,Couple Demo Group 04820,6,COUPLE,True,HIGH
GR004821,BK004821,J000072,Friends Demo Group 04821,4,FRIENDS,True,NORMAL
GR004822,BK004822,J000072,Family Demo Group 04822,2,FAMILY,True,NORMAL
GR004823,BK004823,J000072,Friends Demo Group 04823,2,FRIENDS,True,NORMAL
GR004824,BK004824,J000072,Family Demo Group 04824,4,FAMILY,True,NORMAL
GR004825,BK004825,J000073,Group Demo Group 04825,2,GROUP,True,NORMAL
GR004826,BK004826,J000073,Friends Demo Group 04826,3,FRIENDS,True,NORMAL
GR004827,BK004827,J000073,Couple Demo Group 04827,3,COUPLE,True,NORMAL
GR004828,BK004828,J000073,Couple Demo Group 04828,6,COUPLE,True,HIGH
GR004829,BK004829,J000073,Group Demo Group 04829,1,GROUP,True,NORMAL
GR004830,BK004830,J000073,Couple Demo Group 04830,4,COUPLE,True,NORMAL
GR004831,BK004831,J000073,Group Demo Group 04831,1,GROUP,True,NORMAL
GR004832,BK004832,J000073,Group Demo Group 04832,3,GROUP,True,NORMAL
GR004833,BK004833,J000073,Friends Demo Group 04833,4,FRIENDS,True,NORMAL
GR004834,BK004834,J000073,Family Demo Group 04834,2,FAMILY,True,NORMAL
GR004835,BK004835,J000073,Friends Demo Group 04835,2,FRIENDS,True,NORMAL
GR004836,BK004836,J000073,Group Demo Group 04836,1,GROUP,True,NORMAL
GR004837,BK004837,J000073,Family Demo Group 04837,7,FAMILY,True,HIGH
GR004838,BK004838,J000073,Friends Demo Group 04838,3,FRIENDS,True,NORMAL
GR004839,BK004839,J000073,Couple Demo Group 04839,3,COUPLE,True,NORMAL
GR004840,BK004840,J000073,Group Demo Group 04840,7,GROUP,True,HIGH
GR004841,BK004841,J000073,Group Demo Group 04841,2,GROUP,True,NORMAL
GR004842,BK004842,J000073,Couple Demo Group 04842,4,COUPLE,True,NORMAL
GR004843,BK004843,J000073,Friends Demo Group 04843,6,FRIENDS,True,HIGH
GR004844,BK004844,J000073,Couple Demo Group 04844,2,COUPLE,True,NORMAL
GR004845,BK004845,J000073,Group Demo Group 04845,2,GROUP,True,NORMAL
GR004846,BK004846,J000073,Couple Demo Group 04846,4,COUPLE,True,NORMAL
GR004847,BK004847,J000073,Friends Demo Group 04847,2,FRIENDS,True,NORMAL
GR004848,BK004848,J000073,Group Demo Group 04848,1,GROUP,True,NORMAL
GR004849,BK004849,J000073,Friends Demo Group 04849,4,FRIENDS,True,NORMAL
GR004850,BK004850,J000073,Friends Demo Group 04850,3,FRIENDS,True,NORMAL
GR004851,BK004851,J000073,Family Demo Group 04851,5,FAMILY,True,NORMAL
GR004852,BK004852,J000073,Couple Demo Group 04852,2,COUPLE,True,NORMAL
GR004853,BK004853,J000073,Group Demo Group 04853,1,GROUP,True,NORMAL
GR004854,BK004854,J000073,Couple Demo Group 04854,4,COUPLE,True,NORMAL
GR004855,BK004855,J000073,Group Demo Group 04855,1,GROUP,True,NORMAL
GR004856,BK004856,J000073,Group Demo Group 04856,3,GROUP,True,NORMAL
GR004857,BK004857,J000073,Group Demo Group 04857,2,GROUP,True,NORMAL
GR004858,BK004858,J000073,Family Demo Group 04858,2,FAMILY,True,NORMAL
GR004859,BK004859,J000073,Friends Demo Group 04859,6,FRIENDS,True,HIGH
GR004860,BK004860,J000073,Group Demo Group 04860,1,GROUP,True,NORMAL
GR004861,BK004861,J000073,Group Demo Group 04861,2,GROUP,True,NORMAL
GR004862,BK004862,J000073,Group Demo Group 04862,5,GROUP,True,NORMAL
GR004863,BK004863,J000073,Friends Demo Group 04863,2,FRIENDS,True,NORMAL
GR004864,BK004864,J000073,Caregiver Demo Group 04864,4,CAREGIVER,True,HIGH
GR004865,BK004865,J000073,Group Demo Group 04865,2,GROUP,True,NORMAL
GR004866,BK004866,J000073,Friends Demo Group 04866,7,FRIENDS,True,HIGH
GR004867,BK004867,J000073,Group Demo Group 04867,1,GROUP,True,NORMAL
GR004868,BK004868,J000073,Family Demo Group 04868,4,FAMILY,True,NORMAL
GR004869,BK004869,J000073,Group Demo Group 04869,2,GROUP,True,NORMAL
GR004870,BK004870,J000073,Group Demo Group 04870,1,GROUP,True,NORMAL
GR004871,BK004871,J000073,Family Demo Group 04871,5,FAMILY,True,NORMAL
GR004872,BK004872,J000073,Group Demo Group 04872,3,GROUP,True,NORMAL
GR004873,BK004873,J000073,Group Demo Group 04873,1,GROUP,True,NORMAL
GR004874,BK004874,J000073,Family Demo Group 04874,2,FAMILY,True,NORMAL
GR004875,BK004875,J000073,Group Demo Group 04875,1,GROUP,True,NORMAL
GR004876,BK004876,J000073,Group Demo Group 04876,3,GROUP,True,NORMAL
GR004877,BK004877,J000073,Family Demo Group 04877,3,FAMILY,True,NORMAL
GR004878,BK004878,J000073,Friends Demo Group 04878,3,FRIENDS,True,NORMAL
GR004879,BK004879,J000073,Friends Demo Group 04879,2,FRIENDS,True,NORMAL
GR004880,BK004880,J000073,Couple Demo Group 04880,2,COUPLE,True,NORMAL
GR004881,BK004881,J000073,Group Demo Group 04881,1,GROUP,True,NORMAL
GR004882,BK004882,J000073,Group Demo Group 04882,5,GROUP,True,NORMAL
GR004883,BK004883,J000073,Caregiver Demo Group 04883,4,CAREGIVER,True,HIGH
GR004884,BK004884,J000073,Couple Demo Group 04884,2,COUPLE,True,NORMAL
GR004885,BK004885,J000073,Group Demo Group 04885,6,GROUP,True,HIGH
GR004886,BK004886,J000073,Couple Demo Group 04886,4,COUPLE,True,NORMAL
GR004887,BK004887,J000073,Group Demo Group 04887,4,GROUP,True,NORMAL
GR004888,BK004888,J000073,Family Demo Group 04888,4,FAMILY,True,NORMAL
GR004889,BK004889,J000073,Friends Demo Group 04889,4,FRIENDS,True,NORMAL
GR004890,BK004890,J000073,Couple Demo Group 04890,4,COUPLE,True,NORMAL
GR004891,BK004891,J000073,Couple Demo Group 04891,3,COUPLE,True,NORMAL
GR004892,BK004892,J000074,Family Demo Group 04892,4,FAMILY,True,NORMAL
GR004893,BK004893,J000074,Family Demo Group 04893,3,FAMILY,True,NORMAL
GR004894,BK004894,J000074,Couple Demo Group 04894,4,COUPLE,True,NORMAL
GR004895,BK004895,J000074,Group Demo Group 04895,4,GROUP,True,NORMAL
GR004896,BK004896,J000074,Group Demo Group 04896,3,GROUP,True,NORMAL
GR004897,BK004897,J000074,Group Demo Group 04897,6,GROUP,True,HIGH
GR004898,BK004898,J000074,Friends Demo Group 04898,3,FRIENDS,True,NORMAL
GR004899,BK004899,J000074,Group Demo Group 04899,4,GROUP,True,NORMAL
GR004900,BK004900,J000074,Group Demo Group 04900,1,GROUP,True,NORMAL
GR004901,BK004901,J000074,Friends Demo Group 04901,4,FRIENDS,True,NORMAL
GR004902,BK004902,J000074,Friends Demo Group 04902,3,FRIENDS,True,NORMAL
GR004903,BK004903,J000074,Group Demo Group 04903,1,GROUP,True,NORMAL
GR004904,BK004904,J000074,Group Demo Group 04904,1,GROUP,True,NORMAL
GR004905,BK004905,J000074,Group Demo Group 04905,1,GROUP,True,NORMAL
GR004906,BK004906,J000074,Friends Demo Group 04906,3,FRIENDS,True,NORMAL
GR004907,BK004907,J000074,Group Demo Group 04907,4,GROUP,True,NORMAL
GR004908,BK004908,J000074,Couple Demo Group 04908,2,COUPLE,True,NORMAL
GR004909,BK004909,J000074,Group Demo Group 04909,2,GROUP,True,NORMAL
GR004910,BK004910,J000074,Couple Demo Group 04910,4,COUPLE,True,NORMAL
GR004911,BK004911,J000074,Group Demo Group 04911,4,GROUP,True,NORMAL
GR004912,BK004912,J000074,Family Demo Group 04912,4,FAMILY,True,NORMAL
GR004913,BK004913,J000074,Group Demo Group 04913,1,GROUP,True,NORMAL
GR004914,BK004914,J000074,Family Demo Group 04914,6,FAMILY,True,HIGH
GR004915,BK004915,J000074,Group Demo Group 04915,4,GROUP,True,NORMAL
GR004916,BK004916,J000074,Couple Demo Group 04916,2,COUPLE,True,NORMAL
GR004917,BK004917,J000074,Friends Demo Group 04917,4,FRIENDS,True,NORMAL
GR004918,BK004918,J000074,Family Demo Group 04918,2,FAMILY,True,NORMAL
GR004919,BK004919,J000074,Friends Demo Group 04919,2,FRIENDS,True,NORMAL
GR004920,BK004920,J000074,Family Demo Group 04920,4,FAMILY,True,NORMAL
GR004921,BK004921,J000074,Caregiver Demo Group 04921,5,CAREGIVER,True,HIGH
GR004922,BK004922,J000074,Friends Demo Group 04922,3,FRIENDS,True,NORMAL
GR004923,BK004923,J000074,Group Demo Group 04923,4,GROUP,True,NORMAL
GR004924,BK004924,J000074,Family Demo Group 04924,4,FAMILY,True,NORMAL
GR004925,BK004925,J000074,Group Demo Group 04925,2,GROUP,True,NORMAL
GR004926,BK004926,J000074,Family Demo Group 04926,2,FAMILY,True,NORMAL
GR004927,BK004927,J000074,Group Demo Group 04927,1,GROUP,True,NORMAL
GR004928,BK004928,J000074,Group Demo Group 04928,1,GROUP,True,NORMAL
GR004929,BK004929,J000074,Group Demo Group 04929,1,GROUP,True,NORMAL
GR004930,BK004930,J000074,Friends Demo Group 04930,3,FRIENDS,True,NORMAL
GR004931,BK004931,J000074,Friends Demo Group 04931,2,FRIENDS,True,NORMAL
GR004932,BK004932,J000074,Couple Demo Group 04932,2,COUPLE,True,NORMAL
GR004933,BK004933,J000074,Family Demo Group 04933,3,FAMILY,True,NORMAL
GR004934,BK004934,J000074,Friends Demo Group 04934,3,FRIENDS,True,NORMAL
GR004935,BK004935,J000074,Group Demo Group 04935,4,GROUP,True,NORMAL
GR004936,BK004936,J000074,Couple Demo Group 04936,2,COUPLE,True,NORMAL
GR004937,BK004937,J000074,Family Demo Group 04937,3,FAMILY,True,NORMAL
GR004938,BK004938,J000074,Family Demo Group 04938,2,FAMILY,True,NORMAL
GR004939,BK004939,J000074,Group Demo Group 04939,1,GROUP,True,NORMAL
GR004940,BK004940,J000074,Group Demo Group 04940,3,GROUP,True,NORMAL
GR004941,BK004941,J000074,Friends Demo Group 04941,8,FRIENDS,True,HIGH
GR004942,BK004942,J000074,Friends Demo Group 04942,3,FRIENDS,True,NORMAL
GR004943,BK004943,J000074,Group Demo Group 04943,4,GROUP,True,NORMAL
GR004944,BK004944,J000074,Family Demo Group 04944,4,FAMILY,True,NORMAL
GR004945,BK004945,J000074,Group Demo Group 04945,1,GROUP,True,NORMAL
GR004946,BK004946,J000074,Group Demo Group 04946,1,GROUP,True,NORMAL
GR004947,BK004947,J000074,Couple Demo Group 04947,3,COUPLE,True,NORMAL
GR004948,BK004948,J000074,Group Demo Group 04948,1,GROUP,True,NORMAL
GR004949,BK004949,J000074,Group Demo Group 04949,2,GROUP,True,NORMAL
GR004950,BK004950,J000074,Couple Demo Group 04950,4,COUPLE,True,NORMAL
GR004951,BK004951,J000074,Group Demo Group 04951,4,GROUP,True,NORMAL
GR004952,BK004952,J000074,Group Demo Group 04952,1,GROUP,True,NORMAL
GR004953,BK004953,J000074,Group Demo Group 04953,1,GROUP,True,NORMAL
GR004954,BK004954,J000074,Group Demo Group 04954,1,GROUP,True,NORMAL
GR004955,BK004955,J000074,Couple Demo Group 04955,3,COUPLE,True,NORMAL
GR004956,BK004956,J000074,Group Demo Group 04956,1,GROUP,True,NORMAL
GR004957,BK004957,J000074,Group Demo Group 04957,6,GROUP,True,HIGH
GR004958,BK004958,J000074,Group Demo Group 04958,5,GROUP,True,NORMAL
GR004959,BK004959,J000075,Caregiver Demo Group 04959,6,CAREGIVER,True,HIGH
GR004960,BK004960,J000075,Couple Demo Group 04960,2,COUPLE,True,NORMAL
GR004961,BK004961,J000075,Group Demo Group 04961,6,GROUP,True,HIGH
GR004962,BK004962,J000075,Couple Demo Group 04962,8,COUPLE,True,HIGH
GR004963,BK004963,J000075,Friends Demo Group 04963,2,FRIENDS,True,NORMAL
GR004964,BK004964,J000075,Group Demo Group 04964,1,GROUP,True,NORMAL
GR004965,BK004965,J000075,Group Demo Group 04965,1,GROUP,True,NORMAL
GR004966,BK004966,J000075,Couple Demo Group 04966,4,COUPLE,True,NORMAL
GR004967,BK004967,J000075,Friends Demo Group 04967,2,FRIENDS,True,NORMAL
GR004968,BK004968,J000075,Group Demo Group 04968,1,GROUP,True,NORMAL
GR004969,BK004969,J000075,Group Demo Group 04969,2,GROUP,True,NORMAL
GR004970,BK004970,J000075,Friends Demo Group 04970,3,FRIENDS,True,NORMAL
GR004971,BK004971,J000075,Group Demo Group 04971,1,GROUP,True,NORMAL
GR004972,BK004972,J000075,Family Demo Group 04972,4,FAMILY,True,NORMAL
GR004973,BK004973,J000075,Group Demo Group 04973,2,GROUP,True,NORMAL
GR004974,BK004974,J000075,Friends Demo Group 04974,3,FRIENDS,True,NORMAL
GR004975,BK004975,J000075,Family Demo Group 04975,5,FAMILY,True,NORMAL
GR004976,BK004976,J000075,Couple Demo Group 04976,2,COUPLE,True,NORMAL
GR004977,BK004977,J000075,Group Demo Group 04977,1,GROUP,True,NORMAL
GR004978,BK004978,J000075,Caregiver Demo Group 04978,6,CAREGIVER,True,HIGH
GR004979,BK004979,J000075,Group Demo Group 04979,4,GROUP,True,NORMAL
GR004980,BK004980,J000075,Family Demo Group 04980,4,FAMILY,True,NORMAL
GR004981,BK004981,J000075,Family Demo Group 04981,3,FAMILY,True,NORMAL
GR004982,BK004982,J000075,Friends Demo Group 04982,7,FRIENDS,True,HIGH
GR004983,BK004983,J000075,Group Demo Group 04983,1,GROUP,True,NORMAL
GR004984,BK004984,J000075,Group Demo Group 04984,7,GROUP,True,HIGH
GR004985,BK004985,J000075,Group Demo Group 04985,1,GROUP,True,NORMAL
GR004986,BK004986,J000075,Group Demo Group 04986,1,GROUP,True,NORMAL
GR004987,BK004987,J000075,Friends Demo Group 04987,2,FRIENDS,True,NORMAL
GR004988,BK004988,J000075,Couple Demo Group 04988,6,COUPLE,True,HIGH
GR004989,BK004989,J000075,Couple Demo Group 04989,5,COUPLE,True,NORMAL
GR004990,BK004990,J000075,Family Demo Group 04990,2,FAMILY,True,NORMAL
GR004991,BK004991,J000075,Couple Demo Group 04991,3,COUPLE,True,NORMAL
GR004992,BK004992,J000075,Group Demo Group 04992,1,GROUP,True,NORMAL
GR004993,BK004993,J000075,Group Demo Group 04993,6,GROUP,True,HIGH
GR004994,BK004994,J000075,Group Demo Group 04994,1,GROUP,True,NORMAL
GR004995,BK004995,J000075,Group Demo Group 04995,4,GROUP,True,NORMAL
GR004996,BK004996,J000075,Group Demo Group 04996,1,GROUP,True,NORMAL
GR004997,BK004997,J000075,Group Demo Group 04997,1,GROUP,True,NORMAL
GR004998,BK004998,J000075,Family Demo Group 04998,2,FAMILY,True,NORMAL
GR004999,BK004999,J000075,Friends Demo Group 04999,2,FRIENDS,True,NORMAL
GR005000,BK005000,J000075,Couple Demo Group 05000,2,COUPLE,True,NORMAL
GR005001,BK005001,J000075,Group Demo Group 05001,2,GROUP,True,NORMAL
GR005002,BK005002,J000075,Group Demo Group 05002,1,GROUP,True,NORMAL
GR005003,BK005003,J000075,Group Demo Group 05003,1,GROUP,True,NORMAL
GR005004,BK005004,J000075,Friends Demo Group 05004,5,FRIENDS,True,NORMAL
GR005005,BK005005,J000075,Family Demo Group 05005,3,FAMILY,True,NORMAL
GR005006,BK005006,J000075,Group Demo Group 05006,1,GROUP,True,NORMAL
GR005007,BK005007,J000075,Group Demo Group 05007,1,GROUP,True,NORMAL
GR005008,BK005008,J000075,Group Demo Group 05008,1,GROUP,True,NORMAL
GR005009,BK005009,J000075,Group Demo Group 05009,1,GROUP,True,NORMAL
GR005010,BK005010,J000075,Family Demo Group 05010,2,FAMILY,True,NORMAL
GR005011,BK005011,J000075,Couple Demo Group 05011,3,COUPLE,True,NORMAL
GR005012,BK005012,J000075,Family Demo Group 05012,4,FAMILY,True,NORMAL
GR005013,BK005013,J000075,Group Demo Group 05013,1,GROUP,True,NORMAL
GR005014,BK005014,J000075,Couple Demo Group 05014,4,COUPLE,True,NORMAL
GR005015,BK005015,J000075,Friends Demo Group 05015,2,FRIENDS,True,NORMAL
GR005016,BK005016,J000075,Group Demo Group 05016,1,GROUP,True,NORMAL
GR005017,BK005017,J000075,Group Demo Group 05017,1,GROUP,True,NORMAL
GR005018,BK005018,J000075,Group Demo Group 05018,1,GROUP,True,NORMAL
GR005019,BK005019,J000075,Couple Demo Group 05019,3,COUPLE,True,NORMAL
GR005020,BK005020,J000075,Group Demo Group 05020,1,GROUP,True,NORMAL
GR005021,BK005021,J000075,Group Demo Group 05021,2,GROUP,True,NORMAL
GR005022,BK005022,J000075,Family Demo Group 05022,2,FAMILY,True,NORMAL
GR005023,BK005023,J000075,Friends Demo Group 05023,6,FRIENDS,True,HIGH
GR005024,BK005024,J000075,Couple Demo Group 05024,2,COUPLE,True,NORMAL
GR005025,BK005025,J000075,Friends Demo Group 05025,4,FRIENDS,True,NORMAL
GR005026,BK005026,J000076,Couple Demo Group 05026,8,COUPLE,True,HIGH
GR005027,BK005027,J000076,Group Demo Group 05027,1,GROUP,True,NORMAL
GR005028,BK005028,J000076,Family Demo Group 05028,4,FAMILY,True,NORMAL
GR005029,BK005029,J000076,Family Demo Group 05029,3,FAMILY,True,NORMAL
GR005030,BK005030,J000076,Couple Demo Group 05030,4,COUPLE,True,NORMAL
GR005031,BK005031,J000076,Group Demo Group 05031,1,GROUP,True,NORMAL
GR005032,BK005032,J000076,Group Demo Group 05032,1,GROUP,True,NORMAL
GR005033,BK005033,J000076,Group Demo Group 05033,1,GROUP,True,NORMAL
GR005034,BK005034,J000076,Family Demo Group 05034,2,FAMILY,True,NORMAL
GR005035,BK005035,J000076,Group Demo Group 05035,1,GROUP,True,NORMAL
GR005036,BK005036,J000076,Family Demo Group 05036,4,FAMILY,True,NORMAL
GR005037,BK005037,J000076,Friends Demo Group 05037,4,FRIENDS,True,NORMAL
GR005038,BK005038,J000076,Friends Demo Group 05038,3,FRIENDS,True,NORMAL
GR005039,BK005039,J000076,Couple Demo Group 05039,3,COUPLE,True,NORMAL
GR005040,BK005040,J000076,Family Demo Group 05040,4,FAMILY,True,NORMAL
GR005041,BK005041,J000076,Group Demo Group 05041,1,GROUP,True,NORMAL
GR005042,BK005042,J000076,Couple Demo Group 05042,4,COUPLE,True,NORMAL
GR005043,BK005043,J000076,Group Demo Group 05043,1,GROUP,True,NORMAL
GR005044,BK005044,J000076,Group Demo Group 05044,3,GROUP,True,NORMAL
GR005045,BK005045,J000076,Friends Demo Group 05045,4,FRIENDS,True,NORMAL
GR005046,BK005046,J000076,Couple Demo Group 05046,4,COUPLE,True,NORMAL
GR005047,BK005047,J000076,Group Demo Group 05047,1,GROUP,True,NORMAL
GR005048,BK005048,J000076,Group Demo Group 05048,3,GROUP,True,NORMAL
GR005049,BK005049,J000076,Family Demo Group 05049,3,FAMILY,True,NORMAL
GR005050,BK005050,J000076,Family Demo Group 05050,2,FAMILY,True,NORMAL
GR005051,BK005051,J000076,Friends Demo Group 05051,2,FRIENDS,True,NORMAL
GR005052,BK005052,J000076,Group Demo Group 05052,3,GROUP,True,NORMAL
GR005053,BK005053,J000076,Friends Demo Group 05053,4,FRIENDS,True,NORMAL
GR005054,BK005054,J000076,Caregiver Demo Group 05054,4,CAREGIVER,True,HIGH
GR005055,BK005055,J000076,Group Demo Group 05055,1,GROUP,True,NORMAL
GR005056,BK005056,J000076,Group Demo Group 05056,7,GROUP,True,HIGH
GR005057,BK005057,J000076,Group Demo Group 05057,1,GROUP,True,NORMAL
GR005058,BK005058,J000076,Group Demo Group 05058,1,GROUP,True,NORMAL
GR005059,BK005059,J000076,Group Demo Group 05059,1,GROUP,True,NORMAL
GR005060,BK005060,J000076,Family Demo Group 05060,4,FAMILY,True,NORMAL
GR005061,BK005061,J000076,Group Demo Group 05061,6,GROUP,True,HIGH
GR005062,BK005062,J000076,Group Demo Group 05062,1,GROUP,True,NORMAL
GR005063,BK005063,J000076,Group Demo Group 05063,4,GROUP,True,NORMAL
GR005064,BK005064,J000076,Family Demo Group 05064,4,FAMILY,True,NORMAL
GR005065,BK005065,J000076,Group Demo Group 05065,1,GROUP,True,NORMAL
GR005066,BK005066,J000076,Family Demo Group 05066,2,FAMILY,True,NORMAL
GR005067,BK005067,J000076,Group Demo Group 05067,4,GROUP,True,NORMAL
GR005068,BK005068,J000076,Group Demo Group 05068,3,GROUP,True,NORMAL
GR005069,BK005069,J000076,Group Demo Group 05069,6,GROUP,True,HIGH
GR005070,BK005070,J000076,Group Demo Group 05070,1,GROUP,True,NORMAL
GR005071,BK005071,J000076,Couple Demo Group 05071,3,COUPLE,True,NORMAL
GR005072,BK005072,J000076,Group Demo Group 05072,1,GROUP,True,NORMAL
GR005073,BK005073,J000076,Family Demo Group 05073,3,FAMILY,True,NORMAL
GR005074,BK005074,J000076,Group Demo Group 05074,5,GROUP,True,NORMAL
GR005075,BK005075,J000076,Couple Demo Group 05075,3,COUPLE,True,NORMAL
GR005076,BK005076,J000076,Group Demo Group 05076,3,GROUP,True,NORMAL
GR005077,BK005077,J000076,Friends Demo Group 05077,4,FRIENDS,True,NORMAL
GR005078,BK005078,J000076,Family Demo Group 05078,2,FAMILY,True,NORMAL
GR005079,BK005079,J000076,Friends Demo Group 05079,2,FRIENDS,True,NORMAL
GR005080,BK005080,J000076,Group Demo Group 05080,1,GROUP,True,NORMAL
GR005081,BK005081,J000076,Friends Demo Group 05081,4,FRIENDS,True,NORMAL
GR005082,BK005082,J000076,Family Demo Group 05082,2,FAMILY,True,NORMAL
GR005083,BK005083,J000076,Couple Demo Group 05083,7,COUPLE,True,HIGH
GR005084,BK005084,J000076,Couple Demo Group 05084,2,COUPLE,True,NORMAL
GR005085,BK005085,J000076,Group Demo Group 05085,1,GROUP,True,NORMAL
GR005086,BK005086,J000076,Couple Demo Group 05086,4,COUPLE,True,NORMAL
GR005087,BK005087,J000076,Couple Demo Group 05087,3,COUPLE,True,NORMAL
GR005088,BK005088,J000076,Couple Demo Group 05088,2,COUPLE,True,NORMAL
GR005089,BK005089,J000076,Family Demo Group 05089,3,FAMILY,True,NORMAL
GR005090,BK005090,J000076,Friends Demo Group 05090,3,FRIENDS,True,NORMAL
GR005091,BK005091,J000076,Group Demo Group 05091,8,GROUP,True,HIGH
GR005092,BK005092,J000076,Group Demo Group 05092,3,GROUP,True,NORMAL
GR005093,BK005093,J000077,Couple Demo Group 05093,5,COUPLE,True,NORMAL
GR005094,BK005094,J000077,Family Demo Group 05094,2,FAMILY,True,NORMAL
GR005095,BK005095,J000077,Family Demo Group 05095,5,FAMILY,True,NORMAL
GR005096,BK005096,J000077,Group Demo Group 05096,1,GROUP,True,NORMAL
GR005097,BK005097,J000077,Group Demo Group 05097,2,GROUP,True,NORMAL
GR005098,BK005098,J000077,Couple Demo Group 05098,4,COUPLE,True,NORMAL
GR005099,BK005099,J000077,Group Demo Group 05099,4,GROUP,True,NORMAL
GR005100,BK005100,J000077,Couple Demo Group 05100,6,COUPLE,True,HIGH
GR005101,BK005101,J000077,Friends Demo Group 05101,4,FRIENDS,True,NORMAL
GR005102,BK005102,J000077,Couple Demo Group 05102,4,COUPLE,True,NORMAL
GR005103,BK005103,J000077,Couple Demo Group 05103,3,COUPLE,True,NORMAL
GR005104,BK005104,J000077,Couple Demo Group 05104,2,COUPLE,True,NORMAL
GR005105,BK005105,J000077,Group Demo Group 05105,2,GROUP,True,NORMAL
GR005106,BK005106,J000077,Couple Demo Group 05106,4,COUPLE,True,NORMAL
GR005107,BK005107,J000077,Family Demo Group 05107,5,FAMILY,True,NORMAL
GR005108,BK005108,J000077,Group Demo Group 05108,3,GROUP,True,NORMAL
GR005109,BK005109,J000077,Family Demo Group 05109,3,FAMILY,True,NORMAL
GR005110,BK005110,J000077,Group Demo Group 05110,1,GROUP,True,NORMAL
GR005111,BK005111,J000077,Group Demo Group 05111,1,GROUP,True,NORMAL
GR005112,BK005112,J000077,Couple Demo Group 05112,2,COUPLE,True,NORMAL
GR005113,BK005113,J000077,Group Demo Group 05113,6,GROUP,True,HIGH
GR005114,BK005114,J000077,Family Demo Group 05114,2,FAMILY,True,NORMAL
GR005115,BK005115,J000077,Friends Demo Group 05115,2,FRIENDS,True,NORMAL
GR005116,BK005116,J000077,Family Demo Group 05116,4,FAMILY,True,NORMAL
GR005117,BK005117,J000077,Family Demo Group 05117,3,FAMILY,True,NORMAL
GR005118,BK005118,J000077,Group Demo Group 05118,1,GROUP,True,NORMAL
GR005119,BK005119,J000077,Group Demo Group 05119,4,GROUP,True,NORMAL
GR005120,BK005120,J000077,Family Demo Group 05120,4,FAMILY,True,NORMAL
GR005121,BK005121,J000077,Group Demo Group 05121,1,GROUP,True,NORMAL
GR005122,BK005122,J000077,Friends Demo Group 05122,3,FRIENDS,True,NORMAL
GR005123,BK005123,J000077,Group Demo Group 05123,4,GROUP,True,NORMAL
GR005124,BK005124,J000077,Couple Demo Group 05124,2,COUPLE,True,NORMAL
GR005125,BK005125,J000077,Group Demo Group 05125,1,GROUP,True,NORMAL
GR005126,BK005126,J000077,Group Demo Group 05126,1,GROUP,True,NORMAL
GR005127,BK005127,J000077,Group Demo Group 05127,4,GROUP,True,NORMAL
GR005128,BK005128,J000077,Couple Demo Group 05128,2,COUPLE,True,NORMAL
GR005129,BK005129,J000077,Friends Demo Group 05129,4,FRIENDS,True,NORMAL
GR005130,BK005130,J000077,Group Demo Group 05130,1,GROUP,True,NORMAL
GR005131,BK005131,J000077,Couple Demo Group 05131,3,COUPLE,True,NORMAL
GR005132,BK005132,J000077,Group Demo Group 05132,3,GROUP,True,NORMAL
GR005133,BK005133,J000077,Group Demo Group 05133,1,GROUP,True,NORMAL
GR005134,BK005134,J000077,Group Demo Group 05134,5,GROUP,True,NORMAL
GR005135,BK005135,J000077,Friends Demo Group 05135,2,FRIENDS,True,NORMAL
GR005136,BK005136,J000077,Group Demo Group 05136,3,GROUP,True,NORMAL
GR005137,BK005137,J000077,Group Demo Group 05137,1,GROUP,True,NORMAL
GR005138,BK005138,J000077,Family Demo Group 05138,2,FAMILY,True,NORMAL
GR005139,BK005139,J000077,Group Demo Group 05139,1,GROUP,True,NORMAL
GR005140,BK005140,J000077,Group Demo Group 05140,1,GROUP,True,NORMAL
GR005141,BK005141,J000077,Group Demo Group 05141,2,GROUP,True,NORMAL
GR005142,BK005142,J000077,Couple Demo Group 05142,4,COUPLE,True,NORMAL
GR005143,BK005143,J000077,Friends Demo Group 05143,2,FRIENDS,True,NORMAL
GR005144,BK005144,J000077,Couple Demo Group 05144,2,COUPLE,True,NORMAL
GR005145,BK005145,J000077,Friends Demo Group 05145,4,FRIENDS,True,NORMAL
GR005146,BK005146,J000077,Group Demo Group 05146,5,GROUP,True,NORMAL
GR005147,BK005147,J000077,Group Demo Group 05147,4,GROUP,True,NORMAL
GR005148,BK005148,J000077,Couple Demo Group 05148,2,COUPLE,True,NORMAL
GR005149,BK005149,J000077,Family Demo Group 05149,3,FAMILY,True,NORMAL
GR005150,BK005150,J000077,Family Demo Group 05150,2,FAMILY,True,NORMAL
GR005151,BK005151,J000077,Group Demo Group 05151,1,GROUP,True,NORMAL
GR005152,BK005152,J000077,Group Demo Group 05152,1,GROUP,True,NORMAL
GR005153,BK005153,J000077,Friends Demo Group 05153,4,FRIENDS,True,NORMAL
GR005154,BK005154,J000077,Group Demo Group 05154,1,GROUP,True,NORMAL
GR005155,BK005155,J000077,Friends Demo Group 05155,2,FRIENDS,True,NORMAL
GR005156,BK005156,J000077,Group Demo Group 05156,1,GROUP,True,NORMAL
GR005157,BK005157,J000077,Friends Demo Group 05157,4,FRIENDS,True,NORMAL
GR005158,BK005158,J000077,Group Demo Group 05158,1,GROUP,True,NORMAL
GR005159,BK005159,J000077,Friends Demo Group 05159,2,FRIENDS,True,NORMAL
GR005160,BK005160,J000078,Friends Demo Group 05160,5,FRIENDS,True,NORMAL
GR005161,BK005161,J000078,Group Demo Group 05161,2,GROUP,True,NORMAL
GR005162,BK005162,J000078,Group Demo Group 05162,1,GROUP,True,NORMAL
GR005163,BK005163,J000078,Group Demo Group 05163,1,GROUP,True,NORMAL
GR005164,BK005164,J000078,Group Demo Group 05164,3,GROUP,True,NORMAL
GR005165,BK005165,J000078,Group Demo Group 05165,6,GROUP,True,HIGH
GR005166,BK005166,J000078,Family Demo Group 05166,6,FAMILY,True,HIGH
GR005167,BK005167,J000078,Couple Demo Group 05167,3,COUPLE,True,NORMAL
GR005168,BK005168,J000078,Couple Demo Group 05168,2,COUPLE,True,NORMAL
GR005169,BK005169,J000078,Friends Demo Group 05169,4,FRIENDS,True,NORMAL
GR005170,BK005170,J000078,Couple Demo Group 05170,4,COUPLE,True,NORMAL
GR005171,BK005171,J000078,Group Demo Group 05171,4,GROUP,True,NORMAL
GR005172,BK005172,J000078,Group Demo Group 05172,3,GROUP,True,NORMAL
GR005173,BK005173,J000078,Group Demo Group 05173,1,GROUP,True,NORMAL
GR005174,BK005174,J000078,Couple Demo Group 05174,4,COUPLE,True,NORMAL
GR005175,BK005175,J000078,Group Demo Group 05175,4,GROUP,True,NORMAL
GR005176,BK005176,J000078,Group Demo Group 05176,1,GROUP,True,NORMAL
GR005177,BK005177,J000078,Friends Demo Group 05177,4,FRIENDS,True,NORMAL
GR005178,BK005178,J000078,Friends Demo Group 05178,3,FRIENDS,True,NORMAL
GR005179,BK005179,J000078,Group Demo Group 05179,1,GROUP,True,NORMAL
GR005180,BK005180,J000078,Couple Demo Group 05180,2,COUPLE,True,NORMAL
GR005181,BK005181,J000078,Group Demo Group 05181,6,GROUP,True,HIGH
GR005182,BK005182,J000078,Family Demo Group 05182,2,FAMILY,True,NORMAL
GR005183,BK005183,J000078,Couple Demo Group 05183,7,COUPLE,True,HIGH
GR005184,BK005184,J000078,Couple Demo Group 05184,2,COUPLE,True,NORMAL
GR005185,BK005185,J000078,Group Demo Group 05185,1,GROUP,True,NORMAL
GR005186,BK005186,J000078,Friends Demo Group 05186,3,FRIENDS,True,NORMAL
GR005187,BK005187,J000078,Couple Demo Group 05187,3,COUPLE,True,NORMAL
GR005188,BK005188,J000078,Couple Demo Group 05188,2,COUPLE,True,NORMAL
GR005189,BK005189,J000078,Couple Demo Group 05189,5,COUPLE,True,NORMAL
GR005190,BK005190,J000078,Group Demo Group 05190,1,GROUP,True,NORMAL
GR005191,BK005191,J000078,Group Demo Group 05191,4,GROUP,True,NORMAL
GR005192,BK005192,J000078,Couple Demo Group 05192,6,COUPLE,True,HIGH
GR005193,BK005193,J000078,Group Demo Group 05193,1,GROUP,True,NORMAL
GR005194,BK005194,J000078,Family Demo Group 05194,2,FAMILY,True,NORMAL
GR005195,BK005195,J000078,Friends Demo Group 05195,2,FRIENDS,True,NORMAL
GR005196,BK005196,J000078,Group Demo Group 05196,7,GROUP,True,HIGH
GR005197,BK005197,J000078,Group Demo Group 05197,1,GROUP,True,NORMAL
GR005198,BK005198,J000078,Group Demo Group 05198,1,GROUP,True,NORMAL
GR005199,BK005199,J000078,Group Demo Group 05199,4,GROUP,True,NORMAL
GR005200,BK005200,J000078,Group Demo Group 05200,1,GROUP,True,NORMAL
GR005201,BK005201,J000078,Family Demo Group 05201,3,FAMILY,True,NORMAL
GR005202,BK005202,J000078,Family Demo Group 05202,2,FAMILY,True,NORMAL
GR005203,BK005203,J000078,Group Demo Group 05203,1,GROUP,True,NORMAL
GR005204,BK005204,J000078,Group Demo Group 05204,1,GROUP,True,NORMAL
GR005205,BK005205,J000078,Family Demo Group 05205,3,FAMILY,True,NORMAL
GR005206,BK005206,J000078,Caregiver Demo Group 05206,4,CAREGIVER,True,HIGH
GR005207,BK005207,J000078,Couple Demo Group 05207,3,COUPLE,True,NORMAL
GR005208,BK005208,J000078,Group Demo Group 05208,1,GROUP,True,NORMAL
GR005209,BK005209,J000078,Friends Demo Group 05209,4,FRIENDS,True,NORMAL
GR005210,BK005210,J000078,Couple Demo Group 05210,4,COUPLE,True,NORMAL
GR005211,BK005211,J000078,Group Demo Group 05211,4,GROUP,True,NORMAL
GR005212,BK005212,J000078,Couple Demo Group 05212,2,COUPLE,True,NORMAL
GR005213,BK005213,J000078,Group Demo Group 05213,1,GROUP,True,NORMAL
GR005214,BK005214,J000078,Group Demo Group 05214,5,GROUP,True,NORMAL
GR005215,BK005215,J000078,Group Demo Group 05215,4,GROUP,True,NORMAL
GR005216,BK005216,J000078,Couple Demo Group 05216,2,COUPLE,True,NORMAL
GR005217,BK005217,J000078,Group Demo Group 05217,1,GROUP,True,NORMAL
GR005218,BK005218,J000078,Friends Demo Group 05218,3,FRIENDS,True,NORMAL
GR005219,BK005219,J000078,Friends Demo Group 05219,2,FRIENDS,True,NORMAL
GR005220,BK005220,J000078,Family Demo Group 05220,4,FAMILY,True,NORMAL
GR005221,BK005221,J000078,Family Demo Group 05221,3,FAMILY,True,NORMAL
GR005222,BK005222,J000078,Couple Demo Group 05222,4,COUPLE,True,NORMAL
GR005223,BK005223,J000078,Friends Demo Group 05223,2,FRIENDS,True,NORMAL
GR005224,BK005224,J000078,Family Demo Group 05224,4,FAMILY,True,NORMAL
GR005225,BK005225,J000078,Group Demo Group 05225,2,GROUP,True,NORMAL
GR005226,BK005226,J000078,Couple Demo Group 05226,4,COUPLE,True,NORMAL
GR005227,BK005227,J000079,Friends Demo Group 05227,2,FRIENDS,True,NORMAL
GR005228,BK005228,J000079,Couple Demo Group 05228,2,COUPLE,True,NORMAL
GR005229,BK005229,J000079,Group Demo Group 05229,2,GROUP,True,NORMAL
GR005230,BK005230,J000079,Group Demo Group 05230,1,GROUP,True,NORMAL
GR005231,BK005231,J000079,Group Demo Group 05231,1,GROUP,True,NORMAL
GR005232,BK005232,J000079,Group Demo Group 05232,1,GROUP,True,NORMAL
GR005233,BK005233,J000079,Group Demo Group 05233,2,GROUP,True,NORMAL
GR005234,BK005234,J000079,Group Demo Group 05234,1,GROUP,True,NORMAL
GR005235,BK005235,J000079,Friends Demo Group 05235,2,FRIENDS,True,NORMAL
GR005236,BK005236,J000079,Family Demo Group 05236,4,FAMILY,True,NORMAL
GR005237,BK005237,J000079,Group Demo Group 05237,2,GROUP,True,NORMAL
GR005238,BK005238,J000079,Group Demo Group 05238,1,GROUP,True,NORMAL
GR005239,BK005239,J000079,Friends Demo Group 05239,2,FRIENDS,True,NORMAL
GR005240,BK005240,J000079,Group Demo Group 05240,1,GROUP,True,NORMAL
GR005241,BK005241,J000079,Couple Demo Group 05241,5,COUPLE,True,NORMAL
GR005242,BK005242,J000079,Friends Demo Group 05242,3,FRIENDS,True,NORMAL
GR005243,BK005243,J000079,Group Demo Group 05243,4,GROUP,True,NORMAL
GR005244,BK005244,J000079,Caregiver Demo Group 05244,7,CAREGIVER,True,HIGH
GR005245,BK005245,J000079,Friends Demo Group 05245,4,FRIENDS,True,NORMAL
GR005246,BK005246,J000079,Friends Demo Group 05246,3,FRIENDS,True,NORMAL
GR005247,BK005247,J000079,Group Demo Group 05247,1,GROUP,True,NORMAL
GR005248,BK005248,J000079,Friends Demo Group 05248,5,FRIENDS,True,NORMAL
GR005249,BK005249,J000079,Family Demo Group 05249,7,FAMILY,True,HIGH
GR005250,BK005250,J000079,Group Demo Group 05250,1,GROUP,True,NORMAL
GR005251,BK005251,J000079,Couple Demo Group 05251,3,COUPLE,True,NORMAL
GR005252,BK005252,J000079,Group Demo Group 05252,1,GROUP,True,NORMAL
GR005253,BK005253,J000079,Group Demo Group 05253,1,GROUP,True,NORMAL
GR005254,BK005254,J000079,Family Demo Group 05254,2,FAMILY,True,NORMAL
GR005255,BK005255,J000079,Friends Demo Group 05255,2,FRIENDS,True,NORMAL
GR005256,BK005256,J000079,Group Demo Group 05256,1,GROUP,True,NORMAL
GR005257,BK005257,J000079,Group Demo Group 05257,2,GROUP,True,NORMAL
GR005258,BK005258,J000079,Couple Demo Group 05258,4,COUPLE,True,NORMAL
GR005259,BK005259,J000079,Group Demo Group 05259,1,GROUP,True,NORMAL
GR005260,BK005260,J000079,Group Demo Group 05260,1,GROUP,True,NORMAL
GR005261,BK005261,J000079,Friends Demo Group 05261,8,FRIENDS,True,HIGH
GR005262,BK005262,J000079,Friends Demo Group 05262,3,FRIENDS,True,NORMAL
GR005263,BK005263,J000079,Friends Demo Group 05263,2,FRIENDS,True,NORMAL
GR005264,BK005264,J000079,Family Demo Group 05264,4,FAMILY,True,NORMAL
GR005265,BK005265,J000079,Friends Demo Group 05265,4,FRIENDS,True,NORMAL
GR005266,BK005266,J000079,Friends Demo Group 05266,3,FRIENDS,True,NORMAL
GR005267,BK005267,J000079,Family Demo Group 05267,5,FAMILY,True,NORMAL
GR005268,BK005268,J000079,Couple Demo Group 05268,2,COUPLE,True,NORMAL
GR005269,BK005269,J000079,Group Demo Group 05269,1,GROUP,True,NORMAL
GR005270,BK005270,J000079,Couple Demo Group 05270,4,COUPLE,True,NORMAL
GR005271,BK005271,J000079,Group Demo Group 05271,4,GROUP,True,NORMAL
GR005272,BK005272,J000079,Family Demo Group 05272,4,FAMILY,True,NORMAL
GR005273,BK005273,J000079,Group Demo Group 05273,1,GROUP,True,NORMAL
GR005274,BK005274,J000079,Couple Demo Group 05274,4,COUPLE,True,NORMAL
GR005275,BK005275,J000079,Group Demo Group 05275,1,GROUP,True,NORMAL
GR005276,BK005276,J000079,Friends Demo Group 05276,5,FRIENDS,True,NORMAL
GR005277,BK005277,J000079,Friends Demo Group 05277,4,FRIENDS,True,NORMAL
GR005278,BK005278,J000079,Group Demo Group 05278,1,GROUP,True,NORMAL
GR005279,BK005279,J000079,Group Demo Group 05279,1,GROUP,True,NORMAL
GR005280,BK005280,J000079,Group Demo Group 05280,1,GROUP,True,NORMAL
GR005281,BK005281,J000079,Group Demo Group 05281,2,GROUP,True,NORMAL
GR005282,BK005282,J000079,Family Demo Group 05282,2,FAMILY,True,NORMAL
GR005283,BK005283,J000079,Couple Demo Group 05283,3,COUPLE,True,NORMAL
GR005284,BK005284,J000079,Group Demo Group 05284,1,GROUP,True,NORMAL
GR005285,BK005285,J000079,Group Demo Group 05285,6,GROUP,True,HIGH
GR005286,BK005286,J000079,Family Demo Group 05286,2,FAMILY,True,NORMAL
GR005287,BK005287,J000079,Friends Demo Group 05287,2,FRIENDS,True,NORMAL
GR005288,BK005288,J000079,Friends Demo Group 05288,5,FRIENDS,True,NORMAL
GR005289,BK005289,J000079,Group Demo Group 05289,1,GROUP,True,NORMAL
GR005290,BK005290,J000079,Couple Demo Group 05290,4,COUPLE,True,NORMAL
GR005291,BK005291,J000079,Group Demo Group 05291,1,GROUP,True,NORMAL
GR005292,BK005292,J000079,Family Demo Group 05292,4,FAMILY,True,NORMAL
GR005293,BK005293,J000079,Group Demo Group 05293,1,GROUP,True,NORMAL
GR005294,BK005294,J000080,Friends Demo Group 05294,3,FRIENDS,True,NORMAL
GR005295,BK005295,J000080,Group Demo Group 05295,4,GROUP,True,NORMAL
GR005296,BK005296,J000080,Group Demo Group 05296,3,GROUP,True,NORMAL
GR005297,BK005297,J000080,Group Demo Group 05297,2,GROUP,True,NORMAL
GR005298,BK005298,J000080,Couple Demo Group 05298,8,COUPLE,True,HIGH
GR005299,BK005299,J000080,Friends Demo Group 05299,2,FRIENDS,True,NORMAL
GR005300,BK005300,J000080,Family Demo Group 05300,4,FAMILY,True,NORMAL
GR005301,BK005301,J000080,Group Demo Group 05301,1,GROUP,True,NORMAL
GR005302,BK005302,J000080,Couple Demo Group 05302,4,COUPLE,True,NORMAL
GR005303,BK005303,J000080,Group Demo Group 05303,4,GROUP,True,NORMAL
GR005304,BK005304,J000080,Group Demo Group 05304,1,GROUP,True,NORMAL
GR005305,BK005305,J000080,Group Demo Group 05305,1,GROUP,True,NORMAL
GR005306,BK005306,J000080,Couple Demo Group 05306,4,COUPLE,True,NORMAL
GR005307,BK005307,J000080,Group Demo Group 05307,4,GROUP,True,NORMAL
GR005308,BK005308,J000080,Group Demo Group 05308,3,GROUP,True,NORMAL
GR005309,BK005309,J000080,Couple Demo Group 05309,5,COUPLE,True,NORMAL
GR005310,BK005310,J000080,Friends Demo Group 05310,3,FRIENDS,True,NORMAL
GR005311,BK005311,J000080,Friends Demo Group 05311,6,FRIENDS,True,HIGH
GR005312,BK005312,J000080,Couple Demo Group 05312,6,COUPLE,True,HIGH
GR005313,BK005313,J000080,Group Demo Group 05313,6,GROUP,True,HIGH
GR005314,BK005314,J000080,Family Demo Group 05314,6,FAMILY,True,HIGH
GR005315,BK005315,J000080,Group Demo Group 05315,1,GROUP,True,NORMAL
GR005316,BK005316,J000080,Couple Demo Group 05316,6,COUPLE,True,HIGH
GR005317,BK005317,J000080,Friends Demo Group 05317,4,FRIENDS,True,NORMAL
GR005318,BK005318,J000080,Group Demo Group 05318,1,GROUP,True,NORMAL
GR005319,BK005319,J000080,Group Demo Group 05319,1,GROUP,True,NORMAL
GR005320,BK005320,J000080,Group Demo Group 05320,3,GROUP,True,NORMAL
GR005321,BK005321,J000080,Group Demo Group 05321,1,GROUP,True,NORMAL
GR005322,BK005322,J000080,Group Demo Group 05322,1,GROUP,True,NORMAL
GR005323,BK005323,J000080,Group Demo Group 05323,1,GROUP,True,NORMAL
GR005324,BK005324,J000080,Family Demo Group 05324,4,FAMILY,True,NORMAL
GR005325,BK005325,J000080,Group Demo Group 05325,2,GROUP,True,NORMAL
GR005326,BK005326,J000080,Family Demo Group 05326,2,FAMILY,True,NORMAL
GR005327,BK005327,J000080,Friends Demo Group 05327,2,FRIENDS,True,NORMAL
GR005328,BK005328,J000080,Group Demo Group 05328,1,GROUP,True,NORMAL
GR005329,BK005329,J000080,Friends Demo Group 05329,4,FRIENDS,True,NORMAL
GR005330,BK005330,J000080,Group Demo Group 05330,1,GROUP,True,NORMAL
GR005331,BK005331,J000080,Friends Demo Group 05331,2,FRIENDS,True,NORMAL
GR005332,BK005332,J000080,Group Demo Group 05332,3,GROUP,True,NORMAL
GR005333,BK005333,J000080,Family Demo Group 05333,3,FAMILY,True,NORMAL
GR005334,BK005334,J000080,Group Demo Group 05334,1,GROUP,True,NORMAL
GR005335,BK005335,J000080,Couple Demo Group 05335,3,COUPLE,True,NORMAL
GR005336,BK005336,J000080,Group Demo Group 05336,3,GROUP,True,NORMAL
GR005337,BK005337,J000080,Group Demo Group 05337,2,GROUP,True,NORMAL
GR005338,BK005338,J000080,Group Demo Group 05338,1,GROUP,True,NORMAL
GR005339,BK005339,J000080,Caregiver Demo Group 05339,6,CAREGIVER,True,HIGH
GR005340,BK005340,J000080,Group Demo Group 05340,1,GROUP,True,NORMAL
GR005341,BK005341,J000080,Group Demo Group 05341,1,GROUP,True,NORMAL
GR005342,BK005342,J000080,Friends Demo Group 05342,7,FRIENDS,True,HIGH
GR005343,BK005343,J000080,Friends Demo Group 05343,6,FRIENDS,True,HIGH
GR005344,BK005344,J000080,Couple Demo Group 05344,2,COUPLE,True,NORMAL
GR005345,BK005345,J000080,Group Demo Group 05345,2,GROUP,True,NORMAL
GR005346,BK005346,J000080,Group Demo Group 05346,1,GROUP,True,NORMAL
GR005347,BK005347,J000080,Group Demo Group 05347,1,GROUP,True,NORMAL
GR005348,BK005348,J000080,Group Demo Group 05348,1,GROUP,True,NORMAL
GR005349,BK005349,J000080,Group Demo Group 05349,1,GROUP,True,NORMAL
GR005350,BK005350,J000080,Group Demo Group 05350,5,GROUP,True,NORMAL
GR005351,BK005351,J000080,Couple Demo Group 05351,3,COUPLE,True,NORMAL
GR005352,BK005352,J000080,Family Demo Group 05352,4,FAMILY,True,NORMAL
GR005353,BK005353,J000080,Group Demo Group 05353,1,GROUP,True,NORMAL
GR005354,BK005354,J000080,Group Demo Group 05354,1,GROUP,True,NORMAL
GR005355,BK005355,J000080,Friends Demo Group 05355,2,FRIENDS,True,NORMAL
GR005356,BK005356,J000080,Family Demo Group 05356,4,FAMILY,True,NORMAL
GR005357,BK005357,J000080,Family Demo Group 05357,3,FAMILY,True,NORMAL
GR005358,BK005358,J000080,Group Demo Group 05358,1,GROUP,True,NORMAL
GR005359,BK005359,J000080,Friends Demo Group 05359,2,FRIENDS,True,NORMAL
GR005360,BK005360,J000080,Group Demo Group 05360,7,GROUP,True,HIGH
GR005361,BK005361,J000081,Group Demo Group 05361,2,GROUP,True,NORMAL
GR005362,BK005362,J000081,Group Demo Group 05362,1,GROUP,True,NORMAL
GR005363,BK005363,J000081,Friends Demo Group 05363,6,FRIENDS,True,HIGH
GR005364,BK005364,J000081,Group Demo Group 05364,1,GROUP,True,NORMAL
GR005365,BK005365,J000081,Friends Demo Group 05365,4,FRIENDS,True,NORMAL
GR005366,BK005366,J000081,Family Demo Group 05366,2,FAMILY,True,NORMAL
GR005367,BK005367,J000081,Friends Demo Group 05367,2,FRIENDS,True,NORMAL
GR005368,BK005368,J000081,Couple Demo Group 05368,2,COUPLE,True,NORMAL
GR005369,BK005369,J000081,Group Demo Group 05369,1,GROUP,True,NORMAL
GR005370,BK005370,J000081,Group Demo Group 05370,1,GROUP,True,NORMAL
GR005371,BK005371,J000081,Couple Demo Group 05371,7,COUPLE,True,HIGH
GR005372,BK005372,J000081,Group Demo Group 05372,1,GROUP,True,NORMAL
GR005373,BK005373,J000081,Friends Demo Group 05373,8,FRIENDS,True,HIGH
GR005374,BK005374,J000081,Friends Demo Group 05374,3,FRIENDS,True,NORMAL
GR005375,BK005375,J000081,Group Demo Group 05375,1,GROUP,True,NORMAL
GR005376,BK005376,J000081,Couple Demo Group 05376,2,COUPLE,True,NORMAL
GR005377,BK005377,J000081,Group Demo Group 05377,1,GROUP,True,NORMAL
GR005378,BK005378,J000081,Family Demo Group 05378,2,FAMILY,True,NORMAL
GR005379,BK005379,J000081,Group Demo Group 05379,4,GROUP,True,NORMAL
GR005380,BK005380,J000081,Group Demo Group 05380,1,GROUP,True,NORMAL
GR005381,BK005381,J000081,Group Demo Group 05381,1,GROUP,True,NORMAL
GR005382,BK005382,J000081,Family Demo Group 05382,2,FAMILY,True,NORMAL
GR005383,BK005383,J000081,Group Demo Group 05383,1,GROUP,True,NORMAL
GR005384,BK005384,J000081,Family Demo Group 05384,4,FAMILY,True,NORMAL
GR005385,BK005385,J000081,Family Demo Group 05385,3,FAMILY,True,NORMAL
GR005386,BK005386,J000081,Family Demo Group 05386,2,FAMILY,True,NORMAL
GR005387,BK005387,J000081,Friends Demo Group 05387,2,FRIENDS,True,NORMAL
GR005388,BK005388,J000081,Couple Demo Group 05388,2,COUPLE,True,NORMAL
GR005389,BK005389,J000081,Friends Demo Group 05389,4,FRIENDS,True,NORMAL
GR005390,BK005390,J000081,Couple Demo Group 05390,8,COUPLE,True,HIGH
GR005391,BK005391,J000081,Group Demo Group 05391,4,GROUP,True,NORMAL
GR005392,BK005392,J000081,Group Demo Group 05392,3,GROUP,True,NORMAL
GR005393,BK005393,J000081,Couple Demo Group 05393,5,COUPLE,True,NORMAL
GR005394,BK005394,J000081,Group Demo Group 05394,1,GROUP,True,NORMAL
GR005395,BK005395,J000081,Group Demo Group 05395,4,GROUP,True,NORMAL
GR005396,BK005396,J000081,Caregiver Demo Group 05396,4,CAREGIVER,True,HIGH
GR005397,BK005397,J000081,Group Demo Group 05397,2,GROUP,True,NORMAL
GR005398,BK005398,J000081,Friends Demo Group 05398,3,FRIENDS,True,NORMAL
GR005399,BK005399,J000081,Group Demo Group 05399,4,GROUP,True,NORMAL
GR005400,BK005400,J000081,Couple Demo Group 05400,2,COUPLE,True,NORMAL
GR005401,BK005401,J000081,Family Demo Group 05401,3,FAMILY,True,NORMAL
GR005402,BK005402,J000081,Group Demo Group 05402,1,GROUP,True,NORMAL
GR005403,BK005403,J000081,Couple Demo Group 05403,3,COUPLE,True,NORMAL
GR005404,BK005404,J000081,Group Demo Group 05404,3,GROUP,True,NORMAL
GR005405,BK005405,J000081,Friends Demo Group 05405,4,FRIENDS,True,NORMAL
GR005406,BK005406,J000081,Couple Demo Group 05406,8,COUPLE,True,HIGH
GR005407,BK005407,J000081,Friends Demo Group 05407,2,FRIENDS,True,NORMAL
GR005408,BK005408,J000081,Group Demo Group 05408,3,GROUP,True,NORMAL
GR005409,BK005409,J000081,Friends Demo Group 05409,4,FRIENDS,True,NORMAL
GR005410,BK005410,J000081,Group Demo Group 05410,1,GROUP,True,NORMAL
GR005411,BK005411,J000081,Friends Demo Group 05411,2,FRIENDS,True,NORMAL
GR005412,BK005412,J000081,Group Demo Group 05412,7,GROUP,True,HIGH
GR005413,BK005413,J000081,Group Demo Group 05413,1,GROUP,True,NORMAL
GR005414,BK005414,J000081,Group Demo Group 05414,5,GROUP,True,NORMAL
GR005415,BK005415,J000081,Couple Demo Group 05415,3,COUPLE,True,NORMAL
GR005416,BK005416,J000081,Group Demo Group 05416,7,GROUP,True,HIGH
GR005417,BK005417,J000081,Group Demo Group 05417,2,GROUP,True,NORMAL
GR005418,BK005418,J000081,Friends Demo Group 05418,3,FRIENDS,True,NORMAL
GR005419,BK005419,J000081,Friends Demo Group 05419,2,FRIENDS,True,NORMAL
GR005420,BK005420,J000081,Group Demo Group 05420,1,GROUP,True,NORMAL
GR005421,BK005421,J000081,Family Demo Group 05421,3,FAMILY,True,NORMAL
GR005422,BK005422,J000081,Group Demo Group 05422,1,GROUP,True,NORMAL
GR005423,BK005423,J000081,Couple Demo Group 05423,3,COUPLE,True,NORMAL
GR005424,BK005424,J000081,Group Demo Group 05424,3,GROUP,True,NORMAL
GR005425,BK005425,J000081,Couple Demo Group 05425,5,COUPLE,True,NORMAL
GR005426,BK005426,J000081,Group Demo Group 05426,1,GROUP,True,NORMAL
GR005427,BK005427,J000081,Couple Demo Group 05427,3,COUPLE,True,NORMAL
GR005428,BK005428,J000082,Family Demo Group 05428,4,FAMILY,True,NORMAL
GR005429,BK005429,J000082,Group Demo Group 05429,1,GROUP,True,NORMAL
GR005430,BK005430,J000082,Group Demo Group 05430,1,GROUP,True,NORMAL
GR005431,BK005431,J000082,Friends Demo Group 05431,2,FRIENDS,True,NORMAL
GR005432,BK005432,J000082,Couple Demo Group 05432,6,COUPLE,True,HIGH
GR005433,BK005433,J000082,Family Demo Group 05433,3,FAMILY,True,NORMAL
GR005434,BK005434,J000082,Group Demo Group 05434,1,GROUP,True,NORMAL
GR005435,BK005435,J000082,Group Demo Group 05435,4,GROUP,True,NORMAL
GR005436,BK005436,J000082,Couple Demo Group 05436,2,COUPLE,True,NORMAL
GR005437,BK005437,J000082,Group Demo Group 05437,2,GROUP,True,NORMAL
GR005438,BK005438,J000082,Family Demo Group 05438,2,FAMILY,True,NORMAL
GR005439,BK005439,J000082,Group Demo Group 05439,1,GROUP,True,NORMAL
GR005440,BK005440,J000082,Couple Demo Group 05440,2,COUPLE,True,NORMAL
GR005441,BK005441,J000082,Friends Demo Group 05441,4,FRIENDS,True,NORMAL
GR005442,BK005442,J000082,Group Demo Group 05442,1,GROUP,True,NORMAL
GR005443,BK005443,J000082,Friends Demo Group 05443,2,FRIENDS,True,NORMAL
GR005444,BK005444,J000082,Family Demo Group 05444,4,FAMILY,True,NORMAL
GR005445,BK005445,J000082,Group Demo Group 05445,2,GROUP,True,NORMAL
GR005446,BK005446,J000082,Group Demo Group 05446,1,GROUP,True,NORMAL
GR005447,BK005447,J000082,Group Demo Group 05447,4,GROUP,True,NORMAL
GR005448,BK005448,J000082,Family Demo Group 05448,4,FAMILY,True,NORMAL
GR005449,BK005449,J000082,Group Demo Group 05449,2,GROUP,True,NORMAL
GR005450,BK005450,J000082,Family Demo Group 05450,2,FAMILY,True,NORMAL
GR005451,BK005451,J000082,Couple Demo Group 05451,3,COUPLE,True,NORMAL
GR005452,BK005452,J000082,Group Demo Group 05452,3,GROUP,True,NORMAL
GR005453,BK005453,J000082,Group Demo Group 05453,2,GROUP,True,NORMAL
GR005454,BK005454,J000082,Friends Demo Group 05454,3,FRIENDS,True,NORMAL
GR005455,BK005455,J000082,Group Demo Group 05455,4,GROUP,True,NORMAL
GR005456,BK005456,J000082,Family Demo Group 05456,4,FAMILY,True,NORMAL
GR005457,BK005457,J000082,Group Demo Group 05457,1,GROUP,True,NORMAL
GR005458,BK005458,J000082,Friends Demo Group 05458,3,FRIENDS,True,NORMAL
GR005459,BK005459,J000082,Couple Demo Group 05459,7,COUPLE,True,HIGH
GR005460,BK005460,J000082,Family Demo Group 05460,4,FAMILY,True,NORMAL
GR005461,BK005461,J000082,Friends Demo Group 05461,4,FRIENDS,True,NORMAL
GR005462,BK005462,J000082,Family Demo Group 05462,2,FAMILY,True,NORMAL
GR005463,BK005463,J000082,Friends Demo Group 05463,2,FRIENDS,True,NORMAL
GR005464,BK005464,J000082,Group Demo Group 05464,3,GROUP,True,NORMAL
GR005465,BK005465,J000082,Group Demo Group 05465,2,GROUP,True,NORMAL
GR005466,BK005466,J000082,Family Demo Group 05466,2,FAMILY,True,NORMAL
GR005467,BK005467,J000082,Friends Demo Group 05467,2,FRIENDS,True,NORMAL
GR005468,BK005468,J000082,Couple Demo Group 05468,2,COUPLE,True,NORMAL
GR005469,BK005469,J000082,Family Demo Group 05469,3,FAMILY,True,NORMAL
GR005470,BK005470,J000082,Group Demo Group 05470,1,GROUP,True,NORMAL
GR005471,BK005471,J000082,Friends Demo Group 05471,2,FRIENDS,True,NORMAL
GR005472,BK005472,J000082,Group Demo Group 05472,1,GROUP,True,NORMAL
GR005473,BK005473,J000082,Group Demo Group 05473,1,GROUP,True,NORMAL
GR005474,BK005474,J000082,Couple Demo Group 05474,4,COUPLE,True,NORMAL
GR005475,BK005475,J000082,Friends Demo Group 05475,2,FRIENDS,True,NORMAL
GR005476,BK005476,J000082,Group Demo Group 05476,7,GROUP,True,HIGH
GR005477,BK005477,J000082,Group Demo Group 05477,2,GROUP,True,NORMAL
GR005478,BK005478,J000082,Couple Demo Group 05478,4,COUPLE,True,NORMAL
GR005479,BK005479,J000082,Group Demo Group 05479,1,GROUP,True,NORMAL
GR005480,BK005480,J000082,Family Demo Group 05480,4,FAMILY,True,NORMAL
GR005481,BK005481,J000082,Friends Demo Group 05481,4,FRIENDS,True,NORMAL
GR005482,BK005482,J000082,Couple Demo Group 05482,4,COUPLE,True,NORMAL
GR005483,BK005483,J000082,Group Demo Group 05483,1,GROUP,True,NORMAL
GR005484,BK005484,J000082,Family Demo Group 05484,4,FAMILY,True,NORMAL
GR005485,BK005485,J000082,Group Demo Group 05485,2,GROUP,True,NORMAL
GR005486,BK005486,J000082,Friends Demo Group 05486,3,FRIENDS,True,NORMAL
GR005487,BK005487,J000082,Group Demo Group 05487,4,GROUP,True,NORMAL
GR005488,BK005488,J000082,Group Demo Group 05488,1,GROUP,True,NORMAL
GR005489,BK005489,J000082,Friends Demo Group 05489,4,FRIENDS,True,NORMAL
GR005490,BK005490,J000082,Group Demo Group 05490,1,GROUP,True,NORMAL
GR005491,BK005491,J000082,Caregiver Demo Group 05491,4,CAREGIVER,True,HIGH
GR005492,BK005492,J000082,Family Demo Group 05492,4,FAMILY,True,NORMAL
GR005493,BK005493,J000082,Friends Demo Group 05493,4,FRIENDS,True,NORMAL
GR005494,BK005494,J000082,Couple Demo Group 05494,4,COUPLE,True,NORMAL
GR005495,BK005495,J000083,Friends Demo Group 05495,2,FRIENDS,True,NORMAL
GR005496,BK005496,J000083,Group Demo Group 05496,1,GROUP,True,NORMAL
GR005497,BK005497,J000083,Group Demo Group 05497,1,GROUP,True,NORMAL
GR005498,BK005498,J000083,Family Demo Group 05498,2,FAMILY,True,NORMAL
GR005499,BK005499,J000083,Couple Demo Group 05499,3,COUPLE,True,NORMAL
GR005500,BK005500,J000083,Couple Demo Group 05500,2,COUPLE,True,NORMAL
GR005501,BK005501,J000083,Family Demo Group 05501,7,FAMILY,True,HIGH
GR005502,BK005502,J000083,Couple Demo Group 05502,4,COUPLE,True,NORMAL
GR005503,BK005503,J000083,Friends Demo Group 05503,2,FRIENDS,True,NORMAL
GR005504,BK005504,J000083,Friends Demo Group 05504,5,FRIENDS,True,NORMAL
GR005505,BK005505,J000083,Group Demo Group 05505,2,GROUP,True,NORMAL
GR005506,BK005506,J000083,Couple Demo Group 05506,4,COUPLE,True,NORMAL
GR005507,BK005507,J000083,Friends Demo Group 05507,2,FRIENDS,True,NORMAL
GR005508,BK005508,J000083,Group Demo Group 05508,3,GROUP,True,NORMAL
GR005509,BK005509,J000083,Friends Demo Group 05509,4,FRIENDS,True,NORMAL
GR005510,BK005510,J000083,Caregiver Demo Group 05510,4,CAREGIVER,True,HIGH
GR005511,BK005511,J000083,Group Demo Group 05511,1,GROUP,True,NORMAL
GR005512,BK005512,J000083,Group Demo Group 05512,3,GROUP,True,NORMAL
GR005513,BK005513,J000083,Family Demo Group 05513,3,FAMILY,True,NORMAL
GR005514,BK005514,J000083,Group Demo Group 05514,1,GROUP,True,NORMAL
GR005515,BK005515,J000083,Group Demo Group 05515,4,GROUP,True,NORMAL
GR005516,BK005516,J000083,Group Demo Group 05516,3,GROUP,True,NORMAL
GR005517,BK005517,J000083,Group Demo Group 05517,2,GROUP,True,NORMAL
GR005518,BK005518,J000083,Couple Demo Group 05518,4,COUPLE,True,NORMAL
GR005519,BK005519,J000083,Family Demo Group 05519,5,FAMILY,True,NORMAL
GR005520,BK005520,J000083,Couple Demo Group 05520,6,COUPLE,True,HIGH
GR005521,BK005521,J000083,Group Demo Group 05521,2,GROUP,True,NORMAL
GR005522,BK005522,J000083,Couple Demo Group 05522,4,COUPLE,True,NORMAL
GR005523,BK005523,J000083,Group Demo Group 05523,4,GROUP,True,NORMAL
GR005524,BK005524,J000083,Family Demo Group 05524,4,FAMILY,True,NORMAL
GR005525,BK005525,J000083,Family Demo Group 05525,3,FAMILY,True,NORMAL
GR005526,BK005526,J000083,Family Demo Group 05526,2,FAMILY,True,NORMAL
GR005527,BK005527,J000083,Couple Demo Group 05527,7,COUPLE,True,HIGH
GR005528,BK005528,J000083,Couple Demo Group 05528,2,COUPLE,True,NORMAL
GR005529,BK005529,J000083,Caregiver Demo Group 05529,4,CAREGIVER,True,HIGH
GR005530,BK005530,J000083,Friends Demo Group 05530,3,FRIENDS,True,NORMAL
GR005531,BK005531,J000083,Couple Demo Group 05531,3,COUPLE,True,NORMAL
GR005532,BK005532,J000083,Group Demo Group 05532,1,GROUP,True,NORMAL
GR005533,BK005533,J000083,Friends Demo Group 05533,4,FRIENDS,True,NORMAL
GR005534,BK005534,J000083,Couple Demo Group 05534,4,COUPLE,True,NORMAL
GR005535,BK005535,J000083,Friends Demo Group 05535,2,FRIENDS,True,NORMAL
GR005536,BK005536,J000083,Couple Demo Group 05536,2,COUPLE,True,NORMAL
GR005537,BK005537,J000083,Friends Demo Group 05537,4,FRIENDS,True,NORMAL
GR005538,BK005538,J000083,Group Demo Group 05538,1,GROUP,True,NORMAL
GR005539,BK005539,J000083,Friends Demo Group 05539,2,FRIENDS,True,NORMAL
GR005540,BK005540,J000083,Couple Demo Group 05540,2,COUPLE,True,NORMAL
GR005541,BK005541,J000083,Friends Demo Group 05541,4,FRIENDS,True,NORMAL
GR005542,BK005542,J000083,Family Demo Group 05542,2,FAMILY,True,NORMAL
GR005543,BK005543,J000083,Group Demo Group 05543,4,GROUP,True,NORMAL
GR005544,BK005544,J000083,Family Demo Group 05544,4,FAMILY,True,NORMAL
GR005545,BK005545,J000083,Couple Demo Group 05545,5,COUPLE,True,NORMAL
GR005546,BK005546,J000083,Group Demo Group 05546,1,GROUP,True,NORMAL
GR005547,BK005547,J000083,Group Demo Group 05547,4,GROUP,True,NORMAL
GR005548,BK005548,J000083,Group Demo Group 05548,3,GROUP,True,NORMAL
GR005549,BK005549,J000083,Couple Demo Group 05549,5,COUPLE,True,NORMAL
GR005550,BK005550,J000083,Group Demo Group 05550,1,GROUP,True,NORMAL
GR005551,BK005551,J000083,Group Demo Group 05551,1,GROUP,True,NORMAL
GR005552,BK005552,J000083,Group Demo Group 05552,3,GROUP,True,NORMAL
GR005553,BK005553,J000083,Group Demo Group 05553,1,GROUP,True,NORMAL
GR005554,BK005554,J000083,Family Demo Group 05554,2,FAMILY,True,NORMAL
GR005555,BK005555,J000083,Group Demo Group 05555,4,GROUP,True,NORMAL
GR005556,BK005556,J000083,Couple Demo Group 05556,2,COUPLE,True,NORMAL
GR005557,BK005557,J000083,Couple Demo Group 05557,5,COUPLE,True,NORMAL
GR005558,BK005558,J000083,Couple Demo Group 05558,4,COUPLE,True,NORMAL
GR005559,BK005559,J000083,Group Demo Group 05559,1,GROUP,True,NORMAL
GR005560,BK005560,J000083,Group Demo Group 05560,1,GROUP,True,NORMAL
GR005561,BK005561,J000083,Group Demo Group 05561,2,GROUP,True,NORMAL
GR005562,BK005562,J000084,Group Demo Group 05562,1,GROUP,True,NORMAL
GR005563,BK005563,J000084,Couple Demo Group 05563,3,COUPLE,True,NORMAL
GR005564,BK005564,J000084,Group Demo Group 05564,1,GROUP,True,NORMAL
GR005565,BK005565,J000084,Couple Demo Group 05565,5,COUPLE,True,NORMAL
GR005566,BK005566,J000084,Group Demo Group 05566,1,GROUP,True,NORMAL
GR005567,BK005567,J000084,Caregiver Demo Group 05567,4,CAREGIVER,True,HIGH
GR005568,BK005568,J000084,Group Demo Group 05568,3,GROUP,True,NORMAL
GR005569,BK005569,J000084,Friends Demo Group 05569,4,FRIENDS,True,NORMAL
GR005570,BK005570,J000084,Family Demo Group 05570,2,FAMILY,True,NORMAL
GR005571,BK005571,J000084,Friends Demo Group 05571,6,FRIENDS,True,HIGH
GR005572,BK005572,J000084,Family Demo Group 05572,4,FAMILY,True,NORMAL
GR005573,BK005573,J000084,Group Demo Group 05573,2,GROUP,True,NORMAL
GR005574,BK005574,J000084,Friends Demo Group 05574,3,FRIENDS,True,NORMAL
GR005575,BK005575,J000084,Group Demo Group 05575,4,GROUP,True,NORMAL
GR005576,BK005576,J000084,Group Demo Group 05576,7,GROUP,True,HIGH
GR005577,BK005577,J000084,Group Demo Group 05577,1,GROUP,True,NORMAL
GR005578,BK005578,J000084,Group Demo Group 05578,1,GROUP,True,NORMAL
GR005579,BK005579,J000084,Group Demo Group 05579,4,GROUP,True,NORMAL
GR005580,BK005580,J000084,Couple Demo Group 05580,2,COUPLE,True,NORMAL
GR005581,BK005581,J000084,Group Demo Group 05581,1,GROUP,True,NORMAL
GR005582,BK005582,J000084,Group Demo Group 05582,1,GROUP,True,NORMAL
GR005583,BK005583,J000084,Group Demo Group 05583,1,GROUP,True,NORMAL
GR005584,BK005584,J000084,Family Demo Group 05584,4,FAMILY,True,NORMAL
GR005585,BK005585,J000084,Couple Demo Group 05585,5,COUPLE,True,NORMAL
GR005586,BK005586,J000084,Caregiver Demo Group 05586,4,CAREGIVER,True,HIGH
GR005587,BK005587,J000084,Family Demo Group 05587,5,FAMILY,True,NORMAL
GR005588,BK005588,J000084,Couple Demo Group 05588,2,COUPLE,True,NORMAL
GR005589,BK005589,J000084,Group Demo Group 05589,2,GROUP,True,NORMAL
GR005590,BK005590,J000084,Group Demo Group 05590,1,GROUP,True,NORMAL
GR005591,BK005591,J000084,Group Demo Group 05591,4,GROUP,True,NORMAL
GR005592,BK005592,J000084,Group Demo Group 05592,1,GROUP,True,NORMAL
GR005593,BK005593,J000084,Group Demo Group 05593,1,GROUP,True,NORMAL
GR005594,BK005594,J000084,Group Demo Group 05594,5,GROUP,True,NORMAL
GR005595,BK005595,J000084,Friends Demo Group 05595,2,FRIENDS,True,NORMAL
GR005596,BK005596,J000084,Couple Demo Group 05596,2,COUPLE,True,NORMAL
GR005597,BK005597,J000084,Group Demo Group 05597,1,GROUP,True,NORMAL
GR005598,BK005598,J000084,Couple Demo Group 05598,8,COUPLE,True,HIGH
GR005599,BK005599,J000084,Group Demo Group 05599,8,GROUP,True,HIGH
GR005600,BK005600,J000084,Family Demo Group 05600,4,FAMILY,True,NORMAL
GR005601,BK005601,J000084,Family Demo Group 05601,3,FAMILY,True,NORMAL
GR005602,BK005602,J000084,Couple Demo Group 05602,8,COUPLE,True,HIGH
GR005603,BK005603,J000084,Couple Demo Group 05603,3,COUPLE,True,NORMAL
GR005604,BK005604,J000084,Group Demo Group 05604,1,GROUP,True,NORMAL
GR005605,BK005605,J000084,Caregiver Demo Group 05605,4,CAREGIVER,True,HIGH
GR005606,BK005606,J000084,Family Demo Group 05606,2,FAMILY,True,NORMAL
GR005607,BK005607,J000084,Group Demo Group 05607,1,GROUP,True,NORMAL
GR005608,BK005608,J000084,Group Demo Group 05608,1,GROUP,True,NORMAL
GR005609,BK005609,J000084,Friends Demo Group 05609,8,FRIENDS,True,HIGH
GR005610,BK005610,J000084,Family Demo Group 05610,2,FAMILY,True,NORMAL
GR005611,BK005611,J000084,Friends Demo Group 05611,6,FRIENDS,True,HIGH
GR005612,BK005612,J000084,Group Demo Group 05612,3,GROUP,True,NORMAL
GR005613,BK005613,J000084,Friends Demo Group 05613,8,FRIENDS,True,HIGH
GR005614,BK005614,J000084,Friends Demo Group 05614,3,FRIENDS,True,NORMAL
GR005615,BK005615,J000084,Group Demo Group 05615,4,GROUP,True,NORMAL
GR005616,BK005616,J000084,Family Demo Group 05616,4,FAMILY,True,NORMAL
GR005617,BK005617,J000084,Family Demo Group 05617,3,FAMILY,True,NORMAL
GR005618,BK005618,J000084,Friends Demo Group 05618,3,FRIENDS,True,NORMAL
GR005619,BK005619,J000084,Friends Demo Group 05619,2,FRIENDS,True,NORMAL
GR005620,BK005620,J000084,Couple Demo Group 05620,2,COUPLE,True,NORMAL
GR005621,BK005621,J000084,Group Demo Group 05621,2,GROUP,True,NORMAL
GR005622,BK005622,J000084,Couple Demo Group 05622,4,COUPLE,True,NORMAL
GR005623,BK005623,J000084,Friends Demo Group 05623,2,FRIENDS,True,NORMAL
GR005624,BK005624,J000084,Group Demo Group 05624,1,GROUP,True,NORMAL
GR005625,BK005625,J000084,Group Demo Group 05625,1,GROUP,True,NORMAL
GR005626,BK005626,J000084,Group Demo Group 05626,1,GROUP,True,NORMAL
GR005627,BK005627,J000084,Group Demo Group 05627,4,GROUP,True,NORMAL
GR005628,BK005628,J000084,Couple Demo Group 05628,2,COUPLE,True,NORMAL
GR005629,BK005629,J000085,Group Demo Group 05629,2,GROUP,True,NORMAL
GR005630,BK005630,J000085,Group Demo Group 05630,1,GROUP,True,NORMAL
GR005631,BK005631,J000085,Friends Demo Group 05631,2,FRIENDS,True,NORMAL
GR005632,BK005632,J000085,Couple Demo Group 05632,2,COUPLE,True,NORMAL
GR005633,BK005633,J000085,Friends Demo Group 05633,4,FRIENDS,True,NORMAL
GR005634,BK005634,J000085,Friends Demo Group 05634,3,FRIENDS,True,NORMAL
GR005635,BK005635,J000085,Group Demo Group 05635,1,GROUP,True,NORMAL
GR005636,BK005636,J000085,Group Demo Group 05636,3,GROUP,True,NORMAL
GR005637,BK005637,J000085,Group Demo Group 05637,1,GROUP,True,NORMAL
GR005638,BK005638,J000085,Couple Demo Group 05638,8,COUPLE,True,HIGH
GR005639,BK005639,J000085,Group Demo Group 05639,4,GROUP,True,NORMAL
GR005640,BK005640,J000085,Group Demo Group 05640,3,GROUP,True,NORMAL
GR005641,BK005641,J000085,Group Demo Group 05641,2,GROUP,True,NORMAL
GR005642,BK005642,J000085,Friends Demo Group 05642,3,FRIENDS,True,NORMAL
GR005643,BK005643,J000085,Caregiver Demo Group 05643,4,CAREGIVER,True,HIGH
GR005644,BK005644,J000085,Group Demo Group 05644,3,GROUP,True,NORMAL
GR005645,BK005645,J000085,Friends Demo Group 05645,4,FRIENDS,True,NORMAL
GR005646,BK005646,J000085,Family Demo Group 05646,6,FAMILY,True,HIGH
GR005647,BK005647,J000085,Couple Demo Group 05647,7,COUPLE,True,HIGH
GR005648,BK005648,J000085,Couple Demo Group 05648,6,COUPLE,True,HIGH
GR005649,BK005649,J000085,Group Demo Group 05649,2,GROUP,True,NORMAL
GR005650,BK005650,J000085,Couple Demo Group 05650,4,COUPLE,True,NORMAL
GR005651,BK005651,J000085,Friends Demo Group 05651,2,FRIENDS,True,NORMAL
GR005652,BK005652,J000085,Couple Demo Group 05652,2,COUPLE,True,NORMAL
GR005653,BK005653,J000085,Friends Demo Group 05653,4,FRIENDS,True,NORMAL
GR005654,BK005654,J000085,Family Demo Group 05654,6,FAMILY,True,HIGH
GR005655,BK005655,J000085,Couple Demo Group 05655,3,COUPLE,True,NORMAL
GR005656,BK005656,J000085,Group Demo Group 05656,1,GROUP,True,NORMAL
GR005657,BK005657,J000085,Group Demo Group 05657,1,GROUP,True,NORMAL
GR005658,BK005658,J000085,Group Demo Group 05658,1,GROUP,True,NORMAL
GR005659,BK005659,J000085,Family Demo Group 05659,5,FAMILY,True,NORMAL
GR005660,BK005660,J000085,Group Demo Group 05660,1,GROUP,True,NORMAL
GR005661,BK005661,J000085,Family Demo Group 05661,3,FAMILY,True,NORMAL
GR005662,BK005662,J000085,Caregiver Demo Group 05662,4,CAREGIVER,True,HIGH
GR005663,BK005663,J000085,Friends Demo Group 05663,2,FRIENDS,True,NORMAL
GR005664,BK005664,J000085,Group Demo Group 05664,3,GROUP,True,NORMAL
GR005665,BK005665,J000085,Group Demo Group 05665,1,GROUP,True,NORMAL
GR005666,BK005666,J000085,Group Demo Group 05666,1,GROUP,True,NORMAL
GR005667,BK005667,J000085,Group Demo Group 05667,1,GROUP,True,NORMAL
GR005668,BK005668,J000085,Couple Demo Group 05668,2,COUPLE,True,NORMAL
GR005669,BK005669,J000085,Family Demo Group 05669,3,FAMILY,True,NORMAL
GR005670,BK005670,J000085,Group Demo Group 05670,1,GROUP,True,NORMAL
GR005671,BK005671,J000085,Couple Demo Group 05671,3,COUPLE,True,NORMAL
GR005672,BK005672,J000085,Group Demo Group 05672,7,GROUP,True,HIGH
GR005673,BK005673,J000085,Friends Demo Group 05673,8,FRIENDS,True,HIGH
GR005674,BK005674,J000085,Friends Demo Group 05674,3,FRIENDS,True,NORMAL
GR005675,BK005675,J000085,Group Demo Group 05675,1,GROUP,True,NORMAL
GR005676,BK005676,J000085,Family Demo Group 05676,4,FAMILY,True,NORMAL
GR005677,BK005677,J000085,Family Demo Group 05677,7,FAMILY,True,HIGH
GR005678,BK005678,J000085,Couple Demo Group 05678,4,COUPLE,True,NORMAL
GR005679,BK005679,J000085,Group Demo Group 05679,4,GROUP,True,NORMAL
GR005680,BK005680,J000085,Group Demo Group 05680,1,GROUP,True,NORMAL
GR005681,BK005681,J000085,Caregiver Demo Group 05681,4,CAREGIVER,True,HIGH
GR005682,BK005682,J000085,Group Demo Group 05682,1,GROUP,True,NORMAL
GR005683,BK005683,J000085,Group Demo Group 05683,4,GROUP,True,NORMAL
GR005684,BK005684,J000085,Couple Demo Group 05684,2,COUPLE,True,NORMAL
GR005685,BK005685,J000085,Family Demo Group 05685,3,FAMILY,True,NORMAL
GR005686,BK005686,J000085,Friends Demo Group 05686,7,FRIENDS,True,HIGH
GR005687,BK005687,J000085,Friends Demo Group 05687,2,FRIENDS,True,NORMAL
GR005688,BK005688,J000085,Family Demo Group 05688,4,FAMILY,True,NORMAL
GR005689,BK005689,J000085,Group Demo Group 05689,6,GROUP,True,HIGH
GR005690,BK005690,J000085,Family Demo Group 05690,2,FAMILY,True,NORMAL
GR005691,BK005691,J000085,Couple Demo Group 05691,3,COUPLE,True,NORMAL
GR005692,BK005692,J000085,Couple Demo Group 05692,2,COUPLE,True,NORMAL
GR005693,BK005693,J000085,Group Demo Group 05693,1,GROUP,True,NORMAL
GR005694,BK005694,J000085,Friends Demo Group 05694,3,FRIENDS,True,NORMAL
GR005695,BK005695,J000085,Friends Demo Group 05695,2,FRIENDS,True,NORMAL
GR005696,BK005696,J000086,Group Demo Group 05696,1,GROUP,True,NORMAL
GR005697,BK005697,J000086,Group Demo Group 05697,2,GROUP,True,NORMAL
GR005698,BK005698,J000086,Friends Demo Group 05698,3,FRIENDS,True,NORMAL
GR005699,BK005699,J000086,Group Demo Group 05699,4,GROUP,True,NORMAL
GR005700,BK005700,J000086,Caregiver Demo Group 05700,4,CAREGIVER,True,HIGH
GR005701,BK005701,J000086,Family Demo Group 05701,3,FAMILY,True,NORMAL
GR005702,BK005702,J000086,Friends Demo Group 05702,3,FRIENDS,True,NORMAL
GR005703,BK005703,J000086,Friends Demo Group 05703,2,FRIENDS,True,NORMAL
GR005704,BK005704,J000086,Family Demo Group 05704,4,FAMILY,True,NORMAL
GR005705,BK005705,J000086,Friends Demo Group 05705,4,FRIENDS,True,NORMAL
GR005706,BK005706,J000086,Friends Demo Group 05706,3,FRIENDS,True,NORMAL
GR005707,BK005707,J000086,Couple Demo Group 05707,3,COUPLE,True,NORMAL
GR005708,BK005708,J000086,Group Demo Group 05708,3,GROUP,True,NORMAL
GR005709,BK005709,J000086,Group Demo Group 05709,2,GROUP,True,NORMAL
GR005710,BK005710,J000086,Couple Demo Group 05710,4,COUPLE,True,NORMAL
GR005711,BK005711,J000086,Friends Demo Group 05711,2,FRIENDS,True,NORMAL
GR005712,BK005712,J000086,Family Demo Group 05712,4,FAMILY,True,NORMAL
GR005713,BK005713,J000086,Friends Demo Group 05713,4,FRIENDS,True,NORMAL
GR005714,BK005714,J000086,Group Demo Group 05714,1,GROUP,True,NORMAL
GR005715,BK005715,J000086,Friends Demo Group 05715,2,FRIENDS,True,NORMAL
GR005716,BK005716,J000086,Group Demo Group 05716,3,GROUP,True,NORMAL
GR005717,BK005717,J000086,Group Demo Group 05717,1,GROUP,True,NORMAL
GR005718,BK005718,J000086,Friends Demo Group 05718,3,FRIENDS,True,NORMAL
GR005719,BK005719,J000086,Group Demo Group 05719,1,GROUP,True,NORMAL
GR005720,BK005720,J000086,Group Demo Group 05720,1,GROUP,True,NORMAL
GR005721,BK005721,J000086,Friends Demo Group 05721,4,FRIENDS,True,NORMAL
GR005722,BK005722,J000086,Family Demo Group 05722,2,FAMILY,True,NORMAL
GR005723,BK005723,J000086,Group Demo Group 05723,4,GROUP,True,NORMAL
GR005724,BK005724,J000086,Group Demo Group 05724,1,GROUP,True,NORMAL
GR005725,BK005725,J000086,Friends Demo Group 05725,8,FRIENDS,True,HIGH
GR005726,BK005726,J000086,Family Demo Group 05726,2,FAMILY,True,NORMAL
GR005727,BK005727,J000086,Friends Demo Group 05727,2,FRIENDS,True,NORMAL
GR005728,BK005728,J000086,Friends Demo Group 05728,5,FRIENDS,True,NORMAL
GR005729,BK005729,J000086,Group Demo Group 05729,2,GROUP,True,NORMAL
GR005730,BK005730,J000086,Friends Demo Group 05730,3,FRIENDS,True,NORMAL
GR005731,BK005731,J000086,Friends Demo Group 05731,2,FRIENDS,True,NORMAL
GR005732,BK005732,J000086,Group Demo Group 05732,1,GROUP,True,NORMAL
GR005733,BK005733,J000086,Friends Demo Group 05733,4,FRIENDS,True,NORMAL
GR005734,BK005734,J000086,Couple Demo Group 05734,4,COUPLE,True,NORMAL
GR005735,BK005735,J000086,Group Demo Group 05735,4,GROUP,True,NORMAL
GR005736,BK005736,J000086,Family Demo Group 05736,4,FAMILY,True,NORMAL
GR005737,BK005737,J000086,Group Demo Group 05737,6,GROUP,True,HIGH
GR005738,BK005738,J000086,Group Demo Group 05738,1,GROUP,True,NORMAL
GR005739,BK005739,J000086,Couple Demo Group 05739,3,COUPLE,True,NORMAL
GR005740,BK005740,J000086,Couple Demo Group 05740,2,COUPLE,True,NORMAL
GR005741,BK005741,J000086,Group Demo Group 05741,1,GROUP,True,NORMAL
GR005742,BK005742,J000086,Couple Demo Group 05742,4,COUPLE,True,NORMAL
GR005743,BK005743,J000086,Group Demo Group 05743,4,GROUP,True,NORMAL
GR005744,BK005744,J000086,Couple Demo Group 05744,2,COUPLE,True,NORMAL
GR005745,BK005745,J000086,Family Demo Group 05745,7,FAMILY,True,HIGH
GR005746,BK005746,J000086,Friends Demo Group 05746,3,FRIENDS,True,NORMAL
GR005747,BK005747,J000086,Friends Demo Group 05747,2,FRIENDS,True,NORMAL
GR005748,BK005748,J000086,Couple Demo Group 05748,2,COUPLE,True,NORMAL
GR005749,BK005749,J000086,Family Demo Group 05749,3,FAMILY,True,NORMAL
GR005750,BK005750,J000086,Couple Demo Group 05750,4,COUPLE,True,NORMAL
GR005751,BK005751,J000086,Group Demo Group 05751,4,GROUP,True,NORMAL
GR005752,BK005752,J000086,Group Demo Group 05752,1,GROUP,True,NORMAL
GR005753,BK005753,J000086,Group Demo Group 05753,1,GROUP,True,NORMAL
GR005754,BK005754,J000086,Group Demo Group 05754,5,GROUP,True,NORMAL
GR005755,BK005755,J000086,Group Demo Group 05755,4,GROUP,True,NORMAL
GR005756,BK005756,J000086,Family Demo Group 05756,4,FAMILY,True,NORMAL
GR005757,BK005757,J000086,Caregiver Demo Group 05757,6,CAREGIVER,True,HIGH
GR005758,BK005758,J000086,Couple Demo Group 05758,4,COUPLE,True,NORMAL
GR005759,BK005759,J000086,Friends Demo Group 05759,6,FRIENDS,True,HIGH
GR005760,BK005760,J000086,Couple Demo Group 05760,2,COUPLE,True,NORMAL
GR005761,BK005761,J000086,Friends Demo Group 05761,4,FRIENDS,True,NORMAL
GR005762,BK005762,J000086,Group Demo Group 05762,1,GROUP,True,NORMAL
GR005763,BK005763,J000087,Group Demo Group 05763,1,GROUP,True,NORMAL
GR005764,BK005764,J000087,Couple Demo Group 05764,2,COUPLE,True,NORMAL
GR005765,BK005765,J000087,Friends Demo Group 05765,4,FRIENDS,True,NORMAL
GR005766,BK005766,J000087,Group Demo Group 05766,1,GROUP,True,NORMAL
GR005767,BK005767,J000087,Friends Demo Group 05767,2,FRIENDS,True,NORMAL
GR005768,BK005768,J000087,Family Demo Group 05768,4,FAMILY,True,NORMAL
GR005769,BK005769,J000087,Group Demo Group 05769,6,GROUP,True,HIGH
GR005770,BK005770,J000087,Group Demo Group 05770,5,GROUP,True,NORMAL
GR005771,BK005771,J000087,Group Demo Group 05771,1,GROUP,True,NORMAL
GR005772,BK005772,J000087,Family Demo Group 05772,8,FAMILY,True,HIGH
GR005773,BK005773,J000087,Friends Demo Group 05773,4,FRIENDS,True,NORMAL
GR005774,BK005774,J000087,Couple Demo Group 05774,4,COUPLE,True,NORMAL
GR005775,BK005775,J000087,Friends Demo Group 05775,2,FRIENDS,True,NORMAL
GR005776,BK005776,J000087,Caregiver Demo Group 05776,7,CAREGIVER,True,HIGH
GR005777,BK005777,J000087,Group Demo Group 05777,2,GROUP,True,NORMAL
GR005778,BK005778,J000087,Group Demo Group 05778,1,GROUP,True,NORMAL
GR005779,BK005779,J000087,Group Demo Group 05779,4,GROUP,True,NORMAL
GR005780,BK005780,J000087,Group Demo Group 05780,3,GROUP,True,NORMAL
GR005781,BK005781,J000087,Group Demo Group 05781,2,GROUP,True,NORMAL
GR005782,BK005782,J000087,Group Demo Group 05782,1,GROUP,True,NORMAL
GR005783,BK005783,J000087,Group Demo Group 05783,4,GROUP,True,NORMAL
GR005784,BK005784,J000087,Couple Demo Group 05784,2,COUPLE,True,NORMAL
GR005785,BK005785,J000087,Group Demo Group 05785,1,GROUP,True,NORMAL
GR005786,BK005786,J000087,Group Demo Group 05786,1,GROUP,True,NORMAL
GR005787,BK005787,J000087,Friends Demo Group 05787,2,FRIENDS,True,NORMAL
GR005788,BK005788,J000087,Family Demo Group 05788,8,FAMILY,True,HIGH
GR005789,BK005789,J000087,Family Demo Group 05789,3,FAMILY,True,NORMAL
GR005790,BK005790,J000087,Group Demo Group 05790,1,GROUP,True,NORMAL
GR005791,BK005791,J000087,Group Demo Group 05791,1,GROUP,True,NORMAL
GR005792,BK005792,J000087,Couple Demo Group 05792,2,COUPLE,True,NORMAL
GR005793,BK005793,J000087,Group Demo Group 05793,1,GROUP,True,NORMAL
GR005794,BK005794,J000087,Family Demo Group 05794,2,FAMILY,True,NORMAL
GR005795,BK005795,J000087,Group Demo Group 05795,1,GROUP,True,NORMAL
GR005796,BK005796,J000087,Couple Demo Group 05796,2,COUPLE,True,NORMAL
GR005797,BK005797,J000087,Family Demo Group 05797,3,FAMILY,True,NORMAL
GR005798,BK005798,J000087,Family Demo Group 05798,6,FAMILY,True,HIGH
GR005799,BK005799,J000087,Group Demo Group 05799,8,GROUP,True,HIGH
GR005800,BK005800,J000087,Group Demo Group 05800,1,GROUP,True,NORMAL
GR005801,BK005801,J000087,Family Demo Group 05801,3,FAMILY,True,NORMAL
GR005802,BK005802,J000087,Group Demo Group 05802,1,GROUP,True,NORMAL
GR005803,BK005803,J000087,Couple Demo Group 05803,3,COUPLE,True,NORMAL
GR005804,BK005804,J000087,Group Demo Group 05804,1,GROUP,True,NORMAL
GR005805,BK005805,J000087,Group Demo Group 05805,6,GROUP,True,HIGH
GR005806,BK005806,J000087,Group Demo Group 05806,1,GROUP,True,NORMAL
GR005807,BK005807,J000087,Group Demo Group 05807,1,GROUP,True,NORMAL
GR005808,BK005808,J000087,Family Demo Group 05808,4,FAMILY,True,NORMAL
GR005809,BK005809,J000087,Friends Demo Group 05809,8,FRIENDS,True,HIGH
GR005810,BK005810,J000087,Family Demo Group 05810,2,FAMILY,True,NORMAL
GR005811,BK005811,J000087,Group Demo Group 05811,4,GROUP,True,NORMAL
GR005812,BK005812,J000087,Family Demo Group 05812,4,FAMILY,True,NORMAL
GR005813,BK005813,J000087,Group Demo Group 05813,1,GROUP,True,NORMAL
GR005814,BK005814,J000087,Caregiver Demo Group 05814,4,CAREGIVER,True,HIGH
GR005815,BK005815,J000087,Friends Demo Group 05815,2,FRIENDS,True,NORMAL
GR005816,BK005816,J000087,Group Demo Group 05816,1,GROUP,True,NORMAL
GR005817,BK005817,J000087,Friends Demo Group 05817,4,FRIENDS,True,NORMAL
GR005818,BK005818,J000087,Friends Demo Group 05818,3,FRIENDS,True,NORMAL
GR005819,BK005819,J000087,Couple Demo Group 05819,3,COUPLE,True,NORMAL
GR005820,BK005820,J000087,Family Demo Group 05820,4,FAMILY,True,NORMAL
GR005821,BK005821,J000087,Group Demo Group 05821,2,GROUP,True,NORMAL
GR005822,BK005822,J000087,Couple Demo Group 05822,4,COUPLE,True,NORMAL
GR005823,BK005823,J000087,Family Demo Group 05823,5,FAMILY,True,NORMAL
GR005824,BK005824,J000087,Family Demo Group 05824,8,FAMILY,True,HIGH
GR005825,BK005825,J000087,Group Demo Group 05825,1,GROUP,True,NORMAL
GR005826,BK005826,J000087,Group Demo Group 05826,1,GROUP,True,NORMAL
GR005827,BK005827,J000087,Friends Demo Group 05827,2,FRIENDS,True,NORMAL
GR005828,BK005828,J000087,Couple Demo Group 05828,2,COUPLE,True,NORMAL
GR005829,BK005829,J000087,Group Demo Group 05829,2,GROUP,True,NORMAL
GR005830,BK005830,J000088,Family Demo Group 05830,6,FAMILY,True,HIGH
GR005831,BK005831,J000088,Friends Demo Group 05831,2,FRIENDS,True,NORMAL
GR005832,BK005832,J000088,Couple Demo Group 05832,6,COUPLE,True,HIGH
GR005833,BK005833,J000088,Caregiver Demo Group 05833,4,CAREGIVER,True,HIGH
GR005834,BK005834,J000088,Family Demo Group 05834,2,FAMILY,True,NORMAL
GR005835,BK005835,J000088,Group Demo Group 05835,1,GROUP,True,NORMAL
GR005836,BK005836,J000088,Couple Demo Group 05836,6,COUPLE,True,HIGH
GR005837,BK005837,J000088,Group Demo Group 05837,2,GROUP,True,NORMAL
GR005838,BK005838,J000088,Friends Demo Group 05838,3,FRIENDS,True,NORMAL
GR005839,BK005839,J000088,Friends Demo Group 05839,2,FRIENDS,True,NORMAL
GR005840,BK005840,J000088,Family Demo Group 05840,4,FAMILY,True,NORMAL
GR005841,BK005841,J000088,Family Demo Group 05841,3,FAMILY,True,NORMAL
GR005842,BK005842,J000088,Group Demo Group 05842,5,GROUP,True,NORMAL
GR005843,BK005843,J000088,Friends Demo Group 05843,6,FRIENDS,True,HIGH
GR005844,BK005844,J000088,Family Demo Group 05844,4,FAMILY,True,NORMAL
GR005845,BK005845,J000088,Group Demo Group 05845,2,GROUP,True,NORMAL
GR005846,BK005846,J000088,Couple Demo Group 05846,4,COUPLE,True,NORMAL
GR005847,BK005847,J000088,Group Demo Group 05847,1,GROUP,True,NORMAL
GR005848,BK005848,J000088,Friends Demo Group 05848,5,FRIENDS,True,NORMAL
GR005849,BK005849,J000088,Group Demo Group 05849,1,GROUP,True,NORMAL
GR005850,BK005850,J000088,Group Demo Group 05850,1,GROUP,True,NORMAL
GR005851,BK005851,J000088,Group Demo Group 05851,4,GROUP,True,NORMAL
GR005852,BK005852,J000088,Couple Demo Group 05852,2,COUPLE,True,NORMAL
GR005853,BK005853,J000088,Friends Demo Group 05853,4,FRIENDS,True,NORMAL
GR005854,BK005854,J000088,Group Demo Group 05854,5,GROUP,True,NORMAL
GR005855,BK005855,J000088,Group Demo Group 05855,1,GROUP,True,NORMAL
GR005856,BK005856,J000088,Group Demo Group 05856,1,GROUP,True,NORMAL
GR005857,BK005857,J000088,Group Demo Group 05857,2,GROUP,True,NORMAL
GR005858,BK005858,J000088,Friends Demo Group 05858,3,FRIENDS,True,NORMAL
GR005859,BK005859,J000088,Group Demo Group 05859,1,GROUP,True,NORMAL
GR005860,BK005860,J000088,Group Demo Group 05860,1,GROUP,True,NORMAL
GR005861,BK005861,J000088,Family Demo Group 05861,3,FAMILY,True,NORMAL
GR005862,BK005862,J000088,Group Demo Group 05862,1,GROUP,True,NORMAL
GR005863,BK005863,J000088,Group Demo Group 05863,4,GROUP,True,NORMAL
GR005864,BK005864,J000088,Family Demo Group 05864,4,FAMILY,True,NORMAL
GR005865,BK005865,J000088,Group Demo Group 05865,1,GROUP,True,NORMAL
GR005866,BK005866,J000088,Friends Demo Group 05866,7,FRIENDS,True,HIGH
GR005867,BK005867,J000088,Group Demo Group 05867,4,GROUP,True,NORMAL
GR005868,BK005868,J000088,Family Demo Group 05868,4,FAMILY,True,NORMAL
GR005869,BK005869,J000088,Group Demo Group 05869,1,GROUP,True,NORMAL
GR005870,BK005870,J000088,Family Demo Group 05870,2,FAMILY,True,NORMAL
GR005871,BK005871,J000088,Caregiver Demo Group 05871,4,CAREGIVER,True,HIGH
GR005872,BK005872,J000088,Couple Demo Group 05872,2,COUPLE,True,NORMAL
GR005873,BK005873,J000088,Friends Demo Group 05873,4,FRIENDS,True,NORMAL
GR005874,BK005874,J000088,Group Demo Group 05874,1,GROUP,True,NORMAL
GR005875,BK005875,J000088,Couple Demo Group 05875,3,COUPLE,True,NORMAL
GR005876,BK005876,J000088,Couple Demo Group 05876,2,COUPLE,True,NORMAL
GR005877,BK005877,J000088,Group Demo Group 05877,1,GROUP,True,NORMAL
GR005878,BK005878,J000088,Group Demo Group 05878,5,GROUP,True,NORMAL
GR005879,BK005879,J000088,Friends Demo Group 05879,6,FRIENDS,True,HIGH
GR005880,BK005880,J000088,Family Demo Group 05880,4,FAMILY,True,NORMAL
GR005881,BK005881,J000088,Group Demo Group 05881,2,GROUP,True,NORMAL
GR005882,BK005882,J000088,Family Demo Group 05882,2,FAMILY,True,NORMAL
GR005883,BK005883,J000088,Couple Demo Group 05883,3,COUPLE,True,NORMAL
GR005884,BK005884,J000088,Friends Demo Group 05884,5,FRIENDS,True,NORMAL
GR005885,BK005885,J000088,Group Demo Group 05885,1,GROUP,True,NORMAL
GR005886,BK005886,J000088,Friends Demo Group 05886,3,FRIENDS,True,NORMAL
GR005887,BK005887,J000088,Group Demo Group 05887,4,GROUP,True,NORMAL
GR005888,BK005888,J000088,Family Demo Group 05888,4,FAMILY,True,NORMAL
GR005889,BK005889,J000088,Couple Demo Group 05889,5,COUPLE,True,NORMAL
GR005890,BK005890,J000088,Family Demo Group 05890,2,FAMILY,True,NORMAL
GR005891,BK005891,J000088,Friends Demo Group 05891,2,FRIENDS,True,NORMAL
GR005892,BK005892,J000088,Group Demo Group 05892,3,GROUP,True,NORMAL
GR005893,BK005893,J000088,Group Demo Group 05893,2,GROUP,True,NORMAL
GR005894,BK005894,J000088,Family Demo Group 05894,6,FAMILY,True,HIGH
GR005895,BK005895,J000088,Group Demo Group 05895,1,GROUP,True,NORMAL
GR005896,BK005896,J000088,Couple Demo Group 05896,6,COUPLE,True,HIGH
GR005897,BK005897,J000089,Group Demo Group 05897,2,GROUP,True,NORMAL
GR005898,BK005898,J000089,Friends Demo Group 05898,3,FRIENDS,True,NORMAL
GR005899,BK005899,J000089,Friends Demo Group 05899,2,FRIENDS,True,NORMAL
GR005900,BK005900,J000089,Family Demo Group 05900,4,FAMILY,True,NORMAL
GR005901,BK005901,J000089,Friends Demo Group 05901,4,FRIENDS,True,NORMAL
GR005902,BK005902,J000089,Couple Demo Group 05902,4,COUPLE,True,NORMAL
GR005903,BK005903,J000089,Friends Demo Group 05903,2,FRIENDS,True,NORMAL
GR005904,BK005904,J000089,Couple Demo Group 05904,6,COUPLE,True,HIGH
GR005905,BK005905,J000089,Friends Demo Group 05905,8,FRIENDS,True,HIGH
GR005906,BK005906,J000089,Group Demo Group 05906,1,GROUP,True,NORMAL
GR005907,BK005907,J000089,Group Demo Group 05907,1,GROUP,True,NORMAL
GR005908,BK005908,J000089,Group Demo Group 05908,3,GROUP,True,NORMAL
GR005909,BK005909,J000089,Group Demo Group 05909,2,GROUP,True,NORMAL
GR005910,BK005910,J000089,Friends Demo Group 05910,7,FRIENDS,True,HIGH
GR005911,BK005911,J000089,Group Demo Group 05911,1,GROUP,True,NORMAL
GR005912,BK005912,J000089,Couple Demo Group 05912,2,COUPLE,True,NORMAL
GR005913,BK005913,J000089,Group Demo Group 05913,2,GROUP,True,NORMAL
GR005914,BK005914,J000089,Family Demo Group 05914,2,FAMILY,True,NORMAL
GR005915,BK005915,J000089,Couple Demo Group 05915,7,COUPLE,True,HIGH
GR005916,BK005916,J000089,Group Demo Group 05916,3,GROUP,True,NORMAL
GR005917,BK005917,J000089,Family Demo Group 05917,3,FAMILY,True,NORMAL
GR005918,BK005918,J000089,Family Demo Group 05918,6,FAMILY,True,HIGH
GR005919,BK005919,J000089,Friends Demo Group 05919,2,FRIENDS,True,NORMAL
GR005920,BK005920,J000089,Family Demo Group 05920,4,FAMILY,True,NORMAL
GR005921,BK005921,J000089,Group Demo Group 05921,2,GROUP,True,NORMAL
GR005922,BK005922,J000089,Group Demo Group 05922,1,GROUP,True,NORMAL
GR005923,BK005923,J000089,Group Demo Group 05923,1,GROUP,True,NORMAL
GR005924,BK005924,J000089,Couple Demo Group 05924,6,COUPLE,True,HIGH
GR005925,BK005925,J000089,Group Demo Group 05925,2,GROUP,True,NORMAL
GR005926,BK005926,J000089,Couple Demo Group 05926,4,COUPLE,True,NORMAL
GR005927,BK005927,J000089,Friends Demo Group 05927,2,FRIENDS,True,NORMAL
GR005928,BK005928,J000089,Couple Demo Group 05928,2,COUPLE,True,NORMAL
GR005929,BK005929,J000089,Group Demo Group 05929,2,GROUP,True,NORMAL
GR005930,BK005930,J000089,Friends Demo Group 05930,3,FRIENDS,True,NORMAL
GR005931,BK005931,J000089,Group Demo Group 05931,1,GROUP,True,NORMAL
GR005932,BK005932,J000089,Group Demo Group 05932,1,GROUP,True,NORMAL
GR005933,BK005933,J000089,Group Demo Group 05933,2,GROUP,True,NORMAL
GR005934,BK005934,J000089,Group Demo Group 05934,1,GROUP,True,NORMAL
GR005935,BK005935,J000089,Group Demo Group 05935,1,GROUP,True,NORMAL
GR005936,BK005936,J000089,Group Demo Group 05936,1,GROUP,True,NORMAL
GR005937,BK005937,J000089,Group Demo Group 05937,1,GROUP,True,NORMAL
GR005938,BK005938,J000089,Friends Demo Group 05938,3,FRIENDS,True,NORMAL
GR005939,BK005939,J000089,Group Demo Group 05939,4,GROUP,True,NORMAL
GR005940,BK005940,J000089,Family Demo Group 05940,4,FAMILY,True,NORMAL
GR005941,BK005941,J000089,Group Demo Group 05941,1,GROUP,True,NORMAL
GR005942,BK005942,J000089,Couple Demo Group 05942,8,COUPLE,True,HIGH
GR005943,BK005943,J000089,Friends Demo Group 05943,2,FRIENDS,True,NORMAL
GR005944,BK005944,J000089,Group Demo Group 05944,1,GROUP,True,NORMAL
GR005945,BK005945,J000089,Friends Demo Group 05945,4,FRIENDS,True,NORMAL
GR005946,BK005946,J000089,Family Demo Group 05946,2,FAMILY,True,NORMAL
GR005947,BK005947,J000089,Friends Demo Group 05947,2,FRIENDS,True,NORMAL
GR005948,BK005948,J000089,Friends Demo Group 05948,5,FRIENDS,True,NORMAL
GR005949,BK005949,J000089,Group Demo Group 05949,2,GROUP,True,NORMAL
GR005950,BK005950,J000089,Friends Demo Group 05950,3,FRIENDS,True,NORMAL
GR005951,BK005951,J000089,Couple Demo Group 05951,3,COUPLE,True,NORMAL
GR005952,BK005952,J000089,Group Demo Group 05952,3,GROUP,True,NORMAL
GR005953,BK005953,J000089,Group Demo Group 05953,2,GROUP,True,NORMAL
GR005954,BK005954,J000089,Friends Demo Group 05954,3,FRIENDS,True,NORMAL
GR005955,BK005955,J000089,Couple Demo Group 05955,3,COUPLE,True,NORMAL
GR005956,BK005956,J000089,Group Demo Group 05956,1,GROUP,True,NORMAL
GR005957,BK005957,J000089,Friends Demo Group 05957,4,FRIENDS,True,NORMAL
GR005958,BK005958,J000089,Group Demo Group 05958,1,GROUP,True,NORMAL
GR005959,BK005959,J000089,Friends Demo Group 05959,2,FRIENDS,True,NORMAL
GR005960,BK005960,J000089,Couple Demo Group 05960,6,COUPLE,True,HIGH
GR005961,BK005961,J000089,Group Demo Group 05961,2,GROUP,True,NORMAL
GR005962,BK005962,J000089,Family Demo Group 05962,2,FAMILY,True,NORMAL
GR005963,BK005963,J000089,Friends Demo Group 05963,2,FRIENDS,True,NORMAL
GR005964,BK005964,J000090,Family Demo Group 05964,4,FAMILY,True,NORMAL
GR005965,BK005965,J000090,Friends Demo Group 05965,4,FRIENDS,True,NORMAL
GR005966,BK005966,J000090,Caregiver Demo Group 05966,8,CAREGIVER,True,HIGH
GR005967,BK005967,J000090,Couple Demo Group 05967,3,COUPLE,True,NORMAL
GR005968,BK005968,J000090,Group Demo Group 05968,3,GROUP,True,NORMAL
GR005969,BK005969,J000090,Friends Demo Group 05969,4,FRIENDS,True,NORMAL
GR005970,BK005970,J000090,Group Demo Group 05970,1,GROUP,True,NORMAL
GR005971,BK005971,J000090,Group Demo Group 05971,1,GROUP,True,NORMAL
GR005972,BK005972,J000090,Family Demo Group 05972,4,FAMILY,True,NORMAL
GR005973,BK005973,J000090,Group Demo Group 05973,2,GROUP,True,NORMAL
GR005974,BK005974,J000090,Couple Demo Group 05974,4,COUPLE,True,NORMAL
GR005975,BK005975,J000090,Friends Demo Group 05975,2,FRIENDS,True,NORMAL
GR005976,BK005976,J000090,Group Demo Group 05976,1,GROUP,True,NORMAL
GR005977,BK005977,J000090,Friends Demo Group 05977,4,FRIENDS,True,NORMAL
GR005978,BK005978,J000090,Group Demo Group 05978,1,GROUP,True,NORMAL
GR005979,BK005979,J000090,Couple Demo Group 05979,3,COUPLE,True,NORMAL
GR005980,BK005980,J000090,Group Demo Group 05980,7,GROUP,True,HIGH
GR005981,BK005981,J000090,Family Demo Group 05981,3,FAMILY,True,NORMAL
GR005982,BK005982,J000090,Couple Demo Group 05982,4,COUPLE,True,NORMAL
GR005983,BK005983,J000090,Couple Demo Group 05983,7,COUPLE,True,HIGH
GR005984,BK005984,J000090,Group Demo Group 05984,1,GROUP,True,NORMAL
GR005985,BK005985,J000090,Family Demo Group 05985,3,FAMILY,True,NORMAL
GR005986,BK005986,J000090,Friends Demo Group 05986,3,FRIENDS,True,NORMAL
GR005987,BK005987,J000090,Group Demo Group 05987,1,GROUP,True,NORMAL
GR005988,BK005988,J000090,Couple Demo Group 05988,2,COUPLE,True,NORMAL
GR005989,BK005989,J000090,Family Demo Group 05989,3,FAMILY,True,NORMAL
GR005990,BK005990,J000090,Friends Demo Group 05990,3,FRIENDS,True,NORMAL
GR005991,BK005991,J000090,Group Demo Group 05991,1,GROUP,True,NORMAL
GR005992,BK005992,J000090,Family Demo Group 05992,4,FAMILY,True,NORMAL
GR005993,BK005993,J000090,Friends Demo Group 05993,4,FRIENDS,True,NORMAL
GR005994,BK005994,J000090,Friends Demo Group 05994,3,FRIENDS,True,NORMAL
GR005995,BK005995,J000090,Family Demo Group 05995,5,FAMILY,True,NORMAL
GR005996,BK005996,J000090,Family Demo Group 05996,4,FAMILY,True,NORMAL
GR005997,BK005997,J000090,Family Demo Group 05997,3,FAMILY,True,NORMAL
GR005998,BK005998,J000090,Family Demo Group 05998,2,FAMILY,True,NORMAL
GR005999,BK005999,J000090,Friends Demo Group 05999,6,FRIENDS,True,HIGH
GR006000,BK006000,J000090,Group Demo Group 06000,1,GROUP,True,NORMAL
GR006001,BK006001,J000090,Group Demo Group 06001,1,GROUP,True,NORMAL
GR006002,BK006002,J000090,Friends Demo Group 06002,3,FRIENDS,True,NORMAL
GR006003,BK006003,J000090,Friends Demo Group 06003,2,FRIENDS,True,NORMAL
GR006004,BK006004,J000090,Group Demo Group 06004,1,GROUP,True,NORMAL
GR006005,BK006005,J000090,Family Demo Group 06005,3,FAMILY,True,NORMAL
GR006006,BK006006,J000090,Couple Demo Group 06006,4,COUPLE,True,NORMAL
GR006007,BK006007,J000090,Couple Demo Group 06007,7,COUPLE,True,HIGH
GR006008,BK006008,J000090,Couple Demo Group 06008,2,COUPLE,True,NORMAL
GR006009,BK006009,J000090,Friends Demo Group 06009,4,FRIENDS,True,NORMAL
GR006010,BK006010,J000090,Couple Demo Group 06010,4,COUPLE,True,NORMAL
GR006011,BK006011,J000090,Couple Demo Group 06011,3,COUPLE,True,NORMAL
GR006012,BK006012,J000090,Family Demo Group 06012,4,FAMILY,True,NORMAL
GR006013,BK006013,J000090,Group Demo Group 06013,2,GROUP,True,NORMAL
GR006014,BK006014,J000090,Friends Demo Group 06014,3,FRIENDS,True,NORMAL
GR006015,BK006015,J000090,Group Demo Group 06015,1,GROUP,True,NORMAL
GR006016,BK006016,J000090,Group Demo Group 06016,3,GROUP,True,NORMAL
GR006017,BK006017,J000090,Friends Demo Group 06017,4,FRIENDS,True,NORMAL
GR006018,BK006018,J000090,Couple Demo Group 06018,4,COUPLE,True,NORMAL
GR006019,BK006019,J000090,Group Demo Group 06019,4,GROUP,True,NORMAL
GR006020,BK006020,J000090,Group Demo Group 06020,3,GROUP,True,NORMAL
GR006021,BK006021,J000090,Couple Demo Group 06021,5,COUPLE,True,NORMAL
GR006022,BK006022,J000090,Friends Demo Group 06022,3,FRIENDS,True,NORMAL
GR006023,BK006023,J000090,Friends Demo Group 06023,2,FRIENDS,True,NORMAL
GR006024,BK006024,J000090,Group Demo Group 06024,3,GROUP,True,NORMAL
GR006025,BK006025,J000090,Group Demo Group 06025,6,GROUP,True,HIGH
GR006026,BK006026,J000090,Family Demo Group 06026,2,FAMILY,True,NORMAL
GR006027,BK006027,J000090,Group Demo Group 06027,4,GROUP,True,NORMAL
GR006028,BK006028,J000090,Group Demo Group 06028,3,GROUP,True,NORMAL
GR006029,BK006029,J000090,Family Demo Group 06029,3,FAMILY,True,NORMAL
GR006030,BK006030,J000090,Group Demo Group 06030,1,GROUP,True,NORMAL
GR006031,BK006031,J000091,Couple Demo Group 06031,3,COUPLE,True,NORMAL
GR006032,BK006032,J000091,Couple Demo Group 06032,2,COUPLE,True,NORMAL
GR006033,BK006033,J000091,Group Demo Group 06033,2,GROUP,True,NORMAL
GR006034,BK006034,J000091,Family Demo Group 06034,6,FAMILY,True,HIGH
GR006035,BK006035,J000091,Couple Demo Group 06035,7,COUPLE,True,HIGH
GR006036,BK006036,J000091,Friends Demo Group 06036,5,FRIENDS,True,NORMAL
GR006037,BK006037,J000091,Group Demo Group 06037,2,GROUP,True,NORMAL
GR006038,BK006038,J000091,Group Demo Group 06038,1,GROUP,True,NORMAL
GR006039,BK006039,J000091,Couple Demo Group 06039,3,COUPLE,True,NORMAL
GR006040,BK006040,J000091,Group Demo Group 06040,1,GROUP,True,NORMAL
GR006041,BK006041,J000091,Couple Demo Group 06041,5,COUPLE,True,NORMAL
GR006042,BK006042,J000091,Caregiver Demo Group 06042,4,CAREGIVER,True,HIGH
GR006043,BK006043,J000091,Family Demo Group 06043,5,FAMILY,True,NORMAL
GR006044,BK006044,J000091,Group Demo Group 06044,1,GROUP,True,NORMAL
GR006045,BK006045,J000091,Group Demo Group 06045,1,GROUP,True,NORMAL
GR006046,BK006046,J000091,Friends Demo Group 06046,3,FRIENDS,True,NORMAL
GR006047,BK006047,J000091,Friends Demo Group 06047,2,FRIENDS,True,NORMAL
GR006048,BK006048,J000091,Couple Demo Group 06048,2,COUPLE,True,NORMAL
GR006049,BK006049,J000091,Group Demo Group 06049,1,GROUP,True,NORMAL
GR006050,BK006050,J000091,Group Demo Group 06050,5,GROUP,True,NORMAL
GR006051,BK006051,J000091,Couple Demo Group 06051,3,COUPLE,True,NORMAL
GR006052,BK006052,J000091,Group Demo Group 06052,1,GROUP,True,NORMAL
GR006053,BK006053,J000091,Group Demo Group 06053,2,GROUP,True,NORMAL
GR006054,BK006054,J000091,Couple Demo Group 06054,4,COUPLE,True,NORMAL
GR006055,BK006055,J000091,Friends Demo Group 06055,2,FRIENDS,True,NORMAL
GR006056,BK006056,J000091,Group Demo Group 06056,3,GROUP,True,NORMAL
GR006057,BK006057,J000091,Friends Demo Group 06057,4,FRIENDS,True,NORMAL
GR006058,BK006058,J000091,Couple Demo Group 06058,4,COUPLE,True,NORMAL
GR006059,BK006059,J000091,Group Demo Group 06059,1,GROUP,True,NORMAL
GR006060,BK006060,J000091,Group Demo Group 06060,1,GROUP,True,NORMAL
GR006061,BK006061,J000091,Group Demo Group 06061,1,GROUP,True,NORMAL
GR006062,BK006062,J000091,Couple Demo Group 06062,4,COUPLE,True,NORMAL
GR006063,BK006063,J000091,Friends Demo Group 06063,2,FRIENDS,True,NORMAL
GR006064,BK006064,J000091,Family Demo Group 06064,4,FAMILY,True,NORMAL
GR006065,BK006065,J000091,Group Demo Group 06065,1,GROUP,True,NORMAL
GR006066,BK006066,J000091,Group Demo Group 06066,1,GROUP,True,NORMAL
GR006067,BK006067,J000091,Friends Demo Group 06067,2,FRIENDS,True,NORMAL
GR006068,BK006068,J000091,Friends Demo Group 06068,5,FRIENDS,True,NORMAL
GR006069,BK006069,J000091,Friends Demo Group 06069,4,FRIENDS,True,NORMAL
GR006070,BK006070,J000091,Family Demo Group 06070,2,FAMILY,True,NORMAL
GR006071,BK006071,J000091,Friends Demo Group 06071,2,FRIENDS,True,NORMAL
GR006072,BK006072,J000091,Couple Demo Group 06072,2,COUPLE,True,NORMAL
GR006073,BK006073,J000091,Group Demo Group 06073,2,GROUP,True,NORMAL
GR006074,BK006074,J000091,Family Demo Group 06074,2,FAMILY,True,NORMAL
GR006075,BK006075,J000091,Friends Demo Group 06075,2,FRIENDS,True,NORMAL
GR006076,BK006076,J000091,Group Demo Group 06076,1,GROUP,True,NORMAL
GR006077,BK006077,J000091,Friends Demo Group 06077,4,FRIENDS,True,NORMAL
GR006078,BK006078,J000091,Group Demo Group 06078,1,GROUP,True,NORMAL
GR006079,BK006079,J000091,Group Demo Group 06079,1,GROUP,True,NORMAL
GR006080,BK006080,J000091,Caregiver Demo Group 06080,8,CAREGIVER,True,HIGH
GR006081,BK006081,J000091,Group Demo Group 06081,2,GROUP,True,NORMAL
GR006082,BK006082,J000091,Family Demo Group 06082,2,FAMILY,True,NORMAL
GR006083,BK006083,J000091,Couple Demo Group 06083,7,COUPLE,True,HIGH
GR006084,BK006084,J000091,Family Demo Group 06084,4,FAMILY,True,NORMAL
GR006085,BK006085,J000091,Group Demo Group 06085,1,GROUP,True,NORMAL
GR006086,BK006086,J000091,Family Demo Group 06086,2,FAMILY,True,NORMAL
GR006087,BK006087,J000091,Friends Demo Group 06087,2,FRIENDS,True,NORMAL
GR006088,BK006088,J000091,Group Demo Group 06088,1,GROUP,True,NORMAL
GR006089,BK006089,J000091,Group Demo Group 06089,1,GROUP,True,NORMAL
GR006090,BK006090,J000091,Couple Demo Group 06090,4,COUPLE,True,NORMAL
GR006091,BK006091,J000091,Friends Demo Group 06091,2,FRIENDS,True,NORMAL
GR006092,BK006092,J000091,Group Demo Group 06092,3,GROUP,True,NORMAL
GR006093,BK006093,J000091,Family Demo Group 06093,7,FAMILY,True,HIGH
GR006094,BK006094,J000091,Group Demo Group 06094,1,GROUP,True,NORMAL
GR006095,BK006095,J000091,Friends Demo Group 06095,2,FRIENDS,True,NORMAL
GR006096,BK006096,J000091,Couple Demo Group 06096,2,COUPLE,True,NORMAL
GR006097,BK006097,J000091,Group Demo Group 06097,2,GROUP,True,NORMAL
GR006098,BK006098,J000092,Couple Demo Group 06098,4,COUPLE,True,NORMAL
GR006099,BK006099,J000092,Friends Demo Group 06099,2,FRIENDS,True,NORMAL
GR006100,BK006100,J000092,Group Demo Group 06100,3,GROUP,True,NORMAL
GR006101,BK006101,J000092,Group Demo Group 06101,6,GROUP,True,HIGH
GR006102,BK006102,J000092,Couple Demo Group 06102,4,COUPLE,True,NORMAL
GR006103,BK006103,J000092,Group Demo Group 06103,1,GROUP,True,NORMAL
GR006104,BK006104,J000092,Couple Demo Group 06104,2,COUPLE,True,NORMAL
GR006105,BK006105,J000092,Friends Demo Group 06105,4,FRIENDS,True,NORMAL
GR006106,BK006106,J000092,Couple Demo Group 06106,4,COUPLE,True,NORMAL
GR006107,BK006107,J000092,Group Demo Group 06107,1,GROUP,True,NORMAL
GR006108,BK006108,J000092,Family Demo Group 06108,4,FAMILY,True,NORMAL
GR006109,BK006109,J000092,Group Demo Group 06109,1,GROUP,True,NORMAL
GR006110,BK006110,J000092,Couple Demo Group 06110,4,COUPLE,True,NORMAL
GR006111,BK006111,J000092,Friends Demo Group 06111,2,FRIENDS,True,NORMAL
GR006112,BK006112,J000092,Couple Demo Group 06112,2,COUPLE,True,NORMAL
GR006113,BK006113,J000092,Group Demo Group 06113,2,GROUP,True,NORMAL
GR006114,BK006114,J000092,Friends Demo Group 06114,3,FRIENDS,True,NORMAL
GR006115,BK006115,J000092,Group Demo Group 06115,4,GROUP,True,NORMAL
GR006116,BK006116,J000092,Family Demo Group 06116,4,FAMILY,True,NORMAL
GR006117,BK006117,J000092,Group Demo Group 06117,1,GROUP,True,NORMAL
GR006118,BK006118,J000092,Group Demo Group 06118,1,GROUP,True,NORMAL
GR006119,BK006119,J000092,Friends Demo Group 06119,2,FRIENDS,True,NORMAL
GR006120,BK006120,J000092,Couple Demo Group 06120,2,COUPLE,True,NORMAL
GR006121,BK006121,J000092,Friends Demo Group 06121,4,FRIENDS,True,NORMAL
GR006122,BK006122,J000092,Group Demo Group 06122,1,GROUP,True,NORMAL
GR006123,BK006123,J000092,Group Demo Group 06123,4,GROUP,True,NORMAL
GR006124,BK006124,J000092,Group Demo Group 06124,1,GROUP,True,NORMAL
GR006125,BK006125,J000092,Group Demo Group 06125,2,GROUP,True,NORMAL
GR006126,BK006126,J000092,Family Demo Group 06126,2,FAMILY,True,NORMAL
GR006127,BK006127,J000092,Group Demo Group 06127,4,GROUP,True,NORMAL
GR006128,BK006128,J000092,Couple Demo Group 06128,2,COUPLE,True,NORMAL
GR006129,BK006129,J000092,Friends Demo Group 06129,4,FRIENDS,True,NORMAL
GR006130,BK006130,J000092,Family Demo Group 06130,2,FAMILY,True,NORMAL
GR006131,BK006131,J000092,Couple Demo Group 06131,7,COUPLE,True,HIGH
GR006132,BK006132,J000092,Family Demo Group 06132,4,FAMILY,True,NORMAL
GR006133,BK006133,J000092,Group Demo Group 06133,2,GROUP,True,NORMAL
GR006134,BK006134,J000092,Group Demo Group 06134,1,GROUP,True,NORMAL
GR006135,BK006135,J000092,Group Demo Group 06135,4,GROUP,True,NORMAL
GR006136,BK006136,J000092,Family Demo Group 06136,4,FAMILY,True,NORMAL
GR006137,BK006137,J000092,Group Demo Group 06137,1,GROUP,True,NORMAL
GR006138,BK006138,J000092,Friends Demo Group 06138,3,FRIENDS,True,NORMAL
GR006139,BK006139,J000092,Group Demo Group 06139,1,GROUP,True,NORMAL
GR006140,BK006140,J000092,Group Demo Group 06140,1,GROUP,True,NORMAL
GR006141,BK006141,J000092,Couple Demo Group 06141,5,COUPLE,True,NORMAL
GR006142,BK006142,J000092,Family Demo Group 06142,6,FAMILY,True,HIGH
GR006143,BK006143,J000092,Friends Demo Group 06143,2,FRIENDS,True,NORMAL
GR006144,BK006144,J000092,Couple Demo Group 06144,2,COUPLE,True,NORMAL
GR006145,BK006145,J000092,Group Demo Group 06145,1,GROUP,True,NORMAL
GR006146,BK006146,J000092,Couple Demo Group 06146,4,COUPLE,True,NORMAL
GR006147,BK006147,J000092,Friends Demo Group 06147,6,FRIENDS,True,HIGH
GR006148,BK006148,J000092,Group Demo Group 06148,3,GROUP,True,NORMAL
GR006149,BK006149,J000092,Friends Demo Group 06149,4,FRIENDS,True,NORMAL
GR006150,BK006150,J000092,Family Demo Group 06150,2,FAMILY,True,NORMAL
GR006151,BK006151,J000092,Group Demo Group 06151,4,GROUP,True,NORMAL
GR006152,BK006152,J000092,Group Demo Group 06152,7,GROUP,True,HIGH
GR006153,BK006153,J000092,Friends Demo Group 06153,4,FRIENDS,True,NORMAL
GR006154,BK006154,J000092,Couple Demo Group 06154,4,COUPLE,True,NORMAL
GR006155,BK006155,J000092,Group Demo Group 06155,4,GROUP,True,NORMAL
GR006156,BK006156,J000092,Couple Demo Group 06156,2,COUPLE,True,NORMAL
GR006157,BK006157,J000092,Family Demo Group 06157,3,FAMILY,True,NORMAL
GR006158,BK006158,J000092,Friends Demo Group 06158,3,FRIENDS,True,NORMAL
GR006159,BK006159,J000092,Group Demo Group 06159,8,GROUP,True,HIGH
GR006160,BK006160,J000092,Group Demo Group 06160,3,GROUP,True,NORMAL
GR006161,BK006161,J000092,Group Demo Group 06161,1,GROUP,True,NORMAL
GR006162,BK006162,J000092,Family Demo Group 06162,2,FAMILY,True,NORMAL
GR006163,BK006163,J000092,Group Demo Group 06163,4,GROUP,True,NORMAL
GR006164,BK006164,J000092,Family Demo Group 06164,4,FAMILY,True,NORMAL
GR006165,BK006165,J000093,Friends Demo Group 06165,4,FRIENDS,True,NORMAL
GR006166,BK006166,J000093,Family Demo Group 06166,2,FAMILY,True,NORMAL
GR006167,BK006167,J000093,Friends Demo Group 06167,2,FRIENDS,True,NORMAL
GR006168,BK006168,J000093,Couple Demo Group 06168,2,COUPLE,True,NORMAL
GR006169,BK006169,J000093,Group Demo Group 06169,1,GROUP,True,NORMAL
GR006170,BK006170,J000093,Friends Demo Group 06170,3,FRIENDS,True,NORMAL
GR006171,BK006171,J000093,Friends Demo Group 06171,2,FRIENDS,True,NORMAL
GR006172,BK006172,J000093,Group Demo Group 06172,3,GROUP,True,NORMAL
GR006173,BK006173,J000093,Group Demo Group 06173,1,GROUP,True,NORMAL
GR006174,BK006174,J000093,Family Demo Group 06174,6,FAMILY,True,HIGH
GR006175,BK006175,J000093,Caregiver Demo Group 06175,4,CAREGIVER,True,HIGH
GR006176,BK006176,J000093,Group Demo Group 06176,3,GROUP,True,NORMAL
GR006177,BK006177,J000093,Group Demo Group 06177,1,GROUP,True,NORMAL
GR006178,BK006178,J000093,Group Demo Group 06178,5,GROUP,True,NORMAL
GR006179,BK006179,J000093,Couple Demo Group 06179,3,COUPLE,True,NORMAL
GR006180,BK006180,J000093,Group Demo Group 06180,1,GROUP,True,NORMAL
GR006181,BK006181,J000093,Group Demo Group 06181,2,GROUP,True,NORMAL
GR006182,BK006182,J000093,Family Demo Group 06182,2,FAMILY,True,NORMAL
GR006183,BK006183,J000093,Group Demo Group 06183,1,GROUP,True,NORMAL
GR006184,BK006184,J000093,Friends Demo Group 06184,5,FRIENDS,True,NORMAL
GR006185,BK006185,J000093,Group Demo Group 06185,2,GROUP,True,NORMAL
GR006186,BK006186,J000093,Family Demo Group 06186,2,FAMILY,True,NORMAL
GR006187,BK006187,J000093,Group Demo Group 06187,1,GROUP,True,NORMAL
GR006188,BK006188,J000093,Group Demo Group 06188,3,GROUP,True,NORMAL
GR006189,BK006189,J000093,Group Demo Group 06189,2,GROUP,True,NORMAL
GR006190,BK006190,J000093,Family Demo Group 06190,2,FAMILY,True,NORMAL
GR006191,BK006191,J000093,Group Demo Group 06191,4,GROUP,True,NORMAL
GR006192,BK006192,J000093,Family Demo Group 06192,4,FAMILY,True,NORMAL
GR006193,BK006193,J000093,Group Demo Group 06193,1,GROUP,True,NORMAL
GR006194,BK006194,J000093,Family Demo Group 06194,2,FAMILY,True,NORMAL
GR006195,BK006195,J000093,Group Demo Group 06195,1,GROUP,True,NORMAL
GR006196,BK006196,J000093,Group Demo Group 06196,1,GROUP,True,NORMAL
GR006197,BK006197,J000093,Friends Demo Group 06197,4,FRIENDS,True,NORMAL
GR006198,BK006198,J000093,Couple Demo Group 06198,4,COUPLE,True,NORMAL
GR006199,BK006199,J000093,Group Demo Group 06199,4,GROUP,True,NORMAL
GR006200,BK006200,J000093,Group Demo Group 06200,1,GROUP,True,NORMAL
GR006201,BK006201,J000093,Group Demo Group 06201,2,GROUP,True,NORMAL
GR006202,BK006202,J000093,Couple Demo Group 06202,4,COUPLE,True,NORMAL
GR006203,BK006203,J000093,Friends Demo Group 06203,2,FRIENDS,True,NORMAL
GR006204,BK006204,J000093,Family Demo Group 06204,4,FAMILY,True,NORMAL
GR006205,BK006205,J000093,Family Demo Group 06205,3,FAMILY,True,NORMAL
GR006206,BK006206,J000093,Family Demo Group 06206,2,FAMILY,True,NORMAL
GR006207,BK006207,J000093,Friends Demo Group 06207,2,FRIENDS,True,NORMAL
GR006208,BK006208,J000093,Group Demo Group 06208,1,GROUP,True,NORMAL
GR006209,BK006209,J000093,Group Demo Group 06209,2,GROUP,True,NORMAL
GR006210,BK006210,J000093,Couple Demo Group 06210,4,COUPLE,True,NORMAL
GR006211,BK006211,J000093,Friends Demo Group 06211,2,FRIENDS,True,NORMAL
GR006212,BK006212,J000093,Group Demo Group 06212,3,GROUP,True,NORMAL
GR006213,BK006213,J000093,Caregiver Demo Group 06213,4,CAREGIVER,True,HIGH
GR006214,BK006214,J000093,Couple Demo Group 06214,4,COUPLE,True,NORMAL
GR006215,BK006215,J000093,Couple Demo Group 06215,3,COUPLE,True,NORMAL
GR006216,BK006216,J000093,Couple Demo Group 06216,2,COUPLE,True,NORMAL
GR006217,BK006217,J000093,Family Demo Group 06217,3,FAMILY,True,NORMAL
GR006218,BK006218,J000093,Family Demo Group 06218,2,FAMILY,True,NORMAL
GR006219,BK006219,J000093,Friends Demo Group 06219,2,FRIENDS,True,NORMAL
GR006220,BK006220,J000093,Couple Demo Group 06220,2,COUPLE,True,NORMAL
GR006221,BK006221,J000093,Friends Demo Group 06221,4,FRIENDS,True,NORMAL
GR006222,BK006222,J000093,Family Demo Group 06222,2,FAMILY,True,NORMAL
GR006223,BK006223,J000093,Friends Demo Group 06223,2,FRIENDS,True,NORMAL
GR006224,BK006224,J000093,Couple Demo Group 06224,6,COUPLE,True,HIGH
GR006225,BK006225,J000093,Family Demo Group 06225,3,FAMILY,True,NORMAL
GR006226,BK006226,J000093,Couple Demo Group 06226,4,COUPLE,True,NORMAL
GR006227,BK006227,J000093,Couple Demo Group 06227,3,COUPLE,True,NORMAL
GR006228,BK006228,J000093,Family Demo Group 06228,8,FAMILY,True,HIGH
GR006229,BK006229,J000093,Group Demo Group 06229,2,GROUP,True,NORMAL
GR006230,BK006230,J000093,Family Demo Group 06230,2,FAMILY,True,NORMAL
GR006231,BK006231,J000093,Family Demo Group 06231,5,FAMILY,True,NORMAL
GR006232,BK006232,J000094,Couple Demo Group 06232,2,COUPLE,True,NORMAL
GR006233,BK006233,J000094,Couple Demo Group 06233,5,COUPLE,True,NORMAL
GR006234,BK006234,J000094,Friends Demo Group 06234,3,FRIENDS,True,NORMAL
GR006235,BK006235,J000094,Group Demo Group 06235,4,GROUP,True,NORMAL
GR006236,BK006236,J000094,Group Demo Group 06236,1,GROUP,True,NORMAL
GR006237,BK006237,J000094,Group Demo Group 06237,6,GROUP,True,HIGH
GR006238,BK006238,J000094,Couple Demo Group 06238,4,COUPLE,True,NORMAL
GR006239,BK006239,J000094,Couple Demo Group 06239,3,COUPLE,True,NORMAL
GR006240,BK006240,J000094,Group Demo Group 06240,3,GROUP,True,NORMAL
GR006241,BK006241,J000094,Friends Demo Group 06241,4,FRIENDS,True,NORMAL
GR006242,BK006242,J000094,Friends Demo Group 06242,3,FRIENDS,True,NORMAL
GR006243,BK006243,J000094,Couple Demo Group 06243,3,COUPLE,True,NORMAL
GR006244,BK006244,J000094,Group Demo Group 06244,1,GROUP,True,NORMAL
GR006245,BK006245,J000094,Group Demo Group 06245,1,GROUP,True,NORMAL
GR006246,BK006246,J000094,Friends Demo Group 06246,3,FRIENDS,True,NORMAL
GR006247,BK006247,J000094,Group Demo Group 06247,4,GROUP,True,NORMAL
GR006248,BK006248,J000094,Group Demo Group 06248,3,GROUP,True,NORMAL
GR006249,BK006249,J000094,Group Demo Group 06249,1,GROUP,True,NORMAL
GR006250,BK006250,J000094,Friends Demo Group 06250,3,FRIENDS,True,NORMAL
GR006251,BK006251,J000094,Group Demo Group 06251,1,GROUP,True,NORMAL
GR006252,BK006252,J000094,Couple Demo Group 06252,2,COUPLE,True,NORMAL
GR006253,BK006253,J000094,Group Demo Group 06253,6,GROUP,True,HIGH
GR006254,BK006254,J000094,Friends Demo Group 06254,3,FRIENDS,True,NORMAL
GR006255,BK006255,J000094,Friends Demo Group 06255,2,FRIENDS,True,NORMAL
GR006256,BK006256,J000094,Group Demo Group 06256,1,GROUP,True,NORMAL
GR006257,BK006257,J000094,Friends Demo Group 06257,4,FRIENDS,True,NORMAL
GR006258,BK006258,J000094,Family Demo Group 06258,2,FAMILY,True,NORMAL
GR006259,BK006259,J000094,Group Demo Group 06259,1,GROUP,True,NORMAL
GR006260,BK006260,J000094,Group Demo Group 06260,1,GROUP,True,NORMAL
GR006261,BK006261,J000094,Group Demo Group 06261,1,GROUP,True,NORMAL
GR006262,BK006262,J000094,Couple Demo Group 06262,4,COUPLE,True,NORMAL
GR006263,BK006263,J000094,Friends Demo Group 06263,6,FRIENDS,True,HIGH
GR006264,BK006264,J000094,Couple Demo Group 06264,2,COUPLE,True,NORMAL
GR006265,BK006265,J000094,Group Demo Group 06265,2,GROUP,True,NORMAL
GR006266,BK006266,J000094,Family Demo Group 06266,6,FAMILY,True,HIGH
GR006267,BK006267,J000094,Friends Demo Group 06267,2,FRIENDS,True,NORMAL
GR006268,BK006268,J000094,Family Demo Group 06268,4,FAMILY,True,NORMAL
GR006269,BK006269,J000094,Group Demo Group 06269,1,GROUP,True,NORMAL
GR006270,BK006270,J000094,Group Demo Group 06270,1,GROUP,True,NORMAL
GR006271,BK006271,J000094,Group Demo Group 06271,4,GROUP,True,NORMAL
GR006272,BK006272,J000094,Group Demo Group 06272,1,GROUP,True,NORMAL
GR006273,BK006273,J000094,Group Demo Group 06273,2,GROUP,True,NORMAL
GR006274,BK006274,J000094,Couple Demo Group 06274,4,COUPLE,True,NORMAL
GR006275,BK006275,J000094,Group Demo Group 06275,1,GROUP,True,NORMAL
GR006276,BK006276,J000094,Friends Demo Group 06276,5,FRIENDS,True,NORMAL
GR006277,BK006277,J000094,Group Demo Group 06277,2,GROUP,True,NORMAL
GR006278,BK006278,J000094,Family Demo Group 06278,2,FAMILY,True,NORMAL
GR006279,BK006279,J000094,Couple Demo Group 06279,3,COUPLE,True,NORMAL
GR006280,BK006280,J000094,Couple Demo Group 06280,2,COUPLE,True,NORMAL
GR006281,BK006281,J000094,Friends Demo Group 06281,4,FRIENDS,True,NORMAL
GR006282,BK006282,J000094,Couple Demo Group 06282,4,COUPLE,True,NORMAL
GR006283,BK006283,J000094,Couple Demo Group 06283,7,COUPLE,True,HIGH
GR006284,BK006284,J000094,Group Demo Group 06284,3,GROUP,True,NORMAL
GR006285,BK006285,J000094,Friends Demo Group 06285,8,FRIENDS,True,HIGH
GR006286,BK006286,J000094,Friends Demo Group 06286,3,FRIENDS,True,NORMAL
GR006287,BK006287,J000094,Group Demo Group 06287,4,GROUP,True,NORMAL
GR006288,BK006288,J000094,Group Demo Group 06288,3,GROUP,True,NORMAL
GR006289,BK006289,J000094,Group Demo Group 06289,2,GROUP,True,NORMAL
GR006290,BK006290,J000094,Couple Demo Group 06290,4,COUPLE,True,NORMAL
GR006291,BK006291,J000094,Friends Demo Group 06291,2,FRIENDS,True,NORMAL
GR006292,BK006292,J000094,Couple Demo Group 06292,2,COUPLE,True,NORMAL
GR006293,BK006293,J000094,Group Demo Group 06293,2,GROUP,True,NORMAL
GR006294,BK006294,J000094,Group Demo Group 06294,1,GROUP,True,NORMAL
GR006295,BK006295,J000094,Group Demo Group 06295,4,GROUP,True,NORMAL
GR006296,BK006296,J000094,Couple Demo Group 06296,6,COUPLE,True,HIGH
GR006297,BK006297,J000094,Couple Demo Group 06297,5,COUPLE,True,NORMAL
GR006298,BK006298,J000094,Family Demo Group 06298,2,FAMILY,True,NORMAL
GR006299,BK006299,J000095,Friends Demo Group 06299,2,FRIENDS,True,NORMAL
GR006300,BK006300,J000095,Couple Demo Group 06300,2,COUPLE,True,NORMAL
GR006301,BK006301,J000095,Group Demo Group 06301,2,GROUP,True,NORMAL
GR006302,BK006302,J000095,Family Demo Group 06302,2,FAMILY,True,NORMAL
GR006303,BK006303,J000095,Group Demo Group 06303,1,GROUP,True,NORMAL
GR006304,BK006304,J000095,Couple Demo Group 06304,2,COUPLE,True,NORMAL
GR006305,BK006305,J000095,Group Demo Group 06305,1,GROUP,True,NORMAL
GR006306,BK006306,J000095,Couple Demo Group 06306,4,COUPLE,True,NORMAL
GR006307,BK006307,J000095,Group Demo Group 06307,1,GROUP,True,NORMAL
GR006308,BK006308,J000095,Caregiver Demo Group 06308,6,CAREGIVER,True,HIGH
GR006309,BK006309,J000095,Couple Demo Group 06309,5,COUPLE,True,NORMAL
GR006310,BK006310,J000095,Group Demo Group 06310,1,GROUP,True,NORMAL
GR006311,BK006311,J000095,Friends Demo Group 06311,6,FRIENDS,True,HIGH
GR006312,BK006312,J000095,Couple Demo Group 06312,2,COUPLE,True,NORMAL
GR006313,BK006313,J000095,Group Demo Group 06313,1,GROUP,True,NORMAL
GR006314,BK006314,J000095,Couple Demo Group 06314,4,COUPLE,True,NORMAL
GR006315,BK006315,J000095,Group Demo Group 06315,8,GROUP,True,HIGH
GR006316,BK006316,J000095,Couple Demo Group 06316,2,COUPLE,True,NORMAL
GR006317,BK006317,J000095,Group Demo Group 06317,2,GROUP,True,NORMAL
GR006318,BK006318,J000095,Couple Demo Group 06318,4,COUPLE,True,NORMAL
GR006319,BK006319,J000095,Group Demo Group 06319,4,GROUP,True,NORMAL
GR006320,BK006320,J000095,Couple Demo Group 06320,2,COUPLE,True,NORMAL
GR006321,BK006321,J000095,Group Demo Group 06321,2,GROUP,True,NORMAL
GR006322,BK006322,J000095,Couple Demo Group 06322,4,COUPLE,True,NORMAL
GR006323,BK006323,J000095,Friends Demo Group 06323,2,FRIENDS,True,NORMAL
GR006324,BK006324,J000095,Couple Demo Group 06324,2,COUPLE,True,NORMAL
GR006325,BK006325,J000095,Group Demo Group 06325,6,GROUP,True,HIGH
GR006326,BK006326,J000095,Family Demo Group 06326,2,FAMILY,True,NORMAL
GR006327,BK006327,J000095,Caregiver Demo Group 06327,4,CAREGIVER,True,HIGH
GR006328,BK006328,J000095,Group Demo Group 06328,7,GROUP,True,HIGH
GR006329,BK006329,J000095,Group Demo Group 06329,1,GROUP,True,NORMAL
GR006330,BK006330,J000095,Friends Demo Group 06330,3,FRIENDS,True,NORMAL
GR006331,BK006331,J000095,Friends Demo Group 06331,2,FRIENDS,True,NORMAL
GR006332,BK006332,J000095,Group Demo Group 06332,1,GROUP,True,NORMAL
GR006333,BK006333,J000095,Friends Demo Group 06333,8,FRIENDS,True,HIGH
GR006334,BK006334,J000095,Friends Demo Group 06334,3,FRIENDS,True,NORMAL
GR006335,BK006335,J000095,Friends Demo Group 06335,6,FRIENDS,True,HIGH
GR006336,BK006336,J000095,Friends Demo Group 06336,5,FRIENDS,True,NORMAL
GR006337,BK006337,J000095,Group Demo Group 06337,6,GROUP,True,HIGH
GR006338,BK006338,J000095,Family Demo Group 06338,6,FAMILY,True,HIGH
GR006339,BK006339,J000095,Group Demo Group 06339,1,GROUP,True,NORMAL
GR006340,BK006340,J000095,Couple Demo Group 06340,2,COUPLE,True,NORMAL
GR006341,BK006341,J000095,Couple Demo Group 06341,5,COUPLE,True,NORMAL
GR006342,BK006342,J000095,Group Demo Group 06342,1,GROUP,True,NORMAL
GR006343,BK006343,J000095,Friends Demo Group 06343,2,FRIENDS,True,NORMAL
GR006344,BK006344,J000095,Family Demo Group 06344,8,FAMILY,True,HIGH
GR006345,BK006345,J000095,Group Demo Group 06345,1,GROUP,True,NORMAL
GR006346,BK006346,J000095,Caregiver Demo Group 06346,4,CAREGIVER,True,HIGH
GR006347,BK006347,J000095,Couple Demo Group 06347,3,COUPLE,True,NORMAL
GR006348,BK006348,J000095,Couple Demo Group 06348,2,COUPLE,True,NORMAL
GR006349,BK006349,J000095,Couple Demo Group 06349,5,COUPLE,True,NORMAL
GR006350,BK006350,J000095,Family Demo Group 06350,2,FAMILY,True,NORMAL
GR006351,BK006351,J000095,Couple Demo Group 06351,3,COUPLE,True,NORMAL
GR006352,BK006352,J000095,Family Demo Group 06352,8,FAMILY,True,HIGH
GR006353,BK006353,J000095,Group Demo Group 06353,2,GROUP,True,NORMAL
GR006354,BK006354,J000095,Family Demo Group 06354,6,FAMILY,True,HIGH
GR006355,BK006355,J000095,Couple Demo Group 06355,7,COUPLE,True,HIGH
GR006356,BK006356,J000095,Friends Demo Group 06356,5,FRIENDS,True,NORMAL
GR006357,BK006357,J000095,Family Demo Group 06357,3,FAMILY,True,NORMAL
GR006358,BK006358,J000095,Group Demo Group 06358,1,GROUP,True,NORMAL
GR006359,BK006359,J000095,Group Demo Group 06359,4,GROUP,True,NORMAL
GR006360,BK006360,J000095,Group Demo Group 06360,3,GROUP,True,NORMAL
GR006361,BK006361,J000095,Group Demo Group 06361,1,GROUP,True,NORMAL
GR006362,BK006362,J000095,Couple Demo Group 06362,4,COUPLE,True,NORMAL
GR006363,BK006363,J000095,Friends Demo Group 06363,2,FRIENDS,True,NORMAL
GR006364,BK006364,J000095,Couple Demo Group 06364,2,COUPLE,True,NORMAL
GR006365,BK006365,J000095,Caregiver Demo Group 06365,6,CAREGIVER,True,HIGH
GR006366,BK006366,J000096,Couple Demo Group 06366,4,COUPLE,True,NORMAL
GR006367,BK006367,J000096,Family Demo Group 06367,5,FAMILY,True,NORMAL
GR006368,BK006368,J000096,Couple Demo Group 06368,6,COUPLE,True,HIGH
GR006369,BK006369,J000096,Group Demo Group 06369,1,GROUP,True,NORMAL
GR006370,BK006370,J000096,Family Demo Group 06370,6,FAMILY,True,HIGH
GR006371,BK006371,J000096,Couple Demo Group 06371,3,COUPLE,True,NORMAL
GR006372,BK006372,J000096,Group Demo Group 06372,1,GROUP,True,NORMAL
GR006373,BK006373,J000096,Group Demo Group 06373,2,GROUP,True,NORMAL
GR006374,BK006374,J000096,Group Demo Group 06374,1,GROUP,True,NORMAL
GR006375,BK006375,J000096,Friends Demo Group 06375,2,FRIENDS,True,NORMAL
GR006376,BK006376,J000096,Family Demo Group 06376,4,FAMILY,True,NORMAL
GR006377,BK006377,J000096,Group Demo Group 06377,1,GROUP,True,NORMAL
GR006378,BK006378,J000096,Friends Demo Group 06378,3,FRIENDS,True,NORMAL
GR006379,BK006379,J000096,Group Demo Group 06379,4,GROUP,True,NORMAL
GR006380,BK006380,J000096,Family Demo Group 06380,4,FAMILY,True,NORMAL
GR006381,BK006381,J000096,Friends Demo Group 06381,8,FRIENDS,True,HIGH
GR006382,BK006382,J000096,Group Demo Group 06382,1,GROUP,True,NORMAL
GR006383,BK006383,J000096,Group Demo Group 06383,4,GROUP,True,NORMAL
GR006384,BK006384,J000096,Couple Demo Group 06384,2,COUPLE,True,NORMAL
GR006385,BK006385,J000096,Friends Demo Group 06385,4,FRIENDS,True,NORMAL
GR006386,BK006386,J000096,Couple Demo Group 06386,4,COUPLE,True,NORMAL
GR006387,BK006387,J000096,Group Demo Group 06387,4,GROUP,True,NORMAL
GR006388,BK006388,J000096,Couple Demo Group 06388,2,COUPLE,True,NORMAL
GR006389,BK006389,J000096,Group Demo Group 06389,2,GROUP,True,NORMAL
GR006390,BK006390,J000096,Group Demo Group 06390,1,GROUP,True,NORMAL
GR006391,BK006391,J000096,Group Demo Group 06391,1,GROUP,True,NORMAL
GR006392,BK006392,J000096,Group Demo Group 06392,1,GROUP,True,NORMAL
GR006393,BK006393,J000096,Family Demo Group 06393,3,FAMILY,True,NORMAL
GR006394,BK006394,J000096,Family Demo Group 06394,2,FAMILY,True,NORMAL
GR006395,BK006395,J000096,Couple Demo Group 06395,3,COUPLE,True,NORMAL
GR006396,BK006396,J000096,Group Demo Group 06396,7,GROUP,True,HIGH
GR006397,BK006397,J000096,Couple Demo Group 06397,5,COUPLE,True,NORMAL
GR006398,BK006398,J000096,Couple Demo Group 06398,4,COUPLE,True,NORMAL
GR006399,BK006399,J000096,Group Demo Group 06399,4,GROUP,True,NORMAL
GR006400,BK006400,J000096,Group Demo Group 06400,3,GROUP,True,NORMAL
GR006401,BK006401,J000096,Family Demo Group 06401,3,FAMILY,True,NORMAL
GR006402,BK006402,J000096,Group Demo Group 06402,1,GROUP,True,NORMAL
GR006403,BK006403,J000096,Friends Demo Group 06403,2,FRIENDS,True,NORMAL
GR006404,BK006404,J000096,Family Demo Group 06404,8,FAMILY,True,HIGH
GR006405,BK006405,J000096,Friends Demo Group 06405,4,FRIENDS,True,NORMAL
GR006406,BK006406,J000096,Friends Demo Group 06406,3,FRIENDS,True,NORMAL
GR006407,BK006407,J000096,Friends Demo Group 06407,2,FRIENDS,True,NORMAL
GR006408,BK006408,J000096,Couple Demo Group 06408,6,COUPLE,True,HIGH
GR006409,BK006409,J000096,Couple Demo Group 06409,5,COUPLE,True,NORMAL
GR006410,BK006410,J000096,Group Demo Group 06410,1,GROUP,True,NORMAL
GR006411,BK006411,J000096,Group Demo Group 06411,4,GROUP,True,NORMAL
GR006412,BK006412,J000096,Group Demo Group 06412,1,GROUP,True,NORMAL
GR006413,BK006413,J000096,Friends Demo Group 06413,4,FRIENDS,True,NORMAL
GR006414,BK006414,J000096,Friends Demo Group 06414,3,FRIENDS,True,NORMAL
GR006415,BK006415,J000096,Friends Demo Group 06415,6,FRIENDS,True,HIGH
GR006416,BK006416,J000096,Group Demo Group 06416,1,GROUP,True,NORMAL
GR006417,BK006417,J000096,Family Demo Group 06417,3,FAMILY,True,NORMAL
GR006418,BK006418,J000096,Friends Demo Group 06418,3,FRIENDS,True,NORMAL
GR006419,BK006419,J000096,Friends Demo Group 06419,2,FRIENDS,True,NORMAL
GR006420,BK006420,J000096,Family Demo Group 06420,4,FAMILY,True,NORMAL
GR006421,BK006421,J000096,Group Demo Group 06421,6,GROUP,True,HIGH
GR006422,BK006422,J000096,Group Demo Group 06422,1,GROUP,True,NORMAL
GR006423,BK006423,J000096,Family Demo Group 06423,5,FAMILY,True,NORMAL
GR006424,BK006424,J000096,Group Demo Group 06424,1,GROUP,True,NORMAL
GR006425,BK006425,J000096,Family Demo Group 06425,3,FAMILY,True,NORMAL
GR006426,BK006426,J000096,Friends Demo Group 06426,3,FRIENDS,True,NORMAL
GR006427,BK006427,J000096,Friends Demo Group 06427,2,FRIENDS,True,NORMAL
GR006428,BK006428,J000096,Couple Demo Group 06428,2,COUPLE,True,NORMAL
GR006429,BK006429,J000096,Family Demo Group 06429,3,FAMILY,True,NORMAL
GR006430,BK006430,J000096,Couple Demo Group 06430,8,COUPLE,True,HIGH
GR006431,BK006431,J000096,Group Demo Group 06431,1,GROUP,True,NORMAL
GR006432,BK006432,J000096,Couple Demo Group 06432,2,COUPLE,True,NORMAL
GR006433,BK006433,J000097,Group Demo Group 06433,1,GROUP,True,NORMAL
GR006434,BK006434,J000097,Couple Demo Group 06434,4,COUPLE,True,NORMAL
GR006435,BK006435,J000097,Family Demo Group 06435,5,FAMILY,True,NORMAL
GR006436,BK006436,J000097,Group Demo Group 06436,3,GROUP,True,NORMAL
GR006437,BK006437,J000097,Group Demo Group 06437,1,GROUP,True,NORMAL
GR006438,BK006438,J000097,Group Demo Group 06438,1,GROUP,True,NORMAL
GR006439,BK006439,J000097,Friends Demo Group 06439,6,FRIENDS,True,HIGH
GR006440,BK006440,J000097,Family Demo Group 06440,4,FAMILY,True,NORMAL
GR006441,BK006441,J000097,Group Demo Group 06441,1,GROUP,True,NORMAL
GR006442,BK006442,J000097,Group Demo Group 06442,1,GROUP,True,NORMAL
GR006443,BK006443,J000097,Family Demo Group 06443,5,FAMILY,True,NORMAL
GR006444,BK006444,J000097,Family Demo Group 06444,4,FAMILY,True,NORMAL
GR006445,BK006445,J000097,Family Demo Group 06445,3,FAMILY,True,NORMAL
GR006446,BK006446,J000097,Group Demo Group 06446,1,GROUP,True,NORMAL
GR006447,BK006447,J000097,Couple Demo Group 06447,3,COUPLE,True,NORMAL
GR006448,BK006448,J000097,Family Demo Group 06448,4,FAMILY,True,NORMAL
GR006449,BK006449,J000097,Group Demo Group 06449,2,GROUP,True,NORMAL
GR006450,BK006450,J000097,Family Demo Group 06450,2,FAMILY,True,NORMAL
GR006451,BK006451,J000097,Group Demo Group 06451,8,GROUP,True,HIGH
GR006452,BK006452,J000097,Couple Demo Group 06452,2,COUPLE,True,NORMAL
GR006453,BK006453,J000097,Group Demo Group 06453,2,GROUP,True,NORMAL
GR006454,BK006454,J000097,Group Demo Group 06454,1,GROUP,True,NORMAL
GR006455,BK006455,J000097,Group Demo Group 06455,4,GROUP,True,NORMAL
GR006456,BK006456,J000097,Couple Demo Group 06456,2,COUPLE,True,NORMAL
GR006457,BK006457,J000097,Couple Demo Group 06457,5,COUPLE,True,NORMAL
GR006458,BK006458,J000097,Couple Demo Group 06458,4,COUPLE,True,NORMAL
GR006459,BK006459,J000097,Group Demo Group 06459,4,GROUP,True,NORMAL
GR006460,BK006460,J000097,Group Demo Group 06460,1,GROUP,True,NORMAL
GR006461,BK006461,J000097,Friends Demo Group 06461,4,FRIENDS,True,NORMAL
GR006462,BK006462,J000097,Friends Demo Group 06462,3,FRIENDS,True,NORMAL
GR006463,BK006463,J000097,Friends Demo Group 06463,2,FRIENDS,True,NORMAL
GR006464,BK006464,J000097,Couple Demo Group 06464,2,COUPLE,True,NORMAL
GR006465,BK006465,J000097,Group Demo Group 06465,1,GROUP,True,NORMAL
GR006466,BK006466,J000097,Family Demo Group 06466,2,FAMILY,True,NORMAL
GR006467,BK006467,J000097,Group Demo Group 06467,1,GROUP,True,NORMAL
GR006468,BK006468,J000097,Couple Demo Group 06468,2,COUPLE,True,NORMAL
GR006469,BK006469,J000097,Group Demo Group 06469,1,GROUP,True,NORMAL
GR006470,BK006470,J000097,Family Demo Group 06470,6,FAMILY,True,HIGH
GR006471,BK006471,J000097,Group Demo Group 06471,1,GROUP,True,NORMAL
GR006472,BK006472,J000097,Friends Demo Group 06472,5,FRIENDS,True,NORMAL
GR006473,BK006473,J000097,Group Demo Group 06473,1,GROUP,True,NORMAL
GR006474,BK006474,J000097,Friends Demo Group 06474,3,FRIENDS,True,NORMAL
GR006475,BK006475,J000097,Group Demo Group 06475,1,GROUP,True,NORMAL
GR006476,BK006476,J000097,Group Demo Group 06476,3,GROUP,True,NORMAL
GR006477,BK006477,J000097,Friends Demo Group 06477,4,FRIENDS,True,NORMAL
GR006478,BK006478,J000097,Couple Demo Group 06478,4,COUPLE,True,NORMAL
GR006479,BK006479,J000097,Group Demo Group 06479,1,GROUP,True,NORMAL
GR006480,BK006480,J000097,Family Demo Group 06480,4,FAMILY,True,NORMAL
GR006481,BK006481,J000097,Group Demo Group 06481,1,GROUP,True,NORMAL
GR006482,BK006482,J000097,Family Demo Group 06482,6,FAMILY,True,HIGH
GR006483,BK006483,J000097,Couple Demo Group 06483,7,COUPLE,True,HIGH
GR006484,BK006484,J000097,Couple Demo Group 06484,6,COUPLE,True,HIGH
GR006485,BK006485,J000097,Friends Demo Group 06485,4,FRIENDS,True,NORMAL
GR006486,BK006486,J000097,Group Demo Group 06486,1,GROUP,True,NORMAL
GR006487,BK006487,J000097,Group Demo Group 06487,1,GROUP,True,NORMAL
GR006488,BK006488,J000097,Couple Demo Group 06488,6,COUPLE,True,HIGH
GR006489,BK006489,J000097,Group Demo Group 06489,1,GROUP,True,NORMAL
GR006490,BK006490,J000097,Family Demo Group 06490,2,FAMILY,True,NORMAL
GR006491,BK006491,J000097,Friends Demo Group 06491,6,FRIENDS,True,HIGH
GR006492,BK006492,J000097,Couple Demo Group 06492,2,COUPLE,True,NORMAL
GR006493,BK006493,J000097,Group Demo Group 06493,6,GROUP,True,HIGH
GR006494,BK006494,J000097,Family Demo Group 06494,2,FAMILY,True,NORMAL
GR006495,BK006495,J000097,Friends Demo Group 06495,2,FRIENDS,True,NORMAL
GR006496,BK006496,J000097,Family Demo Group 06496,8,FAMILY,True,HIGH
GR006497,BK006497,J000097,Family Demo Group 06497,3,FAMILY,True,NORMAL
GR006498,BK006498,J000097,Family Demo Group 06498,2,FAMILY,True,NORMAL
GR006499,BK006499,J000097,Couple Demo Group 06499,3,COUPLE,True,NORMAL
GR006500,BK006500,J000098,Couple Demo Group 06500,2,COUPLE,True,NORMAL
GR006501,BK006501,J000098,Group Demo Group 06501,2,GROUP,True,NORMAL
GR006502,BK006502,J000098,Friends Demo Group 06502,3,FRIENDS,True,NORMAL
GR006503,BK006503,J000098,Group Demo Group 06503,4,GROUP,True,NORMAL
GR006504,BK006504,J000098,Group Demo Group 06504,3,GROUP,True,NORMAL
GR006505,BK006505,J000098,Group Demo Group 06505,2,GROUP,True,NORMAL
GR006506,BK006506,J000098,Group Demo Group 06506,1,GROUP,True,NORMAL
GR006507,BK006507,J000098,Friends Demo Group 06507,2,FRIENDS,True,NORMAL
GR006508,BK006508,J000098,Group Demo Group 06508,1,GROUP,True,NORMAL
GR006509,BK006509,J000098,Group Demo Group 06509,1,GROUP,True,NORMAL
GR006510,BK006510,J000098,Friends Demo Group 06510,3,FRIENDS,True,NORMAL
GR006511,BK006511,J000098,Group Demo Group 06511,4,GROUP,True,NORMAL
GR006512,BK006512,J000098,Couple Demo Group 06512,2,COUPLE,True,NORMAL
GR006513,BK006513,J000098,Group Demo Group 06513,2,GROUP,True,NORMAL
GR006514,BK006514,J000098,Family Demo Group 06514,6,FAMILY,True,HIGH
GR006515,BK006515,J000098,Friends Demo Group 06515,6,FRIENDS,True,HIGH
GR006516,BK006516,J000098,Family Demo Group 06516,4,FAMILY,True,NORMAL
GR006517,BK006517,J000098,Caregiver Demo Group 06517,4,CAREGIVER,True,HIGH
GR006518,BK006518,J000098,Couple Demo Group 06518,4,COUPLE,True,NORMAL
GR006519,BK006519,J000098,Friends Demo Group 06519,2,FRIENDS,True,NORMAL
GR006520,BK006520,J000098,Group Demo Group 06520,3,GROUP,True,NORMAL
GR006521,BK006521,J000098,Group Demo Group 06521,2,GROUP,True,NORMAL
GR006522,BK006522,J000098,Group Demo Group 06522,1,GROUP,True,NORMAL
GR006523,BK006523,J000098,Friends Demo Group 06523,2,FRIENDS,True,NORMAL
GR006524,BK006524,J000098,Group Demo Group 06524,3,GROUP,True,NORMAL
GR006525,BK006525,J000098,Friends Demo Group 06525,4,FRIENDS,True,NORMAL
GR006526,BK006526,J000098,Group Demo Group 06526,1,GROUP,True,NORMAL
GR006527,BK006527,J000098,Group Demo Group 06527,4,GROUP,True,NORMAL
GR006528,BK006528,J000098,Group Demo Group 06528,1,GROUP,True,NORMAL
GR006529,BK006529,J000098,Group Demo Group 06529,1,GROUP,True,NORMAL
GR006530,BK006530,J000098,Family Demo Group 06530,6,FAMILY,True,HIGH
GR006531,BK006531,J000098,Group Demo Group 06531,4,GROUP,True,NORMAL
GR006532,BK006532,J000098,Family Demo Group 06532,4,FAMILY,True,NORMAL
GR006533,BK006533,J000098,Family Demo Group 06533,3,FAMILY,True,NORMAL
GR006534,BK006534,J000098,Friends Demo Group 06534,3,FRIENDS,True,NORMAL
GR006535,BK006535,J000098,Couple Demo Group 06535,3,COUPLE,True,NORMAL
GR006536,BK006536,J000098,Group Demo Group 06536,1,GROUP,True,NORMAL
GR006537,BK006537,J000098,Family Demo Group 06537,3,FAMILY,True,NORMAL
GR006538,BK006538,J000098,Family Demo Group 06538,2,FAMILY,True,NORMAL
GR006539,BK006539,J000098,Group Demo Group 06539,4,GROUP,True,NORMAL
GR006540,BK006540,J000098,Group Demo Group 06540,7,GROUP,True,HIGH
GR006541,BK006541,J000098,Group Demo Group 06541,1,GROUP,True,NORMAL
GR006542,BK006542,J000098,Friends Demo Group 06542,3,FRIENDS,True,NORMAL
GR006543,BK006543,J000098,Couple Demo Group 06543,7,COUPLE,True,HIGH
GR006544,BK006544,J000098,Family Demo Group 06544,4,FAMILY,True,NORMAL
GR006545,BK006545,J000098,Family Demo Group 06545,3,FAMILY,True,NORMAL
GR006546,BK006546,J000098,Friends Demo Group 06546,3,FRIENDS,True,NORMAL
GR006547,BK006547,J000098,Couple Demo Group 06547,3,COUPLE,True,NORMAL
GR006548,BK006548,J000098,Couple Demo Group 06548,2,COUPLE,True,NORMAL
GR006549,BK006549,J000098,Friends Demo Group 06549,8,FRIENDS,True,HIGH
GR006550,BK006550,J000098,Family Demo Group 06550,6,FAMILY,True,HIGH
GR006551,BK006551,J000098,Friends Demo Group 06551,2,FRIENDS,True,NORMAL
GR006552,BK006552,J000098,Group Demo Group 06552,1,GROUP,True,NORMAL
GR006553,BK006553,J000098,Family Demo Group 06553,3,FAMILY,True,NORMAL
GR006554,BK006554,J000098,Family Demo Group 06554,2,FAMILY,True,NORMAL
GR006555,BK006555,J000098,Group Demo Group 06555,1,GROUP,True,NORMAL
GR006556,BK006556,J000098,Group Demo Group 06556,1,GROUP,True,NORMAL
GR006557,BK006557,J000098,Group Demo Group 06557,1,GROUP,True,NORMAL
GR006558,BK006558,J000098,Family Demo Group 06558,6,FAMILY,True,HIGH
GR006559,BK006559,J000098,Group Demo Group 06559,1,GROUP,True,NORMAL
GR006560,BK006560,J000098,Family Demo Group 06560,4,FAMILY,True,NORMAL
GR006561,BK006561,J000098,Group Demo Group 06561,1,GROUP,True,NORMAL
GR006562,BK006562,J000098,Family Demo Group 06562,6,FAMILY,True,HIGH
GR006563,BK006563,J000098,Group Demo Group 06563,1,GROUP,True,NORMAL
GR006564,BK006564,J000098,Group Demo Group 06564,1,GROUP,True,NORMAL
GR006565,BK006565,J000098,Friends Demo Group 06565,4,FRIENDS,True,NORMAL
GR006566,BK006566,J000098,Friends Demo Group 06566,3,FRIENDS,True,NORMAL
GR006567,BK006567,J000099,Friends Demo Group 06567,2,FRIENDS,True,NORMAL
GR006568,BK006568,J000099,Family Demo Group 06568,4,FAMILY,True,NORMAL
GR006569,BK006569,J000099,Family Demo Group 06569,3,FAMILY,True,NORMAL
GR006570,BK006570,J000099,Group Demo Group 06570,1,GROUP,True,NORMAL
GR006571,BK006571,J000099,Couple Demo Group 06571,3,COUPLE,True,NORMAL
GR006572,BK006572,J000099,Group Demo Group 06572,3,GROUP,True,NORMAL
GR006573,BK006573,J000099,Group Demo Group 06573,1,GROUP,True,NORMAL
GR006574,BK006574,J000099,Caregiver Demo Group 06574,4,CAREGIVER,True,HIGH
GR006575,BK006575,J000099,Group Demo Group 06575,4,GROUP,True,NORMAL
GR006576,BK006576,J000099,Couple Demo Group 06576,6,COUPLE,True,HIGH
GR006577,BK006577,J000099,Group Demo Group 06577,2,GROUP,True,NORMAL
GR006578,BK006578,J000099,Family Demo Group 06578,2,FAMILY,True,NORMAL
GR006579,BK006579,J000099,Group Demo Group 06579,1,GROUP,True,NORMAL
GR006580,BK006580,J000099,Group Demo Group 06580,3,GROUP,True,NORMAL
GR006581,BK006581,J000099,Family Demo Group 06581,3,FAMILY,True,NORMAL
GR006582,BK006582,J000099,Group Demo Group 06582,1,GROUP,True,NORMAL
GR006583,BK006583,J000099,Group Demo Group 06583,4,GROUP,True,NORMAL
GR006584,BK006584,J000099,Friends Demo Group 06584,5,FRIENDS,True,NORMAL
GR006585,BK006585,J000099,Friends Demo Group 06585,4,FRIENDS,True,NORMAL
GR006586,BK006586,J000099,Couple Demo Group 06586,4,COUPLE,True,NORMAL
GR006587,BK006587,J000099,Friends Demo Group 06587,2,FRIENDS,True,NORMAL
GR006588,BK006588,J000099,Family Demo Group 06588,4,FAMILY,True,NORMAL
GR006589,BK006589,J000099,Group Demo Group 06589,2,GROUP,True,NORMAL
GR006590,BK006590,J000099,Friends Demo Group 06590,3,FRIENDS,True,NORMAL
GR006591,BK006591,J000099,Group Demo Group 06591,1,GROUP,True,NORMAL
GR006592,BK006592,J000099,Group Demo Group 06592,1,GROUP,True,NORMAL
GR006593,BK006593,J000099,Group Demo Group 06593,1,GROUP,True,NORMAL
GR006594,BK006594,J000099,Friends Demo Group 06594,3,FRIENDS,True,NORMAL
GR006595,BK006595,J000099,Group Demo Group 06595,1,GROUP,True,NORMAL
GR006596,BK006596,J000099,Couple Demo Group 06596,2,COUPLE,True,NORMAL
GR006597,BK006597,J000099,Group Demo Group 06597,1,GROUP,True,NORMAL
GR006598,BK006598,J000099,Family Demo Group 06598,2,FAMILY,True,NORMAL
GR006599,BK006599,J000099,Friends Demo Group 06599,2,FRIENDS,True,NORMAL
GR006600,BK006600,J000099,Group Demo Group 06600,3,GROUP,True,NORMAL
GR006601,BK006601,J000099,Group Demo Group 06601,2,GROUP,True,NORMAL
GR006602,BK006602,J000099,Group Demo Group 06602,1,GROUP,True,NORMAL
GR006603,BK006603,J000099,Group Demo Group 06603,1,GROUP,True,NORMAL
GR006604,BK006604,J000099,Family Demo Group 06604,4,FAMILY,True,NORMAL
GR006605,BK006605,J000099,Friends Demo Group 06605,4,FRIENDS,True,NORMAL
GR006606,BK006606,J000099,Group Demo Group 06606,1,GROUP,True,NORMAL
GR006607,BK006607,J000099,Group Demo Group 06607,1,GROUP,True,NORMAL
GR006608,BK006608,J000099,Group Demo Group 06608,1,GROUP,True,NORMAL
GR006609,BK006609,J000099,Group Demo Group 06609,1,GROUP,True,NORMAL
GR006610,BK006610,J000099,Friends Demo Group 06610,3,FRIENDS,True,NORMAL
GR006611,BK006611,J000099,Group Demo Group 06611,4,GROUP,True,NORMAL
GR006612,BK006612,J000099,Caregiver Demo Group 06612,6,CAREGIVER,True,HIGH
GR006613,BK006613,J000099,Friends Demo Group 06613,4,FRIENDS,True,NORMAL
GR006614,BK006614,J000099,Friends Demo Group 06614,3,FRIENDS,True,NORMAL
GR006615,BK006615,J000099,Couple Demo Group 06615,3,COUPLE,True,NORMAL
GR006616,BK006616,J000099,Group Demo Group 06616,3,GROUP,True,NORMAL
GR006617,BK006617,J000099,Group Demo Group 06617,6,GROUP,True,HIGH
GR006618,BK006618,J000099,Friends Demo Group 06618,3,FRIENDS,True,NORMAL
GR006619,BK006619,J000099,Couple Demo Group 06619,3,COUPLE,True,NORMAL
GR006620,BK006620,J000099,Family Demo Group 06620,4,FAMILY,True,NORMAL
GR006621,BK006621,J000099,Group Demo Group 06621,2,GROUP,True,NORMAL
GR006622,BK006622,J000099,Friends Demo Group 06622,3,FRIENDS,True,NORMAL
GR006623,BK006623,J000099,Group Demo Group 06623,4,GROUP,True,NORMAL
GR006624,BK006624,J000099,Group Demo Group 06624,3,GROUP,True,NORMAL
GR006625,BK006625,J000099,Group Demo Group 06625,1,GROUP,True,NORMAL
GR006626,BK006626,J000099,Couple Demo Group 06626,8,COUPLE,True,HIGH
GR006627,BK006627,J000099,Group Demo Group 06627,4,GROUP,True,NORMAL
GR006628,BK006628,J000099,Couple Demo Group 06628,2,COUPLE,True,NORMAL
GR006629,BK006629,J000099,Group Demo Group 06629,2,GROUP,True,NORMAL
GR006630,BK006630,J000099,Family Demo Group 06630,2,FAMILY,True,NORMAL
GR006631,BK006631,J000099,Group Demo Group 06631,1,GROUP,True,NORMAL
GR006632,BK006632,J000099,Family Demo Group 06632,4,FAMILY,True,NORMAL
GR006633,BK006633,J000099,Group Demo Group 06633,1,GROUP,True,NORMAL
GR006634,BK006634,J000100,Family Demo Group 06634,2,FAMILY,True,NORMAL
GR006635,BK006635,J000100,Group Demo Group 06635,4,GROUP,True,NORMAL
GR006636,BK006636,J000100,Group Demo Group 06636,1,GROUP,True,NORMAL
GR006637,BK006637,J000100,Friends Demo Group 06637,4,FRIENDS,True,NORMAL
GR006638,BK006638,J000100,Group Demo Group 06638,1,GROUP,True,NORMAL
GR006639,BK006639,J000100,Group Demo Group 06639,1,GROUP,True,NORMAL
GR006640,BK006640,J000100,Couple Demo Group 06640,2,COUPLE,True,NORMAL
GR006641,BK006641,J000100,Family Demo Group 06641,7,FAMILY,True,HIGH
GR006642,BK006642,J000100,Group Demo Group 06642,1,GROUP,True,NORMAL
GR006643,BK006643,J000100,Group Demo Group 06643,4,GROUP,True,NORMAL
GR006644,BK006644,J000100,Group Demo Group 06644,3,GROUP,True,NORMAL
GR006645,BK006645,J000100,Group Demo Group 06645,1,GROUP,True,NORMAL
GR006646,BK006646,J000100,Group Demo Group 06646,5,GROUP,True,NORMAL
GR006647,BK006647,J000100,Group Demo Group 06647,1,GROUP,True,NORMAL
GR006648,BK006648,J000100,Group Demo Group 06648,1,GROUP,True,NORMAL
GR006649,BK006649,J000100,Group Demo Group 06649,2,GROUP,True,NORMAL
GR006650,BK006650,J000100,Family Demo Group 06650,2,FAMILY,True,NORMAL
GR006651,BK006651,J000100,Couple Demo Group 06651,3,COUPLE,True,NORMAL
GR006652,BK006652,J000100,Group Demo Group 06652,7,GROUP,True,HIGH
GR006653,BK006653,J000100,Group Demo Group 06653,2,GROUP,True,NORMAL
GR006654,BK006654,J000100,Group Demo Group 06654,1,GROUP,True,NORMAL
GR006655,BK006655,J000100,Group Demo Group 06655,1,GROUP,True,NORMAL
GR006656,BK006656,J000100,Family Demo Group 06656,8,FAMILY,True,HIGH
GR006657,BK006657,J000100,Group Demo Group 06657,1,GROUP,True,NORMAL
GR006658,BK006658,J000100,Family Demo Group 06658,2,FAMILY,True,NORMAL
GR006659,BK006659,J000100,Friends Demo Group 06659,6,FRIENDS,True,HIGH
GR006660,BK006660,J000100,Group Demo Group 06660,1,GROUP,True,NORMAL
GR006661,BK006661,J000100,Group Demo Group 06661,2,GROUP,True,NORMAL
GR006662,BK006662,J000100,Friends Demo Group 06662,3,FRIENDS,True,NORMAL
GR006663,BK006663,J000100,Group Demo Group 06663,1,GROUP,True,NORMAL
GR006664,BK006664,J000100,Group Demo Group 06664,1,GROUP,True,NORMAL
GR006665,BK006665,J000100,Group Demo Group 06665,1,GROUP,True,NORMAL
GR006666,BK006666,J000100,Friends Demo Group 06666,3,FRIENDS,True,NORMAL
GR006667,BK006667,J000100,Group Demo Group 06667,1,GROUP,True,NORMAL
GR006668,BK006668,J000100,Group Demo Group 06668,1,GROUP,True,NORMAL
GR006669,BK006669,J000100,Group Demo Group 06669,1,GROUP,True,NORMAL
GR006670,BK006670,J000100,Couple Demo Group 06670,8,COUPLE,True,HIGH
GR006671,BK006671,J000100,Friends Demo Group 06671,2,FRIENDS,True,NORMAL
GR006672,BK006672,J000100,Group Demo Group 06672,1,GROUP,True,NORMAL
GR006673,BK006673,J000100,Group Demo Group 06673,1,GROUP,True,NORMAL
GR006674,BK006674,J000100,Couple Demo Group 06674,4,COUPLE,True,NORMAL
GR006675,BK006675,J000100,Friends Demo Group 06675,2,FRIENDS,True,NORMAL
GR006676,BK006676,J000100,Couple Demo Group 06676,2,COUPLE,True,NORMAL
GR006677,BK006677,J000100,Couple Demo Group 06677,5,COUPLE,True,NORMAL
GR006678,BK006678,J000100,Couple Demo Group 06678,4,COUPLE,True,NORMAL
GR006679,BK006679,J000100,Friends Demo Group 06679,2,FRIENDS,True,NORMAL
GR006680,BK006680,J000100,Couple Demo Group 06680,2,COUPLE,True,NORMAL
GR006681,BK006681,J000100,Group Demo Group 06681,2,GROUP,True,NORMAL
GR006682,BK006682,J000100,Group Demo Group 06682,1,GROUP,True,NORMAL
GR006683,BK006683,J000100,Couple Demo Group 06683,3,COUPLE,True,NORMAL
GR006684,BK006684,J000100,Couple Demo Group 06684,6,COUPLE,True,HIGH
GR006685,BK006685,J000100,Group Demo Group 06685,2,GROUP,True,NORMAL
GR006686,BK006686,J000100,Couple Demo Group 06686,4,COUPLE,True,NORMAL
GR006687,BK006687,J000100,Friends Demo Group 06687,2,FRIENDS,True,NORMAL
GR006688,BK006688,J000100,Group Demo Group 06688,1,GROUP,True,NORMAL
GR006689,BK006689,J000100,Group Demo Group 06689,2,GROUP,True,NORMAL
GR006690,BK006690,J000100,Family Demo Group 06690,6,FAMILY,True,HIGH
GR006691,BK006691,J000100,Friends Demo Group 06691,2,FRIENDS,True,NORMAL
GR006692,BK006692,J000100,Family Demo Group 06692,4,FAMILY,True,NORMAL
GR006693,BK006693,J000100,Group Demo Group 06693,2,GROUP,True,NORMAL
GR006694,BK006694,J000100,Family Demo Group 06694,2,FAMILY,True,NORMAL
GR006695,BK006695,J000100,Group Demo Group 06695,1,GROUP,True,NORMAL
GR006696,BK006696,J000100,Family Demo Group 06696,4,FAMILY,True,NORMAL
GR006697,BK006697,J000100,Group Demo Group 06697,6,GROUP,True,HIGH
GR006698,BK006698,J000100,Friends Demo Group 06698,3,FRIENDS,True,NORMAL
GR006699,BK006699,J000100,Group Demo Group 06699,4,GROUP,True,NORMAL
GR006700,BK006700,J000100,Group Demo Group 06700,3,GROUP,True,NORMAL
GR006701,BK006701,J000101,Group Demo Group 06701,2,GROUP,True,NORMAL
GR006702,BK006702,J000101,Couple Demo Group 06702,8,COUPLE,True,HIGH
GR006703,BK006703,J000101,Friends Demo Group 06703,2,FRIENDS,True,NORMAL
GR006704,BK006704,J000101,Group Demo Group 06704,1,GROUP,True,NORMAL
GR006705,BK006705,J000101,Group Demo Group 06705,2,GROUP,True,NORMAL
GR006706,BK006706,J000101,Family Demo Group 06706,2,FAMILY,True,NORMAL
GR006707,BK006707,J000101,Caregiver Demo Group 06707,6,CAREGIVER,True,HIGH
GR006708,BK006708,J000101,Group Demo Group 06708,3,GROUP,True,NORMAL
GR006709,BK006709,J000101,Group Demo Group 06709,2,GROUP,True,NORMAL
GR006710,BK006710,J000101,Friends Demo Group 06710,3,FRIENDS,True,NORMAL
GR006711,BK006711,J000101,Friends Demo Group 06711,6,FRIENDS,True,HIGH
GR006712,BK006712,J000101,Family Demo Group 06712,4,FAMILY,True,NORMAL
GR006713,BK006713,J000101,Family Demo Group 06713,7,FAMILY,True,HIGH
GR006714,BK006714,J000101,Friends Demo Group 06714,3,FRIENDS,True,NORMAL
GR006715,BK006715,J000101,Couple Demo Group 06715,3,COUPLE,True,NORMAL
GR006716,BK006716,J000101,Group Demo Group 06716,1,GROUP,True,NORMAL
GR006717,BK006717,J000101,Group Demo Group 06717,2,GROUP,True,NORMAL
GR006718,BK006718,J000101,Family Demo Group 06718,2,FAMILY,True,NORMAL
GR006719,BK006719,J000101,Group Demo Group 06719,1,GROUP,True,NORMAL
GR006720,BK006720,J000101,Group Demo Group 06720,3,GROUP,True,NORMAL
GR006721,BK006721,J000101,Friends Demo Group 06721,4,FRIENDS,True,NORMAL
GR006722,BK006722,J000101,Couple Demo Group 06722,8,COUPLE,True,HIGH
GR006723,BK006723,J000101,Group Demo Group 06723,1,GROUP,True,NORMAL
GR006724,BK006724,J000101,Group Demo Group 06724,3,GROUP,True,NORMAL
GR006725,BK006725,J000101,Couple Demo Group 06725,5,COUPLE,True,NORMAL
GR006726,BK006726,J000101,Family Demo Group 06726,2,FAMILY,True,NORMAL
GR006727,BK006727,J000101,Friends Demo Group 06727,2,FRIENDS,True,NORMAL
GR006728,BK006728,J000101,Couple Demo Group 06728,2,COUPLE,True,NORMAL
GR006729,BK006729,J000101,Family Demo Group 06729,3,FAMILY,True,NORMAL
GR006730,BK006730,J000101,Friends Demo Group 06730,3,FRIENDS,True,NORMAL
GR006731,BK006731,J000101,Couple Demo Group 06731,3,COUPLE,True,NORMAL
GR006732,BK006732,J000101,Family Demo Group 06732,4,FAMILY,True,NORMAL
GR006733,BK006733,J000101,Friends Demo Group 06733,4,FRIENDS,True,NORMAL
GR006734,BK006734,J000101,Group Demo Group 06734,5,GROUP,True,NORMAL
GR006735,BK006735,J000101,Group Demo Group 06735,4,GROUP,True,NORMAL
GR006736,BK006736,J000101,Group Demo Group 06736,1,GROUP,True,NORMAL
GR006737,BK006737,J000101,Group Demo Group 06737,2,GROUP,True,NORMAL
GR006738,BK006738,J000101,Couple Demo Group 06738,8,COUPLE,True,HIGH
GR006739,BK006739,J000101,Couple Demo Group 06739,3,COUPLE,True,NORMAL
GR006740,BK006740,J000101,Couple Demo Group 06740,2,COUPLE,True,NORMAL
GR006741,BK006741,J000101,Family Demo Group 06741,3,FAMILY,True,NORMAL
GR006742,BK006742,J000101,Friends Demo Group 06742,7,FRIENDS,True,HIGH
GR006743,BK006743,J000101,Group Demo Group 06743,1,GROUP,True,NORMAL
GR006744,BK006744,J000101,Couple Demo Group 06744,2,COUPLE,True,NORMAL
GR006745,BK006745,J000101,Caregiver Demo Group 06745,8,CAREGIVER,True,HIGH
GR006746,BK006746,J000101,Couple Demo Group 06746,8,COUPLE,True,HIGH
GR006747,BK006747,J000101,Group Demo Group 06747,1,GROUP,True,NORMAL
GR006748,BK006748,J000101,Couple Demo Group 06748,2,COUPLE,True,NORMAL
GR006749,BK006749,J000101,Family Demo Group 06749,7,FAMILY,True,HIGH
GR006750,BK006750,J000101,Friends Demo Group 06750,3,FRIENDS,True,NORMAL
GR006751,BK006751,J000101,Group Demo Group 06751,4,GROUP,True,NORMAL
GR006752,BK006752,J000101,Couple Demo Group 06752,2,COUPLE,True,NORMAL
GR006753,BK006753,J000101,Couple Demo Group 06753,5,COUPLE,True,NORMAL
GR006754,BK006754,J000101,Friends Demo Group 06754,3,FRIENDS,True,NORMAL
GR006755,BK006755,J000101,Group Demo Group 06755,1,GROUP,True,NORMAL
GR006756,BK006756,J000101,Group Demo Group 06756,1,GROUP,True,NORMAL
GR006757,BK006757,J000101,Friends Demo Group 06757,4,FRIENDS,True,NORMAL
GR006758,BK006758,J000101,Couple Demo Group 06758,4,COUPLE,True,NORMAL
GR006759,BK006759,J000101,Friends Demo Group 06759,2,FRIENDS,True,NORMAL
GR006760,BK006760,J000101,Family Demo Group 06760,4,FAMILY,True,NORMAL
GR006761,BK006761,J000101,Family Demo Group 06761,3,FAMILY,True,NORMAL
GR006762,BK006762,J000101,Family Demo Group 06762,6,FAMILY,True,HIGH
GR006763,BK006763,J000101,Group Demo Group 06763,4,GROUP,True,NORMAL
GR006764,BK006764,J000101,Group Demo Group 06764,1,GROUP,True,NORMAL
GR006765,BK006765,J000101,Group Demo Group 06765,2,GROUP,True,NORMAL
GR006766,BK006766,J000101,Friends Demo Group 06766,3,FRIENDS,True,NORMAL
GR006767,BK006767,J000101,Group Demo Group 06767,4,GROUP,True,NORMAL
GR006768,BK006768,J000102,Family Demo Group 06768,8,FAMILY,True,HIGH
GR006769,BK006769,J000102,Group Demo Group 06769,1,GROUP,True,NORMAL
GR006770,BK006770,J000102,Friends Demo Group 06770,7,FRIENDS,True,HIGH
GR006771,BK006771,J000102,Group Demo Group 06771,4,GROUP,True,NORMAL
GR006772,BK006772,J000102,Family Demo Group 06772,4,FAMILY,True,NORMAL
GR006773,BK006773,J000102,Group Demo Group 06773,2,GROUP,True,NORMAL
GR006774,BK006774,J000102,Group Demo Group 06774,1,GROUP,True,NORMAL
GR006775,BK006775,J000102,Group Demo Group 06775,1,GROUP,True,NORMAL
GR006776,BK006776,J000102,Family Demo Group 06776,8,FAMILY,True,HIGH
GR006777,BK006777,J000102,Friends Demo Group 06777,4,FRIENDS,True,NORMAL
GR006778,BK006778,J000102,Couple Demo Group 06778,4,COUPLE,True,NORMAL
GR006779,BK006779,J000102,Couple Demo Group 06779,3,COUPLE,True,NORMAL
GR006780,BK006780,J000102,Friends Demo Group 06780,5,FRIENDS,True,NORMAL
GR006781,BK006781,J000102,Friends Demo Group 06781,4,FRIENDS,True,NORMAL
GR006782,BK006782,J000102,Friends Demo Group 06782,3,FRIENDS,True,NORMAL
GR006783,BK006783,J000102,Caregiver Demo Group 06783,4,CAREGIVER,True,HIGH
GR006784,BK006784,J000102,Group Demo Group 06784,1,GROUP,True,NORMAL
GR006785,BK006785,J000102,Group Demo Group 06785,2,GROUP,True,NORMAL
GR006786,BK006786,J000102,Couple Demo Group 06786,4,COUPLE,True,NORMAL
GR006787,BK006787,J000102,Friends Demo Group 06787,2,FRIENDS,True,NORMAL
GR006788,BK006788,J000102,Group Demo Group 06788,1,GROUP,True,NORMAL
GR006789,BK006789,J000102,Group Demo Group 06789,2,GROUP,True,NORMAL
GR006790,BK006790,J000102,Couple Demo Group 06790,4,COUPLE,True,NORMAL
GR006791,BK006791,J000102,Group Demo Group 06791,1,GROUP,True,NORMAL
GR006792,BK006792,J000102,Friends Demo Group 06792,5,FRIENDS,True,NORMAL
GR006793,BK006793,J000102,Friends Demo Group 06793,4,FRIENDS,True,NORMAL
GR006794,BK006794,J000102,Group Demo Group 06794,1,GROUP,True,NORMAL
GR006795,BK006795,J000102,Family Demo Group 06795,5,FAMILY,True,NORMAL
GR006796,BK006796,J000102,Couple Demo Group 06796,2,COUPLE,True,NORMAL
GR006797,BK006797,J000102,Group Demo Group 06797,2,GROUP,True,NORMAL
GR006798,BK006798,J000102,Family Demo Group 06798,2,FAMILY,True,NORMAL
GR006799,BK006799,J000102,Friends Demo Group 06799,2,FRIENDS,True,NORMAL
GR006800,BK006800,J000102,Friends Demo Group 06800,5,FRIENDS,True,NORMAL
GR006801,BK006801,J000102,Family Demo Group 06801,3,FAMILY,True,NORMAL
GR006802,BK006802,J000102,Caregiver Demo Group 06802,4,CAREGIVER,True,HIGH
GR006803,BK006803,J000102,Group Demo Group 06803,1,GROUP,True,NORMAL
GR006804,BK006804,J000102,Group Demo Group 06804,1,GROUP,True,NORMAL
GR006805,BK006805,J000102,Group Demo Group 06805,2,GROUP,True,NORMAL
GR006806,BK006806,J000102,Friends Demo Group 06806,3,FRIENDS,True,NORMAL
GR006807,BK006807,J000102,Family Demo Group 06807,5,FAMILY,True,NORMAL
GR006808,BK006808,J000102,Group Demo Group 06808,7,GROUP,True,HIGH
GR006809,BK006809,J000102,Group Demo Group 06809,2,GROUP,True,NORMAL
GR006810,BK006810,J000102,Group Demo Group 06810,1,GROUP,True,NORMAL
GR006811,BK006811,J000102,Group Demo Group 06811,4,GROUP,True,NORMAL
GR006812,BK006812,J000102,Family Demo Group 06812,4,FAMILY,True,NORMAL
GR006813,BK006813,J000102,Family Demo Group 06813,3,FAMILY,True,NORMAL
GR006814,BK006814,J000102,Group Demo Group 06814,5,GROUP,True,NORMAL
GR006815,BK006815,J000102,Group Demo Group 06815,4,GROUP,True,NORMAL
GR006816,BK006816,J000102,Group Demo Group 06816,1,GROUP,True,NORMAL
GR006817,BK006817,J000102,Group Demo Group 06817,2,GROUP,True,NORMAL
GR006818,BK006818,J000102,Group Demo Group 06818,1,GROUP,True,NORMAL
GR006819,BK006819,J000102,Group Demo Group 06819,1,GROUP,True,NORMAL
GR006820,BK006820,J000102,Family Demo Group 06820,4,FAMILY,True,NORMAL
GR006821,BK006821,J000102,Group Demo Group 06821,1,GROUP,True,NORMAL
GR006822,BK006822,J000102,Family Demo Group 06822,2,FAMILY,True,NORMAL
GR006823,BK006823,J000102,Group Demo Group 06823,4,GROUP,True,NORMAL
GR006824,BK006824,J000102,Family Demo Group 06824,4,FAMILY,True,NORMAL
GR006825,BK006825,J000102,Group Demo Group 06825,2,GROUP,True,NORMAL
GR006826,BK006826,J000102,Family Demo Group 06826,2,FAMILY,True,NORMAL
GR006827,BK006827,J000102,Group Demo Group 06827,4,GROUP,True,NORMAL
GR006828,BK006828,J000102,Group Demo Group 06828,1,GROUP,True,NORMAL
GR006829,BK006829,J000102,Friends Demo Group 06829,4,FRIENDS,True,NORMAL
GR006830,BK006830,J000102,Family Demo Group 06830,2,FAMILY,True,NORMAL
GR006831,BK006831,J000102,Group Demo Group 06831,1,GROUP,True,NORMAL
GR006832,BK006832,J000102,Couple Demo Group 06832,2,COUPLE,True,NORMAL
GR006833,BK006833,J000102,Group Demo Group 06833,1,GROUP,True,NORMAL
GR006834,BK006834,J000102,Couple Demo Group 06834,4,COUPLE,True,NORMAL
GR006835,BK006835,J000103,Group Demo Group 06835,4,GROUP,True,NORMAL
GR006836,BK006836,J000103,Group Demo Group 06836,1,GROUP,True,NORMAL
GR006837,BK006837,J000103,Group Demo Group 06837,2,GROUP,True,NORMAL
GR006838,BK006838,J000103,Group Demo Group 06838,1,GROUP,True,NORMAL
GR006839,BK006839,J000103,Friends Demo Group 06839,2,FRIENDS,True,NORMAL
GR006840,BK006840,J000103,Group Demo Group 06840,3,GROUP,True,NORMAL
GR006841,BK006841,J000103,Friends Demo Group 06841,4,FRIENDS,True,NORMAL
GR006842,BK006842,J000103,Couple Demo Group 06842,8,COUPLE,True,HIGH
GR006843,BK006843,J000103,Group Demo Group 06843,1,GROUP,True,NORMAL
GR006844,BK006844,J000103,Group Demo Group 06844,1,GROUP,True,NORMAL
GR006845,BK006845,J000103,Family Demo Group 06845,7,FAMILY,True,HIGH
GR006846,BK006846,J000103,Family Demo Group 06846,6,FAMILY,True,HIGH
GR006847,BK006847,J000103,Friends Demo Group 06847,2,FRIENDS,True,NORMAL
GR006848,BK006848,J000103,Friends Demo Group 06848,5,FRIENDS,True,NORMAL
GR006849,BK006849,J000103,Group Demo Group 06849,2,GROUP,True,NORMAL
GR006850,BK006850,J000103,Couple Demo Group 06850,4,COUPLE,True,NORMAL
GR006851,BK006851,J000103,Friends Demo Group 06851,2,FRIENDS,True,NORMAL
GR006852,BK006852,J000103,Group Demo Group 06852,7,GROUP,True,HIGH
GR006853,BK006853,J000103,Friends Demo Group 06853,8,FRIENDS,True,HIGH
GR006854,BK006854,J000103,Family Demo Group 06854,2,FAMILY,True,NORMAL
GR006855,BK006855,J000103,Group Demo Group 06855,4,GROUP,True,NORMAL
GR006856,BK006856,J000103,Couple Demo Group 06856,2,COUPLE,True,NORMAL
GR006857,BK006857,J000103,Group Demo Group 06857,1,GROUP,True,NORMAL
GR006858,BK006858,J000103,Group Demo Group 06858,1,GROUP,True,NORMAL
GR006859,BK006859,J000103,Group Demo Group 06859,1,GROUP,True,NORMAL
GR006860,BK006860,J000103,Family Demo Group 06860,4,FAMILY,True,NORMAL
GR006861,BK006861,J000103,Group Demo Group 06861,6,GROUP,True,HIGH
GR006862,BK006862,J000103,Family Demo Group 06862,2,FAMILY,True,NORMAL
GR006863,BK006863,J000103,Group Demo Group 06863,1,GROUP,True,NORMAL
GR006864,BK006864,J000103,Family Demo Group 06864,4,FAMILY,True,NORMAL
GR006865,BK006865,J000103,Group Demo Group 06865,2,GROUP,True,NORMAL
GR006866,BK006866,J000103,Family Demo Group 06866,2,FAMILY,True,NORMAL
GR006867,BK006867,J000103,Friends Demo Group 06867,2,FRIENDS,True,NORMAL
GR006868,BK006868,J000103,Couple Demo Group 06868,2,COUPLE,True,NORMAL
GR006869,BK006869,J000103,Couple Demo Group 06869,5,COUPLE,True,NORMAL
GR006870,BK006870,J000103,Friends Demo Group 06870,7,FRIENDS,True,HIGH
GR006871,BK006871,J000103,Friends Demo Group 06871,2,FRIENDS,True,NORMAL
GR006872,BK006872,J000103,Friends Demo Group 06872,5,FRIENDS,True,NORMAL
GR006873,BK006873,J000103,Group Demo Group 06873,6,GROUP,True,HIGH
GR006874,BK006874,J000103,Group Demo Group 06874,5,GROUP,True,NORMAL
GR006875,BK006875,J000103,Group Demo Group 06875,1,GROUP,True,NORMAL
GR006876,BK006876,J000103,Group Demo Group 06876,3,GROUP,True,NORMAL
GR006877,BK006877,J000103,Group Demo Group 06877,2,GROUP,True,NORMAL
GR006878,BK006878,J000103,Caregiver Demo Group 06878,5,CAREGIVER,True,HIGH
GR006879,BK006879,J000103,Couple Demo Group 06879,7,COUPLE,True,HIGH
GR006880,BK006880,J000103,Couple Demo Group 06880,2,COUPLE,True,NORMAL
GR006881,BK006881,J000103,Group Demo Group 06881,1,GROUP,True,NORMAL
GR006882,BK006882,J000103,Family Demo Group 06882,2,FAMILY,True,NORMAL
GR006883,BK006883,J000103,Friends Demo Group 06883,2,FRIENDS,True,NORMAL
GR006884,BK006884,J000103,Group Demo Group 06884,1,GROUP,True,NORMAL
GR006885,BK006885,J000103,Group Demo Group 06885,2,GROUP,True,NORMAL
GR006886,BK006886,J000103,Group Demo Group 06886,5,GROUP,True,NORMAL
GR006887,BK006887,J000103,Group Demo Group 06887,4,GROUP,True,NORMAL
GR006888,BK006888,J000103,Group Demo Group 06888,1,GROUP,True,NORMAL
GR006889,BK006889,J000103,Group Demo Group 06889,1,GROUP,True,NORMAL
GR006890,BK006890,J000103,Family Demo Group 06890,2,FAMILY,True,NORMAL
GR006891,BK006891,J000103,Couple Demo Group 06891,3,COUPLE,True,NORMAL
GR006892,BK006892,J000103,Group Demo Group 06892,3,GROUP,True,NORMAL
GR006893,BK006893,J000103,Group Demo Group 06893,2,GROUP,True,NORMAL
GR006894,BK006894,J000103,Friends Demo Group 06894,3,FRIENDS,True,NORMAL
GR006895,BK006895,J000103,Friends Demo Group 06895,2,FRIENDS,True,NORMAL
GR006896,BK006896,J000103,Couple Demo Group 06896,2,COUPLE,True,NORMAL
GR006897,BK006897,J000103,Caregiver Demo Group 06897,4,CAREGIVER,True,HIGH
GR006898,BK006898,J000103,Friends Demo Group 06898,3,FRIENDS,True,NORMAL
GR006899,BK006899,J000103,Group Demo Group 06899,4,GROUP,True,NORMAL
GR006900,BK006900,J000103,Group Demo Group 06900,3,GROUP,True,NORMAL
GR006901,BK006901,J000103,Group Demo Group 06901,1,GROUP,True,NORMAL
GR006902,BK006902,J000104,Couple Demo Group 06902,4,COUPLE,True,NORMAL
GR006903,BK006903,J000104,Group Demo Group 06903,1,GROUP,True,NORMAL
GR006904,BK006904,J000104,Couple Demo Group 06904,2,COUPLE,True,NORMAL
GR006905,BK006905,J000104,Group Demo Group 06905,2,GROUP,True,NORMAL
GR006906,BK006906,J000104,Family Demo Group 06906,2,FAMILY,True,NORMAL
GR006907,BK006907,J000104,Couple Demo Group 06907,3,COUPLE,True,NORMAL
GR006908,BK006908,J000104,Couple Demo Group 06908,2,COUPLE,True,NORMAL
GR006909,BK006909,J000104,Group Demo Group 06909,2,GROUP,True,NORMAL
GR006910,BK006910,J000104,Friends Demo Group 06910,3,FRIENDS,True,NORMAL
GR006911,BK006911,J000104,Group Demo Group 06911,1,GROUP,True,NORMAL
GR006912,BK006912,J000104,Couple Demo Group 06912,2,COUPLE,True,NORMAL
GR006913,BK006913,J000104,Group Demo Group 06913,2,GROUP,True,NORMAL
GR006914,BK006914,J000104,Family Demo Group 06914,2,FAMILY,True,NORMAL
GR006915,BK006915,J000104,Group Demo Group 06915,4,GROUP,True,NORMAL
GR006916,BK006916,J000104,Group Demo Group 06916,1,GROUP,True,NORMAL
GR006917,BK006917,J000104,Group Demo Group 06917,1,GROUP,True,NORMAL
GR006918,BK006918,J000104,Family Demo Group 06918,2,FAMILY,True,NORMAL
GR006919,BK006919,J000104,Friends Demo Group 06919,2,FRIENDS,True,NORMAL
GR006920,BK006920,J000104,Group Demo Group 06920,3,GROUP,True,NORMAL
GR006921,BK006921,J000104,Family Demo Group 06921,7,FAMILY,True,HIGH
GR006922,BK006922,J000104,Family Demo Group 06922,2,FAMILY,True,NORMAL
GR006923,BK006923,J000104,Group Demo Group 06923,1,GROUP,True,NORMAL
GR006924,BK006924,J000104,Couple Demo Group 06924,6,COUPLE,True,HIGH
GR006925,BK006925,J000104,Friends Demo Group 06925,4,FRIENDS,True,NORMAL
GR006926,BK006926,J000104,Family Demo Group 06926,6,FAMILY,True,HIGH
GR006927,BK006927,J000104,Group Demo Group 06927,1,GROUP,True,NORMAL
GR006928,BK006928,J000104,Couple Demo Group 06928,2,COUPLE,True,NORMAL
GR006929,BK006929,J000104,Group Demo Group 06929,1,GROUP,True,NORMAL
GR006930,BK006930,J000104,Family Demo Group 06930,6,FAMILY,True,HIGH
GR006931,BK006931,J000104,Group Demo Group 06931,1,GROUP,True,NORMAL
GR006932,BK006932,J000104,Group Demo Group 06932,1,GROUP,True,NORMAL
GR006933,BK006933,J000104,Friends Demo Group 06933,4,FRIENDS,True,NORMAL
GR006934,BK006934,J000104,Group Demo Group 06934,1,GROUP,True,NORMAL
GR006935,BK006935,J000104,Group Demo Group 06935,1,GROUP,True,NORMAL
GR006936,BK006936,J000104,Couple Demo Group 06936,2,COUPLE,True,NORMAL
GR006937,BK006937,J000104,Family Demo Group 06937,3,FAMILY,True,NORMAL
GR006938,BK006938,J000104,Friends Demo Group 06938,7,FRIENDS,True,HIGH
GR006939,BK006939,J000104,Couple Demo Group 06939,3,COUPLE,True,NORMAL
GR006940,BK006940,J000104,Group Demo Group 06940,3,GROUP,True,NORMAL
GR006941,BK006941,J000104,Group Demo Group 06941,2,GROUP,True,NORMAL
GR006942,BK006942,J000104,Family Demo Group 06942,2,FAMILY,True,NORMAL
GR006943,BK006943,J000104,Friends Demo Group 06943,2,FRIENDS,True,NORMAL
GR006944,BK006944,J000104,Family Demo Group 06944,4,FAMILY,True,NORMAL
GR006945,BK006945,J000104,Friends Demo Group 06945,4,FRIENDS,True,NORMAL
GR006946,BK006946,J000104,Couple Demo Group 06946,4,COUPLE,True,NORMAL
GR006947,BK006947,J000104,Group Demo Group 06947,4,GROUP,True,NORMAL
GR006948,BK006948,J000104,Family Demo Group 06948,4,FAMILY,True,NORMAL
GR006949,BK006949,J000104,Couple Demo Group 06949,5,COUPLE,True,NORMAL
GR006950,BK006950,J000104,Friends Demo Group 06950,3,FRIENDS,True,NORMAL
GR006951,BK006951,J000104,Group Demo Group 06951,1,GROUP,True,NORMAL
GR006952,BK006952,J000104,Group Demo Group 06952,1,GROUP,True,NORMAL
GR006953,BK006953,J000104,Family Demo Group 06953,3,FAMILY,True,NORMAL
GR006954,BK006954,J000104,Caregiver Demo Group 06954,7,CAREGIVER,True,HIGH
GR006955,BK006955,J000104,Group Demo Group 06955,1,GROUP,True,NORMAL
GR006956,BK006956,J000104,Group Demo Group 06956,1,GROUP,True,NORMAL
GR006957,BK006957,J000104,Friends Demo Group 06957,4,FRIENDS,True,NORMAL
GR006958,BK006958,J000104,Group Demo Group 06958,1,GROUP,True,NORMAL
GR006959,BK006959,J000104,Group Demo Group 06959,4,GROUP,True,NORMAL
GR006960,BK006960,J000104,Group Demo Group 06960,1,GROUP,True,NORMAL
GR006961,BK006961,J000104,Group Demo Group 06961,2,GROUP,True,NORMAL
GR006962,BK006962,J000104,Family Demo Group 06962,2,FAMILY,True,NORMAL
GR006963,BK006963,J000104,Group Demo Group 06963,1,GROUP,True,NORMAL
GR006964,BK006964,J000104,Family Demo Group 06964,4,FAMILY,True,NORMAL
GR006965,BK006965,J000104,Group Demo Group 06965,2,GROUP,True,NORMAL
GR006966,BK006966,J000104,Group Demo Group 06966,1,GROUP,True,NORMAL
GR006967,BK006967,J000104,Group Demo Group 06967,1,GROUP,True,NORMAL
GR006968,BK006968,J000104,Couple Demo Group 06968,6,COUPLE,True,HIGH
GR006969,BK006969,J000105,Group Demo Group 06969,1,GROUP,True,NORMAL
GR006970,BK006970,J000105,Group Demo Group 06970,5,GROUP,True,NORMAL
GR006971,BK006971,J000105,Friends Demo Group 06971,2,FRIENDS,True,NORMAL
GR006972,BK006972,J000105,Group Demo Group 06972,3,GROUP,True,NORMAL
GR006973,BK006973,J000105,Group Demo Group 06973,1,GROUP,True,NORMAL
GR006974,BK006974,J000105,Family Demo Group 06974,2,FAMILY,True,NORMAL
GR006975,BK006975,J000105,Friends Demo Group 06975,2,FRIENDS,True,NORMAL
GR006976,BK006976,J000105,Family Demo Group 06976,4,FAMILY,True,NORMAL
GR006977,BK006977,J000105,Group Demo Group 06977,6,GROUP,True,HIGH
GR006978,BK006978,J000105,Couple Demo Group 06978,4,COUPLE,True,NORMAL
GR006979,BK006979,J000105,Friends Demo Group 06979,2,FRIENDS,True,NORMAL
GR006980,BK006980,J000105,Group Demo Group 06980,1,GROUP,True,NORMAL
GR006981,BK006981,J000105,Family Demo Group 06981,3,FAMILY,True,NORMAL
GR006982,BK006982,J000105,Group Demo Group 06982,1,GROUP,True,NORMAL
GR006983,BK006983,J000105,Couple Demo Group 06983,7,COUPLE,True,HIGH
GR006984,BK006984,J000105,Family Demo Group 06984,4,FAMILY,True,NORMAL
GR006985,BK006985,J000105,Group Demo Group 06985,1,GROUP,True,NORMAL
GR006986,BK006986,J000105,Couple Demo Group 06986,4,COUPLE,True,NORMAL
GR006987,BK006987,J000105,Group Demo Group 06987,1,GROUP,True,NORMAL
GR006988,BK006988,J000105,Couple Demo Group 06988,2,COUPLE,True,NORMAL
GR006989,BK006989,J000105,Group Demo Group 06989,2,GROUP,True,NORMAL
GR006990,BK006990,J000105,Group Demo Group 06990,5,GROUP,True,NORMAL
GR006991,BK006991,J000105,Friends Demo Group 06991,2,FRIENDS,True,NORMAL
GR006992,BK006992,J000105,Group Demo Group 06992,1,GROUP,True,NORMAL
GR006993,BK006993,J000105,Group Demo Group 06993,1,GROUP,True,NORMAL
GR006994,BK006994,J000105,Couple Demo Group 06994,4,COUPLE,True,NORMAL
GR006995,BK006995,J000105,Group Demo Group 06995,4,GROUP,True,NORMAL
GR006996,BK006996,J000105,Family Demo Group 06996,4,FAMILY,True,NORMAL
GR006997,BK006997,J000105,Friends Demo Group 06997,4,FRIENDS,True,NORMAL
GR006998,BK006998,J000105,Couple Demo Group 06998,4,COUPLE,True,NORMAL
GR006999,BK006999,J000105,Family Demo Group 06999,5,FAMILY,True,NORMAL
GR007000,BK007000,J000105,Group Demo Group 07000,7,GROUP,True,HIGH
GR007001,BK007001,J000105,Group Demo Group 07001,1,GROUP,True,NORMAL
GR007002,BK007002,J000105,Couple Demo Group 07002,4,COUPLE,True,NORMAL
GR007003,BK007003,J000105,Group Demo Group 07003,1,GROUP,True,NORMAL
GR007004,BK007004,J000105,Group Demo Group 07004,1,GROUP,True,NORMAL
GR007005,BK007005,J000105,Group Demo Group 07005,1,GROUP,True,NORMAL
GR007006,BK007006,J000105,Friends Demo Group 07006,3,FRIENDS,True,NORMAL
GR007007,BK007007,J000105,Group Demo Group 07007,1,GROUP,True,NORMAL
GR007008,BK007008,J000105,Couple Demo Group 07008,2,COUPLE,True,NORMAL
GR007009,BK007009,J000105,Couple Demo Group 07009,5,COUPLE,True,NORMAL
GR007010,BK007010,J000105,Group Demo Group 07010,5,GROUP,True,NORMAL
GR007011,BK007011,J000105,Caregiver Demo Group 07011,4,CAREGIVER,True,HIGH
GR007012,BK007012,J000105,Group Demo Group 07012,7,GROUP,True,HIGH
GR007013,BK007013,J000105,Friends Demo Group 07013,4,FRIENDS,True,NORMAL
GR007014,BK007014,J000105,Couple Demo Group 07014,4,COUPLE,True,NORMAL
GR007015,BK007015,J000105,Friends Demo Group 07015,6,FRIENDS,True,HIGH
GR007016,BK007016,J000105,Group Demo Group 07016,1,GROUP,True,NORMAL
GR007017,BK007017,J000105,Group Demo Group 07017,1,GROUP,True,NORMAL
GR007018,BK007018,J000105,Couple Demo Group 07018,4,COUPLE,True,NORMAL
GR007019,BK007019,J000105,Group Demo Group 07019,4,GROUP,True,NORMAL
GR007020,BK007020,J000105,Group Demo Group 07020,3,GROUP,True,NORMAL
GR007021,BK007021,J000105,Group Demo Group 07021,1,GROUP,True,NORMAL
GR007022,BK007022,J000105,Group Demo Group 07022,1,GROUP,True,NORMAL
GR007023,BK007023,J000105,Group Demo Group 07023,4,GROUP,True,NORMAL
GR007024,BK007024,J000105,Group Demo Group 07024,3,GROUP,True,NORMAL
GR007025,BK007025,J000105,Friends Demo Group 07025,4,FRIENDS,True,NORMAL
GR007026,BK007026,J000105,Couple Demo Group 07026,4,COUPLE,True,NORMAL
GR007027,BK007027,J000105,Friends Demo Group 07027,2,FRIENDS,True,NORMAL
GR007028,BK007028,J000105,Couple Demo Group 07028,6,COUPLE,True,HIGH
GR007029,BK007029,J000105,Group Demo Group 07029,1,GROUP,True,NORMAL
GR007030,BK007030,J000105,Family Demo Group 07030,2,FAMILY,True,NORMAL
GR007031,BK007031,J000105,Friends Demo Group 07031,2,FRIENDS,True,NORMAL
GR007032,BK007032,J000105,Couple Demo Group 07032,2,COUPLE,True,NORMAL
GR007033,BK007033,J000105,Family Demo Group 07033,3,FAMILY,True,NORMAL
GR007034,BK007034,J000105,Group Demo Group 07034,1,GROUP,True,NORMAL
GR007035,BK007035,J000105,Friends Demo Group 07035,2,FRIENDS,True,NORMAL
GR007036,BK007036,J000106,Group Demo Group 07036,1,GROUP,True,NORMAL
GR007037,BK007037,J000106,Group Demo Group 07037,2,GROUP,True,NORMAL
GR007038,BK007038,J000106,Group Demo Group 07038,1,GROUP,True,NORMAL
GR007039,BK007039,J000106,Couple Demo Group 07039,3,COUPLE,True,NORMAL
GR007040,BK007040,J000106,Couple Demo Group 07040,2,COUPLE,True,NORMAL
GR007041,BK007041,J000106,Couple Demo Group 07041,5,COUPLE,True,NORMAL
GR007042,BK007042,J000106,Family Demo Group 07042,2,FAMILY,True,NORMAL
GR007043,BK007043,J000106,Group Demo Group 07043,4,GROUP,True,NORMAL
GR007044,BK007044,J000106,Couple Demo Group 07044,2,COUPLE,True,NORMAL
GR007045,BK007045,J000106,Family Demo Group 07045,3,FAMILY,True,NORMAL
GR007046,BK007046,J000106,Family Demo Group 07046,2,FAMILY,True,NORMAL
GR007047,BK007047,J000106,Group Demo Group 07047,4,GROUP,True,NORMAL
GR007048,BK007048,J000106,Family Demo Group 07048,4,FAMILY,True,NORMAL
GR007049,BK007049,J000106,Group Demo Group 07049,2,GROUP,True,NORMAL
GR007050,BK007050,J000106,Group Demo Group 07050,1,GROUP,True,NORMAL
GR007051,BK007051,J000106,Friends Demo Group 07051,6,FRIENDS,True,HIGH
GR007052,BK007052,J000106,Group Demo Group 07052,3,GROUP,True,NORMAL
GR007053,BK007053,J000106,Group Demo Group 07053,1,GROUP,True,NORMAL
GR007054,BK007054,J000106,Family Demo Group 07054,2,FAMILY,True,NORMAL
GR007055,BK007055,J000106,Couple Demo Group 07055,3,COUPLE,True,NORMAL
GR007056,BK007056,J000106,Group Demo Group 07056,1,GROUP,True,NORMAL
GR007057,BK007057,J000106,Group Demo Group 07057,1,GROUP,True,NORMAL
GR007058,BK007058,J000106,Group Demo Group 07058,1,GROUP,True,NORMAL
GR007059,BK007059,J000106,Group Demo Group 07059,1,GROUP,True,NORMAL
GR007060,BK007060,J000106,Family Demo Group 07060,4,FAMILY,True,NORMAL
GR007061,BK007061,J000106,Group Demo Group 07061,1,GROUP,True,NORMAL
GR007062,BK007062,J000106,Group Demo Group 07062,1,GROUP,True,NORMAL
GR007063,BK007063,J000106,Group Demo Group 07063,4,GROUP,True,NORMAL
GR007064,BK007064,J000106,Family Demo Group 07064,4,FAMILY,True,NORMAL
GR007065,BK007065,J000106,Friends Demo Group 07065,4,FRIENDS,True,NORMAL
GR007066,BK007066,J000106,Family Demo Group 07066,2,FAMILY,True,NORMAL
GR007067,BK007067,J000106,Couple Demo Group 07067,3,COUPLE,True,NORMAL
GR007068,BK007068,J000106,Caregiver Demo Group 07068,8,CAREGIVER,True,HIGH
GR007069,BK007069,J000106,Group Demo Group 07069,2,GROUP,True,NORMAL
GR007070,BK007070,J000106,Couple Demo Group 07070,4,COUPLE,True,NORMAL
GR007071,BK007071,J000106,Group Demo Group 07071,1,GROUP,True,NORMAL
GR007072,BK007072,J000106,Group Demo Group 07072,3,GROUP,True,NORMAL
GR007073,BK007073,J000106,Group Demo Group 07073,1,GROUP,True,NORMAL
GR007074,BK007074,J000106,Group Demo Group 07074,1,GROUP,True,NORMAL
GR007075,BK007075,J000106,Couple Demo Group 07075,7,COUPLE,True,HIGH
GR007076,BK007076,J000106,Family Demo Group 07076,4,FAMILY,True,NORMAL
GR007077,BK007077,J000106,Group Demo Group 07077,1,GROUP,True,NORMAL
GR007078,BK007078,J000106,Couple Demo Group 07078,4,COUPLE,True,NORMAL
GR007079,BK007079,J000106,Couple Demo Group 07079,3,COUPLE,True,NORMAL
GR007080,BK007080,J000106,Couple Demo Group 07080,2,COUPLE,True,NORMAL
GR007081,BK007081,J000106,Group Demo Group 07081,1,GROUP,True,NORMAL
GR007082,BK007082,J000106,Group Demo Group 07082,1,GROUP,True,NORMAL
GR007083,BK007083,J000106,Family Demo Group 07083,5,FAMILY,True,NORMAL
GR007084,BK007084,J000106,Group Demo Group 07084,1,GROUP,True,NORMAL
GR007085,BK007085,J000106,Couple Demo Group 07085,5,COUPLE,True,NORMAL
GR007086,BK007086,J000106,Couple Demo Group 07086,4,COUPLE,True,NORMAL
GR007087,BK007087,J000106,Caregiver Demo Group 07087,6,CAREGIVER,True,HIGH
GR007088,BK007088,J000106,Couple Demo Group 07088,2,COUPLE,True,NORMAL
GR007089,BK007089,J000106,Family Demo Group 07089,3,FAMILY,True,NORMAL
GR007090,BK007090,J000106,Friends Demo Group 07090,3,FRIENDS,True,NORMAL
GR007091,BK007091,J000106,Family Demo Group 07091,5,FAMILY,True,NORMAL
GR007092,BK007092,J000106,Couple Demo Group 07092,2,COUPLE,True,NORMAL
GR007093,BK007093,J000106,Friends Demo Group 07093,4,FRIENDS,True,NORMAL
GR007094,BK007094,J000106,Group Demo Group 07094,1,GROUP,True,NORMAL
GR007095,BK007095,J000106,Group Demo Group 07095,4,GROUP,True,NORMAL
GR007096,BK007096,J000106,Family Demo Group 07096,4,FAMILY,True,NORMAL
GR007097,BK007097,J000106,Friends Demo Group 07097,4,FRIENDS,True,NORMAL
GR007098,BK007098,J000106,Family Demo Group 07098,2,FAMILY,True,NORMAL
GR007099,BK007099,J000106,Group Demo Group 07099,1,GROUP,True,NORMAL
GR007100,BK007100,J000106,Family Demo Group 07100,8,FAMILY,True,HIGH
GR007101,BK007101,J000106,Group Demo Group 07101,2,GROUP,True,NORMAL
GR007102,BK007102,J000106,Group Demo Group 07102,1,GROUP,True,NORMAL
GR007103,BK007103,J000107,Couple Demo Group 07103,3,COUPLE,True,NORMAL
GR007104,BK007104,J000107,Couple Demo Group 07104,2,COUPLE,True,NORMAL
GR007105,BK007105,J000107,Group Demo Group 07105,1,GROUP,True,NORMAL
GR007106,BK007106,J000107,Group Demo Group 07106,1,GROUP,True,NORMAL
GR007107,BK007107,J000107,Group Demo Group 07107,4,GROUP,True,NORMAL
GR007108,BK007108,J000107,Friends Demo Group 07108,5,FRIENDS,True,NORMAL
GR007109,BK007109,J000107,Friends Demo Group 07109,4,FRIENDS,True,NORMAL
GR007110,BK007110,J000107,Couple Demo Group 07110,4,COUPLE,True,NORMAL
GR007111,BK007111,J000107,Couple Demo Group 07111,3,COUPLE,True,NORMAL
GR007112,BK007112,J000107,Friends Demo Group 07112,5,FRIENDS,True,NORMAL
GR007113,BK007113,J000107,Family Demo Group 07113,3,FAMILY,True,NORMAL
GR007114,BK007114,J000107,Group Demo Group 07114,1,GROUP,True,NORMAL
GR007115,BK007115,J000107,Couple Demo Group 07115,3,COUPLE,True,NORMAL
GR007116,BK007116,J000107,Group Demo Group 07116,1,GROUP,True,NORMAL
GR007117,BK007117,J000107,Group Demo Group 07117,2,GROUP,True,NORMAL
GR007118,BK007118,J000107,Couple Demo Group 07118,4,COUPLE,True,NORMAL
GR007119,BK007119,J000107,Group Demo Group 07119,1,GROUP,True,NORMAL
GR007120,BK007120,J000107,Group Demo Group 07120,1,GROUP,True,NORMAL
GR007121,BK007121,J000107,Family Demo Group 07121,7,FAMILY,True,HIGH
GR007122,BK007122,J000107,Group Demo Group 07122,1,GROUP,True,NORMAL
GR007123,BK007123,J000107,Group Demo Group 07123,1,GROUP,True,NORMAL
GR007124,BK007124,J000107,Friends Demo Group 07124,5,FRIENDS,True,NORMAL
GR007125,BK007125,J000107,Caregiver Demo Group 07125,4,CAREGIVER,True,HIGH
GR007126,BK007126,J000107,Family Demo Group 07126,2,FAMILY,True,NORMAL
GR007127,BK007127,J000107,Friends Demo Group 07127,6,FRIENDS,True,HIGH
GR007128,BK007128,J000107,Couple Demo Group 07128,2,COUPLE,True,NORMAL
GR007129,BK007129,J000107,Group Demo Group 07129,1,GROUP,True,NORMAL
GR007130,BK007130,J000107,Family Demo Group 07130,2,FAMILY,True,NORMAL
GR007131,BK007131,J000107,Group Demo Group 07131,8,GROUP,True,HIGH
GR007132,BK007132,J000107,Friends Demo Group 07132,5,FRIENDS,True,NORMAL
GR007133,BK007133,J000107,Group Demo Group 07133,1,GROUP,True,NORMAL
GR007134,BK007134,J000107,Group Demo Group 07134,5,GROUP,True,NORMAL
GR007135,BK007135,J000107,Friends Demo Group 07135,2,FRIENDS,True,NORMAL
GR007136,BK007136,J000107,Family Demo Group 07136,4,FAMILY,True,NORMAL
GR007137,BK007137,J000107,Friends Demo Group 07137,4,FRIENDS,True,NORMAL
GR007138,BK007138,J000107,Couple Demo Group 07138,4,COUPLE,True,NORMAL
GR007139,BK007139,J000107,Group Demo Group 07139,1,GROUP,True,NORMAL
GR007140,BK007140,J000107,Couple Demo Group 07140,2,COUPLE,True,NORMAL
GR007141,BK007141,J000107,Group Demo Group 07141,1,GROUP,True,NORMAL
GR007142,BK007142,J000107,Family Demo Group 07142,2,FAMILY,True,NORMAL
GR007143,BK007143,J000107,Friends Demo Group 07143,2,FRIENDS,True,NORMAL
GR007144,BK007144,J000107,Caregiver Demo Group 07144,5,CAREGIVER,True,HIGH
GR007145,BK007145,J000107,Group Demo Group 07145,1,GROUP,True,NORMAL
GR007146,BK007146,J000107,Friends Demo Group 07146,3,FRIENDS,True,NORMAL
GR007147,BK007147,J000107,Friends Demo Group 07147,2,FRIENDS,True,NORMAL
GR007148,BK007148,J000107,Group Demo Group 07148,3,GROUP,True,NORMAL
GR007149,BK007149,J000107,Group Demo Group 07149,2,GROUP,True,NORMAL
GR007150,BK007150,J000107,Couple Demo Group 07150,4,COUPLE,True,NORMAL
GR007151,BK007151,J000107,Friends Demo Group 07151,2,FRIENDS,True,NORMAL
GR007152,BK007152,J000107,Group Demo Group 07152,1,GROUP,True,NORMAL
GR007153,BK007153,J000107,Group Demo Group 07153,1,GROUP,True,NORMAL
GR007154,BK007154,J000107,Group Demo Group 07154,1,GROUP,True,NORMAL
GR007155,BK007155,J000107,Friends Demo Group 07155,2,FRIENDS,True,NORMAL
GR007156,BK007156,J000107,Group Demo Group 07156,1,GROUP,True,NORMAL
GR007157,BK007157,J000107,Group Demo Group 07157,1,GROUP,True,NORMAL
GR007158,BK007158,J000107,Friends Demo Group 07158,3,FRIENDS,True,NORMAL
GR007159,BK007159,J000107,Friends Demo Group 07159,2,FRIENDS,True,NORMAL
GR007160,BK007160,J000107,Couple Demo Group 07160,2,COUPLE,True,NORMAL
GR007161,BK007161,J000107,Group Demo Group 07161,6,GROUP,True,HIGH
GR007162,BK007162,J000107,Couple Demo Group 07162,4,COUPLE,True,NORMAL
GR007163,BK007163,J000107,Couple Demo Group 07163,3,COUPLE,True,NORMAL
GR007164,BK007164,J000107,Group Demo Group 07164,1,GROUP,True,NORMAL
GR007165,BK007165,J000107,Friends Demo Group 07165,4,FRIENDS,True,NORMAL
GR007166,BK007166,J000107,Group Demo Group 07166,5,GROUP,True,NORMAL
GR007167,BK007167,J000107,Friends Demo Group 07167,6,FRIENDS,True,HIGH
GR007168,BK007168,J000107,Group Demo Group 07168,1,GROUP,True,NORMAL
GR007169,BK007169,J000107,Friends Demo Group 07169,4,FRIENDS,True,NORMAL
GR007170,BK007170,J000108,Family Demo Group 07170,2,FAMILY,True,NORMAL
GR007171,BK007171,J000108,Couple Demo Group 07171,3,COUPLE,True,NORMAL
GR007172,BK007172,J000108,Family Demo Group 07172,8,FAMILY,True,HIGH
GR007173,BK007173,J000108,Family Demo Group 07173,3,FAMILY,True,NORMAL
GR007174,BK007174,J000108,Family Demo Group 07174,6,FAMILY,True,HIGH
GR007175,BK007175,J000108,Group Demo Group 07175,4,GROUP,True,NORMAL
GR007176,BK007176,J000108,Group Demo Group 07176,1,GROUP,True,NORMAL
GR007177,BK007177,J000108,Couple Demo Group 07177,5,COUPLE,True,NORMAL
GR007178,BK007178,J000108,Family Demo Group 07178,2,FAMILY,True,NORMAL
GR007179,BK007179,J000108,Group Demo Group 07179,1,GROUP,True,NORMAL
GR007180,BK007180,J000108,Group Demo Group 07180,3,GROUP,True,NORMAL
GR007181,BK007181,J000108,Group Demo Group 07181,2,GROUP,True,NORMAL
GR007182,BK007182,J000108,Family Demo Group 07182,2,FAMILY,True,NORMAL
GR007183,BK007183,J000108,Group Demo Group 07183,4,GROUP,True,NORMAL
GR007184,BK007184,J000108,Couple Demo Group 07184,2,COUPLE,True,NORMAL
GR007185,BK007185,J000108,Family Demo Group 07185,3,FAMILY,True,NORMAL
GR007186,BK007186,J000108,Group Demo Group 07186,1,GROUP,True,NORMAL
GR007187,BK007187,J000108,Group Demo Group 07187,8,GROUP,True,HIGH
GR007188,BK007188,J000108,Group Demo Group 07188,1,GROUP,True,NORMAL
GR007189,BK007189,J000108,Family Demo Group 07189,3,FAMILY,True,NORMAL
GR007190,BK007190,J000108,Family Demo Group 07190,2,FAMILY,True,NORMAL
GR007191,BK007191,J000108,Couple Demo Group 07191,3,COUPLE,True,NORMAL
GR007192,BK007192,J000108,Friends Demo Group 07192,5,FRIENDS,True,NORMAL
GR007193,BK007193,J000108,Group Demo Group 07193,2,GROUP,True,NORMAL
GR007194,BK007194,J000108,Friends Demo Group 07194,3,FRIENDS,True,NORMAL
GR007195,BK007195,J000108,Group Demo Group 07195,1,GROUP,True,NORMAL
GR007196,BK007196,J000108,Group Demo Group 07196,1,GROUP,True,NORMAL
GR007197,BK007197,J000108,Group Demo Group 07197,1,GROUP,True,NORMAL
GR007198,BK007198,J000108,Family Demo Group 07198,6,FAMILY,True,HIGH
GR007199,BK007199,J000108,Friends Demo Group 07199,2,FRIENDS,True,NORMAL
GR007200,BK007200,J000108,Family Demo Group 07200,4,FAMILY,True,NORMAL
GR007201,BK007201,J000108,Family Demo Group 07201,3,FAMILY,True,NORMAL
GR007202,BK007202,J000108,Group Demo Group 07202,1,GROUP,True,NORMAL
GR007203,BK007203,J000108,Couple Demo Group 07203,3,COUPLE,True,NORMAL
GR007204,BK007204,J000108,Couple Demo Group 07204,2,COUPLE,True,NORMAL
GR007205,BK007205,J000108,Group Demo Group 07205,1,GROUP,True,NORMAL
GR007206,BK007206,J000108,Group Demo Group 07206,1,GROUP,True,NORMAL
GR007207,BK007207,J000108,Group Demo Group 07207,4,GROUP,True,NORMAL
GR007208,BK007208,J000108,Group Demo Group 07208,1,GROUP,True,NORMAL
GR007209,BK007209,J000108,Group Demo Group 07209,1,GROUP,True,NORMAL
GR007210,BK007210,J000108,Couple Demo Group 07210,4,COUPLE,True,NORMAL
GR007211,BK007211,J000108,Friends Demo Group 07211,2,FRIENDS,True,NORMAL
GR007212,BK007212,J000108,Family Demo Group 07212,4,FAMILY,True,NORMAL
GR007213,BK007213,J000108,Group Demo Group 07213,2,GROUP,True,NORMAL
GR007214,BK007214,J000108,Couple Demo Group 07214,4,COUPLE,True,NORMAL
GR007215,BK007215,J000108,Friends Demo Group 07215,2,FRIENDS,True,NORMAL
GR007216,BK007216,J000108,Group Demo Group 07216,3,GROUP,True,NORMAL
GR007217,BK007217,J000108,Group Demo Group 07217,1,GROUP,True,NORMAL
GR007218,BK007218,J000108,Couple Demo Group 07218,4,COUPLE,True,NORMAL
GR007219,BK007219,J000108,Couple Demo Group 07219,3,COUPLE,True,NORMAL
GR007220,BK007220,J000108,Couple Demo Group 07220,2,COUPLE,True,NORMAL
GR007221,BK007221,J000108,Group Demo Group 07221,6,GROUP,True,HIGH
GR007222,BK007222,J000108,Group Demo Group 07222,1,GROUP,True,NORMAL
GR007223,BK007223,J000108,Group Demo Group 07223,1,GROUP,True,NORMAL
GR007224,BK007224,J000108,Group Demo Group 07224,1,GROUP,True,NORMAL
GR007225,BK007225,J000108,Group Demo Group 07225,1,GROUP,True,NORMAL
GR007226,BK007226,J000108,Group Demo Group 07226,1,GROUP,True,NORMAL
GR007227,BK007227,J000108,Friends Demo Group 07227,2,FRIENDS,True,NORMAL
GR007228,BK007228,J000108,Group Demo Group 07228,1,GROUP,True,NORMAL
GR007229,BK007229,J000108,Friends Demo Group 07229,4,FRIENDS,True,NORMAL
GR007230,BK007230,J000108,Couple Demo Group 07230,4,COUPLE,True,NORMAL
GR007231,BK007231,J000108,Group Demo Group 07231,4,GROUP,True,NORMAL
GR007232,BK007232,J000108,Family Demo Group 07232,4,FAMILY,True,NORMAL
GR007233,BK007233,J000108,Group Demo Group 07233,1,GROUP,True,NORMAL
GR007234,BK007234,J000108,Couple Demo Group 07234,8,COUPLE,True,HIGH
GR007235,BK007235,J000108,Group Demo Group 07235,1,GROUP,True,NORMAL
GR007236,BK007236,J000108,Group Demo Group 07236,1,GROUP,True,NORMAL
GR007237,BK007237,J000109,Couple Demo Group 07237,5,COUPLE,True,NORMAL
GR007238,BK007238,J000109,Group Demo Group 07238,1,GROUP,True,NORMAL
GR007239,BK007239,J000109,Friends Demo Group 07239,2,FRIENDS,True,NORMAL
GR007240,BK007240,J000109,Group Demo Group 07240,1,GROUP,True,NORMAL
GR007241,BK007241,J000109,Group Demo Group 07241,2,GROUP,True,NORMAL
GR007242,BK007242,J000109,Couple Demo Group 07242,8,COUPLE,True,HIGH
GR007243,BK007243,J000109,Group Demo Group 07243,4,GROUP,True,NORMAL
GR007244,BK007244,J000109,Group Demo Group 07244,7,GROUP,True,HIGH
GR007245,BK007245,J000109,Group Demo Group 07245,1,GROUP,True,NORMAL
GR007246,BK007246,J000109,Family Demo Group 07246,2,FAMILY,True,NORMAL
GR007247,BK007247,J000109,Couple Demo Group 07247,3,COUPLE,True,NORMAL
GR007248,BK007248,J000109,Couple Demo Group 07248,2,COUPLE,True,NORMAL
GR007249,BK007249,J000109,Group Demo Group 07249,2,GROUP,True,NORMAL
GR007250,BK007250,J000109,Group Demo Group 07250,1,GROUP,True,NORMAL
GR007251,BK007251,J000109,Friends Demo Group 07251,2,FRIENDS,True,NORMAL
GR007252,BK007252,J000109,Family Demo Group 07252,4,FAMILY,True,NORMAL
GR007253,BK007253,J000109,Group Demo Group 07253,1,GROUP,True,NORMAL
GR007254,BK007254,J000109,Friends Demo Group 07254,3,FRIENDS,True,NORMAL
GR007255,BK007255,J000109,Group Demo Group 07255,4,GROUP,True,NORMAL
GR007256,BK007256,J000109,Group Demo Group 07256,1,GROUP,True,NORMAL
GR007257,BK007257,J000109,Family Demo Group 07257,7,FAMILY,True,HIGH
GR007258,BK007258,J000109,Caregiver Demo Group 07258,8,CAREGIVER,True,HIGH
GR007259,BK007259,J000109,Friends Demo Group 07259,2,FRIENDS,True,NORMAL
GR007260,BK007260,J000109,Family Demo Group 07260,4,FAMILY,True,NORMAL
GR007261,BK007261,J000109,Group Demo Group 07261,6,GROUP,True,HIGH
GR007262,BK007262,J000109,Couple Demo Group 07262,8,COUPLE,True,HIGH
GR007263,BK007263,J000109,Family Demo Group 07263,5,FAMILY,True,NORMAL
GR007264,BK007264,J000109,Couple Demo Group 07264,2,COUPLE,True,NORMAL
GR007265,BK007265,J000109,Group Demo Group 07265,2,GROUP,True,NORMAL
GR007266,BK007266,J000109,Friends Demo Group 07266,3,FRIENDS,True,NORMAL
GR007267,BK007267,J000109,Friends Demo Group 07267,2,FRIENDS,True,NORMAL
GR007268,BK007268,J000109,Couple Demo Group 07268,2,COUPLE,True,NORMAL
GR007269,BK007269,J000109,Group Demo Group 07269,1,GROUP,True,NORMAL
GR007270,BK007270,J000109,Family Demo Group 07270,6,FAMILY,True,HIGH
GR007271,BK007271,J000109,Group Demo Group 07271,1,GROUP,True,NORMAL
GR007272,BK007272,J000109,Group Demo Group 07272,7,GROUP,True,HIGH
GR007273,BK007273,J000109,Group Demo Group 07273,1,GROUP,True,NORMAL
GR007274,BK007274,J000109,Group Demo Group 07274,1,GROUP,True,NORMAL
GR007275,BK007275,J000109,Friends Demo Group 07275,2,FRIENDS,True,NORMAL
GR007276,BK007276,J000109,Family Demo Group 07276,4,FAMILY,True,NORMAL
GR007277,BK007277,J000109,Group Demo Group 07277,2,GROUP,True,NORMAL
GR007278,BK007278,J000109,Family Demo Group 07278,2,FAMILY,True,NORMAL
GR007279,BK007279,J000109,Family Demo Group 07279,5,FAMILY,True,NORMAL
GR007280,BK007280,J000109,Family Demo Group 07280,4,FAMILY,True,NORMAL
GR007281,BK007281,J000109,Family Demo Group 07281,3,FAMILY,True,NORMAL
GR007282,BK007282,J000109,Group Demo Group 07282,1,GROUP,True,NORMAL
GR007283,BK007283,J000109,Family Demo Group 07283,5,FAMILY,True,NORMAL
GR007284,BK007284,J000109,Couple Demo Group 07284,6,COUPLE,True,HIGH
GR007285,BK007285,J000109,Group Demo Group 07285,2,GROUP,True,NORMAL
GR007286,BK007286,J000109,Friends Demo Group 07286,3,FRIENDS,True,NORMAL
GR007287,BK007287,J000109,Couple Demo Group 07287,3,COUPLE,True,NORMAL
GR007288,BK007288,J000109,Family Demo Group 07288,4,FAMILY,True,NORMAL
GR007289,BK007289,J000109,Group Demo Group 07289,1,GROUP,True,NORMAL
GR007290,BK007290,J000109,Group Demo Group 07290,1,GROUP,True,NORMAL
GR007291,BK007291,J000109,Group Demo Group 07291,1,GROUP,True,NORMAL
GR007292,BK007292,J000109,Family Demo Group 07292,4,FAMILY,True,NORMAL
GR007293,BK007293,J000109,Group Demo Group 07293,2,GROUP,True,NORMAL
GR007294,BK007294,J000109,Group Demo Group 07294,1,GROUP,True,NORMAL
GR007295,BK007295,J000109,Friends Demo Group 07295,2,FRIENDS,True,NORMAL
GR007296,BK007296,J000109,Group Demo Group 07296,1,GROUP,True,NORMAL
GR007297,BK007297,J000109,Friends Demo Group 07297,4,FRIENDS,True,NORMAL
GR007298,BK007298,J000109,Group Demo Group 07298,1,GROUP,True,NORMAL
GR007299,BK007299,J000109,Friends Demo Group 07299,2,FRIENDS,True,NORMAL
GR007300,BK007300,J000109,Group Demo Group 07300,1,GROUP,True,NORMAL
GR007301,BK007301,J000109,Group Demo Group 07301,2,GROUP,True,NORMAL
GR007302,BK007302,J000109,Group Demo Group 07302,1,GROUP,True,NORMAL
GR007303,BK007303,J000109,Group Demo Group 07303,4,GROUP,True,NORMAL
GR007304,BK007304,J000110,Couple Demo Group 07304,2,COUPLE,True,NORMAL
GR007305,BK007305,J000110,Group Demo Group 07305,2,GROUP,True,NORMAL
GR007306,BK007306,J000110,Couple Demo Group 07306,4,COUPLE,True,NORMAL
GR007307,BK007307,J000110,Friends Demo Group 07307,2,FRIENDS,True,NORMAL
GR007308,BK007308,J000110,Couple Demo Group 07308,6,COUPLE,True,HIGH
GR007309,BK007309,J000110,Family Demo Group 07309,7,FAMILY,True,HIGH
GR007310,BK007310,J000110,Friends Demo Group 07310,3,FRIENDS,True,NORMAL
GR007311,BK007311,J000110,Group Demo Group 07311,1,GROUP,True,NORMAL
GR007312,BK007312,J000110,Group Demo Group 07312,1,GROUP,True,NORMAL
GR007313,BK007313,J000110,Friends Demo Group 07313,4,FRIENDS,True,NORMAL
GR007314,BK007314,J000110,Friends Demo Group 07314,3,FRIENDS,True,NORMAL
GR007315,BK007315,J000110,Caregiver Demo Group 07315,5,CAREGIVER,True,HIGH
GR007316,BK007316,J000110,Group Demo Group 07316,1,GROUP,True,NORMAL
GR007317,BK007317,J000110,Group Demo Group 07317,2,GROUP,True,NORMAL
GR007318,BK007318,J000110,Group Demo Group 07318,5,GROUP,True,NORMAL
GR007319,BK007319,J000110,Group Demo Group 07319,1,GROUP,True,NORMAL
GR007320,BK007320,J000110,Family Demo Group 07320,4,FAMILY,True,NORMAL
GR007321,BK007321,J000110,Friends Demo Group 07321,4,FRIENDS,True,NORMAL
GR007322,BK007322,J000110,Couple Demo Group 07322,4,COUPLE,True,NORMAL
GR007323,BK007323,J000110,Group Demo Group 07323,8,GROUP,True,HIGH
GR007324,BK007324,J000110,Group Demo Group 07324,1,GROUP,True,NORMAL
GR007325,BK007325,J000110,Family Demo Group 07325,3,FAMILY,True,NORMAL
GR007326,BK007326,J000110,Friends Demo Group 07326,3,FRIENDS,True,NORMAL
GR007327,BK007327,J000110,Couple Demo Group 07327,3,COUPLE,True,NORMAL
GR007328,BK007328,J000110,Family Demo Group 07328,4,FAMILY,True,NORMAL
GR007329,BK007329,J000110,Friends Demo Group 07329,4,FRIENDS,True,NORMAL
GR007330,BK007330,J000110,Friends Demo Group 07330,3,FRIENDS,True,NORMAL
GR007331,BK007331,J000110,Friends Demo Group 07331,2,FRIENDS,True,NORMAL
GR007332,BK007332,J000110,Couple Demo Group 07332,2,COUPLE,True,NORMAL
GR007333,BK007333,J000110,Friends Demo Group 07333,4,FRIENDS,True,NORMAL
GR007334,BK007334,J000110,Family Demo Group 07334,2,FAMILY,True,NORMAL
GR007335,BK007335,J000110,Group Demo Group 07335,4,GROUP,True,NORMAL
GR007336,BK007336,J000110,Family Demo Group 07336,4,FAMILY,True,NORMAL
GR007337,BK007337,J000110,Friends Demo Group 07337,4,FRIENDS,True,NORMAL
GR007338,BK007338,J000110,Couple Demo Group 07338,4,COUPLE,True,NORMAL
GR007339,BK007339,J000110,Group Demo Group 07339,4,GROUP,True,NORMAL
GR007340,BK007340,J000110,Family Demo Group 07340,4,FAMILY,True,NORMAL
GR007341,BK007341,J000110,Group Demo Group 07341,1,GROUP,True,NORMAL
GR007342,BK007342,J000110,Friends Demo Group 07342,3,FRIENDS,True,NORMAL
GR007343,BK007343,J000110,Group Demo Group 07343,1,GROUP,True,NORMAL
GR007344,BK007344,J000110,Couple Demo Group 07344,2,COUPLE,True,NORMAL
GR007345,BK007345,J000110,Group Demo Group 07345,2,GROUP,True,NORMAL
GR007346,BK007346,J000110,Family Demo Group 07346,2,FAMILY,True,NORMAL
GR007347,BK007347,J000110,Group Demo Group 07347,1,GROUP,True,NORMAL
GR007348,BK007348,J000110,Group Demo Group 07348,1,GROUP,True,NORMAL
GR007349,BK007349,J000110,Group Demo Group 07349,1,GROUP,True,NORMAL
GR007350,BK007350,J000110,Friends Demo Group 07350,7,FRIENDS,True,HIGH
GR007351,BK007351,J000110,Group Demo Group 07351,8,GROUP,True,HIGH
GR007352,BK007352,J000110,Friends Demo Group 07352,5,FRIENDS,True,NORMAL
GR007353,BK007353,J000110,Group Demo Group 07353,1,GROUP,True,NORMAL
GR007354,BK007354,J000110,Friends Demo Group 07354,3,FRIENDS,True,NORMAL
GR007355,BK007355,J000110,Group Demo Group 07355,4,GROUP,True,NORMAL
GR007356,BK007356,J000110,Group Demo Group 07356,3,GROUP,True,NORMAL
GR007357,BK007357,J000110,Group Demo Group 07357,1,GROUP,True,NORMAL
GR007358,BK007358,J000110,Group Demo Group 07358,1,GROUP,True,NORMAL
GR007359,BK007359,J000110,Friends Demo Group 07359,2,FRIENDS,True,NORMAL
GR007360,BK007360,J000110,Couple Demo Group 07360,2,COUPLE,True,NORMAL
GR007361,BK007361,J000110,Group Demo Group 07361,1,GROUP,True,NORMAL
GR007362,BK007362,J000110,Family Demo Group 07362,2,FAMILY,True,NORMAL
GR007363,BK007363,J000110,Friends Demo Group 07363,2,FRIENDS,True,NORMAL
GR007364,BK007364,J000110,Couple Demo Group 07364,2,COUPLE,True,NORMAL
GR007365,BK007365,J000110,Group Demo Group 07365,2,GROUP,True,NORMAL
GR007366,BK007366,J000110,Family Demo Group 07366,2,FAMILY,True,NORMAL
GR007367,BK007367,J000110,Group Demo Group 07367,4,GROUP,True,NORMAL
GR007368,BK007368,J000110,Family Demo Group 07368,4,FAMILY,True,NORMAL
GR007369,BK007369,J000110,Friends Demo Group 07369,4,FRIENDS,True,NORMAL
GR007370,BK007370,J000110,Friends Demo Group 07370,7,FRIENDS,True,HIGH
GR007371,BK007371,J000111,Friends Demo Group 07371,2,FRIENDS,True,NORMAL
GR007372,BK007372,J000111,Caregiver Demo Group 07372,5,CAREGIVER,True,HIGH
GR007373,BK007373,J000111,Group Demo Group 07373,2,GROUP,True,NORMAL
GR007374,BK007374,J000111,Couple Demo Group 07374,4,COUPLE,True,NORMAL
GR007375,BK007375,J000111,Group Demo Group 07375,8,GROUP,True,HIGH
GR007376,BK007376,J000111,Group Demo Group 07376,1,GROUP,True,NORMAL
GR007377,BK007377,J000111,Group Demo Group 07377,1,GROUP,True,NORMAL
GR007378,BK007378,J000111,Group Demo Group 07378,1,GROUP,True,NORMAL
GR007379,BK007379,J000111,Friends Demo Group 07379,2,FRIENDS,True,NORMAL
GR007380,BK007380,J000111,Couple Demo Group 07380,2,COUPLE,True,NORMAL
GR007381,BK007381,J000111,Friends Demo Group 07381,4,FRIENDS,True,NORMAL
GR007382,BK007382,J000111,Couple Demo Group 07382,4,COUPLE,True,NORMAL
GR007383,BK007383,J000111,Friends Demo Group 07383,2,FRIENDS,True,NORMAL
GR007384,BK007384,J000111,Group Demo Group 07384,3,GROUP,True,NORMAL
GR007385,BK007385,J000111,Family Demo Group 07385,3,FAMILY,True,NORMAL
GR007386,BK007386,J000111,Group Demo Group 07386,1,GROUP,True,NORMAL
GR007387,BK007387,J000111,Group Demo Group 07387,1,GROUP,True,NORMAL
GR007388,BK007388,J000111,Group Demo Group 07388,1,GROUP,True,NORMAL
GR007389,BK007389,J000111,Group Demo Group 07389,6,GROUP,True,HIGH
GR007390,BK007390,J000111,Family Demo Group 07390,2,FAMILY,True,NORMAL
GR007391,BK007391,J000111,Couple Demo Group 07391,3,COUPLE,True,NORMAL
GR007392,BK007392,J000111,Couple Demo Group 07392,2,COUPLE,True,NORMAL
GR007393,BK007393,J000111,Couple Demo Group 07393,5,COUPLE,True,NORMAL
GR007394,BK007394,J000111,Group Demo Group 07394,1,GROUP,True,NORMAL
GR007395,BK007395,J000111,Friends Demo Group 07395,2,FRIENDS,True,NORMAL
GR007396,BK007396,J000111,Couple Demo Group 07396,2,COUPLE,True,NORMAL
GR007397,BK007397,J000111,Group Demo Group 07397,1,GROUP,True,NORMAL
GR007398,BK007398,J000111,Friends Demo Group 07398,3,FRIENDS,True,NORMAL
GR007399,BK007399,J000111,Group Demo Group 07399,1,GROUP,True,NORMAL
GR007400,BK007400,J000111,Group Demo Group 07400,1,GROUP,True,NORMAL
GR007401,BK007401,J000111,Group Demo Group 07401,2,GROUP,True,NORMAL
GR007402,BK007402,J000111,Group Demo Group 07402,1,GROUP,True,NORMAL
GR007403,BK007403,J000111,Couple Demo Group 07403,3,COUPLE,True,NORMAL
GR007404,BK007404,J000111,Group Demo Group 07404,3,GROUP,True,NORMAL
GR007405,BK007405,J000111,Group Demo Group 07405,1,GROUP,True,NORMAL
GR007406,BK007406,J000111,Group Demo Group 07406,1,GROUP,True,NORMAL
GR007407,BK007407,J000111,Friends Demo Group 07407,2,FRIENDS,True,NORMAL
GR007408,BK007408,J000111,Family Demo Group 07408,4,FAMILY,True,NORMAL
GR007409,BK007409,J000111,Group Demo Group 07409,1,GROUP,True,NORMAL
GR007410,BK007410,J000111,Group Demo Group 07410,1,GROUP,True,NORMAL
GR007411,BK007411,J000111,Group Demo Group 07411,1,GROUP,True,NORMAL
GR007412,BK007412,J000111,Family Demo Group 07412,4,FAMILY,True,NORMAL
GR007413,BK007413,J000111,Group Demo Group 07413,1,GROUP,True,NORMAL
GR007414,BK007414,J000111,Group Demo Group 07414,1,GROUP,True,NORMAL
GR007415,BK007415,J000111,Friends Demo Group 07415,2,FRIENDS,True,NORMAL
GR007416,BK007416,J000111,Group Demo Group 07416,3,GROUP,True,NORMAL
GR007417,BK007417,J000111,Friends Demo Group 07417,8,FRIENDS,True,HIGH
GR007418,BK007418,J000111,Group Demo Group 07418,1,GROUP,True,NORMAL
GR007419,BK007419,J000111,Couple Demo Group 07419,3,COUPLE,True,NORMAL
GR007420,BK007420,J000111,Group Demo Group 07420,1,GROUP,True,NORMAL
GR007421,BK007421,J000111,Family Demo Group 07421,3,FAMILY,True,NORMAL
GR007422,BK007422,J000111,Couple Demo Group 07422,4,COUPLE,True,NORMAL
GR007423,BK007423,J000111,Group Demo Group 07423,4,GROUP,True,NORMAL
GR007424,BK007424,J000111,Couple Demo Group 07424,2,COUPLE,True,NORMAL
GR007425,BK007425,J000111,Family Demo Group 07425,3,FAMILY,True,NORMAL
GR007426,BK007426,J000111,Friends Demo Group 07426,3,FRIENDS,True,NORMAL
GR007427,BK007427,J000111,Friends Demo Group 07427,2,FRIENDS,True,NORMAL
GR007428,BK007428,J000111,Family Demo Group 07428,4,FAMILY,True,NORMAL
GR007429,BK007429,J000111,Group Demo Group 07429,2,GROUP,True,NORMAL
GR007430,BK007430,J000111,Couple Demo Group 07430,4,COUPLE,True,NORMAL
GR007431,BK007431,J000111,Friends Demo Group 07431,2,FRIENDS,True,NORMAL
GR007432,BK007432,J000111,Couple Demo Group 07432,2,COUPLE,True,NORMAL
GR007433,BK007433,J000111,Group Demo Group 07433,1,GROUP,True,NORMAL
GR007434,BK007434,J000111,Family Demo Group 07434,2,FAMILY,True,NORMAL
GR007435,BK007435,J000111,Group Demo Group 07435,1,GROUP,True,NORMAL
GR007436,BK007436,J000111,Group Demo Group 07436,1,GROUP,True,NORMAL
GR007437,BK007437,J000111,Friends Demo Group 07437,4,FRIENDS,True,NORMAL
GR007438,BK007438,J000112,Friends Demo Group 07438,3,FRIENDS,True,NORMAL
GR007439,BK007439,J000112,Group Demo Group 07439,4,GROUP,True,NORMAL
GR007440,BK007440,J000112,Family Demo Group 07440,4,FAMILY,True,NORMAL
GR007441,BK007441,J000112,Friends Demo Group 07441,4,FRIENDS,True,NORMAL
GR007442,BK007442,J000112,Group Demo Group 07442,1,GROUP,True,NORMAL
GR007443,BK007443,J000112,Friends Demo Group 07443,2,FRIENDS,True,NORMAL
GR007444,BK007444,J000112,Family Demo Group 07444,4,FAMILY,True,NORMAL
GR007445,BK007445,J000112,Friends Demo Group 07445,8,FRIENDS,True,HIGH
GR007446,BK007446,J000112,Friends Demo Group 07446,3,FRIENDS,True,NORMAL
GR007447,BK007447,J000112,Couple Demo Group 07447,7,COUPLE,True,HIGH
GR007448,BK007448,J000112,Caregiver Demo Group 07448,8,CAREGIVER,True,HIGH
GR007449,BK007449,J000112,Group Demo Group 07449,2,GROUP,True,NORMAL
GR007450,BK007450,J000112,Couple Demo Group 07450,4,COUPLE,True,NORMAL
GR007451,BK007451,J000112,Couple Demo Group 07451,3,COUPLE,True,NORMAL
GR007452,BK007452,J000112,Couple Demo Group 07452,2,COUPLE,True,NORMAL
GR007453,BK007453,J000112,Group Demo Group 07453,2,GROUP,True,NORMAL
GR007454,BK007454,J000112,Couple Demo Group 07454,4,COUPLE,True,NORMAL
GR007455,BK007455,J000112,Group Demo Group 07455,4,GROUP,True,NORMAL
GR007456,BK007456,J000112,Group Demo Group 07456,1,GROUP,True,NORMAL
GR007457,BK007457,J000112,Group Demo Group 07457,2,GROUP,True,NORMAL
GR007458,BK007458,J000112,Family Demo Group 07458,2,FAMILY,True,NORMAL
GR007459,BK007459,J000112,Friends Demo Group 07459,6,FRIENDS,True,HIGH
GR007460,BK007460,J000112,Family Demo Group 07460,4,FAMILY,True,NORMAL
GR007461,BK007461,J000112,Group Demo Group 07461,1,GROUP,True,NORMAL
GR007462,BK007462,J000112,Family Demo Group 07462,2,FAMILY,True,NORMAL
GR007463,BK007463,J000112,Friends Demo Group 07463,2,FRIENDS,True,NORMAL
GR007464,BK007464,J000112,Couple Demo Group 07464,2,COUPLE,True,NORMAL
GR007465,BK007465,J000112,Group Demo Group 07465,2,GROUP,True,NORMAL
GR007466,BK007466,J000112,Family Demo Group 07466,2,FAMILY,True,NORMAL
GR007467,BK007467,J000112,Friends Demo Group 07467,2,FRIENDS,True,NORMAL
GR007468,BK007468,J000112,Group Demo Group 07468,1,GROUP,True,NORMAL
GR007469,BK007469,J000112,Group Demo Group 07469,1,GROUP,True,NORMAL
GR007470,BK007470,J000112,Group Demo Group 07470,1,GROUP,True,NORMAL
GR007471,BK007471,J000112,Friends Demo Group 07471,2,FRIENDS,True,NORMAL
GR007472,BK007472,J000112,Couple Demo Group 07472,2,COUPLE,True,NORMAL
GR007473,BK007473,J000112,Group Demo Group 07473,1,GROUP,True,NORMAL
GR007474,BK007474,J000112,Group Demo Group 07474,5,GROUP,True,NORMAL
GR007475,BK007475,J000112,Couple Demo Group 07475,3,COUPLE,True,NORMAL
GR007476,BK007476,J000112,Couple Demo Group 07476,2,COUPLE,True,NORMAL
GR007477,BK007477,J000112,Couple Demo Group 07477,5,COUPLE,True,NORMAL
GR007478,BK007478,J000112,Family Demo Group 07478,2,FAMILY,True,NORMAL
GR007479,BK007479,J000112,Couple Demo Group 07479,3,COUPLE,True,NORMAL
GR007480,BK007480,J000112,Group Demo Group 07480,3,GROUP,True,NORMAL
GR007481,BK007481,J000112,Friends Demo Group 07481,4,FRIENDS,True,NORMAL
GR007482,BK007482,J000112,Couple Demo Group 07482,4,COUPLE,True,NORMAL
GR007483,BK007483,J000112,Couple Demo Group 07483,3,COUPLE,True,NORMAL
GR007484,BK007484,J000112,Couple Demo Group 07484,2,COUPLE,True,NORMAL
GR007485,BK007485,J000112,Group Demo Group 07485,1,GROUP,True,NORMAL
GR007486,BK007486,J000112,Family Demo Group 07486,2,FAMILY,True,NORMAL
GR007487,BK007487,J000112,Group Demo Group 07487,4,GROUP,True,NORMAL
GR007488,BK007488,J000112,Group Demo Group 07488,1,GROUP,True,NORMAL
GR007489,BK007489,J000112,Group Demo Group 07489,1,GROUP,True,NORMAL
GR007490,BK007490,J000112,Group Demo Group 07490,1,GROUP,True,NORMAL
GR007491,BK007491,J000112,Friends Demo Group 07491,2,FRIENDS,True,NORMAL
GR007492,BK007492,J000112,Family Demo Group 07492,4,FAMILY,True,NORMAL
GR007493,BK007493,J000112,Friends Demo Group 07493,4,FRIENDS,True,NORMAL
GR007494,BK007494,J000112,Couple Demo Group 07494,4,COUPLE,True,NORMAL
GR007495,BK007495,J000112,Friends Demo Group 07495,2,FRIENDS,True,NORMAL
GR007496,BK007496,J000112,Family Demo Group 07496,8,FAMILY,True,HIGH
GR007497,BK007497,J000112,Friends Demo Group 07497,8,FRIENDS,True,HIGH
GR007498,BK007498,J000112,Friends Demo Group 07498,3,FRIENDS,True,NORMAL
GR007499,BK007499,J000112,Friends Demo Group 07499,2,FRIENDS,True,NORMAL
GR007500,BK007500,J000112,Group Demo Group 07500,3,GROUP,True,NORMAL
GR007501,BK007501,J000112,Family Demo Group 07501,3,FAMILY,True,NORMAL
GR007502,BK007502,J000112,Family Demo Group 07502,2,FAMILY,True,NORMAL
GR007503,BK007503,J000112,Group Demo Group 07503,4,GROUP,True,NORMAL
GR007504,BK007504,J000112,Family Demo Group 07504,4,FAMILY,True,NORMAL
GR007505,BK007505,J000113,Group Demo Group 07505,2,GROUP,True,NORMAL
GR007506,BK007506,J000113,Friends Demo Group 07506,3,FRIENDS,True,NORMAL
GR007507,BK007507,J000113,Friends Demo Group 07507,2,FRIENDS,True,NORMAL
GR007508,BK007508,J000113,Group Demo Group 07508,1,GROUP,True,NORMAL
GR007509,BK007509,J000113,Couple Demo Group 07509,5,COUPLE,True,NORMAL
GR007510,BK007510,J000113,Family Demo Group 07510,6,FAMILY,True,HIGH
GR007511,BK007511,J000113,Friends Demo Group 07511,6,FRIENDS,True,HIGH
GR007512,BK007512,J000113,Group Demo Group 07512,1,GROUP,True,NORMAL
GR007513,BK007513,J000113,Group Demo Group 07513,6,GROUP,True,HIGH
GR007514,BK007514,J000113,Couple Demo Group 07514,4,COUPLE,True,NORMAL
GR007515,BK007515,J000113,Group Demo Group 07515,1,GROUP,True,NORMAL
GR007516,BK007516,J000113,Couple Demo Group 07516,2,COUPLE,True,NORMAL
GR007517,BK007517,J000113,Friends Demo Group 07517,4,FRIENDS,True,NORMAL
GR007518,BK007518,J000113,Family Demo Group 07518,2,FAMILY,True,NORMAL
GR007519,BK007519,J000113,Group Demo Group 07519,1,GROUP,True,NORMAL
GR007520,BK007520,J000113,Couple Demo Group 07520,2,COUPLE,True,NORMAL
GR007521,BK007521,J000113,Group Demo Group 07521,6,GROUP,True,HIGH
GR007522,BK007522,J000113,Friends Demo Group 07522,3,FRIENDS,True,NORMAL
GR007523,BK007523,J000113,Couple Demo Group 07523,3,COUPLE,True,NORMAL
GR007524,BK007524,J000113,Group Demo Group 07524,3,GROUP,True,NORMAL
GR007525,BK007525,J000113,Group Demo Group 07525,1,GROUP,True,NORMAL
GR007526,BK007526,J000113,Group Demo Group 07526,5,GROUP,True,NORMAL
GR007527,BK007527,J000113,Group Demo Group 07527,1,GROUP,True,NORMAL
GR007528,BK007528,J000113,Group Demo Group 07528,1,GROUP,True,NORMAL
GR007529,BK007529,J000113,Friends Demo Group 07529,4,FRIENDS,True,NORMAL
GR007530,BK007530,J000113,Family Demo Group 07530,2,FAMILY,True,NORMAL
GR007531,BK007531,J000113,Friends Demo Group 07531,6,FRIENDS,True,HIGH
GR007532,BK007532,J000113,Group Demo Group 07532,3,GROUP,True,NORMAL
GR007533,BK007533,J000113,Group Demo Group 07533,2,GROUP,True,NORMAL
GR007534,BK007534,J000113,Couple Demo Group 07534,4,COUPLE,True,NORMAL
GR007535,BK007535,J000113,Group Demo Group 07535,4,GROUP,True,NORMAL
GR007536,BK007536,J000113,Couple Demo Group 07536,6,COUPLE,True,HIGH
GR007537,BK007537,J000113,Group Demo Group 07537,1,GROUP,True,NORMAL
GR007538,BK007538,J000113,Friends Demo Group 07538,7,FRIENDS,True,HIGH
GR007539,BK007539,J000113,Couple Demo Group 07539,3,COUPLE,True,NORMAL
GR007540,BK007540,J000113,Family Demo Group 07540,8,FAMILY,True,HIGH
GR007541,BK007541,J000113,Family Demo Group 07541,3,FAMILY,True,NORMAL
GR007542,BK007542,J000113,Group Demo Group 07542,1,GROUP,True,NORMAL
GR007543,BK007543,J000113,Caregiver Demo Group 07543,6,CAREGIVER,True,HIGH
GR007544,BK007544,J000113,Group Demo Group 07544,1,GROUP,True,NORMAL
GR007545,BK007545,J000113,Group Demo Group 07545,2,GROUP,True,NORMAL
GR007546,BK007546,J000113,Group Demo Group 07546,1,GROUP,True,NORMAL
GR007547,BK007547,J000113,Couple Demo Group 07547,3,COUPLE,True,NORMAL
GR007548,BK007548,J000113,Family Demo Group 07548,4,FAMILY,True,NORMAL
GR007549,BK007549,J000113,Family Demo Group 07549,7,FAMILY,True,HIGH
GR007550,BK007550,J000113,Group Demo Group 07550,5,GROUP,True,NORMAL
GR007551,BK007551,J000113,Friends Demo Group 07551,2,FRIENDS,True,NORMAL
GR007552,BK007552,J000113,Group Demo Group 07552,3,GROUP,True,NORMAL
GR007553,BK007553,J000113,Friends Demo Group 07553,4,FRIENDS,True,NORMAL
GR007554,BK007554,J000113,Family Demo Group 07554,2,FAMILY,True,NORMAL
GR007555,BK007555,J000113,Group Demo Group 07555,1,GROUP,True,NORMAL
GR007556,BK007556,J000113,Group Demo Group 07556,1,GROUP,True,NORMAL
GR007557,BK007557,J000113,Friends Demo Group 07557,4,FRIENDS,True,NORMAL
GR007558,BK007558,J000113,Family Demo Group 07558,2,FAMILY,True,NORMAL
GR007559,BK007559,J000113,Group Demo Group 07559,1,GROUP,True,NORMAL
GR007560,BK007560,J000113,Group Demo Group 07560,1,GROUP,True,NORMAL
GR007561,BK007561,J000113,Couple Demo Group 07561,5,COUPLE,True,NORMAL
GR007562,BK007562,J000113,Friends Demo Group 07562,3,FRIENDS,True,NORMAL
GR007563,BK007563,J000113,Friends Demo Group 07563,2,FRIENDS,True,NORMAL
GR007564,BK007564,J000113,Couple Demo Group 07564,2,COUPLE,True,NORMAL
GR007565,BK007565,J000113,Friends Demo Group 07565,4,FRIENDS,True,NORMAL
GR007566,BK007566,J000113,Group Demo Group 07566,1,GROUP,True,NORMAL
GR007567,BK007567,J000113,Group Demo Group 07567,4,GROUP,True,NORMAL
GR007568,BK007568,J000113,Couple Demo Group 07568,2,COUPLE,True,NORMAL
GR007569,BK007569,J000113,Group Demo Group 07569,1,GROUP,True,NORMAL
GR007570,BK007570,J000113,Group Demo Group 07570,1,GROUP,True,NORMAL
GR007571,BK007571,J000113,Group Demo Group 07571,1,GROUP,True,NORMAL
GR007572,BK007572,J000114,Group Demo Group 07572,3,GROUP,True,NORMAL
GR007573,BK007573,J000114,Group Demo Group 07573,2,GROUP,True,NORMAL
GR007574,BK007574,J000114,Family Demo Group 07574,2,FAMILY,True,NORMAL
GR007575,BK007575,J000114,Couple Demo Group 07575,7,COUPLE,True,HIGH
GR007576,BK007576,J000114,Family Demo Group 07576,4,FAMILY,True,NORMAL
GR007577,BK007577,J000114,Friends Demo Group 07577,4,FRIENDS,True,NORMAL
GR007578,BK007578,J000114,Group Demo Group 07578,1,GROUP,True,NORMAL
GR007579,BK007579,J000114,Group Demo Group 07579,4,GROUP,True,NORMAL
GR007580,BK007580,J000114,Family Demo Group 07580,4,FAMILY,True,NORMAL
GR007581,BK007581,J000114,Group Demo Group 07581,2,GROUP,True,NORMAL
GR007582,BK007582,J000114,Couple Demo Group 07582,4,COUPLE,True,NORMAL
GR007583,BK007583,J000114,Friends Demo Group 07583,2,FRIENDS,True,NORMAL
GR007584,BK007584,J000114,Group Demo Group 07584,1,GROUP,True,NORMAL
GR007585,BK007585,J000114,Group Demo Group 07585,2,GROUP,True,NORMAL
GR007586,BK007586,J000114,Couple Demo Group 07586,4,COUPLE,True,NORMAL
GR007587,BK007587,J000114,Friends Demo Group 07587,2,FRIENDS,True,NORMAL
GR007588,BK007588,J000114,Couple Demo Group 07588,2,COUPLE,True,NORMAL
GR007589,BK007589,J000114,Group Demo Group 07589,2,GROUP,True,NORMAL
GR007590,BK007590,J000114,Couple Demo Group 07590,4,COUPLE,True,NORMAL
GR007591,BK007591,J000114,Couple Demo Group 07591,3,COUPLE,True,NORMAL
GR007592,BK007592,J000114,Group Demo Group 07592,1,GROUP,True,NORMAL
GR007593,BK007593,J000114,Family Demo Group 07593,3,FAMILY,True,NORMAL
GR007594,BK007594,J000114,Group Demo Group 07594,1,GROUP,True,NORMAL
GR007595,BK007595,J000114,Group Demo Group 07595,1,GROUP,True,NORMAL
GR007596,BK007596,J000114,Family Demo Group 07596,4,FAMILY,True,NORMAL
GR007597,BK007597,J000114,Group Demo Group 07597,1,GROUP,True,NORMAL
GR007598,BK007598,J000114,Friends Demo Group 07598,3,FRIENDS,True,NORMAL
GR007599,BK007599,J000114,Group Demo Group 07599,1,GROUP,True,NORMAL
GR007600,BK007600,J000114,Group Demo Group 07600,3,GROUP,True,NORMAL
GR007601,BK007601,J000114,Friends Demo Group 07601,4,FRIENDS,True,NORMAL
GR007602,BK007602,J000114,Couple Demo Group 07602,4,COUPLE,True,NORMAL
GR007603,BK007603,J000114,Couple Demo Group 07603,3,COUPLE,True,NORMAL
GR007604,BK007604,J000114,Group Demo Group 07604,1,GROUP,True,NORMAL
GR007605,BK007605,J000114,Friends Demo Group 07605,4,FRIENDS,True,NORMAL
GR007606,BK007606,J000114,Family Demo Group 07606,2,FAMILY,True,NORMAL
GR007607,BK007607,J000114,Friends Demo Group 07607,6,FRIENDS,True,HIGH
GR007608,BK007608,J000114,Couple Demo Group 07608,6,COUPLE,True,HIGH
GR007609,BK007609,J000114,Group Demo Group 07609,1,GROUP,True,NORMAL
GR007610,BK007610,J000114,Couple Demo Group 07610,4,COUPLE,True,NORMAL
GR007611,BK007611,J000114,Group Demo Group 07611,1,GROUP,True,NORMAL
GR007612,BK007612,J000114,Group Demo Group 07612,1,GROUP,True,NORMAL
GR007613,BK007613,J000114,Friends Demo Group 07613,4,FRIENDS,True,NORMAL
GR007614,BK007614,J000114,Family Demo Group 07614,2,FAMILY,True,NORMAL
GR007615,BK007615,J000114,Friends Demo Group 07615,6,FRIENDS,True,HIGH
GR007616,BK007616,J000114,Group Demo Group 07616,1,GROUP,True,NORMAL
GR007617,BK007617,J000114,Couple Demo Group 07617,5,COUPLE,True,NORMAL
GR007618,BK007618,J000114,Family Demo Group 07618,2,FAMILY,True,NORMAL
GR007619,BK007619,J000114,Caregiver Demo Group 07619,4,CAREGIVER,True,HIGH
GR007620,BK007620,J000114,Family Demo Group 07620,4,FAMILY,True,NORMAL
GR007621,BK007621,J000114,Group Demo Group 07621,1,GROUP,True,NORMAL
GR007622,BK007622,J000114,Couple Demo Group 07622,4,COUPLE,True,NORMAL
GR007623,BK007623,J000114,Group Demo Group 07623,4,GROUP,True,NORMAL
GR007624,BK007624,J000114,Group Demo Group 07624,3,GROUP,True,NORMAL
GR007625,BK007625,J000114,Group Demo Group 07625,1,GROUP,True,NORMAL
GR007626,BK007626,J000114,Group Demo Group 07626,1,GROUP,True,NORMAL
GR007627,BK007627,J000114,Group Demo Group 07627,4,GROUP,True,NORMAL
GR007628,BK007628,J000114,Group Demo Group 07628,1,GROUP,True,NORMAL
GR007629,BK007629,J000114,Group Demo Group 07629,2,GROUP,True,NORMAL
GR007630,BK007630,J000114,Family Demo Group 07630,2,FAMILY,True,NORMAL
GR007631,BK007631,J000114,Friends Demo Group 07631,2,FRIENDS,True,NORMAL
GR007632,BK007632,J000114,Group Demo Group 07632,3,GROUP,True,NORMAL
GR007633,BK007633,J000114,Friends Demo Group 07633,4,FRIENDS,True,NORMAL
GR007634,BK007634,J000114,Family Demo Group 07634,2,FAMILY,True,NORMAL
GR007635,BK007635,J000114,Couple Demo Group 07635,3,COUPLE,True,NORMAL
GR007636,BK007636,J000114,Group Demo Group 07636,1,GROUP,True,NORMAL
GR007637,BK007637,J000114,Group Demo Group 07637,2,GROUP,True,NORMAL
GR007638,BK007638,J000114,Family Demo Group 07638,2,FAMILY,True,NORMAL
GR007639,BK007639,J000115,Couple Demo Group 07639,3,COUPLE,True,NORMAL
GR007640,BK007640,J000115,Family Demo Group 07640,4,FAMILY,True,NORMAL
GR007641,BK007641,J000115,Group Demo Group 07641,6,GROUP,True,HIGH
GR007642,BK007642,J000115,Couple Demo Group 07642,8,COUPLE,True,HIGH
GR007643,BK007643,J000115,Friends Demo Group 07643,2,FRIENDS,True,NORMAL
GR007644,BK007644,J000115,Group Demo Group 07644,3,GROUP,True,NORMAL
GR007645,BK007645,J000115,Group Demo Group 07645,1,GROUP,True,NORMAL
GR007646,BK007646,J000115,Friends Demo Group 07646,7,FRIENDS,True,HIGH
GR007647,BK007647,J000115,Group Demo Group 07647,1,GROUP,True,NORMAL
GR007648,BK007648,J000115,Couple Demo Group 07648,2,COUPLE,True,NORMAL
GR007649,BK007649,J000115,Group Demo Group 07649,1,GROUP,True,NORMAL
GR007650,BK007650,J000115,Friends Demo Group 07650,3,FRIENDS,True,NORMAL
GR007651,BK007651,J000115,Group Demo Group 07651,1,GROUP,True,NORMAL
GR007652,BK007652,J000115,Group Demo Group 07652,3,GROUP,True,NORMAL
GR007653,BK007653,J000115,Group Demo Group 07653,2,GROUP,True,NORMAL
GR007654,BK007654,J000115,Friends Demo Group 07654,3,FRIENDS,True,NORMAL
GR007655,BK007655,J000115,Friends Demo Group 07655,2,FRIENDS,True,NORMAL
GR007656,BK007656,J000115,Family Demo Group 07656,4,FAMILY,True,NORMAL
GR007657,BK007657,J000115,Group Demo Group 07657,2,GROUP,True,NORMAL
GR007658,BK007658,J000115,Couple Demo Group 07658,4,COUPLE,True,NORMAL
GR007659,BK007659,J000115,Friends Demo Group 07659,2,FRIENDS,True,NORMAL
GR007660,BK007660,J000115,Group Demo Group 07660,3,GROUP,True,NORMAL
GR007661,BK007661,J000115,Friends Demo Group 07661,4,FRIENDS,True,NORMAL
GR007662,BK007662,J000115,Friends Demo Group 07662,3,FRIENDS,True,NORMAL
GR007663,BK007663,J000115,Group Demo Group 07663,1,GROUP,True,NORMAL
GR007664,BK007664,J000115,Couple Demo Group 07664,2,COUPLE,True,NORMAL
GR007665,BK007665,J000115,Friends Demo Group 07665,4,FRIENDS,True,NORMAL
GR007666,BK007666,J000115,Family Demo Group 07666,2,FAMILY,True,NORMAL
GR007667,BK007667,J000115,Friends Demo Group 07667,2,FRIENDS,True,NORMAL
GR007668,BK007668,J000115,Couple Demo Group 07668,2,COUPLE,True,NORMAL
GR007669,BK007669,J000115,Family Demo Group 07669,3,FAMILY,True,NORMAL
GR007670,BK007670,J000115,Group Demo Group 07670,1,GROUP,True,NORMAL
GR007671,BK007671,J000115,Friends Demo Group 07671,2,FRIENDS,True,NORMAL
GR007672,BK007672,J000115,Group Demo Group 07672,3,GROUP,True,NORMAL
GR007673,BK007673,J000115,Family Demo Group 07673,3,FAMILY,True,NORMAL
GR007674,BK007674,J000115,Family Demo Group 07674,2,FAMILY,True,NORMAL
GR007675,BK007675,J000115,Friends Demo Group 07675,2,FRIENDS,True,NORMAL
GR007676,BK007676,J000115,Caregiver Demo Group 07676,4,CAREGIVER,True,HIGH
GR007677,BK007677,J000115,Group Demo Group 07677,2,GROUP,True,NORMAL
GR007678,BK007678,J000115,Family Demo Group 07678,2,FAMILY,True,NORMAL
GR007679,BK007679,J000115,Friends Demo Group 07679,2,FRIENDS,True,NORMAL
GR007680,BK007680,J000115,Group Demo Group 07680,1,GROUP,True,NORMAL
GR007681,BK007681,J000115,Friends Demo Group 07681,4,FRIENDS,True,NORMAL
GR007682,BK007682,J000115,Friends Demo Group 07682,7,FRIENDS,True,HIGH
GR007683,BK007683,J000115,Friends Demo Group 07683,2,FRIENDS,True,NORMAL
GR007684,BK007684,J000115,Group Demo Group 07684,3,GROUP,True,NORMAL
GR007685,BK007685,J000115,Friends Demo Group 07685,4,FRIENDS,True,NORMAL
GR007686,BK007686,J000115,Friends Demo Group 07686,3,FRIENDS,True,NORMAL
GR007687,BK007687,J000115,Group Demo Group 07687,1,GROUP,True,NORMAL
GR007688,BK007688,J000115,Family Demo Group 07688,4,FAMILY,True,NORMAL
GR007689,BK007689,J000115,Group Demo Group 07689,1,GROUP,True,NORMAL
GR007690,BK007690,J000115,Couple Demo Group 07690,8,COUPLE,True,HIGH
GR007691,BK007691,J000115,Friends Demo Group 07691,2,FRIENDS,True,NORMAL
GR007692,BK007692,J000115,Couple Demo Group 07692,2,COUPLE,True,NORMAL
GR007693,BK007693,J000115,Group Demo Group 07693,6,GROUP,True,HIGH
GR007694,BK007694,J000115,Family Demo Group 07694,6,FAMILY,True,HIGH
GR007695,BK007695,J000115,Caregiver Demo Group 07695,4,CAREGIVER,True,HIGH
GR007696,BK007696,J000115,Friends Demo Group 07696,5,FRIENDS,True,NORMAL
GR007697,BK007697,J000115,Friends Demo Group 07697,4,FRIENDS,True,NORMAL
GR007698,BK007698,J000115,Group Demo Group 07698,5,GROUP,True,NORMAL
GR007699,BK007699,J000115,Friends Demo Group 07699,2,FRIENDS,True,NORMAL
GR007700,BK007700,J000115,Family Demo Group 07700,4,FAMILY,True,NORMAL
GR007701,BK007701,J000115,Friends Demo Group 07701,4,FRIENDS,True,NORMAL
GR007702,BK007702,J000115,Family Demo Group 07702,2,FAMILY,True,NORMAL
GR007703,BK007703,J000115,Friends Demo Group 07703,6,FRIENDS,True,HIGH
GR007704,BK007704,J000115,Group Demo Group 07704,3,GROUP,True,NORMAL
GR007705,BK007705,J000115,Group Demo Group 07705,2,GROUP,True,NORMAL
GR007706,BK007706,J000116,Family Demo Group 07706,2,FAMILY,True,NORMAL
GR007707,BK007707,J000116,Group Demo Group 07707,1,GROUP,True,NORMAL
GR007708,BK007708,J000116,Couple Demo Group 07708,6,COUPLE,True,HIGH
GR007709,BK007709,J000116,Friends Demo Group 07709,4,FRIENDS,True,NORMAL
GR007710,BK007710,J000116,Group Demo Group 07710,1,GROUP,True,NORMAL
GR007711,BK007711,J000116,Friends Demo Group 07711,2,FRIENDS,True,NORMAL
GR007712,BK007712,J000116,Couple Demo Group 07712,2,COUPLE,True,NORMAL
GR007713,BK007713,J000116,Family Demo Group 07713,3,FAMILY,True,NORMAL
GR007714,BK007714,J000116,Group Demo Group 07714,1,GROUP,True,NORMAL
GR007715,BK007715,J000116,Group Demo Group 07715,4,GROUP,True,NORMAL
GR007716,BK007716,J000116,Couple Demo Group 07716,2,COUPLE,True,NORMAL
GR007717,BK007717,J000116,Group Demo Group 07717,1,GROUP,True,NORMAL
GR007718,BK007718,J000116,Group Demo Group 07718,1,GROUP,True,NORMAL
GR007719,BK007719,J000116,Group Demo Group 07719,1,GROUP,True,NORMAL
GR007720,BK007720,J000116,Friends Demo Group 07720,5,FRIENDS,True,NORMAL
GR007721,BK007721,J000116,Group Demo Group 07721,2,GROUP,True,NORMAL
GR007722,BK007722,J000116,Group Demo Group 07722,1,GROUP,True,NORMAL
GR007723,BK007723,J000116,Group Demo Group 07723,4,GROUP,True,NORMAL
GR007724,BK007724,J000116,Group Demo Group 07724,1,GROUP,True,NORMAL
GR007725,BK007725,J000116,Group Demo Group 07725,2,GROUP,True,NORMAL
GR007726,BK007726,J000116,Couple Demo Group 07726,4,COUPLE,True,NORMAL
GR007727,BK007727,J000116,Friends Demo Group 07727,2,FRIENDS,True,NORMAL
GR007728,BK007728,J000116,Couple Demo Group 07728,2,COUPLE,True,NORMAL
GR007729,BK007729,J000116,Group Demo Group 07729,1,GROUP,True,NORMAL
GR007730,BK007730,J000116,Friends Demo Group 07730,3,FRIENDS,True,NORMAL
GR007731,BK007731,J000116,Group Demo Group 07731,4,GROUP,True,NORMAL
GR007732,BK007732,J000116,Couple Demo Group 07732,2,COUPLE,True,NORMAL
GR007733,BK007733,J000116,Caregiver Demo Group 07733,8,CAREGIVER,True,HIGH
GR007734,BK007734,J000116,Group Demo Group 07734,1,GROUP,True,NORMAL
GR007735,BK007735,J000116,Friends Demo Group 07735,2,FRIENDS,True,NORMAL
GR007736,BK007736,J000116,Family Demo Group 07736,4,FAMILY,True,NORMAL
GR007737,BK007737,J000116,Group Demo Group 07737,2,GROUP,True,NORMAL
GR007738,BK007738,J000116,Group Demo Group 07738,1,GROUP,True,NORMAL
GR007739,BK007739,J000116,Group Demo Group 07739,1,GROUP,True,NORMAL
GR007740,BK007740,J000116,Family Demo Group 07740,4,FAMILY,True,NORMAL
GR007741,BK007741,J000116,Group Demo Group 07741,1,GROUP,True,NORMAL
GR007742,BK007742,J000116,Family Demo Group 07742,2,FAMILY,True,NORMAL
GR007743,BK007743,J000116,Group Demo Group 07743,1,GROUP,True,NORMAL
GR007744,BK007744,J000116,Family Demo Group 07744,4,FAMILY,True,NORMAL
GR007745,BK007745,J000116,Group Demo Group 07745,6,GROUP,True,HIGH
GR007746,BK007746,J000116,Couple Demo Group 07746,4,COUPLE,True,NORMAL
GR007747,BK007747,J000116,Friends Demo Group 07747,2,FRIENDS,True,NORMAL
GR007748,BK007748,J000116,Family Demo Group 07748,8,FAMILY,True,HIGH
GR007749,BK007749,J000116,Friends Demo Group 07749,4,FRIENDS,True,NORMAL
GR007750,BK007750,J000116,Group Demo Group 07750,5,GROUP,True,NORMAL
GR007751,BK007751,J000116,Group Demo Group 07751,1,GROUP,True,NORMAL
GR007752,BK007752,J000116,Group Demo Group 07752,3,GROUP,True,NORMAL
GR007753,BK007753,J000116,Group Demo Group 07753,2,GROUP,True,NORMAL
GR007754,BK007754,J000116,Group Demo Group 07754,1,GROUP,True,NORMAL
GR007755,BK007755,J000116,Family Demo Group 07755,5,FAMILY,True,NORMAL
GR007756,BK007756,J000116,Family Demo Group 07756,4,FAMILY,True,NORMAL
GR007757,BK007757,J000116,Friends Demo Group 07757,4,FRIENDS,True,NORMAL
GR007758,BK007758,J000116,Family Demo Group 07758,2,FAMILY,True,NORMAL
GR007759,BK007759,J000116,Friends Demo Group 07759,2,FRIENDS,True,NORMAL
GR007760,BK007760,J000116,Group Demo Group 07760,1,GROUP,True,NORMAL
GR007761,BK007761,J000116,Group Demo Group 07761,1,GROUP,True,NORMAL
GR007762,BK007762,J000116,Friends Demo Group 07762,3,FRIENDS,True,NORMAL
GR007763,BK007763,J000116,Couple Demo Group 07763,3,COUPLE,True,NORMAL
GR007764,BK007764,J000116,Couple Demo Group 07764,2,COUPLE,True,NORMAL
GR007765,BK007765,J000116,Group Demo Group 07765,2,GROUP,True,NORMAL
GR007766,BK007766,J000116,Group Demo Group 07766,1,GROUP,True,NORMAL
GR007767,BK007767,J000116,Group Demo Group 07767,1,GROUP,True,NORMAL
GR007768,BK007768,J000116,Group Demo Group 07768,1,GROUP,True,NORMAL
GR007769,BK007769,J000116,Couple Demo Group 07769,5,COUPLE,True,NORMAL
GR007770,BK007770,J000116,Family Demo Group 07770,2,FAMILY,True,NORMAL
GR007771,BK007771,J000116,Couple Demo Group 07771,3,COUPLE,True,NORMAL
GR007772,BK007772,J000116,Couple Demo Group 07772,2,COUPLE,True,NORMAL
GR007773,BK007773,J000117,Group Demo Group 07773,6,GROUP,True,HIGH
GR007774,BK007774,J000117,Family Demo Group 07774,2,FAMILY,True,NORMAL
GR007775,BK007775,J000117,Group Demo Group 07775,1,GROUP,True,NORMAL
GR007776,BK007776,J000117,Family Demo Group 07776,4,FAMILY,True,NORMAL
GR007777,BK007777,J000117,Friends Demo Group 07777,8,FRIENDS,True,HIGH
GR007778,BK007778,J000117,Couple Demo Group 07778,4,COUPLE,True,NORMAL
GR007779,BK007779,J000117,Group Demo Group 07779,4,GROUP,True,NORMAL
GR007780,BK007780,J000117,Group Demo Group 07780,1,GROUP,True,NORMAL
GR007781,BK007781,J000117,Group Demo Group 07781,2,GROUP,True,NORMAL
GR007782,BK007782,J000117,Family Demo Group 07782,2,FAMILY,True,NORMAL
GR007783,BK007783,J000117,Friends Demo Group 07783,2,FRIENDS,True,NORMAL
GR007784,BK007784,J000117,Family Demo Group 07784,4,FAMILY,True,NORMAL
GR007785,BK007785,J000117,Group Demo Group 07785,6,GROUP,True,HIGH
GR007786,BK007786,J000117,Family Demo Group 07786,2,FAMILY,True,NORMAL
GR007787,BK007787,J000117,Group Demo Group 07787,1,GROUP,True,NORMAL
GR007788,BK007788,J000117,Friends Demo Group 07788,5,FRIENDS,True,NORMAL
GR007789,BK007789,J000117,Friends Demo Group 07789,4,FRIENDS,True,NORMAL
GR007790,BK007790,J000117,Caregiver Demo Group 07790,5,CAREGIVER,True,HIGH
GR007791,BK007791,J000117,Group Demo Group 07791,4,GROUP,True,NORMAL
GR007792,BK007792,J000117,Family Demo Group 07792,4,FAMILY,True,NORMAL
GR007793,BK007793,J000117,Group Demo Group 07793,1,GROUP,True,NORMAL
GR007794,BK007794,J000117,Group Demo Group 07794,1,GROUP,True,NORMAL
GR007795,BK007795,J000117,Group Demo Group 07795,4,GROUP,True,NORMAL
GR007796,BK007796,J000117,Family Demo Group 07796,4,FAMILY,True,NORMAL
GR007797,BK007797,J000117,Group Demo Group 07797,2,GROUP,True,NORMAL
GR007798,BK007798,J000117,Family Demo Group 07798,2,FAMILY,True,NORMAL
GR007799,BK007799,J000117,Group Demo Group 07799,1,GROUP,True,NORMAL
GR007800,BK007800,J000117,Group Demo Group 07800,3,GROUP,True,NORMAL
GR007801,BK007801,J000117,Group Demo Group 07801,1,GROUP,True,NORMAL
GR007802,BK007802,J000117,Family Demo Group 07802,2,FAMILY,True,NORMAL
GR007803,BK007803,J000117,Family Demo Group 07803,5,FAMILY,True,NORMAL
GR007804,BK007804,J000117,Couple Demo Group 07804,2,COUPLE,True,NORMAL
GR007805,BK007805,J000117,Family Demo Group 07805,3,FAMILY,True,NORMAL
GR007806,BK007806,J000117,Group Demo Group 07806,1,GROUP,True,NORMAL
GR007807,BK007807,J000117,Couple Demo Group 07807,3,COUPLE,True,NORMAL
GR007808,BK007808,J000117,Family Demo Group 07808,4,FAMILY,True,NORMAL
GR007809,BK007809,J000117,Caregiver Demo Group 07809,4,CAREGIVER,True,HIGH
GR007810,BK007810,J000117,Family Demo Group 07810,2,FAMILY,True,NORMAL
GR007811,BK007811,J000117,Friends Demo Group 07811,2,FRIENDS,True,NORMAL
GR007812,BK007812,J000117,Friends Demo Group 07812,5,FRIENDS,True,NORMAL
GR007813,BK007813,J000117,Group Demo Group 07813,1,GROUP,True,NORMAL
GR007814,BK007814,J000117,Group Demo Group 07814,1,GROUP,True,NORMAL
GR007815,BK007815,J000117,Couple Demo Group 07815,3,COUPLE,True,NORMAL
GR007816,BK007816,J000117,Group Demo Group 07816,1,GROUP,True,NORMAL
GR007817,BK007817,J000117,Group Demo Group 07817,2,GROUP,True,NORMAL
GR007818,BK007818,J000117,Family Demo Group 07818,2,FAMILY,True,NORMAL
GR007819,BK007819,J000117,Couple Demo Group 07819,7,COUPLE,True,HIGH
GR007820,BK007820,J000117,Group Demo Group 07820,1,GROUP,True,NORMAL
GR007821,BK007821,J000117,Friends Demo Group 07821,4,FRIENDS,True,NORMAL
GR007822,BK007822,J000117,Couple Demo Group 07822,4,COUPLE,True,NORMAL
GR007823,BK007823,J000117,Group Demo Group 07823,1,GROUP,True,NORMAL
GR007824,BK007824,J000117,Family Demo Group 07824,4,FAMILY,True,NORMAL
GR007825,BK007825,J000117,Group Demo Group 07825,6,GROUP,True,HIGH
GR007826,BK007826,J000117,Group Demo Group 07826,1,GROUP,True,NORMAL
GR007827,BK007827,J000117,Couple Demo Group 07827,3,COUPLE,True,NORMAL
GR007828,BK007828,J000117,Group Demo Group 07828,3,GROUP,True,NORMAL
GR007829,BK007829,J000117,Friends Demo Group 07829,4,FRIENDS,True,NORMAL
GR007830,BK007830,J000117,Family Demo Group 07830,2,FAMILY,True,NORMAL
GR007831,BK007831,J000117,Friends Demo Group 07831,2,FRIENDS,True,NORMAL
GR007832,BK007832,J000117,Family Demo Group 07832,4,FAMILY,True,NORMAL
GR007833,BK007833,J000117,Friends Demo Group 07833,4,FRIENDS,True,NORMAL
GR007834,BK007834,J000117,Family Demo Group 07834,2,FAMILY,True,NORMAL
GR007835,BK007835,J000117,Group Demo Group 07835,1,GROUP,True,NORMAL
GR007836,BK007836,J000117,Couple Demo Group 07836,6,COUPLE,True,HIGH
GR007837,BK007837,J000117,Group Demo Group 07837,2,GROUP,True,NORMAL
GR007838,BK007838,J000117,Family Demo Group 07838,2,FAMILY,True,NORMAL
GR007839,BK007839,J000117,Friends Demo Group 07839,6,FRIENDS,True,HIGH
GR007840,BK007840,J000118,Group Demo Group 07840,1,GROUP,True,NORMAL
GR007841,BK007841,J000118,Group Demo Group 07841,2,GROUP,True,NORMAL
GR007842,BK007842,J000118,Group Demo Group 07842,1,GROUP,True,NORMAL
GR007843,BK007843,J000118,Group Demo Group 07843,4,GROUP,True,NORMAL
GR007844,BK007844,J000118,Couple Demo Group 07844,2,COUPLE,True,NORMAL
GR007845,BK007845,J000118,Group Demo Group 07845,1,GROUP,True,NORMAL
GR007846,BK007846,J000118,Group Demo Group 07846,1,GROUP,True,NORMAL
GR007847,BK007847,J000118,Caregiver Demo Group 07847,4,CAREGIVER,True,HIGH
GR007848,BK007848,J000118,Group Demo Group 07848,1,GROUP,True,NORMAL
GR007849,BK007849,J000118,Group Demo Group 07849,1,GROUP,True,NORMAL
GR007850,BK007850,J000118,Family Demo Group 07850,2,FAMILY,True,NORMAL
GR007851,BK007851,J000118,Friends Demo Group 07851,2,FRIENDS,True,NORMAL
GR007852,BK007852,J000118,Couple Demo Group 07852,2,COUPLE,True,NORMAL
GR007853,BK007853,J000118,Group Demo Group 07853,2,GROUP,True,NORMAL
GR007854,BK007854,J000118,Family Demo Group 07854,6,FAMILY,True,HIGH
GR007855,BK007855,J000118,Group Demo Group 07855,8,GROUP,True,HIGH
GR007856,BK007856,J000118,Couple Demo Group 07856,2,COUPLE,True,NORMAL
GR007857,BK007857,J000118,Group Demo Group 07857,1,GROUP,True,NORMAL
GR007858,BK007858,J000118,Group Demo Group 07858,1,GROUP,True,NORMAL
GR007859,BK007859,J000118,Group Demo Group 07859,4,GROUP,True,NORMAL
GR007860,BK007860,J000118,Couple Demo Group 07860,2,COUPLE,True,NORMAL
GR007861,BK007861,J000118,Group Demo Group 07861,1,GROUP,True,NORMAL
GR007862,BK007862,J000118,Group Demo Group 07862,1,GROUP,True,NORMAL
GR007863,BK007863,J000118,Friends Demo Group 07863,6,FRIENDS,True,HIGH
GR007864,BK007864,J000118,Group Demo Group 07864,1,GROUP,True,NORMAL
GR007865,BK007865,J000118,Group Demo Group 07865,1,GROUP,True,NORMAL
GR007866,BK007866,J000118,Group Demo Group 07866,1,GROUP,True,NORMAL
GR007867,BK007867,J000118,Friends Demo Group 07867,2,FRIENDS,True,NORMAL
GR007868,BK007868,J000118,Group Demo Group 07868,3,GROUP,True,NORMAL
GR007869,BK007869,J000118,Group Demo Group 07869,2,GROUP,True,NORMAL
GR007870,BK007870,J000118,Group Demo Group 07870,1,GROUP,True,NORMAL
GR007871,BK007871,J000118,Group Demo Group 07871,1,GROUP,True,NORMAL
GR007872,BK007872,J000118,Family Demo Group 07872,4,FAMILY,True,NORMAL
GR007873,BK007873,J000118,Group Demo Group 07873,2,GROUP,True,NORMAL
GR007874,BK007874,J000118,Couple Demo Group 07874,8,COUPLE,True,HIGH
GR007875,BK007875,J000118,Group Demo Group 07875,4,GROUP,True,NORMAL
GR007876,BK007876,J000118,Group Demo Group 07876,1,GROUP,True,NORMAL
GR007877,BK007877,J000118,Group Demo Group 07877,1,GROUP,True,NORMAL
GR007878,BK007878,J000118,Couple Demo Group 07878,4,COUPLE,True,NORMAL
GR007879,BK007879,J000118,Group Demo Group 07879,1,GROUP,True,NORMAL
GR007880,BK007880,J000118,Family Demo Group 07880,4,FAMILY,True,NORMAL
GR007881,BK007881,J000118,Group Demo Group 07881,1,GROUP,True,NORMAL
GR007882,BK007882,J000118,Group Demo Group 07882,1,GROUP,True,NORMAL
GR007883,BK007883,J000118,Couple Demo Group 07883,3,COUPLE,True,NORMAL
GR007884,BK007884,J000118,Group Demo Group 07884,3,GROUP,True,NORMAL
GR007885,BK007885,J000118,Caregiver Demo Group 07885,4,CAREGIVER,True,HIGH
GR007886,BK007886,J000118,Friends Demo Group 07886,3,FRIENDS,True,NORMAL
GR007887,BK007887,J000118,Couple Demo Group 07887,3,COUPLE,True,NORMAL
GR007888,BK007888,J000118,Group Demo Group 07888,1,GROUP,True,NORMAL
GR007889,BK007889,J000118,Group Demo Group 07889,1,GROUP,True,NORMAL
GR007890,BK007890,J000118,Group Demo Group 07890,1,GROUP,True,NORMAL
GR007891,BK007891,J000118,Friends Demo Group 07891,2,FRIENDS,True,NORMAL
GR007892,BK007892,J000118,Group Demo Group 07892,3,GROUP,True,NORMAL
GR007893,BK007893,J000118,Family Demo Group 07893,3,FAMILY,True,NORMAL
GR007894,BK007894,J000118,Friends Demo Group 07894,3,FRIENDS,True,NORMAL
GR007895,BK007895,J000118,Couple Demo Group 07895,3,COUPLE,True,NORMAL
GR007896,BK007896,J000118,Group Demo Group 07896,1,GROUP,True,NORMAL
GR007897,BK007897,J000118,Group Demo Group 07897,1,GROUP,True,NORMAL
GR007898,BK007898,J000118,Group Demo Group 07898,1,GROUP,True,NORMAL
GR007899,BK007899,J000118,Friends Demo Group 07899,2,FRIENDS,True,NORMAL
GR007900,BK007900,J000118,Group Demo Group 07900,1,GROUP,True,NORMAL
GR007901,BK007901,J000118,Group Demo Group 07901,2,GROUP,True,NORMAL
GR007902,BK007902,J000118,Family Demo Group 07902,2,FAMILY,True,NORMAL
GR007903,BK007903,J000118,Group Demo Group 07903,1,GROUP,True,NORMAL
GR007904,BK007904,J000118,Group Demo Group 07904,1,GROUP,True,NORMAL
GR007905,BK007905,J000118,Group Demo Group 07905,2,GROUP,True,NORMAL
GR007906,BK007906,J000118,Family Demo Group 07906,2,FAMILY,True,NORMAL
GR007907,BK007907,J000119,Group Demo Group 07907,1,GROUP,True,NORMAL
GR007908,BK007908,J000119,Friends Demo Group 07908,5,FRIENDS,True,NORMAL
GR007909,BK007909,J000119,Group Demo Group 07909,2,GROUP,True,NORMAL
GR007910,BK007910,J000119,Family Demo Group 07910,2,FAMILY,True,NORMAL
GR007911,BK007911,J000119,Group Demo Group 07911,4,GROUP,True,NORMAL
GR007912,BK007912,J000119,Group Demo Group 07912,1,GROUP,True,NORMAL
GR007913,BK007913,J000119,Group Demo Group 07913,2,GROUP,True,NORMAL
GR007914,BK007914,J000119,Family Demo Group 07914,2,FAMILY,True,NORMAL
GR007915,BK007915,J000119,Friends Demo Group 07915,2,FRIENDS,True,NORMAL
GR007916,BK007916,J000119,Couple Demo Group 07916,2,COUPLE,True,NORMAL
GR007917,BK007917,J000119,Friends Demo Group 07917,4,FRIENDS,True,NORMAL
GR007918,BK007918,J000119,Family Demo Group 07918,2,FAMILY,True,NORMAL
GR007919,BK007919,J000119,Group Demo Group 07919,4,GROUP,True,NORMAL
GR007920,BK007920,J000119,Family Demo Group 07920,4,FAMILY,True,NORMAL
GR007921,BK007921,J000119,Friends Demo Group 07921,4,FRIENDS,True,NORMAL
GR007922,BK007922,J000119,Friends Demo Group 07922,3,FRIENDS,True,NORMAL
GR007923,BK007923,J000119,Friends Demo Group 07923,2,FRIENDS,True,NORMAL
GR007924,BK007924,J000119,Group Demo Group 07924,3,GROUP,True,NORMAL
GR007925,BK007925,J000119,Friends Demo Group 07925,4,FRIENDS,True,NORMAL
GR007926,BK007926,J000119,Couple Demo Group 07926,4,COUPLE,True,NORMAL
GR007927,BK007927,J000119,Couple Demo Group 07927,3,COUPLE,True,NORMAL
GR007928,BK007928,J000119,Group Demo Group 07928,1,GROUP,True,NORMAL
GR007929,BK007929,J000119,Family Demo Group 07929,3,FAMILY,True,NORMAL
GR007930,BK007930,J000119,Group Demo Group 07930,1,GROUP,True,NORMAL
GR007931,BK007931,J000119,Couple Demo Group 07931,3,COUPLE,True,NORMAL
GR007932,BK007932,J000119,Family Demo Group 07932,4,FAMILY,True,NORMAL
GR007933,BK007933,J000119,Family Demo Group 07933,3,FAMILY,True,NORMAL
GR007934,BK007934,J000119,Group Demo Group 07934,5,GROUP,True,NORMAL
GR007935,BK007935,J000119,Couple Demo Group 07935,3,COUPLE,True,NORMAL
GR007936,BK007936,J000119,Couple Demo Group 07936,2,COUPLE,True,NORMAL
GR007937,BK007937,J000119,Group Demo Group 07937,1,GROUP,True,NORMAL
GR007938,BK007938,J000119,Friends Demo Group 07938,3,FRIENDS,True,NORMAL
GR007939,BK007939,J000119,Friends Demo Group 07939,2,FRIENDS,True,NORMAL
GR007940,BK007940,J000119,Group Demo Group 07940,1,GROUP,True,NORMAL
GR007941,BK007941,J000119,Group Demo Group 07941,1,GROUP,True,NORMAL
GR007942,BK007942,J000119,Group Demo Group 07942,1,GROUP,True,NORMAL
GR007943,BK007943,J000119,Group Demo Group 07943,4,GROUP,True,NORMAL
GR007944,BK007944,J000119,Couple Demo Group 07944,2,COUPLE,True,NORMAL
GR007945,BK007945,J000119,Group Demo Group 07945,1,GROUP,True,NORMAL
GR007946,BK007946,J000119,Group Demo Group 07946,1,GROUP,True,NORMAL
GR007947,BK007947,J000119,Group Demo Group 07947,1,GROUP,True,NORMAL
GR007948,BK007948,J000119,Family Demo Group 07948,4,FAMILY,True,NORMAL
GR007949,BK007949,J000119,Family Demo Group 07949,3,FAMILY,True,NORMAL
GR007950,BK007950,J000119,Family Demo Group 07950,2,FAMILY,True,NORMAL
GR007951,BK007951,J000119,Friends Demo Group 07951,6,FRIENDS,True,HIGH
GR007952,BK007952,J000119,Group Demo Group 07952,1,GROUP,True,NORMAL
GR007953,BK007953,J000119,Group Demo Group 07953,2,GROUP,True,NORMAL
GR007954,BK007954,J000119,Couple Demo Group 07954,4,COUPLE,True,NORMAL
GR007955,BK007955,J000119,Couple Demo Group 07955,3,COUPLE,True,NORMAL
GR007956,BK007956,J000119,Family Demo Group 07956,4,FAMILY,True,NORMAL
GR007957,BK007957,J000119,Group Demo Group 07957,2,GROUP,True,NORMAL
GR007958,BK007958,J000119,Family Demo Group 07958,2,FAMILY,True,NORMAL
GR007959,BK007959,J000119,Friends Demo Group 07959,2,FRIENDS,True,NORMAL
GR007960,BK007960,J000119,Friends Demo Group 07960,5,FRIENDS,True,NORMAL
GR007961,BK007961,J000119,Group Demo Group 07961,2,GROUP,True,NORMAL
GR007962,BK007962,J000119,Group Demo Group 07962,5,GROUP,True,NORMAL
GR007963,BK007963,J000119,Friends Demo Group 07963,2,FRIENDS,True,NORMAL
GR007964,BK007964,J000119,Group Demo Group 07964,3,GROUP,True,NORMAL
GR007965,BK007965,J000119,Family Demo Group 07965,3,FAMILY,True,NORMAL
GR007966,BK007966,J000119,Couple Demo Group 07966,8,COUPLE,True,HIGH
GR007967,BK007967,J000119,Group Demo Group 07967,4,GROUP,True,NORMAL
GR007968,BK007968,J000119,Group Demo Group 07968,3,GROUP,True,NORMAL
GR007969,BK007969,J000119,Group Demo Group 07969,6,GROUP,True,HIGH
GR007970,BK007970,J000119,Couple Demo Group 07970,4,COUPLE,True,NORMAL
GR007971,BK007971,J000119,Group Demo Group 07971,1,GROUP,True,NORMAL
GR007972,BK007972,J000119,Group Demo Group 07972,1,GROUP,True,NORMAL
GR007973,BK007973,J000119,Group Demo Group 07973,1,GROUP,True,NORMAL
GR007974,BK007974,J000120,Group Demo Group 07974,1,GROUP,True,NORMAL
GR007975,BK007975,J000120,Group Demo Group 07975,4,GROUP,True,NORMAL
GR007976,BK007976,J000120,Couple Demo Group 07976,6,COUPLE,True,HIGH
GR007977,BK007977,J000120,Group Demo Group 07977,2,GROUP,True,NORMAL
GR007978,BK007978,J000120,Family Demo Group 07978,2,FAMILY,True,NORMAL
GR007979,BK007979,J000120,Couple Demo Group 07979,3,COUPLE,True,NORMAL
GR007980,BK007980,J000120,Caregiver Demo Group 07980,4,CAREGIVER,True,HIGH
GR007981,BK007981,J000120,Group Demo Group 07981,1,GROUP,True,NORMAL
GR007982,BK007982,J000120,Group Demo Group 07982,1,GROUP,True,NORMAL
GR007983,BK007983,J000120,Group Demo Group 07983,1,GROUP,True,NORMAL
GR007984,BK007984,J000120,Couple Demo Group 07984,2,COUPLE,True,NORMAL
GR007985,BK007985,J000120,Group Demo Group 07985,2,GROUP,True,NORMAL
GR007986,BK007986,J000120,Friends Demo Group 07986,3,FRIENDS,True,NORMAL
GR007987,BK007987,J000120,Group Demo Group 07987,4,GROUP,True,NORMAL
GR007988,BK007988,J000120,Couple Demo Group 07988,2,COUPLE,True,NORMAL
GR007989,BK007989,J000120,Group Demo Group 07989,6,GROUP,True,HIGH
GR007990,BK007990,J000120,Friends Demo Group 07990,3,FRIENDS,True,NORMAL
GR007991,BK007991,J000120,Friends Demo Group 07991,2,FRIENDS,True,NORMAL
GR007992,BK007992,J000120,Couple Demo Group 07992,2,COUPLE,True,NORMAL
GR007993,BK007993,J000120,Group Demo Group 07993,1,GROUP,True,NORMAL
GR007994,BK007994,J000120,Couple Demo Group 07994,4,COUPLE,True,NORMAL
GR007995,BK007995,J000120,Group Demo Group 07995,1,GROUP,True,NORMAL
GR007996,BK007996,J000120,Family Demo Group 07996,4,FAMILY,True,NORMAL
GR007997,BK007997,J000120,Group Demo Group 07997,1,GROUP,True,NORMAL
GR007998,BK007998,J000120,Group Demo Group 07998,1,GROUP,True,NORMAL
GR007999,BK007999,J000120,Friends Demo Group 07999,2,FRIENDS,True,NORMAL
GR008000,BK008000,J000120,Couple Demo Group 08000,2,COUPLE,True,NORMAL
GR008001,BK008001,J000120,Friends Demo Group 08001,4,FRIENDS,True,NORMAL
GR008002,BK008002,J000120,Group Demo Group 08002,1,GROUP,True,NORMAL
GR008003,BK008003,J000120,Friends Demo Group 08003,2,FRIENDS,True,NORMAL
GR008004,BK008004,J000120,Couple Demo Group 08004,2,COUPLE,True,NORMAL
GR008005,BK008005,J000120,Friends Demo Group 08005,4,FRIENDS,True,NORMAL
GR008006,BK008006,J000120,Group Demo Group 08006,1,GROUP,True,NORMAL
GR008007,BK008007,J000120,Couple Demo Group 08007,3,COUPLE,True,NORMAL
GR008008,BK008008,J000120,Group Demo Group 08008,1,GROUP,True,NORMAL
GR008009,BK008009,J000120,Friends Demo Group 08009,4,FRIENDS,True,NORMAL
GR008010,BK008010,J000120,Friends Demo Group 08010,3,FRIENDS,True,NORMAL
GR008011,BK008011,J000120,Friends Demo Group 08011,2,FRIENDS,True,NORMAL
GR008012,BK008012,J000120,Friends Demo Group 08012,5,FRIENDS,True,NORMAL
GR008013,BK008013,J000120,Group Demo Group 08013,2,GROUP,True,NORMAL
GR008014,BK008014,J000120,Group Demo Group 08014,1,GROUP,True,NORMAL
GR008015,BK008015,J000120,Couple Demo Group 08015,3,COUPLE,True,NORMAL
GR008016,BK008016,J000120,Group Demo Group 08016,3,GROUP,True,NORMAL
GR008017,BK008017,J000120,Group Demo Group 08017,2,GROUP,True,NORMAL
GR008018,BK008018,J000120,Caregiver Demo Group 08018,5,CAREGIVER,True,HIGH
GR008019,BK008019,J000120,Group Demo Group 08019,4,GROUP,True,NORMAL
GR008020,BK008020,J000120,Group Demo Group 08020,3,GROUP,True,NORMAL
GR008021,BK008021,J000120,Couple Demo Group 08021,5,COUPLE,True,NORMAL
GR008022,BK008022,J000120,Group Demo Group 08022,1,GROUP,True,NORMAL
GR008023,BK008023,J000120,Couple Demo Group 08023,3,COUPLE,True,NORMAL
GR008024,BK008024,J000120,Couple Demo Group 08024,2,COUPLE,True,NORMAL
GR008025,BK008025,J000120,Group Demo Group 08025,2,GROUP,True,NORMAL
GR008026,BK008026,J000120,Group Demo Group 08026,5,GROUP,True,NORMAL
GR008027,BK008027,J000120,Group Demo Group 08027,4,GROUP,True,NORMAL
GR008028,BK008028,J000120,Family Demo Group 08028,4,FAMILY,True,NORMAL
GR008029,BK008029,J000120,Group Demo Group 08029,1,GROUP,True,NORMAL
GR008030,BK008030,J000120,Friends Demo Group 08030,3,FRIENDS,True,NORMAL
GR008031,BK008031,J000120,Group Demo Group 08031,1,GROUP,True,NORMAL
GR008032,BK008032,J000120,Couple Demo Group 08032,6,COUPLE,True,HIGH
GR008033,BK008033,J000120,Friends Demo Group 08033,4,FRIENDS,True,NORMAL
GR008034,BK008034,J000120,Family Demo Group 08034,6,FAMILY,True,HIGH
GR008035,BK008035,J000120,Friends Demo Group 08035,2,FRIENDS,True,NORMAL
GR008036,BK008036,J000120,Group Demo Group 08036,1,GROUP,True,NORMAL
GR008037,BK008037,J000120,Caregiver Demo Group 08037,4,CAREGIVER,True,HIGH
GR008038,BK008038,J000120,Family Demo Group 08038,2,FAMILY,True,NORMAL
GR008039,BK008039,J000120,Family Demo Group 08039,5,FAMILY,True,NORMAL
GR008040,BK008040,J000120,Family Demo Group 08040,8,FAMILY,True,HIGH
GR008041,BK008041,J000121,Friends Demo Group 08041,8,FRIENDS,True,HIGH
GR008042,BK008042,J000121,Family Demo Group 08042,2,FAMILY,True,NORMAL
GR008043,BK008043,J000121,Group Demo Group 08043,1,GROUP,True,NORMAL
GR008044,BK008044,J000121,Family Demo Group 08044,4,FAMILY,True,NORMAL
GR008045,BK008045,J000121,Group Demo Group 08045,2,GROUP,True,NORMAL
GR008046,BK008046,J000121,Family Demo Group 08046,2,FAMILY,True,NORMAL
GR008047,BK008047,J000121,Group Demo Group 08047,4,GROUP,True,NORMAL
GR008048,BK008048,J000121,Friends Demo Group 08048,5,FRIENDS,True,NORMAL
GR008049,BK008049,J000121,Group Demo Group 08049,1,GROUP,True,NORMAL
GR008050,BK008050,J000121,Family Demo Group 08050,2,FAMILY,True,NORMAL
GR008051,BK008051,J000121,Friends Demo Group 08051,2,FRIENDS,True,NORMAL
GR008052,BK008052,J000121,Couple Demo Group 08052,2,COUPLE,True,NORMAL
GR008053,BK008053,J000121,Group Demo Group 08053,1,GROUP,True,NORMAL
GR008054,BK008054,J000121,Friends Demo Group 08054,3,FRIENDS,True,NORMAL
GR008055,BK008055,J000121,Couple Demo Group 08055,3,COUPLE,True,NORMAL
GR008056,BK008056,J000121,Group Demo Group 08056,3,GROUP,True,NORMAL
GR008057,BK008057,J000121,Group Demo Group 08057,2,GROUP,True,NORMAL
GR008058,BK008058,J000121,Couple Demo Group 08058,4,COUPLE,True,NORMAL
GR008059,BK008059,J000121,Group Demo Group 08059,1,GROUP,True,NORMAL
GR008060,BK008060,J000121,Group Demo Group 08060,1,GROUP,True,NORMAL
GR008061,BK008061,J000121,Family Demo Group 08061,7,FAMILY,True,HIGH
GR008062,BK008062,J000121,Family Demo Group 08062,2,FAMILY,True,NORMAL
GR008063,BK008063,J000121,Couple Demo Group 08063,3,COUPLE,True,NORMAL
GR008064,BK008064,J000121,Friends Demo Group 08064,5,FRIENDS,True,NORMAL
GR008065,BK008065,J000121,Friends Demo Group 08065,4,FRIENDS,True,NORMAL
GR008066,BK008066,J000121,Family Demo Group 08066,2,FAMILY,True,NORMAL
GR008067,BK008067,J000121,Group Demo Group 08067,4,GROUP,True,NORMAL
GR008068,BK008068,J000121,Family Demo Group 08068,4,FAMILY,True,NORMAL
GR008069,BK008069,J000121,Friends Demo Group 08069,8,FRIENDS,True,HIGH
GR008070,BK008070,J000121,Group Demo Group 08070,1,GROUP,True,NORMAL
GR008071,BK008071,J000121,Couple Demo Group 08071,3,COUPLE,True,NORMAL
GR008072,BK008072,J000121,Group Demo Group 08072,1,GROUP,True,NORMAL
GR008073,BK008073,J000121,Group Demo Group 08073,2,GROUP,True,NORMAL
GR008074,BK008074,J000121,Family Demo Group 08074,2,FAMILY,True,NORMAL
GR008075,BK008075,J000121,Friends Demo Group 08075,2,FRIENDS,True,NORMAL
GR008076,BK008076,J000121,Family Demo Group 08076,4,FAMILY,True,NORMAL
GR008077,BK008077,J000121,Family Demo Group 08077,3,FAMILY,True,NORMAL
GR008078,BK008078,J000121,Family Demo Group 08078,2,FAMILY,True,NORMAL
GR008079,BK008079,J000121,Couple Demo Group 08079,3,COUPLE,True,NORMAL
GR008080,BK008080,J000121,Family Demo Group 08080,4,FAMILY,True,NORMAL
GR008081,BK008081,J000121,Family Demo Group 08081,3,FAMILY,True,NORMAL
GR008082,BK008082,J000121,Family Demo Group 08082,2,FAMILY,True,NORMAL
GR008083,BK008083,J000121,Couple Demo Group 08083,3,COUPLE,True,NORMAL
GR008084,BK008084,J000121,Group Demo Group 08084,3,GROUP,True,NORMAL
GR008085,BK008085,J000121,Friends Demo Group 08085,4,FRIENDS,True,NORMAL
GR008086,BK008086,J000121,Family Demo Group 08086,2,FAMILY,True,NORMAL
GR008087,BK008087,J000121,Group Demo Group 08087,4,GROUP,True,NORMAL
GR008088,BK008088,J000121,Couple Demo Group 08088,2,COUPLE,True,NORMAL
GR008089,BK008089,J000121,Family Demo Group 08089,3,FAMILY,True,NORMAL
GR008090,BK008090,J000121,Group Demo Group 08090,1,GROUP,True,NORMAL
GR008091,BK008091,J000121,Friends Demo Group 08091,2,FRIENDS,True,NORMAL
GR008092,BK008092,J000121,Group Demo Group 08092,7,GROUP,True,HIGH
GR008093,BK008093,J000121,Group Demo Group 08093,2,GROUP,True,NORMAL
GR008094,BK008094,J000121,Family Demo Group 08094,2,FAMILY,True,NORMAL
GR008095,BK008095,J000121,Group Demo Group 08095,1,GROUP,True,NORMAL
GR008096,BK008096,J000121,Friends Demo Group 08096,5,FRIENDS,True,NORMAL
GR008097,BK008097,J000121,Group Demo Group 08097,6,GROUP,True,HIGH
GR008098,BK008098,J000121,Family Demo Group 08098,6,FAMILY,True,HIGH
GR008099,BK008099,J000121,Group Demo Group 08099,1,GROUP,True,NORMAL
GR008100,BK008100,J000121,Group Demo Group 08100,3,GROUP,True,NORMAL
GR008101,BK008101,J000121,Group Demo Group 08101,2,GROUP,True,NORMAL
GR008102,BK008102,J000121,Friends Demo Group 08102,3,FRIENDS,True,NORMAL
GR008103,BK008103,J000121,Group Demo Group 08103,1,GROUP,True,NORMAL
GR008104,BK008104,J000121,Group Demo Group 08104,3,GROUP,True,NORMAL
GR008105,BK008105,J000121,Family Demo Group 08105,3,FAMILY,True,NORMAL
GR008106,BK008106,J000121,Friends Demo Group 08106,3,FRIENDS,True,NORMAL
GR008107,BK008107,J000122,Friends Demo Group 08107,2,FRIENDS,True,NORMAL
GR008108,BK008108,J000122,Group Demo Group 08108,1,GROUP,True,NORMAL
GR008109,BK008109,J000122,Group Demo Group 08109,1,GROUP,True,NORMAL
GR008110,BK008110,J000122,Family Demo Group 08110,2,FAMILY,True,NORMAL
GR008111,BK008111,J000122,Group Demo Group 08111,4,GROUP,True,NORMAL
GR008112,BK008112,J000122,Group Demo Group 08112,1,GROUP,True,NORMAL
GR008113,BK008113,J000122,Caregiver Demo Group 08113,4,CAREGIVER,True,HIGH
GR008114,BK008114,J000122,Friends Demo Group 08114,3,FRIENDS,True,NORMAL
GR008115,BK008115,J000122,Group Demo Group 08115,4,GROUP,True,NORMAL
GR008116,BK008116,J000122,Group Demo Group 08116,1,GROUP,True,NORMAL
GR008117,BK008117,J000122,Group Demo Group 08117,1,GROUP,True,NORMAL
GR008118,BK008118,J000122,Friends Demo Group 08118,3,FRIENDS,True,NORMAL
GR008119,BK008119,J000122,Group Demo Group 08119,4,GROUP,True,NORMAL
GR008120,BK008120,J000122,Group Demo Group 08120,3,GROUP,True,NORMAL
GR008121,BK008121,J000122,Group Demo Group 08121,6,GROUP,True,HIGH
GR008122,BK008122,J000122,Family Demo Group 08122,2,FAMILY,True,NORMAL
GR008123,BK008123,J000122,Couple Demo Group 08123,7,COUPLE,True,HIGH
GR008124,BK008124,J000122,Family Demo Group 08124,4,FAMILY,True,NORMAL
GR008125,BK008125,J000122,Group Demo Group 08125,1,GROUP,True,NORMAL
GR008126,BK008126,J000122,Couple Demo Group 08126,4,COUPLE,True,NORMAL
GR008127,BK008127,J000122,Group Demo Group 08127,4,GROUP,True,NORMAL
GR008128,BK008128,J000122,Couple Demo Group 08128,2,COUPLE,True,NORMAL
GR008129,BK008129,J000122,Couple Demo Group 08129,5,COUPLE,True,NORMAL
GR008130,BK008130,J000122,Family Demo Group 08130,2,FAMILY,True,NORMAL
GR008131,BK008131,J000122,Friends Demo Group 08131,2,FRIENDS,True,NORMAL
GR008132,BK008132,J000122,Caregiver Demo Group 08132,7,CAREGIVER,True,HIGH
GR008133,BK008133,J000122,Group Demo Group 08133,2,GROUP,True,NORMAL
GR008134,BK008134,J000122,Friends Demo Group 08134,3,FRIENDS,True,NORMAL
GR008135,BK008135,J000122,Group Demo Group 08135,1,GROUP,True,NORMAL
GR008136,BK008136,J000122,Group Demo Group 08136,3,GROUP,True,NORMAL
GR008137,BK008137,J000122,Couple Demo Group 08137,5,COUPLE,True,NORMAL
GR008138,BK008138,J000122,Couple Demo Group 08138,8,COUPLE,True,HIGH
GR008139,BK008139,J000122,Group Demo Group 08139,1,GROUP,True,NORMAL
GR008140,BK008140,J000122,Family Demo Group 08140,4,FAMILY,True,NORMAL
GR008141,BK008141,J000122,Family Demo Group 08141,3,FAMILY,True,NORMAL
GR008142,BK008142,J000122,Group Demo Group 08142,1,GROUP,True,NORMAL
GR008143,BK008143,J000122,Group Demo Group 08143,1,GROUP,True,NORMAL
GR008144,BK008144,J000122,Family Demo Group 08144,4,FAMILY,True,NORMAL
GR008145,BK008145,J000122,Group Demo Group 08145,1,GROUP,True,NORMAL
GR008146,BK008146,J000122,Group Demo Group 08146,1,GROUP,True,NORMAL
GR008147,BK008147,J000122,Group Demo Group 08147,4,GROUP,True,NORMAL
GR008148,BK008148,J000122,Family Demo Group 08148,4,FAMILY,True,NORMAL
GR008149,BK008149,J000122,Group Demo Group 08149,2,GROUP,True,NORMAL
GR008150,BK008150,J000122,Friends Demo Group 08150,3,FRIENDS,True,NORMAL
GR008151,BK008151,J000122,Caregiver Demo Group 08151,4,CAREGIVER,True,HIGH
GR008152,BK008152,J000122,Group Demo Group 08152,3,GROUP,True,NORMAL
GR008153,BK008153,J000122,Group Demo Group 08153,6,GROUP,True,HIGH
GR008154,BK008154,J000122,Group Demo Group 08154,1,GROUP,True,NORMAL
GR008155,BK008155,J000122,Group Demo Group 08155,1,GROUP,True,NORMAL
GR008156,BK008156,J000122,Couple Demo Group 08156,2,COUPLE,True,NORMAL
GR008157,BK008157,J000122,Family Demo Group 08157,3,FAMILY,True,NORMAL
GR008158,BK008158,J000122,Friends Demo Group 08158,3,FRIENDS,True,NORMAL
GR008159,BK008159,J000122,Group Demo Group 08159,1,GROUP,True,NORMAL
GR008160,BK008160,J000122,Family Demo Group 08160,4,FAMILY,True,NORMAL
GR008161,BK008161,J000122,Group Demo Group 08161,1,GROUP,True,NORMAL
GR008162,BK008162,J000122,Friends Demo Group 08162,3,FRIENDS,True,NORMAL
GR008163,BK008163,J000122,Friends Demo Group 08163,2,FRIENDS,True,NORMAL
GR008164,BK008164,J000122,Group Demo Group 08164,1,GROUP,True,NORMAL
GR008165,BK008165,J000122,Family Demo Group 08165,3,FAMILY,True,NORMAL
GR008166,BK008166,J000122,Group Demo Group 08166,1,GROUP,True,NORMAL
GR008167,BK008167,J000122,Couple Demo Group 08167,7,COUPLE,True,HIGH
GR008168,BK008168,J000122,Couple Demo Group 08168,2,COUPLE,True,NORMAL
GR008169,BK008169,J000122,Group Demo Group 08169,1,GROUP,True,NORMAL
GR008170,BK008170,J000122,Group Demo Group 08170,1,GROUP,True,NORMAL
GR008171,BK008171,J000122,Friends Demo Group 08171,6,FRIENDS,True,HIGH
GR008172,BK008172,J000122,Group Demo Group 08172,1,GROUP,True,NORMAL
GR008173,BK008173,J000123,Group Demo Group 08173,2,GROUP,True,NORMAL
GR008174,BK008174,J000123,Group Demo Group 08174,1,GROUP,True,NORMAL
GR008175,BK008175,J000123,Friends Demo Group 08175,2,FRIENDS,True,NORMAL
GR008176,BK008176,J000123,Family Demo Group 08176,4,FAMILY,True,NORMAL
GR008177,BK008177,J000123,Family Demo Group 08177,7,FAMILY,True,HIGH
GR008178,BK008178,J000123,Friends Demo Group 08178,7,FRIENDS,True,HIGH
GR008179,BK008179,J000123,Friends Demo Group 08179,2,FRIENDS,True,NORMAL
GR008180,BK008180,J000123,Family Demo Group 08180,4,FAMILY,True,NORMAL
GR008181,BK008181,J000123,Family Demo Group 08181,3,FAMILY,True,NORMAL
GR008182,BK008182,J000123,Friends Demo Group 08182,3,FRIENDS,True,NORMAL
GR008183,BK008183,J000123,Couple Demo Group 08183,3,COUPLE,True,NORMAL
GR008184,BK008184,J000123,Couple Demo Group 08184,2,COUPLE,True,NORMAL
GR008185,BK008185,J000123,Group Demo Group 08185,2,GROUP,True,NORMAL
GR008186,BK008186,J000123,Family Demo Group 08186,2,FAMILY,True,NORMAL
GR008187,BK008187,J000123,Friends Demo Group 08187,2,FRIENDS,True,NORMAL
GR008188,BK008188,J000123,Couple Demo Group 08188,2,COUPLE,True,NORMAL
GR008189,BK008189,J000123,Caregiver Demo Group 08189,4,CAREGIVER,True,HIGH
GR008190,BK008190,J000123,Friends Demo Group 08190,7,FRIENDS,True,HIGH
GR008191,BK008191,J000123,Group Demo Group 08191,4,GROUP,True,NORMAL
GR008192,BK008192,J000123,Group Demo Group 08192,3,GROUP,True,NORMAL
GR008193,BK008193,J000123,Family Demo Group 08193,3,FAMILY,True,NORMAL
GR008194,BK008194,J000123,Couple Demo Group 08194,4,COUPLE,True,NORMAL
GR008195,BK008195,J000123,Friends Demo Group 08195,2,FRIENDS,True,NORMAL
GR008196,BK008196,J000123,Group Demo Group 08196,3,GROUP,True,NORMAL
GR008197,BK008197,J000123,Group Demo Group 08197,2,GROUP,True,NORMAL
GR008198,BK008198,J000123,Friends Demo Group 08198,3,FRIENDS,True,NORMAL
GR008199,BK008199,J000123,Group Demo Group 08199,8,GROUP,True,HIGH
GR008200,BK008200,J000123,Family Demo Group 08200,4,FAMILY,True,NORMAL
GR008201,BK008201,J000123,Couple Demo Group 08201,5,COUPLE,True,NORMAL
GR008202,BK008202,J000123,Family Demo Group 08202,6,FAMILY,True,HIGH
GR008203,BK008203,J000123,Group Demo Group 08203,8,GROUP,True,HIGH
GR008204,BK008204,J000123,Friends Demo Group 08204,5,FRIENDS,True,NORMAL
GR008205,BK008205,J000123,Group Demo Group 08205,2,GROUP,True,NORMAL
GR008206,BK008206,J000123,Group Demo Group 08206,1,GROUP,True,NORMAL
GR008207,BK008207,J000123,Group Demo Group 08207,1,GROUP,True,NORMAL
GR008208,BK008208,J000123,Group Demo Group 08208,1,GROUP,True,NORMAL
GR008209,BK008209,J000123,Family Demo Group 08209,7,FAMILY,True,HIGH
GR008210,BK008210,J000123,Friends Demo Group 08210,3,FRIENDS,True,NORMAL
GR008211,BK008211,J000123,Friends Demo Group 08211,2,FRIENDS,True,NORMAL
GR008212,BK008212,J000123,Couple Demo Group 08212,2,COUPLE,True,NORMAL
GR008213,BK008213,J000123,Friends Demo Group 08213,8,FRIENDS,True,HIGH
GR008214,BK008214,J000123,Family Demo Group 08214,2,FAMILY,True,NORMAL
GR008215,BK008215,J000123,Group Demo Group 08215,1,GROUP,True,NORMAL
GR008216,BK008216,J000123,Family Demo Group 08216,4,FAMILY,True,NORMAL
GR008217,BK008217,J000123,Friends Demo Group 08217,4,FRIENDS,True,NORMAL
GR008218,BK008218,J000123,Couple Demo Group 08218,4,COUPLE,True,NORMAL
GR008219,BK008219,J000123,Family Demo Group 08219,5,FAMILY,True,NORMAL
GR008220,BK008220,J000123,Group Demo Group 08220,3,GROUP,True,NORMAL
GR008221,BK008221,J000123,Family Demo Group 08221,3,FAMILY,True,NORMAL
GR008222,BK008222,J000123,Family Demo Group 08222,6,FAMILY,True,HIGH
GR008223,BK008223,J000123,Couple Demo Group 08223,3,COUPLE,True,NORMAL
GR008224,BK008224,J000123,Group Demo Group 08224,7,GROUP,True,HIGH
GR008225,BK008225,J000123,Group Demo Group 08225,1,GROUP,True,NORMAL
GR008226,BK008226,J000123,Friends Demo Group 08226,3,FRIENDS,True,NORMAL
GR008227,BK008227,J000123,Caregiver Demo Group 08227,4,CAREGIVER,True,HIGH
GR008228,BK008228,J000123,Group Demo Group 08228,1,GROUP,True,NORMAL
GR008229,BK008229,J000123,Friends Demo Group 08229,4,FRIENDS,True,NORMAL
GR008230,BK008230,J000123,Friends Demo Group 08230,3,FRIENDS,True,NORMAL
GR008231,BK008231,J000123,Friends Demo Group 08231,2,FRIENDS,True,NORMAL
GR008232,BK008232,J000123,Family Demo Group 08232,8,FAMILY,True,HIGH
GR008233,BK008233,J000123,Friends Demo Group 08233,4,FRIENDS,True,NORMAL
GR008234,BK008234,J000123,Friends Demo Group 08234,7,FRIENDS,True,HIGH
GR008235,BK008235,J000123,Group Demo Group 08235,1,GROUP,True,NORMAL
GR008236,BK008236,J000123,Group Demo Group 08236,1,GROUP,True,NORMAL
GR008237,BK008237,J000123,Friends Demo Group 08237,4,FRIENDS,True,NORMAL
GR008238,BK008238,J000123,Family Demo Group 08238,2,FAMILY,True,NORMAL
GR008239,BK008239,J000124,Couple Demo Group 08239,7,COUPLE,True,HIGH
GR008240,BK008240,J000124,Group Demo Group 08240,1,GROUP,True,NORMAL
GR008241,BK008241,J000124,Family Demo Group 08241,7,FAMILY,True,HIGH
GR008242,BK008242,J000124,Group Demo Group 08242,1,GROUP,True,NORMAL
GR008243,BK008243,J000124,Couple Demo Group 08243,7,COUPLE,True,HIGH
GR008244,BK008244,J000124,Couple Demo Group 08244,2,COUPLE,True,NORMAL
GR008245,BK008245,J000124,Friends Demo Group 08245,4,FRIENDS,True,NORMAL
GR008246,BK008246,J000124,Friends Demo Group 08246,3,FRIENDS,True,NORMAL
GR008247,BK008247,J000124,Group Demo Group 08247,1,GROUP,True,NORMAL
GR008248,BK008248,J000124,Friends Demo Group 08248,5,FRIENDS,True,NORMAL
GR008249,BK008249,J000124,Friends Demo Group 08249,4,FRIENDS,True,NORMAL
GR008250,BK008250,J000124,Family Demo Group 08250,2,FAMILY,True,NORMAL
GR008251,BK008251,J000124,Friends Demo Group 08251,2,FRIENDS,True,NORMAL
GR008252,BK008252,J000124,Group Demo Group 08252,1,GROUP,True,NORMAL
GR008253,BK008253,J000124,Group Demo Group 08253,1,GROUP,True,NORMAL
GR008254,BK008254,J000124,Group Demo Group 08254,1,GROUP,True,NORMAL
GR008255,BK008255,J000124,Group Demo Group 08255,1,GROUP,True,NORMAL
GR008256,BK008256,J000124,Couple Demo Group 08256,6,COUPLE,True,HIGH
GR008257,BK008257,J000124,Group Demo Group 08257,1,GROUP,True,NORMAL
GR008258,BK008258,J000124,Friends Demo Group 08258,3,FRIENDS,True,NORMAL
GR008259,BK008259,J000124,Couple Demo Group 08259,3,COUPLE,True,NORMAL
GR008260,BK008260,J000124,Group Demo Group 08260,1,GROUP,True,NORMAL
GR008261,BK008261,J000124,Family Demo Group 08261,3,FAMILY,True,NORMAL
GR008262,BK008262,J000124,Group Demo Group 08262,1,GROUP,True,NORMAL
GR008263,BK008263,J000124,Group Demo Group 08263,1,GROUP,True,NORMAL
GR008264,BK008264,J000124,Couple Demo Group 08264,2,COUPLE,True,NORMAL
GR008265,BK008265,J000124,Group Demo Group 08265,1,GROUP,True,NORMAL
GR008266,BK008266,J000124,Family Demo Group 08266,2,FAMILY,True,NORMAL
GR008267,BK008267,J000124,Group Demo Group 08267,1,GROUP,True,NORMAL
GR008268,BK008268,J000124,Couple Demo Group 08268,2,COUPLE,True,NORMAL
GR008269,BK008269,J000124,Family Demo Group 08269,3,FAMILY,True,NORMAL
GR008270,BK008270,J000124,Family Demo Group 08270,2,FAMILY,True,NORMAL
GR008271,BK008271,J000124,Friends Demo Group 08271,2,FRIENDS,True,NORMAL
GR008272,BK008272,J000124,Group Demo Group 08272,3,GROUP,True,NORMAL
GR008273,BK008273,J000124,Group Demo Group 08273,6,GROUP,True,HIGH
GR008274,BK008274,J000124,Friends Demo Group 08274,3,FRIENDS,True,NORMAL
GR008275,BK008275,J000124,Friends Demo Group 08275,2,FRIENDS,True,NORMAL
GR008276,BK008276,J000124,Group Demo Group 08276,3,GROUP,True,NORMAL
GR008277,BK008277,J000124,Group Demo Group 08277,1,GROUP,True,NORMAL
GR008278,BK008278,J000124,Family Demo Group 08278,2,FAMILY,True,NORMAL
GR008279,BK008279,J000124,Couple Demo Group 08279,3,COUPLE,True,NORMAL
GR008280,BK008280,J000124,Family Demo Group 08280,4,FAMILY,True,NORMAL
GR008281,BK008281,J000124,Group Demo Group 08281,1,GROUP,True,NORMAL
GR008282,BK008282,J000124,Friends Demo Group 08282,3,FRIENDS,True,NORMAL
GR008283,BK008283,J000124,Group Demo Group 08283,1,GROUP,True,NORMAL
GR008284,BK008284,J000124,Caregiver Demo Group 08284,8,CAREGIVER,True,HIGH
GR008285,BK008285,J000124,Friends Demo Group 08285,4,FRIENDS,True,NORMAL
GR008286,BK008286,J000124,Family Demo Group 08286,2,FAMILY,True,NORMAL
GR008287,BK008287,J000124,Group Demo Group 08287,4,GROUP,True,NORMAL
GR008288,BK008288,J000124,Family Demo Group 08288,4,FAMILY,True,NORMAL
GR008289,BK008289,J000124,Group Demo Group 08289,1,GROUP,True,NORMAL
GR008290,BK008290,J000124,Family Demo Group 08290,2,FAMILY,True,NORMAL
GR008291,BK008291,J000124,Group Demo Group 08291,4,GROUP,True,NORMAL
GR008292,BK008292,J000124,Group Demo Group 08292,1,GROUP,True,NORMAL
GR008293,BK008293,J000124,Group Demo Group 08293,1,GROUP,True,NORMAL
GR008294,BK008294,J000124,Group Demo Group 08294,1,GROUP,True,NORMAL
GR008295,BK008295,J000124,Group Demo Group 08295,4,GROUP,True,NORMAL
GR008296,BK008296,J000124,Friends Demo Group 08296,5,FRIENDS,True,NORMAL
GR008297,BK008297,J000124,Friends Demo Group 08297,4,FRIENDS,True,NORMAL
GR008298,BK008298,J000124,Couple Demo Group 08298,4,COUPLE,True,NORMAL
GR008299,BK008299,J000124,Friends Demo Group 08299,2,FRIENDS,True,NORMAL
GR008300,BK008300,J000124,Family Demo Group 08300,8,FAMILY,True,HIGH
GR008301,BK008301,J000124,Group Demo Group 08301,2,GROUP,True,NORMAL
GR008302,BK008302,J000124,Family Demo Group 08302,2,FAMILY,True,NORMAL
GR008303,BK008303,J000124,Friends Demo Group 08303,2,FRIENDS,True,NORMAL
GR008304,BK008304,J000124,Couple Demo Group 08304,6,COUPLE,True,HIGH
GR008305,BK008305,J000125,Group Demo Group 08305,1,GROUP,True,NORMAL
GR008306,BK008306,J000125,Couple Demo Group 08306,4,COUPLE,True,NORMAL
GR008307,BK008307,J000125,Group Demo Group 08307,1,GROUP,True,NORMAL
GR008308,BK008308,J000125,Group Demo Group 08308,3,GROUP,True,NORMAL
GR008309,BK008309,J000125,Group Demo Group 08309,1,GROUP,True,NORMAL
GR008310,BK008310,J000125,Family Demo Group 08310,2,FAMILY,True,NORMAL
GR008311,BK008311,J000125,Friends Demo Group 08311,2,FRIENDS,True,NORMAL
GR008312,BK008312,J000125,Couple Demo Group 08312,2,COUPLE,True,NORMAL
GR008313,BK008313,J000125,Family Demo Group 08313,7,FAMILY,True,HIGH
GR008314,BK008314,J000125,Group Demo Group 08314,1,GROUP,True,NORMAL
GR008315,BK008315,J000125,Group Demo Group 08315,4,GROUP,True,NORMAL
GR008316,BK008316,J000125,Couple Demo Group 08316,2,COUPLE,True,NORMAL
GR008317,BK008317,J000125,Group Demo Group 08317,2,GROUP,True,NORMAL
GR008318,BK008318,J000125,Couple Demo Group 08318,4,COUPLE,True,NORMAL
GR008319,BK008319,J000125,Group Demo Group 08319,4,GROUP,True,NORMAL
GR008320,BK008320,J000125,Group Demo Group 08320,3,GROUP,True,NORMAL
GR008321,BK008321,J000125,Group Demo Group 08321,2,GROUP,True,NORMAL
GR008322,BK008322,J000125,Friends Demo Group 08322,3,FRIENDS,True,NORMAL
GR008323,BK008323,J000125,Group Demo Group 08323,1,GROUP,True,NORMAL
GR008324,BK008324,J000125,Group Demo Group 08324,3,GROUP,True,NORMAL
GR008325,BK008325,J000125,Group Demo Group 08325,2,GROUP,True,NORMAL
GR008326,BK008326,J000125,Friends Demo Group 08326,3,FRIENDS,True,NORMAL
GR008327,BK008327,J000125,Friends Demo Group 08327,2,FRIENDS,True,NORMAL
GR008328,BK008328,J000125,Group Demo Group 08328,1,GROUP,True,NORMAL
GR008329,BK008329,J000125,Friends Demo Group 08329,4,FRIENDS,True,NORMAL
GR008330,BK008330,J000125,Friends Demo Group 08330,3,FRIENDS,True,NORMAL
GR008331,BK008331,J000125,Friends Demo Group 08331,2,FRIENDS,True,NORMAL
GR008332,BK008332,J000125,Couple Demo Group 08332,6,COUPLE,True,HIGH
GR008333,BK008333,J000125,Family Demo Group 08333,3,FAMILY,True,NORMAL
GR008334,BK008334,J000125,Group Demo Group 08334,1,GROUP,True,NORMAL
GR008335,BK008335,J000125,Group Demo Group 08335,1,GROUP,True,NORMAL
GR008336,BK008336,J000125,Group Demo Group 08336,3,GROUP,True,NORMAL
GR008337,BK008337,J000125,Group Demo Group 08337,1,GROUP,True,NORMAL
GR008338,BK008338,J000125,Family Demo Group 08338,2,FAMILY,True,NORMAL
GR008339,BK008339,J000125,Group Demo Group 08339,1,GROUP,True,NORMAL
GR008340,BK008340,J000125,Group Demo Group 08340,1,GROUP,True,NORMAL
GR008341,BK008341,J000125,Caregiver Demo Group 08341,4,CAREGIVER,True,HIGH
GR008342,BK008342,J000125,Family Demo Group 08342,2,FAMILY,True,NORMAL
GR008343,BK008343,J000125,Group Demo Group 08343,4,GROUP,True,NORMAL
GR008344,BK008344,J000125,Couple Demo Group 08344,2,COUPLE,True,NORMAL
GR008345,BK008345,J000125,Group Demo Group 08345,1,GROUP,True,NORMAL
GR008346,BK008346,J000125,Family Demo Group 08346,2,FAMILY,True,NORMAL
GR008347,BK008347,J000125,Couple Demo Group 08347,3,COUPLE,True,NORMAL
GR008348,BK008348,J000125,Group Demo Group 08348,3,GROUP,True,NORMAL
GR008349,BK008349,J000125,Friends Demo Group 08349,8,FRIENDS,True,HIGH
GR008350,BK008350,J000125,Family Demo Group 08350,6,FAMILY,True,HIGH
GR008351,BK008351,J000125,Friends Demo Group 08351,2,FRIENDS,True,NORMAL
GR008352,BK008352,J000125,Group Demo Group 08352,1,GROUP,True,NORMAL
GR008353,BK008353,J000125,Family Demo Group 08353,3,FAMILY,True,NORMAL
GR008354,BK008354,J000125,Family Demo Group 08354,2,FAMILY,True,NORMAL
GR008355,BK008355,J000125,Friends Demo Group 08355,2,FRIENDS,True,NORMAL
GR008356,BK008356,J000125,Family Demo Group 08356,4,FAMILY,True,NORMAL
GR008357,BK008357,J000125,Friends Demo Group 08357,4,FRIENDS,True,NORMAL
GR008358,BK008358,J000125,Couple Demo Group 08358,8,COUPLE,True,HIGH
GR008359,BK008359,J000125,Group Demo Group 08359,4,GROUP,True,NORMAL
GR008360,BK008360,J000125,Group Demo Group 08360,3,GROUP,True,NORMAL
GR008361,BK008361,J000125,Friends Demo Group 08361,4,FRIENDS,True,NORMAL
GR008362,BK008362,J000125,Group Demo Group 08362,1,GROUP,True,NORMAL
GR008363,BK008363,J000125,Group Demo Group 08363,4,GROUP,True,NORMAL
GR008364,BK008364,J000125,Family Demo Group 08364,4,FAMILY,True,NORMAL
GR008365,BK008365,J000125,Group Demo Group 08365,1,GROUP,True,NORMAL
GR008366,BK008366,J000125,Group Demo Group 08366,1,GROUP,True,NORMAL
GR008367,BK008367,J000125,Friends Demo Group 08367,2,FRIENDS,True,NORMAL
GR008368,BK008368,J000125,Family Demo Group 08368,4,FAMILY,True,NORMAL
GR008369,BK008369,J000125,Family Demo Group 08369,3,FAMILY,True,NORMAL
GR008370,BK008370,J000125,Group Demo Group 08370,5,GROUP,True,NORMAL
GR008371,BK008371,J000126,Friends Demo Group 08371,2,FRIENDS,True,NORMAL
GR008372,BK008372,J000126,Family Demo Group 08372,4,FAMILY,True,NORMAL
GR008373,BK008373,J000126,Friends Demo Group 08373,4,FRIENDS,True,NORMAL
GR008374,BK008374,J000126,Group Demo Group 08374,1,GROUP,True,NORMAL
GR008375,BK008375,J000126,Group Demo Group 08375,1,GROUP,True,NORMAL
GR008376,BK008376,J000126,Group Demo Group 08376,1,GROUP,True,NORMAL
GR008377,BK008377,J000126,Group Demo Group 08377,1,GROUP,True,NORMAL
GR008378,BK008378,J000126,Group Demo Group 08378,1,GROUP,True,NORMAL
GR008379,BK008379,J000126,Caregiver Demo Group 08379,4,CAREGIVER,True,HIGH
GR008380,BK008380,J000126,Group Demo Group 08380,1,GROUP,True,NORMAL
GR008381,BK008381,J000126,Family Demo Group 08381,7,FAMILY,True,HIGH
GR008382,BK008382,J000126,Couple Demo Group 08382,4,COUPLE,True,NORMAL
GR008383,BK008383,J000126,Friends Demo Group 08383,2,FRIENDS,True,NORMAL
GR008384,BK008384,J000126,Friends Demo Group 08384,5,FRIENDS,True,NORMAL
GR008385,BK008385,J000126,Group Demo Group 08385,6,GROUP,True,HIGH
GR008386,BK008386,J000126,Couple Demo Group 08386,4,COUPLE,True,NORMAL
GR008387,BK008387,J000126,Friends Demo Group 08387,2,FRIENDS,True,NORMAL
GR008388,BK008388,J000126,Family Demo Group 08388,4,FAMILY,True,NORMAL
GR008389,BK008389,J000126,Friends Demo Group 08389,4,FRIENDS,True,NORMAL
GR008390,BK008390,J000126,Group Demo Group 08390,5,GROUP,True,NORMAL
GR008391,BK008391,J000126,Group Demo Group 08391,1,GROUP,True,NORMAL
GR008392,BK008392,J000126,Friends Demo Group 08392,5,FRIENDS,True,NORMAL
GR008393,BK008393,J000126,Group Demo Group 08393,6,GROUP,True,HIGH
GR008394,BK008394,J000126,Couple Demo Group 08394,8,COUPLE,True,HIGH
GR008395,BK008395,J000126,Friends Demo Group 08395,2,FRIENDS,True,NORMAL
GR008396,BK008396,J000126,Group Demo Group 08396,3,GROUP,True,NORMAL
GR008397,BK008397,J000126,Family Demo Group 08397,3,FAMILY,True,NORMAL
GR008398,BK008398,J000126,Friends Demo Group 08398,3,FRIENDS,True,NORMAL
GR008399,BK008399,J000126,Friends Demo Group 08399,2,FRIENDS,True,NORMAL
GR008400,BK008400,J000126,Family Demo Group 08400,4,FAMILY,True,NORMAL
GR008401,BK008401,J000126,Group Demo Group 08401,2,GROUP,True,NORMAL
GR008402,BK008402,J000126,Group Demo Group 08402,1,GROUP,True,NORMAL
GR008403,BK008403,J000126,Couple Demo Group 08403,3,COUPLE,True,NORMAL
GR008404,BK008404,J000126,Couple Demo Group 08404,2,COUPLE,True,NORMAL
GR008405,BK008405,J000126,Group Demo Group 08405,6,GROUP,True,HIGH
GR008406,BK008406,J000126,Family Demo Group 08406,2,FAMILY,True,NORMAL
GR008407,BK008407,J000126,Friends Demo Group 08407,2,FRIENDS,True,NORMAL
GR008408,BK008408,J000126,Couple Demo Group 08408,2,COUPLE,True,NORMAL
GR008409,BK008409,J000126,Group Demo Group 08409,2,GROUP,True,NORMAL
GR008410,BK008410,J000126,Friends Demo Group 08410,3,FRIENDS,True,NORMAL
GR008411,BK008411,J000126,Group Demo Group 08411,4,GROUP,True,NORMAL
GR008412,BK008412,J000126,Family Demo Group 08412,4,FAMILY,True,NORMAL
GR008413,BK008413,J000126,Group Demo Group 08413,1,GROUP,True,NORMAL
GR008414,BK008414,J000126,Family Demo Group 08414,2,FAMILY,True,NORMAL
GR008415,BK008415,J000126,Group Demo Group 08415,1,GROUP,True,NORMAL
GR008416,BK008416,J000126,Group Demo Group 08416,3,GROUP,True,NORMAL
GR008417,BK008417,J000126,Family Demo Group 08417,3,FAMILY,True,NORMAL
GR008418,BK008418,J000126,Family Demo Group 08418,2,FAMILY,True,NORMAL
GR008419,BK008419,J000126,Group Demo Group 08419,1,GROUP,True,NORMAL
GR008420,BK008420,J000126,Group Demo Group 08420,1,GROUP,True,NORMAL
GR008421,BK008421,J000126,Friends Demo Group 08421,4,FRIENDS,True,NORMAL
GR008422,BK008422,J000126,Family Demo Group 08422,2,FAMILY,True,NORMAL
GR008423,BK008423,J000126,Group Demo Group 08423,4,GROUP,True,NORMAL
GR008424,BK008424,J000126,Couple Demo Group 08424,2,COUPLE,True,NORMAL
GR008425,BK008425,J000126,Family Demo Group 08425,3,FAMILY,True,NORMAL
GR008426,BK008426,J000126,Couple Demo Group 08426,8,COUPLE,True,HIGH
GR008427,BK008427,J000126,Group Demo Group 08427,4,GROUP,True,NORMAL
GR008428,BK008428,J000126,Family Demo Group 08428,4,FAMILY,True,NORMAL
GR008429,BK008429,J000126,Group Demo Group 08429,2,GROUP,True,NORMAL
GR008430,BK008430,J000126,Group Demo Group 08430,1,GROUP,True,NORMAL
GR008431,BK008431,J000126,Group Demo Group 08431,1,GROUP,True,NORMAL
GR008432,BK008432,J000126,Couple Demo Group 08432,6,COUPLE,True,HIGH
GR008433,BK008433,J000126,Friends Demo Group 08433,4,FRIENDS,True,NORMAL
GR008434,BK008434,J000126,Friends Demo Group 08434,3,FRIENDS,True,NORMAL
GR008435,BK008435,J000126,Group Demo Group 08435,4,GROUP,True,NORMAL
GR008436,BK008436,J000126,Group Demo Group 08436,1,GROUP,True,NORMAL
GR008437,BK008437,J000127,Group Demo Group 08437,6,GROUP,True,HIGH
GR008438,BK008438,J000127,Family Demo Group 08438,2,FAMILY,True,NORMAL
GR008439,BK008439,J000127,Group Demo Group 08439,1,GROUP,True,NORMAL
GR008440,BK008440,J000127,Family Demo Group 08440,4,FAMILY,True,NORMAL
GR008441,BK008441,J000127,Group Demo Group 08441,1,GROUP,True,NORMAL
GR008442,BK008442,J000127,Group Demo Group 08442,1,GROUP,True,NORMAL
GR008443,BK008443,J000127,Friends Demo Group 08443,2,FRIENDS,True,NORMAL
GR008444,BK008444,J000127,Couple Demo Group 08444,2,COUPLE,True,NORMAL
GR008445,BK008445,J000127,Group Demo Group 08445,1,GROUP,True,NORMAL
GR008446,BK008446,J000127,Group Demo Group 08446,1,GROUP,True,NORMAL
GR008447,BK008447,J000127,Family Demo Group 08447,5,FAMILY,True,NORMAL
GR008448,BK008448,J000127,Couple Demo Group 08448,2,COUPLE,True,NORMAL
GR008449,BK008449,J000127,Group Demo Group 08449,1,GROUP,True,NORMAL
GR008450,BK008450,J000127,Couple Demo Group 08450,4,COUPLE,True,NORMAL
GR008451,BK008451,J000127,Group Demo Group 08451,1,GROUP,True,NORMAL
GR008452,BK008452,J000127,Couple Demo Group 08452,2,COUPLE,True,NORMAL
GR008453,BK008453,J000127,Group Demo Group 08453,1,GROUP,True,NORMAL
GR008454,BK008454,J000127,Family Demo Group 08454,2,FAMILY,True,NORMAL
GR008455,BK008455,J000127,Group Demo Group 08455,1,GROUP,True,NORMAL
GR008456,BK008456,J000127,Couple Demo Group 08456,6,COUPLE,True,HIGH
GR008457,BK008457,J000127,Group Demo Group 08457,2,GROUP,True,NORMAL
GR008458,BK008458,J000127,Family Demo Group 08458,2,FAMILY,True,NORMAL
GR008459,BK008459,J000127,Friends Demo Group 08459,6,FRIENDS,True,HIGH
GR008460,BK008460,J000127,Group Demo Group 08460,3,GROUP,True,NORMAL
GR008461,BK008461,J000127,Friends Demo Group 08461,4,FRIENDS,True,NORMAL
GR008462,BK008462,J000127,Group Demo Group 08462,1,GROUP,True,NORMAL
GR008463,BK008463,J000127,Couple Demo Group 08463,3,COUPLE,True,NORMAL
GR008464,BK008464,J000127,Couple Demo Group 08464,6,COUPLE,True,HIGH
GR008465,BK008465,J000127,Friends Demo Group 08465,4,FRIENDS,True,NORMAL
GR008466,BK008466,J000127,Group Demo Group 08466,1,GROUP,True,NORMAL
GR008467,BK008467,J000127,Group Demo Group 08467,1,GROUP,True,NORMAL
GR008468,BK008468,J000127,Family Demo Group 08468,4,FAMILY,True,NORMAL
GR008469,BK008469,J000127,Group Demo Group 08469,1,GROUP,True,NORMAL
GR008470,BK008470,J000127,Group Demo Group 08470,1,GROUP,True,NORMAL
GR008471,BK008471,J000127,Group Demo Group 08471,1,GROUP,True,NORMAL
GR008472,BK008472,J000127,Group Demo Group 08472,7,GROUP,True,HIGH
GR008473,BK008473,J000127,Family Demo Group 08473,7,FAMILY,True,HIGH
GR008474,BK008474,J000127,Friends Demo Group 08474,3,FRIENDS,True,NORMAL
GR008475,BK008475,J000127,Group Demo Group 08475,1,GROUP,True,NORMAL
GR008476,BK008476,J000127,Group Demo Group 08476,3,GROUP,True,NORMAL
GR008477,BK008477,J000127,Group Demo Group 08477,6,GROUP,True,HIGH
GR008478,BK008478,J000127,Group Demo Group 08478,1,GROUP,True,NORMAL
GR008479,BK008479,J000127,Friends Demo Group 08479,6,FRIENDS,True,HIGH
GR008480,BK008480,J000127,Group Demo Group 08480,3,GROUP,True,NORMAL
GR008481,BK008481,J000127,Group Demo Group 08481,1,GROUP,True,NORMAL
GR008482,BK008482,J000127,Friends Demo Group 08482,3,FRIENDS,True,NORMAL
GR008483,BK008483,J000127,Group Demo Group 08483,8,GROUP,True,HIGH
GR008484,BK008484,J000127,Group Demo Group 08484,1,GROUP,True,NORMAL
GR008485,BK008485,J000127,Group Demo Group 08485,1,GROUP,True,NORMAL
GR008486,BK008486,J000127,Couple Demo Group 08486,4,COUPLE,True,NORMAL
GR008487,BK008487,J000127,Group Demo Group 08487,1,GROUP,True,NORMAL
GR008488,BK008488,J000127,Friends Demo Group 08488,5,FRIENDS,True,NORMAL
GR008489,BK008489,J000127,Group Demo Group 08489,1,GROUP,True,NORMAL
GR008490,BK008490,J000127,Family Demo Group 08490,2,FAMILY,True,NORMAL
GR008491,BK008491,J000127,Couple Demo Group 08491,7,COUPLE,True,HIGH
GR008492,BK008492,J000127,Couple Demo Group 08492,2,COUPLE,True,NORMAL
GR008493,BK008493,J000127,Family Demo Group 08493,3,FAMILY,True,NORMAL
GR008494,BK008494,J000127,Friends Demo Group 08494,3,FRIENDS,True,NORMAL
GR008495,BK008495,J000127,Couple Demo Group 08495,3,COUPLE,True,NORMAL
GR008496,BK008496,J000127,Family Demo Group 08496,4,FAMILY,True,NORMAL
GR008497,BK008497,J000127,Group Demo Group 08497,2,GROUP,True,NORMAL
GR008498,BK008498,J000127,Family Demo Group 08498,6,FAMILY,True,HIGH
GR008499,BK008499,J000127,Group Demo Group 08499,8,GROUP,True,HIGH
GR008500,BK008500,J000127,Group Demo Group 08500,1,GROUP,True,NORMAL
GR008501,BK008501,J000127,Group Demo Group 08501,1,GROUP,True,NORMAL
GR008502,BK008502,J000127,Friends Demo Group 08502,3,FRIENDS,True,NORMAL
GR008503,BK008503,J000128,Group Demo Group 08503,1,GROUP,True,NORMAL
GR008504,BK008504,J000128,Group Demo Group 08504,7,GROUP,True,HIGH
GR008505,BK008505,J000128,Group Demo Group 08505,2,GROUP,True,NORMAL
GR008506,BK008506,J000128,Family Demo Group 08506,2,FAMILY,True,NORMAL
GR008507,BK008507,J000128,Group Demo Group 08507,1,GROUP,True,NORMAL
GR008508,BK008508,J000128,Group Demo Group 08508,1,GROUP,True,NORMAL
GR008509,BK008509,J000128,Family Demo Group 08509,3,FAMILY,True,NORMAL
GR008510,BK008510,J000128,Couple Demo Group 08510,4,COUPLE,True,NORMAL
GR008511,BK008511,J000128,Group Demo Group 08511,4,GROUP,True,NORMAL
GR008512,BK008512,J000128,Group Demo Group 08512,3,GROUP,True,NORMAL
GR008513,BK008513,J000128,Group Demo Group 08513,2,GROUP,True,NORMAL
GR008514,BK008514,J000128,Family Demo Group 08514,2,FAMILY,True,NORMAL
GR008515,BK008515,J000128,Couple Demo Group 08515,3,COUPLE,True,NORMAL
GR008516,BK008516,J000128,Group Demo Group 08516,3,GROUP,True,NORMAL
GR008517,BK008517,J000128,Couple Demo Group 08517,5,COUPLE,True,NORMAL
GR008518,BK008518,J000128,Friends Demo Group 08518,7,FRIENDS,True,HIGH
GR008519,BK008519,J000128,Couple Demo Group 08519,7,COUPLE,True,HIGH
GR008520,BK008520,J000128,Group Demo Group 08520,1,GROUP,True,NORMAL
GR008521,BK008521,J000128,Group Demo Group 08521,1,GROUP,True,NORMAL
GR008522,BK008522,J000128,Family Demo Group 08522,2,FAMILY,True,NORMAL
GR008523,BK008523,J000128,Group Demo Group 08523,1,GROUP,True,NORMAL
GR008524,BK008524,J000128,Family Demo Group 08524,4,FAMILY,True,NORMAL
GR008525,BK008525,J000128,Couple Demo Group 08525,5,COUPLE,True,NORMAL
GR008526,BK008526,J000128,Family Demo Group 08526,2,FAMILY,True,NORMAL
GR008527,BK008527,J000128,Group Demo Group 08527,4,GROUP,True,NORMAL
GR008528,BK008528,J000128,Family Demo Group 08528,4,FAMILY,True,NORMAL
GR008529,BK008529,J000128,Group Demo Group 08529,2,GROUP,True,NORMAL
GR008530,BK008530,J000128,Couple Demo Group 08530,4,COUPLE,True,NORMAL
GR008531,BK008531,J000128,Friends Demo Group 08531,2,FRIENDS,True,NORMAL
GR008532,BK008532,J000128,Family Demo Group 08532,8,FAMILY,True,HIGH
GR008533,BK008533,J000128,Group Demo Group 08533,1,GROUP,True,NORMAL
GR008534,BK008534,J000128,Family Demo Group 08534,2,FAMILY,True,NORMAL
GR008535,BK008535,J000128,Friends Demo Group 08535,2,FRIENDS,True,NORMAL
GR008536,BK008536,J000128,Couple Demo Group 08536,2,COUPLE,True,NORMAL
GR008537,BK008537,J000128,Friends Demo Group 08537,4,FRIENDS,True,NORMAL
GR008538,BK008538,J000128,Family Demo Group 08538,2,FAMILY,True,NORMAL
GR008539,BK008539,J000128,Group Demo Group 08539,4,GROUP,True,NORMAL
GR008540,BK008540,J000128,Couple Demo Group 08540,2,COUPLE,True,NORMAL
GR008541,BK008541,J000128,Group Demo Group 08541,2,GROUP,True,NORMAL
GR008542,BK008542,J000128,Friends Demo Group 08542,7,FRIENDS,True,HIGH
GR008543,BK008543,J000128,Group Demo Group 08543,1,GROUP,True,NORMAL
GR008544,BK008544,J000128,Couple Demo Group 08544,2,COUPLE,True,NORMAL
GR008545,BK008545,J000128,Group Demo Group 08545,1,GROUP,True,NORMAL
GR008546,BK008546,J000128,Family Demo Group 08546,2,FAMILY,True,NORMAL
GR008547,BK008547,J000128,Friends Demo Group 08547,2,FRIENDS,True,NORMAL
GR008548,BK008548,J000128,Group Demo Group 08548,3,GROUP,True,NORMAL
GR008549,BK008549,J000128,Group Demo Group 08549,2,GROUP,True,NORMAL
GR008550,BK008550,J000128,Caregiver Demo Group 08550,4,CAREGIVER,True,HIGH
GR008551,BK008551,J000128,Group Demo Group 08551,1,GROUP,True,NORMAL
GR008552,BK008552,J000128,Couple Demo Group 08552,2,COUPLE,True,NORMAL
GR008553,BK008553,J000128,Group Demo Group 08553,2,GROUP,True,NORMAL
GR008554,BK008554,J000128,Group Demo Group 08554,1,GROUP,True,NORMAL
GR008555,BK008555,J000128,Group Demo Group 08555,1,GROUP,True,NORMAL
GR008556,BK008556,J000128,Group Demo Group 08556,1,GROUP,True,NORMAL
GR008557,BK008557,J000128,Group Demo Group 08557,1,GROUP,True,NORMAL
GR008558,BK008558,J000128,Couple Demo Group 08558,4,COUPLE,True,NORMAL
GR008559,BK008559,J000128,Friends Demo Group 08559,2,FRIENDS,True,NORMAL
GR008560,BK008560,J000128,Family Demo Group 08560,4,FAMILY,True,NORMAL
GR008561,BK008561,J000128,Friends Demo Group 08561,4,FRIENDS,True,NORMAL
GR008562,BK008562,J000128,Friends Demo Group 08562,3,FRIENDS,True,NORMAL
GR008563,BK008563,J000128,Friends Demo Group 08563,2,FRIENDS,True,NORMAL
GR008564,BK008564,J000128,Group Demo Group 08564,1,GROUP,True,NORMAL
GR008565,BK008565,J000128,Group Demo Group 08565,2,GROUP,True,NORMAL
GR008566,BK008566,J000128,Friends Demo Group 08566,3,FRIENDS,True,NORMAL
GR008567,BK008567,J000128,Group Demo Group 08567,1,GROUP,True,NORMAL
GR008568,BK008568,J000128,Family Demo Group 08568,8,FAMILY,True,HIGH
GR008569,BK008569,J000129,Family Demo Group 08569,3,FAMILY,True,NORMAL
GR008570,BK008570,J000129,Friends Demo Group 08570,3,FRIENDS,True,NORMAL
GR008571,BK008571,J000129,Friends Demo Group 08571,2,FRIENDS,True,NORMAL
GR008572,BK008572,J000129,Family Demo Group 08572,4,FAMILY,True,NORMAL
GR008573,BK008573,J000129,Group Demo Group 08573,1,GROUP,True,NORMAL
GR008574,BK008574,J000129,Couple Demo Group 08574,4,COUPLE,True,NORMAL
GR008575,BK008575,J000129,Friends Demo Group 08575,2,FRIENDS,True,NORMAL
GR008576,BK008576,J000129,Family Demo Group 08576,8,FAMILY,True,HIGH
GR008577,BK008577,J000129,Group Demo Group 08577,2,GROUP,True,NORMAL
GR008578,BK008578,J000129,Friends Demo Group 08578,3,FRIENDS,True,NORMAL
GR008579,BK008579,J000129,Couple Demo Group 08579,3,COUPLE,True,NORMAL
GR008580,BK008580,J000129,Group Demo Group 08580,1,GROUP,True,NORMAL
GR008581,BK008581,J000129,Group Demo Group 08581,6,GROUP,True,HIGH
GR008582,BK008582,J000129,Group Demo Group 08582,5,GROUP,True,NORMAL
GR008583,BK008583,J000129,Friends Demo Group 08583,2,FRIENDS,True,NORMAL
GR008584,BK008584,J000129,Friends Demo Group 08584,5,FRIENDS,True,NORMAL
GR008585,BK008585,J000129,Family Demo Group 08585,3,FAMILY,True,NORMAL
GR008586,BK008586,J000129,Couple Demo Group 08586,4,COUPLE,True,NORMAL
GR008587,BK008587,J000129,Group Demo Group 08587,1,GROUP,True,NORMAL
GR008588,BK008588,J000129,Group Demo Group 08588,3,GROUP,True,NORMAL
GR008589,BK008589,J000129,Friends Demo Group 08589,4,FRIENDS,True,NORMAL
GR008590,BK008590,J000129,Family Demo Group 08590,6,FAMILY,True,HIGH
GR008591,BK008591,J000129,Group Demo Group 08591,4,GROUP,True,NORMAL
GR008592,BK008592,J000129,Family Demo Group 08592,4,FAMILY,True,NORMAL
GR008593,BK008593,J000129,Group Demo Group 08593,2,GROUP,True,NORMAL
GR008594,BK008594,J000129,Family Demo Group 08594,2,FAMILY,True,NORMAL
GR008595,BK008595,J000129,Group Demo Group 08595,1,GROUP,True,NORMAL
GR008596,BK008596,J000129,Couple Demo Group 08596,2,COUPLE,True,NORMAL
GR008597,BK008597,J000129,Family Demo Group 08597,3,FAMILY,True,NORMAL
GR008598,BK008598,J000129,Family Demo Group 08598,2,FAMILY,True,NORMAL
GR008599,BK008599,J000129,Friends Demo Group 08599,2,FRIENDS,True,NORMAL
GR008600,BK008600,J000129,Group Demo Group 08600,3,GROUP,True,NORMAL
GR008601,BK008601,J000129,Friends Demo Group 08601,4,FRIENDS,True,NORMAL
GR008602,BK008602,J000129,Group Demo Group 08602,5,GROUP,True,NORMAL
GR008603,BK008603,J000129,Friends Demo Group 08603,2,FRIENDS,True,NORMAL
GR008604,BK008604,J000129,Group Demo Group 08604,3,GROUP,True,NORMAL
GR008605,BK008605,J000129,Group Demo Group 08605,2,GROUP,True,NORMAL
GR008606,BK008606,J000129,Couple Demo Group 08606,4,COUPLE,True,NORMAL
GR008607,BK008607,J000129,Group Demo Group 08607,1,GROUP,True,NORMAL
GR008608,BK008608,J000129,Group Demo Group 08608,1,GROUP,True,NORMAL
GR008609,BK008609,J000129,Friends Demo Group 08609,4,FRIENDS,True,NORMAL
GR008610,BK008610,J000129,Couple Demo Group 08610,4,COUPLE,True,NORMAL
GR008611,BK008611,J000129,Group Demo Group 08611,1,GROUP,True,NORMAL
GR008612,BK008612,J000129,Group Demo Group 08612,1,GROUP,True,NORMAL
GR008613,BK008613,J000129,Family Demo Group 08613,7,FAMILY,True,HIGH
GR008614,BK008614,J000129,Family Demo Group 08614,2,FAMILY,True,NORMAL
GR008615,BK008615,J000129,Friends Demo Group 08615,2,FRIENDS,True,NORMAL
GR008616,BK008616,J000129,Couple Demo Group 08616,2,COUPLE,True,NORMAL
GR008617,BK008617,J000129,Group Demo Group 08617,1,GROUP,True,NORMAL
GR008618,BK008618,J000129,Couple Demo Group 08618,4,COUPLE,True,NORMAL
GR008619,BK008619,J000129,Friends Demo Group 08619,2,FRIENDS,True,NORMAL
GR008620,BK008620,J000129,Group Demo Group 08620,3,GROUP,True,NORMAL
GR008621,BK008621,J000129,Family Demo Group 08621,3,FAMILY,True,NORMAL
GR008622,BK008622,J000129,Family Demo Group 08622,2,FAMILY,True,NORMAL
GR008623,BK008623,J000129,Friends Demo Group 08623,2,FRIENDS,True,NORMAL
GR008624,BK008624,J000129,Couple Demo Group 08624,2,COUPLE,True,NORMAL
GR008625,BK008625,J000129,Couple Demo Group 08625,5,COUPLE,True,NORMAL
GR008626,BK008626,J000129,Group Demo Group 08626,1,GROUP,True,NORMAL
GR008627,BK008627,J000129,Group Demo Group 08627,1,GROUP,True,NORMAL
GR008628,BK008628,J000129,Group Demo Group 08628,3,GROUP,True,NORMAL
GR008629,BK008629,J000129,Family Demo Group 08629,3,FAMILY,True,NORMAL
GR008630,BK008630,J000129,Friends Demo Group 08630,3,FRIENDS,True,NORMAL
GR008631,BK008631,J000129,Group Demo Group 08631,4,GROUP,True,NORMAL
GR008632,BK008632,J000129,Group Demo Group 08632,3,GROUP,True,NORMAL
GR008633,BK008633,J000129,Friends Demo Group 08633,4,FRIENDS,True,NORMAL
GR008634,BK008634,J000129,Couple Demo Group 08634,4,COUPLE,True,NORMAL
GR008635,BK008635,J000130,Couple Demo Group 08635,3,COUPLE,True,NORMAL
GR008636,BK008636,J000130,Couple Demo Group 08636,2,COUPLE,True,NORMAL
GR008637,BK008637,J000130,Friends Demo Group 08637,4,FRIENDS,True,NORMAL
GR008638,BK008638,J000130,Friends Demo Group 08638,7,FRIENDS,True,HIGH
GR008639,BK008639,J000130,Group Demo Group 08639,4,GROUP,True,NORMAL
GR008640,BK008640,J000130,Group Demo Group 08640,1,GROUP,True,NORMAL
GR008641,BK008641,J000130,Friends Demo Group 08641,4,FRIENDS,True,NORMAL
GR008642,BK008642,J000130,Couple Demo Group 08642,8,COUPLE,True,HIGH
GR008643,BK008643,J000130,Friends Demo Group 08643,2,FRIENDS,True,NORMAL
GR008644,BK008644,J000130,Couple Demo Group 08644,6,COUPLE,True,HIGH
GR008645,BK008645,J000130,Group Demo Group 08645,2,GROUP,True,NORMAL
GR008646,BK008646,J000130,Friends Demo Group 08646,3,FRIENDS,True,NORMAL
GR008647,BK008647,J000130,Group Demo Group 08647,1,GROUP,True,NORMAL
GR008648,BK008648,J000130,Group Demo Group 08648,1,GROUP,True,NORMAL
GR008649,BK008649,J000130,Friends Demo Group 08649,4,FRIENDS,True,NORMAL
GR008650,BK008650,J000130,Family Demo Group 08650,2,FAMILY,True,NORMAL
GR008651,BK008651,J000130,Group Demo Group 08651,1,GROUP,True,NORMAL
GR008652,BK008652,J000130,Group Demo Group 08652,1,GROUP,True,NORMAL
GR008653,BK008653,J000130,Family Demo Group 08653,3,FAMILY,True,NORMAL
GR008654,BK008654,J000130,Group Demo Group 08654,1,GROUP,True,NORMAL
GR008655,BK008655,J000130,Couple Demo Group 08655,3,COUPLE,True,NORMAL
GR008656,BK008656,J000130,Group Demo Group 08656,3,GROUP,True,NORMAL
GR008657,BK008657,J000130,Group Demo Group 08657,6,GROUP,True,HIGH
GR008658,BK008658,J000130,Group Demo Group 08658,1,GROUP,True,NORMAL
GR008659,BK008659,J000130,Group Demo Group 08659,4,GROUP,True,NORMAL
GR008660,BK008660,J000130,Couple Demo Group 08660,2,COUPLE,True,NORMAL
GR008661,BK008661,J000130,Friends Demo Group 08661,8,FRIENDS,True,HIGH
GR008662,BK008662,J000130,Group Demo Group 08662,1,GROUP,True,NORMAL
GR008663,BK008663,J000130,Group Demo Group 08663,1,GROUP,True,NORMAL
GR008664,BK008664,J000130,Couple Demo Group 08664,2,COUPLE,True,NORMAL
GR008665,BK008665,J000130,Friends Demo Group 08665,4,FRIENDS,True,NORMAL
GR008666,BK008666,J000130,Couple Demo Group 08666,4,COUPLE,True,NORMAL
GR008667,BK008667,J000130,Group Demo Group 08667,8,GROUP,True,HIGH
GR008668,BK008668,J000130,Group Demo Group 08668,3,GROUP,True,NORMAL
GR008669,BK008669,J000130,Friends Demo Group 08669,4,FRIENDS,True,NORMAL
GR008670,BK008670,J000130,Family Demo Group 08670,2,FAMILY,True,NORMAL
GR008671,BK008671,J000130,Group Demo Group 08671,4,GROUP,True,NORMAL
GR008672,BK008672,J000130,Group Demo Group 08672,1,GROUP,True,NORMAL
GR008673,BK008673,J000130,Group Demo Group 08673,2,GROUP,True,NORMAL
GR008674,BK008674,J000130,Group Demo Group 08674,1,GROUP,True,NORMAL
GR008675,BK008675,J000130,Group Demo Group 08675,1,GROUP,True,NORMAL
GR008676,BK008676,J000130,Couple Demo Group 08676,6,COUPLE,True,HIGH
GR008677,BK008677,J000130,Family Demo Group 08677,3,FAMILY,True,NORMAL
GR008678,BK008678,J000130,Group Demo Group 08678,1,GROUP,True,NORMAL
GR008679,BK008679,J000130,Family Demo Group 08679,5,FAMILY,True,NORMAL
GR008680,BK008680,J000130,Family Demo Group 08680,4,FAMILY,True,NORMAL
GR008681,BK008681,J000130,Group Demo Group 08681,6,GROUP,True,HIGH
GR008682,BK008682,J000130,Family Demo Group 08682,2,FAMILY,True,NORMAL
GR008683,BK008683,J000130,Caregiver Demo Group 08683,6,CAREGIVER,True,HIGH
GR008684,BK008684,J000130,Group Demo Group 08684,1,GROUP,True,NORMAL
GR008685,BK008685,J000130,Family Demo Group 08685,3,FAMILY,True,NORMAL
GR008686,BK008686,J000130,Family Demo Group 08686,2,FAMILY,True,NORMAL
GR008687,BK008687,J000130,Group Demo Group 08687,4,GROUP,True,NORMAL
GR008688,BK008688,J000130,Family Demo Group 08688,4,FAMILY,True,NORMAL
GR008689,BK008689,J000130,Family Demo Group 08689,3,FAMILY,True,NORMAL
GR008690,BK008690,J000130,Family Demo Group 08690,2,FAMILY,True,NORMAL
GR008691,BK008691,J000130,Group Demo Group 08691,4,GROUP,True,NORMAL
GR008692,BK008692,J000130,Couple Demo Group 08692,2,COUPLE,True,NORMAL
GR008693,BK008693,J000130,Group Demo Group 08693,1,GROUP,True,NORMAL
GR008694,BK008694,J000130,Group Demo Group 08694,1,GROUP,True,NORMAL
GR008695,BK008695,J000130,Couple Demo Group 08695,3,COUPLE,True,NORMAL
GR008696,BK008696,J000130,Family Demo Group 08696,4,FAMILY,True,NORMAL
GR008697,BK008697,J000130,Group Demo Group 08697,2,GROUP,True,NORMAL
GR008698,BK008698,J000130,Couple Demo Group 08698,4,COUPLE,True,NORMAL
GR008699,BK008699,J000130,Friends Demo Group 08699,6,FRIENDS,True,HIGH
GR008700,BK008700,J000130,Family Demo Group 08700,4,FAMILY,True,NORMAL
GR008701,BK008701,J000131,Group Demo Group 08701,2,GROUP,True,NORMAL
GR008702,BK008702,J000131,Family Demo Group 08702,2,FAMILY,True,NORMAL
GR008703,BK008703,J000131,Friends Demo Group 08703,2,FRIENDS,True,NORMAL
GR008704,BK008704,J000131,Couple Demo Group 08704,2,COUPLE,True,NORMAL
GR008705,BK008705,J000131,Friends Demo Group 08705,4,FRIENDS,True,NORMAL
GR008706,BK008706,J000131,Group Demo Group 08706,5,GROUP,True,NORMAL
GR008707,BK008707,J000131,Group Demo Group 08707,1,GROUP,True,NORMAL
GR008708,BK008708,J000131,Couple Demo Group 08708,2,COUPLE,True,NORMAL
GR008709,BK008709,J000131,Group Demo Group 08709,6,GROUP,True,HIGH
GR008710,BK008710,J000131,Friends Demo Group 08710,3,FRIENDS,True,NORMAL
GR008711,BK008711,J000131,Group Demo Group 08711,1,GROUP,True,NORMAL
GR008712,BK008712,J000131,Group Demo Group 08712,1,GROUP,True,NORMAL
GR008713,BK008713,J000131,Family Demo Group 08713,3,FAMILY,True,NORMAL
GR008714,BK008714,J000131,Family Demo Group 08714,2,FAMILY,True,NORMAL
GR008715,BK008715,J000131,Group Demo Group 08715,1,GROUP,True,NORMAL
GR008716,BK008716,J000131,Group Demo Group 08716,1,GROUP,True,NORMAL
GR008717,BK008717,J000131,Couple Demo Group 08717,5,COUPLE,True,NORMAL
GR008718,BK008718,J000131,Group Demo Group 08718,1,GROUP,True,NORMAL
GR008719,BK008719,J000131,Group Demo Group 08719,4,GROUP,True,NORMAL
GR008720,BK008720,J000131,Group Demo Group 08720,3,GROUP,True,NORMAL
GR008721,BK008721,J000131,Caregiver Demo Group 08721,6,CAREGIVER,True,HIGH
GR008722,BK008722,J000131,Family Demo Group 08722,6,FAMILY,True,HIGH
GR008723,BK008723,J000131,Friends Demo Group 08723,2,FRIENDS,True,NORMAL
GR008724,BK008724,J000131,Group Demo Group 08724,1,GROUP,True,NORMAL
GR008725,BK008725,J000131,Group Demo Group 08725,2,GROUP,True,NORMAL
GR008726,BK008726,J000131,Group Demo Group 08726,1,GROUP,True,NORMAL
GR008727,BK008727,J000131,Friends Demo Group 08727,2,FRIENDS,True,NORMAL
GR008728,BK008728,J000131,Couple Demo Group 08728,2,COUPLE,True,NORMAL
GR008729,BK008729,J000131,Group Demo Group 08729,2,GROUP,True,NORMAL
GR008730,BK008730,J000131,Family Demo Group 08730,2,FAMILY,True,NORMAL
GR008731,BK008731,J000131,Family Demo Group 08731,5,FAMILY,True,NORMAL
GR008732,BK008732,J000131,Couple Demo Group 08732,2,COUPLE,True,NORMAL
GR008733,BK008733,J000131,Couple Demo Group 08733,5,COUPLE,True,NORMAL
GR008734,BK008734,J000131,Couple Demo Group 08734,4,COUPLE,True,NORMAL
GR008735,BK008735,J000131,Friends Demo Group 08735,2,FRIENDS,True,NORMAL
GR008736,BK008736,J000131,Family Demo Group 08736,4,FAMILY,True,NORMAL
GR008737,BK008737,J000131,Family Demo Group 08737,3,FAMILY,True,NORMAL
GR008738,BK008738,J000131,Group Demo Group 08738,1,GROUP,True,NORMAL
GR008739,BK008739,J000131,Friends Demo Group 08739,2,FRIENDS,True,NORMAL
GR008740,BK008740,J000131,Caregiver Demo Group 08740,4,CAREGIVER,True,HIGH
GR008741,BK008741,J000131,Group Demo Group 08741,2,GROUP,True,NORMAL
GR008742,BK008742,J000131,Friends Demo Group 08742,3,FRIENDS,True,NORMAL
GR008743,BK008743,J000131,Group Demo Group 08743,4,GROUP,True,NORMAL
GR008744,BK008744,J000131,Group Demo Group 08744,3,GROUP,True,NORMAL
GR008745,BK008745,J000131,Family Demo Group 08745,3,FAMILY,True,NORMAL
GR008746,BK008746,J000131,Couple Demo Group 08746,4,COUPLE,True,NORMAL
GR008747,BK008747,J000131,Family Demo Group 08747,5,FAMILY,True,NORMAL
GR008748,BK008748,J000131,Family Demo Group 08748,4,FAMILY,True,NORMAL
GR008749,BK008749,J000131,Friends Demo Group 08749,4,FRIENDS,True,NORMAL
GR008750,BK008750,J000131,Group Demo Group 08750,1,GROUP,True,NORMAL
GR008751,BK008751,J000131,Friends Demo Group 08751,2,FRIENDS,True,NORMAL
GR008752,BK008752,J000131,Group Demo Group 08752,3,GROUP,True,NORMAL
GR008753,BK008753,J000131,Family Demo Group 08753,3,FAMILY,True,NORMAL
GR008754,BK008754,J000131,Couple Demo Group 08754,4,COUPLE,True,NORMAL
GR008755,BK008755,J000131,Friends Demo Group 08755,2,FRIENDS,True,NORMAL
GR008756,BK008756,J000131,Group Demo Group 08756,7,GROUP,True,HIGH
GR008757,BK008757,J000131,Friends Demo Group 08757,4,FRIENDS,True,NORMAL
GR008758,BK008758,J000131,Family Demo Group 08758,2,FAMILY,True,NORMAL
GR008759,BK008759,J000131,Friends Demo Group 08759,2,FRIENDS,True,NORMAL
GR008760,BK008760,J000131,Group Demo Group 08760,1,GROUP,True,NORMAL
GR008761,BK008761,J000131,Group Demo Group 08761,2,GROUP,True,NORMAL
GR008762,BK008762,J000131,Group Demo Group 08762,1,GROUP,True,NORMAL
GR008763,BK008763,J000131,Group Demo Group 08763,4,GROUP,True,NORMAL
GR008764,BK008764,J000131,Couple Demo Group 08764,2,COUPLE,True,NORMAL
GR008765,BK008765,J000131,Group Demo Group 08765,2,GROUP,True,NORMAL
GR008766,BK008766,J000131,Group Demo Group 08766,5,GROUP,True,NORMAL
GR008767,BK008767,J000132,Couple Demo Group 08767,3,COUPLE,True,NORMAL
GR008768,BK008768,J000132,Group Demo Group 08768,1,GROUP,True,NORMAL
GR008769,BK008769,J000132,Group Demo Group 08769,2,GROUP,True,NORMAL
GR008770,BK008770,J000132,Group Demo Group 08770,1,GROUP,True,NORMAL
GR008771,BK008771,J000132,Group Demo Group 08771,4,GROUP,True,NORMAL
GR008772,BK008772,J000132,Family Demo Group 08772,4,FAMILY,True,NORMAL
GR008773,BK008773,J000132,Group Demo Group 08773,1,GROUP,True,NORMAL
GR008774,BK008774,J000132,Group Demo Group 08774,5,GROUP,True,NORMAL
GR008775,BK008775,J000132,Group Demo Group 08775,1,GROUP,True,NORMAL
GR008776,BK008776,J000132,Friends Demo Group 08776,5,FRIENDS,True,NORMAL
GR008777,BK008777,J000132,Friends Demo Group 08777,4,FRIENDS,True,NORMAL
GR008778,BK008778,J000132,Caregiver Demo Group 08778,4,CAREGIVER,True,HIGH
GR008779,BK008779,J000132,Friends Demo Group 08779,2,FRIENDS,True,NORMAL
GR008780,BK008780,J000132,Family Demo Group 08780,4,FAMILY,True,NORMAL
GR008781,BK008781,J000132,Family Demo Group 08781,3,FAMILY,True,NORMAL
GR008782,BK008782,J000132,Group Demo Group 08782,1,GROUP,True,NORMAL
GR008783,BK008783,J000132,Couple Demo Group 08783,3,COUPLE,True,NORMAL
GR008784,BK008784,J000132,Group Demo Group 08784,7,GROUP,True,HIGH
GR008785,BK008785,J000132,Family Demo Group 08785,3,FAMILY,True,NORMAL
GR008786,BK008786,J000132,Couple Demo Group 08786,4,COUPLE,True,NORMAL
GR008787,BK008787,J000132,Group Demo Group 08787,4,GROUP,True,NORMAL
GR008788,BK008788,J000132,Family Demo Group 08788,8,FAMILY,True,HIGH
GR008789,BK008789,J000132,Group Demo Group 08789,2,GROUP,True,NORMAL
GR008790,BK008790,J000132,Couple Demo Group 08790,8,COUPLE,True,HIGH
GR008791,BK008791,J000132,Group Demo Group 08791,1,GROUP,True,NORMAL
GR008792,BK008792,J000132,Family Demo Group 08792,4,FAMILY,True,NORMAL
GR008793,BK008793,J000132,Group Demo Group 08793,1,GROUP,True,NORMAL
GR008794,BK008794,J000132,Couple Demo Group 08794,4,COUPLE,True,NORMAL
GR008795,BK008795,J000132,Couple Demo Group 08795,3,COUPLE,True,NORMAL
GR008796,BK008796,J000132,Couple Demo Group 08796,2,COUPLE,True,NORMAL
GR008797,BK008797,J000132,Group Demo Group 08797,2,GROUP,True,NORMAL
GR008798,BK008798,J000132,Group Demo Group 08798,1,GROUP,True,NORMAL
GR008799,BK008799,J000132,Group Demo Group 08799,4,GROUP,True,NORMAL
GR008800,BK008800,J000132,Group Demo Group 08800,3,GROUP,True,NORMAL
GR008801,BK008801,J000132,Family Demo Group 08801,7,FAMILY,True,HIGH
GR008802,BK008802,J000132,Friends Demo Group 08802,3,FRIENDS,True,NORMAL
GR008803,BK008803,J000132,Friends Demo Group 08803,2,FRIENDS,True,NORMAL
GR008804,BK008804,J000132,Group Demo Group 08804,1,GROUP,True,NORMAL
GR008805,BK008805,J000132,Group Demo Group 08805,1,GROUP,True,NORMAL
GR008806,BK008806,J000132,Couple Demo Group 08806,4,COUPLE,True,NORMAL
GR008807,BK008807,J000132,Friends Demo Group 08807,2,FRIENDS,True,NORMAL
GR008808,BK008808,J000132,Group Demo Group 08808,1,GROUP,True,NORMAL
GR008809,BK008809,J000132,Friends Demo Group 08809,4,FRIENDS,True,NORMAL
GR008810,BK008810,J000132,Friends Demo Group 08810,3,FRIENDS,True,NORMAL
GR008811,BK008811,J000132,Couple Demo Group 08811,3,COUPLE,True,NORMAL
GR008812,BK008812,J000132,Family Demo Group 08812,4,FAMILY,True,NORMAL
GR008813,BK008813,J000132,Group Demo Group 08813,2,GROUP,True,NORMAL
GR008814,BK008814,J000132,Family Demo Group 08814,2,FAMILY,True,NORMAL
GR008815,BK008815,J000132,Friends Demo Group 08815,2,FRIENDS,True,NORMAL
GR008816,BK008816,J000132,Caregiver Demo Group 08816,4,CAREGIVER,True,HIGH
GR008817,BK008817,J000132,Family Demo Group 08817,3,FAMILY,True,NORMAL
GR008818,BK008818,J000132,Group Demo Group 08818,1,GROUP,True,NORMAL
GR008819,BK008819,J000132,Friends Demo Group 08819,2,FRIENDS,True,NORMAL
GR008820,BK008820,J000132,Couple Demo Group 08820,2,COUPLE,True,NORMAL
GR008821,BK008821,J000132,Group Demo Group 08821,1,GROUP,True,NORMAL
GR008822,BK008822,J000132,Friends Demo Group 08822,7,FRIENDS,True,HIGH
GR008823,BK008823,J000132,Couple Demo Group 08823,3,COUPLE,True,NORMAL
GR008824,BK008824,J000132,Group Demo Group 08824,1,GROUP,True,NORMAL
GR008825,BK008825,J000132,Friends Demo Group 08825,4,FRIENDS,True,NORMAL
GR008826,BK008826,J000132,Group Demo Group 08826,1,GROUP,True,NORMAL
GR008827,BK008827,J000132,Group Demo Group 08827,1,GROUP,True,NORMAL
GR008828,BK008828,J000132,Group Demo Group 08828,3,GROUP,True,NORMAL
GR008829,BK008829,J000132,Group Demo Group 08829,2,GROUP,True,NORMAL
GR008830,BK008830,J000132,Friends Demo Group 08830,3,FRIENDS,True,NORMAL
GR008831,BK008831,J000132,Family Demo Group 08831,5,FAMILY,True,NORMAL
GR008832,BK008832,J000132,Group Demo Group 08832,3,GROUP,True,NORMAL
GR008833,BK008833,J000133,Group Demo Group 08833,1,GROUP,True,NORMAL
GR008834,BK008834,J000133,Couple Demo Group 08834,4,COUPLE,True,NORMAL
GR008835,BK008835,J000133,Caregiver Demo Group 08835,5,CAREGIVER,True,HIGH
GR008836,BK008836,J000133,Couple Demo Group 08836,2,COUPLE,True,NORMAL
GR008837,BK008837,J000133,Group Demo Group 08837,1,GROUP,True,NORMAL
GR008838,BK008838,J000133,Group Demo Group 08838,1,GROUP,True,NORMAL
GR008839,BK008839,J000133,Friends Demo Group 08839,2,FRIENDS,True,NORMAL
GR008840,BK008840,J000133,Group Demo Group 08840,1,GROUP,True,NORMAL
GR008841,BK008841,J000133,Couple Demo Group 08841,5,COUPLE,True,NORMAL
GR008842,BK008842,J000133,Couple Demo Group 08842,4,COUPLE,True,NORMAL
GR008843,BK008843,J000133,Group Demo Group 08843,1,GROUP,True,NORMAL
GR008844,BK008844,J000133,Group Demo Group 08844,1,GROUP,True,NORMAL
GR008845,BK008845,J000133,Group Demo Group 08845,1,GROUP,True,NORMAL
GR008846,BK008846,J000133,Friends Demo Group 08846,3,FRIENDS,True,NORMAL
GR008847,BK008847,J000133,Group Demo Group 08847,4,GROUP,True,NORMAL
GR008848,BK008848,J000133,Group Demo Group 08848,1,GROUP,True,NORMAL
GR008849,BK008849,J000133,Group Demo Group 08849,1,GROUP,True,NORMAL
GR008850,BK008850,J000133,Friends Demo Group 08850,3,FRIENDS,True,NORMAL
GR008851,BK008851,J000133,Group Demo Group 08851,4,GROUP,True,NORMAL
GR008852,BK008852,J000133,Group Demo Group 08852,1,GROUP,True,NORMAL
GR008853,BK008853,J000133,Friends Demo Group 08853,4,FRIENDS,True,NORMAL
GR008854,BK008854,J000133,Friends Demo Group 08854,3,FRIENDS,True,NORMAL
GR008855,BK008855,J000133,Group Demo Group 08855,4,GROUP,True,NORMAL
GR008856,BK008856,J000133,Group Demo Group 08856,1,GROUP,True,NORMAL
GR008857,BK008857,J000133,Family Demo Group 08857,3,FAMILY,True,NORMAL
GR008858,BK008858,J000133,Friends Demo Group 08858,3,FRIENDS,True,NORMAL
GR008859,BK008859,J000133,Group Demo Group 08859,1,GROUP,True,NORMAL
GR008860,BK008860,J000133,Group Demo Group 08860,3,GROUP,True,NORMAL
GR008861,BK008861,J000133,Group Demo Group 08861,2,GROUP,True,NORMAL
GR008862,BK008862,J000133,Group Demo Group 08862,5,GROUP,True,NORMAL
GR008863,BK008863,J000133,Friends Demo Group 08863,2,FRIENDS,True,NORMAL
GR008864,BK008864,J000133,Couple Demo Group 08864,2,COUPLE,True,NORMAL
GR008865,BK008865,J000133,Friends Demo Group 08865,4,FRIENDS,True,NORMAL
GR008866,BK008866,J000133,Friends Demo Group 08866,3,FRIENDS,True,NORMAL
GR008867,BK008867,J000133,Group Demo Group 08867,1,GROUP,True,NORMAL
GR008868,BK008868,J000133,Group Demo Group 08868,1,GROUP,True,NORMAL
GR008869,BK008869,J000133,Group Demo Group 08869,1,GROUP,True,NORMAL
GR008870,BK008870,J000133,Couple Demo Group 08870,4,COUPLE,True,NORMAL
GR008871,BK008871,J000133,Friends Demo Group 08871,2,FRIENDS,True,NORMAL
GR008872,BK008872,J000133,Group Demo Group 08872,3,GROUP,True,NORMAL
GR008873,BK008873,J000133,Group Demo Group 08873,1,GROUP,True,NORMAL
GR008874,BK008874,J000133,Family Demo Group 08874,2,FAMILY,True,NORMAL
GR008875,BK008875,J000133,Friends Demo Group 08875,2,FRIENDS,True,NORMAL
GR008876,BK008876,J000133,Couple Demo Group 08876,2,COUPLE,True,NORMAL
GR008877,BK008877,J000133,Group Demo Group 08877,2,GROUP,True,NORMAL
GR008878,BK008878,J000133,Family Demo Group 08878,2,FAMILY,True,NORMAL
GR008879,BK008879,J000133,Group Demo Group 08879,1,GROUP,True,NORMAL
GR008880,BK008880,J000133,Group Demo Group 08880,1,GROUP,True,NORMAL
GR008881,BK008881,J000133,Family Demo Group 08881,3,FAMILY,True,NORMAL
GR008882,BK008882,J000133,Family Demo Group 08882,2,FAMILY,True,NORMAL
GR008883,BK008883,J000133,Group Demo Group 08883,1,GROUP,True,NORMAL
GR008884,BK008884,J000133,Group Demo Group 08884,3,GROUP,True,NORMAL
GR008885,BK008885,J000133,Group Demo Group 08885,2,GROUP,True,NORMAL
GR008886,BK008886,J000133,Family Demo Group 08886,6,FAMILY,True,HIGH
GR008887,BK008887,J000133,Couple Demo Group 08887,3,COUPLE,True,NORMAL
GR008888,BK008888,J000133,Group Demo Group 08888,3,GROUP,True,NORMAL
GR008889,BK008889,J000133,Couple Demo Group 08889,5,COUPLE,True,NORMAL
GR008890,BK008890,J000133,Couple Demo Group 08890,4,COUPLE,True,NORMAL
GR008891,BK008891,J000133,Friends Demo Group 08891,2,FRIENDS,True,NORMAL
GR008892,BK008892,J000133,Caregiver Demo Group 08892,5,CAREGIVER,True,HIGH
GR008893,BK008893,J000133,Friends Demo Group 08893,4,FRIENDS,True,NORMAL
GR008894,BK008894,J000133,Friends Demo Group 08894,3,FRIENDS,True,NORMAL
GR008895,BK008895,J000133,Group Demo Group 08895,4,GROUP,True,NORMAL
GR008896,BK008896,J000133,Group Demo Group 08896,1,GROUP,True,NORMAL
GR008897,BK008897,J000133,Group Demo Group 08897,2,GROUP,True,NORMAL
GR008898,BK008898,J000133,Family Demo Group 08898,2,FAMILY,True,NORMAL
GR008899,BK008899,J000134,Group Demo Group 08899,1,GROUP,True,NORMAL
GR008900,BK008900,J000134,Couple Demo Group 08900,2,COUPLE,True,NORMAL
GR008901,BK008901,J000134,Group Demo Group 08901,6,GROUP,True,HIGH
GR008902,BK008902,J000134,Friends Demo Group 08902,7,FRIENDS,True,HIGH
GR008903,BK008903,J000134,Group Demo Group 08903,4,GROUP,True,NORMAL
GR008904,BK008904,J000134,Couple Demo Group 08904,2,COUPLE,True,NORMAL
GR008905,BK008905,J000134,Group Demo Group 08905,1,GROUP,True,NORMAL
GR008906,BK008906,J000134,Friends Demo Group 08906,3,FRIENDS,True,NORMAL
GR008907,BK008907,J000134,Friends Demo Group 08907,2,FRIENDS,True,NORMAL
GR008908,BK008908,J000134,Group Demo Group 08908,1,GROUP,True,NORMAL
GR008909,BK008909,J000134,Friends Demo Group 08909,4,FRIENDS,True,NORMAL
GR008910,BK008910,J000134,Group Demo Group 08910,5,GROUP,True,NORMAL
GR008911,BK008911,J000134,Friends Demo Group 08911,2,FRIENDS,True,NORMAL
GR008912,BK008912,J000134,Family Demo Group 08912,4,FAMILY,True,NORMAL
GR008913,BK008913,J000134,Couple Demo Group 08913,5,COUPLE,True,NORMAL
GR008914,BK008914,J000134,Couple Demo Group 08914,4,COUPLE,True,NORMAL
GR008915,BK008915,J000134,Group Demo Group 08915,1,GROUP,True,NORMAL
GR008916,BK008916,J000134,Group Demo Group 08916,1,GROUP,True,NORMAL
GR008917,BK008917,J000134,Family Demo Group 08917,3,FAMILY,True,NORMAL
GR008918,BK008918,J000134,Group Demo Group 08918,1,GROUP,True,NORMAL
GR008919,BK008919,J000134,Group Demo Group 08919,1,GROUP,True,NORMAL
GR008920,BK008920,J000134,Family Demo Group 08920,4,FAMILY,True,NORMAL
GR008921,BK008921,J000134,Friends Demo Group 08921,4,FRIENDS,True,NORMAL
GR008922,BK008922,J000134,Friends Demo Group 08922,3,FRIENDS,True,NORMAL
GR008923,BK008923,J000134,Group Demo Group 08923,1,GROUP,True,NORMAL
GR008924,BK008924,J000134,Group Demo Group 08924,1,GROUP,True,NORMAL
GR008925,BK008925,J000134,Group Demo Group 08925,1,GROUP,True,NORMAL
GR008926,BK008926,J000134,Group Demo Group 08926,1,GROUP,True,NORMAL
GR008927,BK008927,J000134,Friends Demo Group 08927,2,FRIENDS,True,NORMAL
GR008928,BK008928,J000134,Couple Demo Group 08928,2,COUPLE,True,NORMAL
GR008929,BK008929,J000134,Group Demo Group 08929,1,GROUP,True,NORMAL
GR008930,BK008930,J000134,Family Demo Group 08930,2,FAMILY,True,NORMAL
GR008931,BK008931,J000134,Friends Demo Group 08931,2,FRIENDS,True,NORMAL
GR008932,BK008932,J000134,Group Demo Group 08932,1,GROUP,True,NORMAL
GR008933,BK008933,J000134,Group Demo Group 08933,2,GROUP,True,NORMAL
GR008934,BK008934,J000134,Family Demo Group 08934,2,FAMILY,True,NORMAL
GR008935,BK008935,J000134,Friends Demo Group 08935,6,FRIENDS,True,HIGH
GR008936,BK008936,J000134,Friends Demo Group 08936,5,FRIENDS,True,NORMAL
GR008937,BK008937,J000134,Group Demo Group 08937,6,GROUP,True,HIGH
GR008938,BK008938,J000134,Group Demo Group 08938,5,GROUP,True,NORMAL
GR008939,BK008939,J000134,Group Demo Group 08939,4,GROUP,True,NORMAL
GR008940,BK008940,J000134,Group Demo Group 08940,7,GROUP,True,HIGH
GR008941,BK008941,J000134,Group Demo Group 08941,1,GROUP,True,NORMAL
GR008942,BK008942,J000134,Couple Demo Group 08942,4,COUPLE,True,NORMAL
GR008943,BK008943,J000134,Couple Demo Group 08943,3,COUPLE,True,NORMAL
GR008944,BK008944,J000134,Group Demo Group 08944,1,GROUP,True,NORMAL
GR008945,BK008945,J000134,Group Demo Group 08945,2,GROUP,True,NORMAL
GR008946,BK008946,J000134,Friends Demo Group 08946,3,FRIENDS,True,NORMAL
GR008947,BK008947,J000134,Couple Demo Group 08947,3,COUPLE,True,NORMAL
GR008948,BK008948,J000134,Group Demo Group 08948,1,GROUP,True,NORMAL
GR008949,BK008949,J000134,Group Demo Group 08949,2,GROUP,True,NORMAL
GR008950,BK008950,J000134,Group Demo Group 08950,1,GROUP,True,NORMAL
GR008951,BK008951,J000134,Group Demo Group 08951,1,GROUP,True,NORMAL
GR008952,BK008952,J000134,Family Demo Group 08952,4,FAMILY,True,NORMAL
GR008953,BK008953,J000134,Group Demo Group 08953,1,GROUP,True,NORMAL
GR008954,BK008954,J000134,Family Demo Group 08954,2,FAMILY,True,NORMAL
GR008955,BK008955,J000134,Couple Demo Group 08955,3,COUPLE,True,NORMAL
GR008956,BK008956,J000134,Group Demo Group 08956,1,GROUP,True,NORMAL
GR008957,BK008957,J000134,Group Demo Group 08957,1,GROUP,True,NORMAL
GR008958,BK008958,J000134,Group Demo Group 08958,1,GROUP,True,NORMAL
GR008959,BK008959,J000134,Group Demo Group 08959,4,GROUP,True,NORMAL
GR008960,BK008960,J000134,Group Demo Group 08960,3,GROUP,True,NORMAL
GR008961,BK008961,J000134,Group Demo Group 08961,2,GROUP,True,NORMAL
GR008962,BK008962,J000134,Group Demo Group 08962,1,GROUP,True,NORMAL
GR008963,BK008963,J000134,Couple Demo Group 08963,3,COUPLE,True,NORMAL
GR008964,BK008964,J000134,Group Demo Group 08964,1,GROUP,True,NORMAL
GR008965,BK008965,J000135,Group Demo Group 08965,2,GROUP,True,NORMAL
GR008966,BK008966,J000135,Group Demo Group 08966,1,GROUP,True,NORMAL
GR008967,BK008967,J000135,Group Demo Group 08967,1,GROUP,True,NORMAL
GR008968,BK008968,J000135,Couple Demo Group 08968,2,COUPLE,True,NORMAL
GR008969,BK008969,J000135,Group Demo Group 08969,1,GROUP,True,NORMAL
GR008970,BK008970,J000135,Couple Demo Group 08970,4,COUPLE,True,NORMAL
GR008971,BK008971,J000135,Group Demo Group 08971,1,GROUP,True,NORMAL
GR008972,BK008972,J000135,Family Demo Group 08972,4,FAMILY,True,NORMAL
GR008973,BK008973,J000135,Friends Demo Group 08973,4,FRIENDS,True,NORMAL
GR008974,BK008974,J000135,Group Demo Group 08974,5,GROUP,True,NORMAL
GR008975,BK008975,J000135,Family Demo Group 08975,5,FAMILY,True,NORMAL
GR008976,BK008976,J000135,Group Demo Group 08976,1,GROUP,True,NORMAL
GR008977,BK008977,J000135,Friends Demo Group 08977,4,FRIENDS,True,NORMAL
GR008978,BK008978,J000135,Group Demo Group 08978,1,GROUP,True,NORMAL
GR008979,BK008979,J000135,Friends Demo Group 08979,6,FRIENDS,True,HIGH
GR008980,BK008980,J000135,Group Demo Group 08980,3,GROUP,True,NORMAL
GR008981,BK008981,J000135,Friends Demo Group 08981,4,FRIENDS,True,NORMAL
GR008982,BK008982,J000135,Family Demo Group 08982,2,FAMILY,True,NORMAL
GR008983,BK008983,J000135,Friends Demo Group 08983,2,FRIENDS,True,NORMAL
GR008984,BK008984,J000135,Group Demo Group 08984,1,GROUP,True,NORMAL
GR008985,BK008985,J000135,Group Demo Group 08985,1,GROUP,True,NORMAL
GR008986,BK008986,J000135,Group Demo Group 08986,1,GROUP,True,NORMAL
GR008987,BK008987,J000135,Group Demo Group 08987,1,GROUP,True,NORMAL
GR008988,BK008988,J000135,Family Demo Group 08988,4,FAMILY,True,NORMAL
GR008989,BK008989,J000135,Friends Demo Group 08989,4,FRIENDS,True,NORMAL
GR008990,BK008990,J000135,Couple Demo Group 08990,4,COUPLE,True,NORMAL
GR008991,BK008991,J000135,Friends Demo Group 08991,2,FRIENDS,True,NORMAL
GR008992,BK008992,J000135,Couple Demo Group 08992,2,COUPLE,True,NORMAL
GR008993,BK008993,J000135,Friends Demo Group 08993,4,FRIENDS,True,NORMAL
GR008994,BK008994,J000135,Friends Demo Group 08994,3,FRIENDS,True,NORMAL
GR008995,BK008995,J000135,Group Demo Group 08995,4,GROUP,True,NORMAL
GR008996,BK008996,J000135,Group Demo Group 08996,1,GROUP,True,NORMAL
GR008997,BK008997,J000135,Group Demo Group 08997,2,GROUP,True,NORMAL
GR008998,BK008998,J000135,Group Demo Group 08998,5,GROUP,True,NORMAL
GR008999,BK008999,J000135,Friends Demo Group 08999,2,FRIENDS,True,NORMAL
GR009000,BK009000,J000135,Family Demo Group 09000,4,FAMILY,True,NORMAL
GR009001,BK009001,J000135,Family Demo Group 09001,3,FAMILY,True,NORMAL
GR009002,BK009002,J000135,Group Demo Group 09002,1,GROUP,True,NORMAL
GR009003,BK009003,J000135,Group Demo Group 09003,4,GROUP,True,NORMAL
GR009004,BK009004,J000135,Couple Demo Group 09004,2,COUPLE,True,NORMAL
GR009005,BK009005,J000135,Family Demo Group 09005,3,FAMILY,True,NORMAL
GR009006,BK009006,J000135,Family Demo Group 09006,2,FAMILY,True,NORMAL
GR009007,BK009007,J000135,Couple Demo Group 09007,7,COUPLE,True,HIGH
GR009008,BK009008,J000135,Couple Demo Group 09008,2,COUPLE,True,NORMAL
GR009009,BK009009,J000135,Group Demo Group 09009,1,GROUP,True,NORMAL
GR009010,BK009010,J000135,Group Demo Group 09010,5,GROUP,True,NORMAL
GR009011,BK009011,J000135,Group Demo Group 09011,4,GROUP,True,NORMAL
GR009012,BK009012,J000135,Couple Demo Group 09012,2,COUPLE,True,NORMAL
GR009013,BK009013,J000135,Couple Demo Group 09013,5,COUPLE,True,NORMAL
GR009014,BK009014,J000135,Couple Demo Group 09014,4,COUPLE,True,NORMAL
GR009015,BK009015,J000135,Couple Demo Group 09015,3,COUPLE,True,NORMAL
GR009016,BK009016,J000135,Family Demo Group 09016,4,FAMILY,True,NORMAL
GR009017,BK009017,J000135,Group Demo Group 09017,1,GROUP,True,NORMAL
GR009018,BK009018,J000135,Group Demo Group 09018,1,GROUP,True,NORMAL
GR009019,BK009019,J000135,Group Demo Group 09019,1,GROUP,True,NORMAL
GR009020,BK009020,J000135,Couple Demo Group 09020,2,COUPLE,True,NORMAL
GR009021,BK009021,J000135,Group Demo Group 09021,1,GROUP,True,NORMAL
GR009022,BK009022,J000135,Family Demo Group 09022,6,FAMILY,True,HIGH
GR009023,BK009023,J000135,Group Demo Group 09023,1,GROUP,True,NORMAL
GR009024,BK009024,J000135,Couple Demo Group 09024,2,COUPLE,True,NORMAL
GR009025,BK009025,J000135,Family Demo Group 09025,3,FAMILY,True,NORMAL
GR009026,BK009026,J000135,Couple Demo Group 09026,4,COUPLE,True,NORMAL
GR009027,BK009027,J000135,Couple Demo Group 09027,3,COUPLE,True,NORMAL
GR009028,BK009028,J000135,Group Demo Group 09028,1,GROUP,True,NORMAL
GR009029,BK009029,J000135,Friends Demo Group 09029,4,FRIENDS,True,NORMAL
GR009030,BK009030,J000135,Group Demo Group 09030,1,GROUP,True,NORMAL
GR009031,BK009031,J000136,Group Demo Group 09031,1,GROUP,True,NORMAL
GR009032,BK009032,J000136,Group Demo Group 09032,1,GROUP,True,NORMAL
GR009033,BK009033,J000136,Group Demo Group 09033,2,GROUP,True,NORMAL
GR009034,BK009034,J000136,Group Demo Group 09034,1,GROUP,True,NORMAL
GR009035,BK009035,J000136,Friends Demo Group 09035,2,FRIENDS,True,NORMAL
GR009036,BK009036,J000136,Group Demo Group 09036,1,GROUP,True,NORMAL
GR009037,BK009037,J000136,Group Demo Group 09037,2,GROUP,True,NORMAL
GR009038,BK009038,J000136,Couple Demo Group 09038,4,COUPLE,True,NORMAL
GR009039,BK009039,J000136,Friends Demo Group 09039,2,FRIENDS,True,NORMAL
GR009040,BK009040,J000136,Group Demo Group 09040,1,GROUP,True,NORMAL
GR009041,BK009041,J000136,Family Demo Group 09041,3,FAMILY,True,NORMAL
GR009042,BK009042,J000136,Group Demo Group 09042,1,GROUP,True,NORMAL
GR009043,BK009043,J000136,Group Demo Group 09043,4,GROUP,True,NORMAL
GR009044,BK009044,J000136,Group Demo Group 09044,3,GROUP,True,NORMAL
GR009045,BK009045,J000136,Group Demo Group 09045,2,GROUP,True,NORMAL
GR009046,BK009046,J000136,Couple Demo Group 09046,4,COUPLE,True,NORMAL
GR009047,BK009047,J000136,Group Demo Group 09047,1,GROUP,True,NORMAL
GR009048,BK009048,J000136,Group Demo Group 09048,1,GROUP,True,NORMAL
GR009049,BK009049,J000136,Group Demo Group 09049,6,GROUP,True,HIGH
GR009050,BK009050,J000136,Couple Demo Group 09050,4,COUPLE,True,NORMAL
GR009051,BK009051,J000136,Couple Demo Group 09051,3,COUPLE,True,NORMAL
GR009052,BK009052,J000136,Family Demo Group 09052,8,FAMILY,True,HIGH
GR009053,BK009053,J000136,Family Demo Group 09053,3,FAMILY,True,NORMAL
GR009054,BK009054,J000136,Family Demo Group 09054,2,FAMILY,True,NORMAL
GR009055,BK009055,J000136,Friends Demo Group 09055,2,FRIENDS,True,NORMAL
GR009056,BK009056,J000136,Family Demo Group 09056,4,FAMILY,True,NORMAL
GR009057,BK009057,J000136,Friends Demo Group 09057,4,FRIENDS,True,NORMAL
GR009058,BK009058,J000136,Family Demo Group 09058,2,FAMILY,True,NORMAL
GR009059,BK009059,J000136,Group Demo Group 09059,1,GROUP,True,NORMAL
GR009060,BK009060,J000136,Couple Demo Group 09060,6,COUPLE,True,HIGH
GR009061,BK009061,J000136,Family Demo Group 09061,3,FAMILY,True,NORMAL
GR009062,BK009062,J000136,Group Demo Group 09062,1,GROUP,True,NORMAL
GR009063,BK009063,J000136,Caregiver Demo Group 09063,4,CAREGIVER,True,HIGH
GR009064,BK009064,J000136,Couple Demo Group 09064,2,COUPLE,True,NORMAL
GR009065,BK009065,J000136,Group Demo Group 09065,2,GROUP,True,NORMAL
GR009066,BK009066,J000136,Family Demo Group 09066,2,FAMILY,True,NORMAL
GR009067,BK009067,J000136,Couple Demo Group 09067,3,COUPLE,True,NORMAL
GR009068,BK009068,J000136,Group Demo Group 09068,3,GROUP,True,NORMAL
GR009069,BK009069,J000136,Group Demo Group 09069,1,GROUP,True,NORMAL
GR009070,BK009070,J000136,Group Demo Group 09070,1,GROUP,True,NORMAL
GR009071,BK009071,J000136,Couple Demo Group 09071,3,COUPLE,True,NORMAL
GR009072,BK009072,J000136,Family Demo Group 09072,4,FAMILY,True,NORMAL
GR009073,BK009073,J000136,Group Demo Group 09073,2,GROUP,True,NORMAL
GR009074,BK009074,J000136,Friends Demo Group 09074,7,FRIENDS,True,HIGH
GR009075,BK009075,J000136,Group Demo Group 09075,1,GROUP,True,NORMAL
GR009076,BK009076,J000136,Couple Demo Group 09076,2,COUPLE,True,NORMAL
GR009077,BK009077,J000136,Couple Demo Group 09077,5,COUPLE,True,NORMAL
GR009078,BK009078,J000136,Couple Demo Group 09078,4,COUPLE,True,NORMAL
GR009079,BK009079,J000136,Couple Demo Group 09079,7,COUPLE,True,HIGH
GR009080,BK009080,J000136,Group Demo Group 09080,3,GROUP,True,NORMAL
GR009081,BK009081,J000136,Family Demo Group 09081,3,FAMILY,True,NORMAL
GR009082,BK009082,J000136,Family Demo Group 09082,2,FAMILY,True,NORMAL
GR009083,BK009083,J000136,Group Demo Group 09083,1,GROUP,True,NORMAL
GR009084,BK009084,J000136,Group Demo Group 09084,7,GROUP,True,HIGH
GR009085,BK009085,J000136,Group Demo Group 09085,1,GROUP,True,NORMAL
GR009086,BK009086,J000136,Group Demo Group 09086,5,GROUP,True,NORMAL
GR009087,BK009087,J000136,Friends Demo Group 09087,2,FRIENDS,True,NORMAL
GR009088,BK009088,J000136,Group Demo Group 09088,1,GROUP,True,NORMAL
GR009089,BK009089,J000136,Group Demo Group 09089,1,GROUP,True,NORMAL
GR009090,BK009090,J000136,Couple Demo Group 09090,4,COUPLE,True,NORMAL
GR009091,BK009091,J000136,Friends Demo Group 09091,2,FRIENDS,True,NORMAL
GR009092,BK009092,J000136,Friends Demo Group 09092,5,FRIENDS,True,NORMAL
GR009093,BK009093,J000136,Friends Demo Group 09093,4,FRIENDS,True,NORMAL
GR009094,BK009094,J000136,Family Demo Group 09094,2,FAMILY,True,NORMAL
GR009095,BK009095,J000136,Couple Demo Group 09095,3,COUPLE,True,NORMAL
GR009096,BK009096,J000136,Group Demo Group 09096,1,GROUP,True,NORMAL
GR009097,BK009097,J000137,Group Demo Group 09097,1,GROUP,True,NORMAL
GR009098,BK009098,J000137,Friends Demo Group 09098,3,FRIENDS,True,NORMAL
GR009099,BK009099,J000137,Group Demo Group 09099,4,GROUP,True,NORMAL
GR009100,BK009100,J000137,Couple Demo Group 09100,2,COUPLE,True,NORMAL
GR009101,BK009101,J000137,Caregiver Demo Group 09101,4,CAREGIVER,True,HIGH
GR009102,BK009102,J000137,Couple Demo Group 09102,8,COUPLE,True,HIGH
GR009103,BK009103,J000137,Group Demo Group 09103,1,GROUP,True,NORMAL
GR009104,BK009104,J000137,Group Demo Group 09104,3,GROUP,True,NORMAL
GR009105,BK009105,J000137,Family Demo Group 09105,3,FAMILY,True,NORMAL
GR009106,BK009106,J000137,Friends Demo Group 09106,3,FRIENDS,True,NORMAL
GR009107,BK009107,J000137,Group Demo Group 09107,1,GROUP,True,NORMAL
GR009108,BK009108,J000137,Family Demo Group 09108,4,FAMILY,True,NORMAL
GR009109,BK009109,J000137,Group Demo Group 09109,2,GROUP,True,NORMAL
GR009110,BK009110,J000137,Couple Demo Group 09110,4,COUPLE,True,NORMAL
GR009111,BK009111,J000137,Friends Demo Group 09111,2,FRIENDS,True,NORMAL
GR009112,BK009112,J000137,Couple Demo Group 09112,2,COUPLE,True,NORMAL
GR009113,BK009113,J000137,Group Demo Group 09113,6,GROUP,True,HIGH
GR009114,BK009114,J000137,Family Demo Group 09114,2,FAMILY,True,NORMAL
GR009115,BK009115,J000137,Group Demo Group 09115,1,GROUP,True,NORMAL
GR009116,BK009116,J000137,Couple Demo Group 09116,2,COUPLE,True,NORMAL
GR009117,BK009117,J000137,Family Demo Group 09117,7,FAMILY,True,HIGH
GR009118,BK009118,J000137,Group Demo Group 09118,1,GROUP,True,NORMAL
GR009119,BK009119,J000137,Friends Demo Group 09119,2,FRIENDS,True,NORMAL
GR009120,BK009120,J000137,Group Demo Group 09120,1,GROUP,True,NORMAL
GR009121,BK009121,J000137,Friends Demo Group 09121,4,FRIENDS,True,NORMAL
GR009122,BK009122,J000137,Couple Demo Group 09122,4,COUPLE,True,NORMAL
GR009123,BK009123,J000137,Friends Demo Group 09123,2,FRIENDS,True,NORMAL
GR009124,BK009124,J000137,Group Demo Group 09124,1,GROUP,True,NORMAL
GR009125,BK009125,J000137,Family Demo Group 09125,3,FAMILY,True,NORMAL
GR009126,BK009126,J000137,Friends Demo Group 09126,3,FRIENDS,True,NORMAL
GR009127,BK009127,J000137,Group Demo Group 09127,4,GROUP,True,NORMAL
GR009128,BK009128,J000137,Friends Demo Group 09128,5,FRIENDS,True,NORMAL
GR009129,BK009129,J000137,Group Demo Group 09129,2,GROUP,True,NORMAL
GR009130,BK009130,J000137,Friends Demo Group 09130,3,FRIENDS,True,NORMAL
GR009131,BK009131,J000137,Group Demo Group 09131,4,GROUP,True,NORMAL
GR009132,BK009132,J000137,Group Demo Group 09132,3,GROUP,True,NORMAL
GR009133,BK009133,J000137,Friends Demo Group 09133,8,FRIENDS,True,HIGH
GR009134,BK009134,J000137,Family Demo Group 09134,2,FAMILY,True,NORMAL
GR009135,BK009135,J000137,Friends Demo Group 09135,2,FRIENDS,True,NORMAL
GR009136,BK009136,J000137,Group Demo Group 09136,3,GROUP,True,NORMAL
GR009137,BK009137,J000137,Friends Demo Group 09137,4,FRIENDS,True,NORMAL
GR009138,BK009138,J000137,Group Demo Group 09138,1,GROUP,True,NORMAL
GR009139,BK009139,J000137,Group Demo Group 09139,1,GROUP,True,NORMAL
GR009140,BK009140,J000137,Couple Demo Group 09140,6,COUPLE,True,HIGH
GR009141,BK009141,J000137,Couple Demo Group 09141,5,COUPLE,True,NORMAL
GR009142,BK009142,J000137,Family Demo Group 09142,2,FAMILY,True,NORMAL
GR009143,BK009143,J000137,Group Demo Group 09143,1,GROUP,True,NORMAL
GR009144,BK009144,J000137,Group Demo Group 09144,3,GROUP,True,NORMAL
GR009145,BK009145,J000137,Group Demo Group 09145,2,GROUP,True,NORMAL
GR009146,BK009146,J000137,Group Demo Group 09146,1,GROUP,True,NORMAL
GR009147,BK009147,J000137,Friends Demo Group 09147,6,FRIENDS,True,HIGH
GR009148,BK009148,J000137,Family Demo Group 09148,4,FAMILY,True,NORMAL
GR009149,BK009149,J000137,Group Demo Group 09149,6,GROUP,True,HIGH
GR009150,BK009150,J000137,Friends Demo Group 09150,3,FRIENDS,True,NORMAL
GR009151,BK009151,J000137,Friends Demo Group 09151,2,FRIENDS,True,NORMAL
GR009152,BK009152,J000137,Group Demo Group 09152,3,GROUP,True,NORMAL
GR009153,BK009153,J000137,Friends Demo Group 09153,4,FRIENDS,True,NORMAL
GR009154,BK009154,J000137,Friends Demo Group 09154,3,FRIENDS,True,NORMAL
GR009155,BK009155,J000137,Group Demo Group 09155,1,GROUP,True,NORMAL
GR009156,BK009156,J000137,Group Demo Group 09156,7,GROUP,True,HIGH
GR009157,BK009157,J000137,Family Demo Group 09157,7,FAMILY,True,HIGH
GR009158,BK009158,J000137,Caregiver Demo Group 09158,7,CAREGIVER,True,HIGH
GR009159,BK009159,J000137,Group Demo Group 09159,4,GROUP,True,NORMAL
GR009160,BK009160,J000137,Friends Demo Group 09160,5,FRIENDS,True,NORMAL
GR009161,BK009161,J000137,Group Demo Group 09161,2,GROUP,True,NORMAL
GR009162,BK009162,J000137,Family Demo Group 09162,2,FAMILY,True,NORMAL
GR009163,BK009163,J000138,Friends Demo Group 09163,2,FRIENDS,True,NORMAL
GR009164,BK009164,J000138,Friends Demo Group 09164,5,FRIENDS,True,NORMAL
GR009165,BK009165,J000138,Group Demo Group 09165,1,GROUP,True,NORMAL
GR009166,BK009166,J000138,Couple Demo Group 09166,4,COUPLE,True,NORMAL
GR009167,BK009167,J000138,Couple Demo Group 09167,3,COUPLE,True,NORMAL
GR009168,BK009168,J000138,Group Demo Group 09168,1,GROUP,True,NORMAL
GR009169,BK009169,J000138,Family Demo Group 09169,3,FAMILY,True,NORMAL
GR009170,BK009170,J000138,Family Demo Group 09170,2,FAMILY,True,NORMAL
GR009171,BK009171,J000138,Couple Demo Group 09171,3,COUPLE,True,NORMAL
GR009172,BK009172,J000138,Family Demo Group 09172,4,FAMILY,True,NORMAL
GR009173,BK009173,J000138,Group Demo Group 09173,2,GROUP,True,NORMAL
GR009174,BK009174,J000138,Group Demo Group 09174,1,GROUP,True,NORMAL
GR009175,BK009175,J000138,Group Demo Group 09175,1,GROUP,True,NORMAL
GR009176,BK009176,J000138,Group Demo Group 09176,3,GROUP,True,NORMAL
GR009177,BK009177,J000138,Family Demo Group 09177,3,FAMILY,True,NORMAL
GR009178,BK009178,J000138,Friends Demo Group 09178,3,FRIENDS,True,NORMAL
GR009179,BK009179,J000138,Group Demo Group 09179,4,GROUP,True,NORMAL
GR009180,BK009180,J000138,Group Demo Group 09180,1,GROUP,True,NORMAL
GR009181,BK009181,J000138,Group Demo Group 09181,2,GROUP,True,NORMAL
GR009182,BK009182,J000138,Friends Demo Group 09182,7,FRIENDS,True,HIGH
GR009183,BK009183,J000138,Group Demo Group 09183,4,GROUP,True,NORMAL
GR009184,BK009184,J000138,Group Demo Group 09184,3,GROUP,True,NORMAL
GR009185,BK009185,J000138,Family Demo Group 09185,7,FAMILY,True,HIGH
GR009186,BK009186,J000138,Group Demo Group 09186,5,GROUP,True,NORMAL
GR009187,BK009187,J000138,Friends Demo Group 09187,2,FRIENDS,True,NORMAL
GR009188,BK009188,J000138,Group Demo Group 09188,1,GROUP,True,NORMAL
GR009189,BK009189,J000138,Group Demo Group 09189,2,GROUP,True,NORMAL
GR009190,BK009190,J000138,Group Demo Group 09190,1,GROUP,True,NORMAL
GR009191,BK009191,J000138,Group Demo Group 09191,1,GROUP,True,NORMAL
GR009192,BK009192,J000138,Group Demo Group 09192,1,GROUP,True,NORMAL
GR009193,BK009193,J000138,Friends Demo Group 09193,4,FRIENDS,True,NORMAL
GR009194,BK009194,J000138,Family Demo Group 09194,2,FAMILY,True,NORMAL
GR009195,BK009195,J000138,Group Demo Group 09195,1,GROUP,True,NORMAL
GR009196,BK009196,J000138,Group Demo Group 09196,1,GROUP,True,NORMAL
GR009197,BK009197,J000138,Group Demo Group 09197,1,GROUP,True,NORMAL
GR009198,BK009198,J000138,Friends Demo Group 09198,3,FRIENDS,True,NORMAL
GR009199,BK009199,J000138,Couple Demo Group 09199,3,COUPLE,True,NORMAL
GR009200,BK009200,J000138,Couple Demo Group 09200,6,COUPLE,True,HIGH
GR009201,BK009201,J000138,Friends Demo Group 09201,4,FRIENDS,True,NORMAL
GR009202,BK009202,J000138,Group Demo Group 09202,1,GROUP,True,NORMAL
GR009203,BK009203,J000138,Friends Demo Group 09203,6,FRIENDS,True,HIGH
GR009204,BK009204,J000138,Group Demo Group 09204,1,GROUP,True,NORMAL
GR009205,BK009205,J000138,Family Demo Group 09205,3,FAMILY,True,NORMAL
GR009206,BK009206,J000138,Group Demo Group 09206,5,GROUP,True,NORMAL
GR009207,BK009207,J000138,Group Demo Group 09207,1,GROUP,True,NORMAL
GR009208,BK009208,J000138,Group Demo Group 09208,1,GROUP,True,NORMAL
GR009209,BK009209,J000138,Family Demo Group 09209,3,FAMILY,True,NORMAL
GR009210,BK009210,J000138,Family Demo Group 09210,2,FAMILY,True,NORMAL
GR009211,BK009211,J000138,Group Demo Group 09211,4,GROUP,True,NORMAL
GR009212,BK009212,J000138,Group Demo Group 09212,1,GROUP,True,NORMAL
GR009213,BK009213,J000138,Group Demo Group 09213,1,GROUP,True,NORMAL
GR009214,BK009214,J000138,Group Demo Group 09214,1,GROUP,True,NORMAL
GR009215,BK009215,J000138,Group Demo Group 09215,1,GROUP,True,NORMAL
GR009216,BK009216,J000138,Family Demo Group 09216,4,FAMILY,True,NORMAL
GR009217,BK009217,J000138,Friends Demo Group 09217,4,FRIENDS,True,NORMAL
GR009218,BK009218,J000138,Friends Demo Group 09218,3,FRIENDS,True,NORMAL
GR009219,BK009219,J000138,Group Demo Group 09219,4,GROUP,True,NORMAL
GR009220,BK009220,J000138,Group Demo Group 09220,1,GROUP,True,NORMAL
GR009221,BK009221,J000138,Group Demo Group 09221,1,GROUP,True,NORMAL
GR009222,BK009222,J000138,Family Demo Group 09222,2,FAMILY,True,NORMAL
GR009223,BK009223,J000138,Friends Demo Group 09223,6,FRIENDS,True,HIGH
GR009224,BK009224,J000138,Couple Demo Group 09224,2,COUPLE,True,NORMAL
GR009225,BK009225,J000138,Group Demo Group 09225,2,GROUP,True,NORMAL
GR009226,BK009226,J000138,Family Demo Group 09226,2,FAMILY,True,NORMAL
GR009227,BK009227,J000138,Friends Demo Group 09227,2,FRIENDS,True,NORMAL
GR009228,BK009228,J000138,Family Demo Group 09228,4,FAMILY,True,NORMAL
GR009229,BK009229,J000139,Group Demo Group 09229,1,GROUP,True,NORMAL
GR009230,BK009230,J000139,Family Demo Group 09230,2,FAMILY,True,NORMAL
GR009231,BK009231,J000139,Couple Demo Group 09231,7,COUPLE,True,HIGH
GR009232,BK009232,J000139,Couple Demo Group 09232,2,COUPLE,True,NORMAL
GR009233,BK009233,J000139,Group Demo Group 09233,2,GROUP,True,NORMAL
GR009234,BK009234,J000139,Group Demo Group 09234,1,GROUP,True,NORMAL
GR009235,BK009235,J000139,Couple Demo Group 09235,3,COUPLE,True,NORMAL
GR009236,BK009236,J000139,Group Demo Group 09236,3,GROUP,True,NORMAL
GR009237,BK009237,J000139,Family Demo Group 09237,7,FAMILY,True,HIGH
GR009238,BK009238,J000139,Family Demo Group 09238,2,FAMILY,True,NORMAL
GR009239,BK009239,J000139,Friends Demo Group 09239,2,FRIENDS,True,NORMAL
GR009240,BK009240,J000139,Friends Demo Group 09240,5,FRIENDS,True,NORMAL
GR009241,BK009241,J000139,Group Demo Group 09241,1,GROUP,True,NORMAL
GR009242,BK009242,J000139,Friends Demo Group 09242,3,FRIENDS,True,NORMAL
GR009243,BK009243,J000139,Group Demo Group 09243,1,GROUP,True,NORMAL
GR009244,BK009244,J000139,Group Demo Group 09244,3,GROUP,True,NORMAL
GR009245,BK009245,J000139,Family Demo Group 09245,3,FAMILY,True,NORMAL
GR009246,BK009246,J000139,Friends Demo Group 09246,3,FRIENDS,True,NORMAL
GR009247,BK009247,J000139,Friends Demo Group 09247,2,FRIENDS,True,NORMAL
GR009248,BK009248,J000139,Couple Demo Group 09248,2,COUPLE,True,NORMAL
GR009249,BK009249,J000139,Friends Demo Group 09249,4,FRIENDS,True,NORMAL
GR009250,BK009250,J000139,Couple Demo Group 09250,4,COUPLE,True,NORMAL
GR009251,BK009251,J000139,Group Demo Group 09251,1,GROUP,True,NORMAL
GR009252,BK009252,J000139,Group Demo Group 09252,3,GROUP,True,NORMAL
GR009253,BK009253,J000139,Caregiver Demo Group 09253,4,CAREGIVER,True,HIGH
GR009254,BK009254,J000139,Couple Demo Group 09254,4,COUPLE,True,NORMAL
GR009255,BK009255,J000139,Friends Demo Group 09255,2,FRIENDS,True,NORMAL
GR009256,BK009256,J000139,Group Demo Group 09256,1,GROUP,True,NORMAL
GR009257,BK009257,J000139,Family Demo Group 09257,7,FAMILY,True,HIGH
GR009258,BK009258,J000139,Friends Demo Group 09258,3,FRIENDS,True,NORMAL
GR009259,BK009259,J000139,Family Demo Group 09259,5,FAMILY,True,NORMAL
GR009260,BK009260,J000139,Family Demo Group 09260,4,FAMILY,True,NORMAL
GR009261,BK009261,J000139,Family Demo Group 09261,3,FAMILY,True,NORMAL
GR009262,BK009262,J000139,Friends Demo Group 09262,3,FRIENDS,True,NORMAL
GR009263,BK009263,J000139,Friends Demo Group 09263,2,FRIENDS,True,NORMAL
GR009264,BK009264,J000139,Couple Demo Group 09264,2,COUPLE,True,NORMAL
GR009265,BK009265,J000139,Group Demo Group 09265,1,GROUP,True,NORMAL
GR009266,BK009266,J000139,Couple Demo Group 09266,4,COUPLE,True,NORMAL
GR009267,BK009267,J000139,Group Demo Group 09267,1,GROUP,True,NORMAL
GR009268,BK009268,J000139,Family Demo Group 09268,4,FAMILY,True,NORMAL
GR009269,BK009269,J000139,Group Demo Group 09269,1,GROUP,True,NORMAL
GR009270,BK009270,J000139,Family Demo Group 09270,2,FAMILY,True,NORMAL
GR009271,BK009271,J000139,Couple Demo Group 09271,7,COUPLE,True,HIGH
GR009272,BK009272,J000139,Caregiver Demo Group 09272,4,CAREGIVER,True,HIGH
GR009273,BK009273,J000139,Group Demo Group 09273,6,GROUP,True,HIGH
GR009274,BK009274,J000139,Group Demo Group 09274,1,GROUP,True,NORMAL
GR009275,BK009275,J000139,Group Demo Group 09275,1,GROUP,True,NORMAL
GR009276,BK009276,J000139,Couple Demo Group 09276,2,COUPLE,True,NORMAL
GR009277,BK009277,J000139,Family Demo Group 09277,3,FAMILY,True,NORMAL
GR009278,BK009278,J000139,Group Demo Group 09278,1,GROUP,True,NORMAL
GR009279,BK009279,J000139,Group Demo Group 09279,1,GROUP,True,NORMAL
GR009280,BK009280,J000139,Group Demo Group 09280,1,GROUP,True,NORMAL
GR009281,BK009281,J000139,Group Demo Group 09281,1,GROUP,True,NORMAL
GR009282,BK009282,J000139,Couple Demo Group 09282,4,COUPLE,True,NORMAL
GR009283,BK009283,J000139,Group Demo Group 09283,4,GROUP,True,NORMAL
GR009284,BK009284,J000139,Group Demo Group 09284,1,GROUP,True,NORMAL
GR009285,BK009285,J000139,Group Demo Group 09285,1,GROUP,True,NORMAL
GR009286,BK009286,J000139,Couple Demo Group 09286,4,COUPLE,True,NORMAL
GR009287,BK009287,J000139,Couple Demo Group 09287,3,COUPLE,True,NORMAL
GR009288,BK009288,J000139,Friends Demo Group 09288,5,FRIENDS,True,NORMAL
GR009289,BK009289,J000139,Group Demo Group 09289,2,GROUP,True,NORMAL
GR009290,BK009290,J000139,Family Demo Group 09290,2,FAMILY,True,NORMAL
GR009291,BK009291,J000139,Caregiver Demo Group 09291,4,CAREGIVER,True,HIGH
GR009292,BK009292,J000139,Friends Demo Group 09292,5,FRIENDS,True,NORMAL
GR009293,BK009293,J000139,Group Demo Group 09293,2,GROUP,True,NORMAL
GR009294,BK009294,J000139,Group Demo Group 09294,1,GROUP,True,NORMAL
GR009295,BK009295,J000140,Group Demo Group 09295,1,GROUP,True,NORMAL
GR009296,BK009296,J000140,Group Demo Group 09296,7,GROUP,True,HIGH
GR009297,BK009297,J000140,Friends Demo Group 09297,4,FRIENDS,True,NORMAL
GR009298,BK009298,J000140,Group Demo Group 09298,5,GROUP,True,NORMAL
GR009299,BK009299,J000140,Couple Demo Group 09299,3,COUPLE,True,NORMAL
GR009300,BK009300,J000140,Couple Demo Group 09300,2,COUPLE,True,NORMAL
GR009301,BK009301,J000140,Group Demo Group 09301,1,GROUP,True,NORMAL
GR009302,BK009302,J000140,Couple Demo Group 09302,4,COUPLE,True,NORMAL
GR009303,BK009303,J000140,Group Demo Group 09303,4,GROUP,True,NORMAL
GR009304,BK009304,J000140,Family Demo Group 09304,4,FAMILY,True,NORMAL
GR009305,BK009305,J000140,Group Demo Group 09305,1,GROUP,True,NORMAL
GR009306,BK009306,J000140,Family Demo Group 09306,6,FAMILY,True,HIGH
GR009307,BK009307,J000140,Group Demo Group 09307,4,GROUP,True,NORMAL
GR009308,BK009308,J000140,Group Demo Group 09308,1,GROUP,True,NORMAL
GR009309,BK009309,J000140,Group Demo Group 09309,1,GROUP,True,NORMAL
GR009310,BK009310,J000140,Caregiver Demo Group 09310,4,CAREGIVER,True,HIGH
GR009311,BK009311,J000140,Family Demo Group 09311,5,FAMILY,True,NORMAL
GR009312,BK009312,J000140,Group Demo Group 09312,1,GROUP,True,NORMAL
GR009313,BK009313,J000140,Group Demo Group 09313,1,GROUP,True,NORMAL
GR009314,BK009314,J000140,Couple Demo Group 09314,8,COUPLE,True,HIGH
GR009315,BK009315,J000140,Couple Demo Group 09315,3,COUPLE,True,NORMAL
GR009316,BK009316,J000140,Couple Demo Group 09316,2,COUPLE,True,NORMAL
GR009317,BK009317,J000140,Group Demo Group 09317,2,GROUP,True,NORMAL
GR009318,BK009318,J000140,Group Demo Group 09318,5,GROUP,True,NORMAL
GR009319,BK009319,J000140,Group Demo Group 09319,1,GROUP,True,NORMAL
GR009320,BK009320,J000140,Friends Demo Group 09320,5,FRIENDS,True,NORMAL
GR009321,BK009321,J000140,Friends Demo Group 09321,4,FRIENDS,True,NORMAL
GR009322,BK009322,J000140,Group Demo Group 09322,5,GROUP,True,NORMAL
GR009323,BK009323,J000140,Friends Demo Group 09323,2,FRIENDS,True,NORMAL
GR009324,BK009324,J000140,Group Demo Group 09324,1,GROUP,True,NORMAL
GR009325,BK009325,J000140,Family Demo Group 09325,3,FAMILY,True,NORMAL
GR009326,BK009326,J000140,Couple Demo Group 09326,4,COUPLE,True,NORMAL
GR009327,BK009327,J000140,Friends Demo Group 09327,6,FRIENDS,True,HIGH
GR009328,BK009328,J000140,Group Demo Group 09328,7,GROUP,True,HIGH
GR009329,BK009329,J000140,Caregiver Demo Group 09329,5,CAREGIVER,True,HIGH
GR009330,BK009330,J000140,Family Demo Group 09330,2,FAMILY,True,NORMAL
GR009331,BK009331,J000140,Couple Demo Group 09331,3,COUPLE,True,NORMAL
GR009332,BK009332,J000140,Friends Demo Group 09332,5,FRIENDS,True,NORMAL
GR009333,BK009333,J000140,Group Demo Group 09333,6,GROUP,True,HIGH
GR009334,BK009334,J000140,Family Demo Group 09334,2,FAMILY,True,NORMAL
GR009335,BK009335,J000140,Group Demo Group 09335,1,GROUP,True,NORMAL
GR009336,BK009336,J000140,Group Demo Group 09336,1,GROUP,True,NORMAL
GR009337,BK009337,J000140,Group Demo Group 09337,2,GROUP,True,NORMAL
GR009338,BK009338,J000140,Group Demo Group 09338,1,GROUP,True,NORMAL
GR009339,BK009339,J000140,Group Demo Group 09339,4,GROUP,True,NORMAL
GR009340,BK009340,J000140,Couple Demo Group 09340,2,COUPLE,True,NORMAL
GR009341,BK009341,J000140,Family Demo Group 09341,3,FAMILY,True,NORMAL
GR009342,BK009342,J000140,Couple Demo Group 09342,4,COUPLE,True,NORMAL
GR009343,BK009343,J000140,Couple Demo Group 09343,3,COUPLE,True,NORMAL
GR009344,BK009344,J000140,Family Demo Group 09344,4,FAMILY,True,NORMAL
GR009345,BK009345,J000140,Group Demo Group 09345,1,GROUP,True,NORMAL
GR009346,BK009346,J000140,Group Demo Group 09346,1,GROUP,True,NORMAL
GR009347,BK009347,J000140,Family Demo Group 09347,5,FAMILY,True,NORMAL
GR009348,BK009348,J000140,Group Demo Group 09348,1,GROUP,True,NORMAL
GR009349,BK009349,J000140,Group Demo Group 09349,2,GROUP,True,NORMAL
GR009350,BK009350,J000140,Group Demo Group 09350,1,GROUP,True,NORMAL
GR009351,BK009351,J000140,Family Demo Group 09351,5,FAMILY,True,NORMAL
GR009352,BK009352,J000140,Group Demo Group 09352,1,GROUP,True,NORMAL
GR009353,BK009353,J000140,Group Demo Group 09353,2,GROUP,True,NORMAL
GR009354,BK009354,J000140,Family Demo Group 09354,2,FAMILY,True,NORMAL
GR009355,BK009355,J000140,Couple Demo Group 09355,3,COUPLE,True,NORMAL
GR009356,BK009356,J000140,Family Demo Group 09356,4,FAMILY,True,NORMAL
GR009357,BK009357,J000140,Friends Demo Group 09357,4,FRIENDS,True,NORMAL
GR009358,BK009358,J000140,Friends Demo Group 09358,3,FRIENDS,True,NORMAL
GR009359,BK009359,J000140,Friends Demo Group 09359,2,FRIENDS,True,NORMAL
GR009360,BK009360,J000140,Group Demo Group 09360,1,GROUP,True,NORMAL
GR009361,BK009361,J000141,Family Demo Group 09361,3,FAMILY,True,NORMAL
GR009362,BK009362,J000141,Group Demo Group 09362,5,GROUP,True,NORMAL
GR009363,BK009363,J000141,Couple Demo Group 09363,3,COUPLE,True,NORMAL
GR009364,BK009364,J000141,Group Demo Group 09364,1,GROUP,True,NORMAL
GR009365,BK009365,J000141,Friends Demo Group 09365,8,FRIENDS,True,HIGH
GR009366,BK009366,J000141,Group Demo Group 09366,1,GROUP,True,NORMAL
GR009367,BK009367,J000141,Friends Demo Group 09367,2,FRIENDS,True,NORMAL
GR009368,BK009368,J000141,Friends Demo Group 09368,5,FRIENDS,True,NORMAL
GR009369,BK009369,J000141,Friends Demo Group 09369,4,FRIENDS,True,NORMAL
GR009370,BK009370,J000141,Group Demo Group 09370,1,GROUP,True,NORMAL
GR009371,BK009371,J000141,Couple Demo Group 09371,3,COUPLE,True,NORMAL
GR009372,BK009372,J000141,Group Demo Group 09372,1,GROUP,True,NORMAL
GR009373,BK009373,J000141,Group Demo Group 09373,2,GROUP,True,NORMAL
GR009374,BK009374,J000141,Friends Demo Group 09374,3,FRIENDS,True,NORMAL
GR009375,BK009375,J000141,Friends Demo Group 09375,2,FRIENDS,True,NORMAL
GR009376,BK009376,J000141,Group Demo Group 09376,3,GROUP,True,NORMAL
GR009377,BK009377,J000141,Group Demo Group 09377,1,GROUP,True,NORMAL
GR009378,BK009378,J000141,Group Demo Group 09378,1,GROUP,True,NORMAL
GR009379,BK009379,J000141,Couple Demo Group 09379,3,COUPLE,True,NORMAL
GR009380,BK009380,J000141,Family Demo Group 09380,4,FAMILY,True,NORMAL
GR009381,BK009381,J000141,Family Demo Group 09381,7,FAMILY,True,HIGH
GR009382,BK009382,J000141,Couple Demo Group 09382,4,COUPLE,True,NORMAL
GR009383,BK009383,J000141,Couple Demo Group 09383,3,COUPLE,True,NORMAL
GR009384,BK009384,J000141,Couple Demo Group 09384,2,COUPLE,True,NORMAL
GR009385,BK009385,J000141,Family Demo Group 09385,3,FAMILY,True,NORMAL
GR009386,BK009386,J000141,Group Demo Group 09386,1,GROUP,True,NORMAL
GR009387,BK009387,J000141,Group Demo Group 09387,4,GROUP,True,NORMAL
GR009388,BK009388,J000141,Group Demo Group 09388,3,GROUP,True,NORMAL
GR009389,BK009389,J000141,Friends Demo Group 09389,4,FRIENDS,True,NORMAL
GR009390,BK009390,J000141,Friends Demo Group 09390,3,FRIENDS,True,NORMAL
GR009391,BK009391,J000141,Group Demo Group 09391,1,GROUP,True,NORMAL
GR009392,BK009392,J000141,Couple Demo Group 09392,2,COUPLE,True,NORMAL
GR009393,BK009393,J000141,Group Demo Group 09393,1,GROUP,True,NORMAL
GR009394,BK009394,J000141,Group Demo Group 09394,1,GROUP,True,NORMAL
GR009395,BK009395,J000141,Family Demo Group 09395,5,FAMILY,True,NORMAL
GR009396,BK009396,J000141,Couple Demo Group 09396,2,COUPLE,True,NORMAL
GR009397,BK009397,J000141,Family Demo Group 09397,3,FAMILY,True,NORMAL
GR009398,BK009398,J000141,Group Demo Group 09398,1,GROUP,True,NORMAL
GR009399,BK009399,J000141,Group Demo Group 09399,8,GROUP,True,HIGH
GR009400,BK009400,J000141,Couple Demo Group 09400,2,COUPLE,True,NORMAL
GR009401,BK009401,J000141,Group Demo Group 09401,1,GROUP,True,NORMAL
GR009402,BK009402,J000141,Friends Demo Group 09402,3,FRIENDS,True,NORMAL
GR009403,BK009403,J000141,Family Demo Group 09403,5,FAMILY,True,NORMAL
GR009404,BK009404,J000141,Group Demo Group 09404,3,GROUP,True,NORMAL
GR009405,BK009405,J000141,Group Demo Group 09405,2,GROUP,True,NORMAL
GR009406,BK009406,J000141,Family Demo Group 09406,2,FAMILY,True,NORMAL
GR009407,BK009407,J000141,Couple Demo Group 09407,3,COUPLE,True,NORMAL
GR009408,BK009408,J000141,Couple Demo Group 09408,2,COUPLE,True,NORMAL
GR009409,BK009409,J000141,Group Demo Group 09409,2,GROUP,True,NORMAL
GR009410,BK009410,J000141,Friends Demo Group 09410,3,FRIENDS,True,NORMAL
GR009411,BK009411,J000141,Group Demo Group 09411,1,GROUP,True,NORMAL
GR009412,BK009412,J000141,Couple Demo Group 09412,6,COUPLE,True,HIGH
GR009413,BK009413,J000141,Group Demo Group 09413,1,GROUP,True,NORMAL
GR009414,BK009414,J000141,Family Demo Group 09414,2,FAMILY,True,NORMAL
GR009415,BK009415,J000141,Group Demo Group 09415,4,GROUP,True,NORMAL
GR009416,BK009416,J000141,Couple Demo Group 09416,2,COUPLE,True,NORMAL
GR009417,BK009417,J000141,Family Demo Group 09417,3,FAMILY,True,NORMAL
GR009418,BK009418,J000141,Group Demo Group 09418,1,GROUP,True,NORMAL
GR009419,BK009419,J000141,Friends Demo Group 09419,6,FRIENDS,True,HIGH
GR009420,BK009420,J000141,Couple Demo Group 09420,2,COUPLE,True,NORMAL
GR009421,BK009421,J000141,Group Demo Group 09421,2,GROUP,True,NORMAL
GR009422,BK009422,J000141,Couple Demo Group 09422,4,COUPLE,True,NORMAL
GR009423,BK009423,J000141,Couple Demo Group 09423,3,COUPLE,True,NORMAL
GR009424,BK009424,J000141,Group Demo Group 09424,3,GROUP,True,NORMAL
GR009425,BK009425,J000141,Group Demo Group 09425,1,GROUP,True,NORMAL
GR009426,BK009426,J000141,Group Demo Group 09426,1,GROUP,True,NORMAL
GR009427,BK009427,J000142,Group Demo Group 09427,1,GROUP,True,NORMAL
GR009428,BK009428,J000142,Family Demo Group 09428,4,FAMILY,True,NORMAL
GR009429,BK009429,J000142,Family Demo Group 09429,7,FAMILY,True,HIGH
GR009430,BK009430,J000142,Family Demo Group 09430,2,FAMILY,True,NORMAL
GR009431,BK009431,J000142,Friends Demo Group 09431,2,FRIENDS,True,NORMAL
GR009432,BK009432,J000142,Family Demo Group 09432,4,FAMILY,True,NORMAL
GR009433,BK009433,J000142,Family Demo Group 09433,3,FAMILY,True,NORMAL
GR009434,BK009434,J000142,Group Demo Group 09434,1,GROUP,True,NORMAL
GR009435,BK009435,J000142,Friends Demo Group 09435,2,FRIENDS,True,NORMAL
GR009436,BK009436,J000142,Family Demo Group 09436,4,FAMILY,True,NORMAL
GR009437,BK009437,J000142,Friends Demo Group 09437,4,FRIENDS,True,NORMAL
GR009438,BK009438,J000142,Family Demo Group 09438,6,FAMILY,True,HIGH
GR009439,BK009439,J000142,Friends Demo Group 09439,2,FRIENDS,True,NORMAL
GR009440,BK009440,J000142,Friends Demo Group 09440,5,FRIENDS,True,NORMAL
GR009441,BK009441,J000142,Friends Demo Group 09441,4,FRIENDS,True,NORMAL
GR009442,BK009442,J000142,Group Demo Group 09442,1,GROUP,True,NORMAL
GR009443,BK009443,J000142,Couple Demo Group 09443,3,COUPLE,True,NORMAL
GR009444,BK009444,J000142,Friends Demo Group 09444,5,FRIENDS,True,NORMAL
GR009445,BK009445,J000142,Group Demo Group 09445,2,GROUP,True,NORMAL
GR009446,BK009446,J000142,Group Demo Group 09446,1,GROUP,True,NORMAL
GR009447,BK009447,J000142,Friends Demo Group 09447,2,FRIENDS,True,NORMAL
GR009448,BK009448,J000142,Family Demo Group 09448,4,FAMILY,True,NORMAL
GR009449,BK009449,J000142,Group Demo Group 09449,1,GROUP,True,NORMAL
GR009450,BK009450,J000142,Family Demo Group 09450,2,FAMILY,True,NORMAL
GR009451,BK009451,J000142,Group Demo Group 09451,1,GROUP,True,NORMAL
GR009452,BK009452,J000142,Couple Demo Group 09452,2,COUPLE,True,NORMAL
GR009453,BK009453,J000142,Group Demo Group 09453,1,GROUP,True,NORMAL
GR009454,BK009454,J000142,Couple Demo Group 09454,4,COUPLE,True,NORMAL
GR009455,BK009455,J000142,Group Demo Group 09455,1,GROUP,True,NORMAL
GR009456,BK009456,J000142,Group Demo Group 09456,3,GROUP,True,NORMAL
GR009457,BK009457,J000142,Friends Demo Group 09457,4,FRIENDS,True,NORMAL
GR009458,BK009458,J000142,Group Demo Group 09458,1,GROUP,True,NORMAL
GR009459,BK009459,J000142,Family Demo Group 09459,5,FAMILY,True,NORMAL
GR009460,BK009460,J000142,Group Demo Group 09460,1,GROUP,True,NORMAL
GR009461,BK009461,J000142,Family Demo Group 09461,3,FAMILY,True,NORMAL
GR009462,BK009462,J000142,Caregiver Demo Group 09462,8,CAREGIVER,True,HIGH
GR009463,BK009463,J000142,Group Demo Group 09463,1,GROUP,True,NORMAL
GR009464,BK009464,J000142,Couple Demo Group 09464,2,COUPLE,True,NORMAL
GR009465,BK009465,J000142,Friends Demo Group 09465,4,FRIENDS,True,NORMAL
GR009466,BK009466,J000142,Group Demo Group 09466,1,GROUP,True,NORMAL
GR009467,BK009467,J000142,Couple Demo Group 09467,3,COUPLE,True,NORMAL
GR009468,BK009468,J000142,Family Demo Group 09468,4,FAMILY,True,NORMAL
GR009469,BK009469,J000142,Family Demo Group 09469,3,FAMILY,True,NORMAL
GR009470,BK009470,J000142,Family Demo Group 09470,2,FAMILY,True,NORMAL
GR009471,BK009471,J000142,Friends Demo Group 09471,2,FRIENDS,True,NORMAL
GR009472,BK009472,J000142,Couple Demo Group 09472,2,COUPLE,True,NORMAL
GR009473,BK009473,J000142,Friends Demo Group 09473,4,FRIENDS,True,NORMAL
GR009474,BK009474,J000142,Group Demo Group 09474,1,GROUP,True,NORMAL
GR009475,BK009475,J000142,Friends Demo Group 09475,2,FRIENDS,True,NORMAL
GR009476,BK009476,J000142,Group Demo Group 09476,1,GROUP,True,NORMAL
GR009477,BK009477,J000142,Group Demo Group 09477,1,GROUP,True,NORMAL
GR009478,BK009478,J000142,Family Demo Group 09478,2,FAMILY,True,NORMAL
GR009479,BK009479,J000142,Group Demo Group 09479,4,GROUP,True,NORMAL
GR009480,BK009480,J000142,Group Demo Group 09480,1,GROUP,True,NORMAL
GR009481,BK009481,J000142,Group Demo Group 09481,2,GROUP,True,NORMAL
GR009482,BK009482,J000142,Couple Demo Group 09482,4,COUPLE,True,NORMAL
GR009483,BK009483,J000142,Group Demo Group 09483,1,GROUP,True,NORMAL
GR009484,BK009484,J000142,Group Demo Group 09484,1,GROUP,True,NORMAL
GR009485,BK009485,J000142,Group Demo Group 09485,2,GROUP,True,NORMAL
GR009486,BK009486,J000142,Family Demo Group 09486,6,FAMILY,True,HIGH
GR009487,BK009487,J000142,Group Demo Group 09487,4,GROUP,True,NORMAL
GR009488,BK009488,J000142,Group Demo Group 09488,1,GROUP,True,NORMAL
GR009489,BK009489,J000142,Family Demo Group 09489,3,FAMILY,True,NORMAL
GR009490,BK009490,J000142,Family Demo Group 09490,2,FAMILY,True,NORMAL
GR009491,BK009491,J000142,Group Demo Group 09491,1,GROUP,True,NORMAL
GR009492,BK009492,J000142,Couple Demo Group 09492,2,COUPLE,True,NORMAL
GR009493,BK009493,J000143,Family Demo Group 09493,3,FAMILY,True,NORMAL
GR009494,BK009494,J000143,Group Demo Group 09494,1,GROUP,True,NORMAL
GR009495,BK009495,J000143,Group Demo Group 09495,4,GROUP,True,NORMAL
GR009496,BK009496,J000143,Group Demo Group 09496,3,GROUP,True,NORMAL
GR009497,BK009497,J000143,Friends Demo Group 09497,4,FRIENDS,True,NORMAL
GR009498,BK009498,J000143,Group Demo Group 09498,5,GROUP,True,NORMAL
GR009499,BK009499,J000143,Friends Demo Group 09499,2,FRIENDS,True,NORMAL
GR009500,BK009500,J000143,Group Demo Group 09500,3,GROUP,True,NORMAL
GR009501,BK009501,J000143,Friends Demo Group 09501,4,FRIENDS,True,NORMAL
GR009502,BK009502,J000143,Group Demo Group 09502,1,GROUP,True,NORMAL
GR009503,BK009503,J000143,Group Demo Group 09503,4,GROUP,True,NORMAL
GR009504,BK009504,J000143,Family Demo Group 09504,8,FAMILY,True,HIGH
GR009505,BK009505,J000143,Family Demo Group 09505,3,FAMILY,True,NORMAL
GR009506,BK009506,J000143,Family Demo Group 09506,6,FAMILY,True,HIGH
GR009507,BK009507,J000143,Couple Demo Group 09507,3,COUPLE,True,NORMAL
GR009508,BK009508,J000143,Family Demo Group 09508,4,FAMILY,True,NORMAL
GR009509,BK009509,J000143,Group Demo Group 09509,1,GROUP,True,NORMAL
GR009510,BK009510,J000143,Group Demo Group 09510,1,GROUP,True,NORMAL
GR009511,BK009511,J000143,Friends Demo Group 09511,2,FRIENDS,True,NORMAL
GR009512,BK009512,J000143,Group Demo Group 09512,1,GROUP,True,NORMAL
GR009513,BK009513,J000143,Friends Demo Group 09513,4,FRIENDS,True,NORMAL
GR009514,BK009514,J000143,Family Demo Group 09514,2,FAMILY,True,NORMAL
GR009515,BK009515,J000143,Family Demo Group 09515,5,FAMILY,True,NORMAL
GR009516,BK009516,J000143,Couple Demo Group 09516,2,COUPLE,True,NORMAL
GR009517,BK009517,J000143,Couple Demo Group 09517,5,COUPLE,True,NORMAL
GR009518,BK009518,J000143,Family Demo Group 09518,2,FAMILY,True,NORMAL
GR009519,BK009519,J000143,Caregiver Demo Group 09519,4,CAREGIVER,True,HIGH
GR009520,BK009520,J000143,Group Demo Group 09520,1,GROUP,True,NORMAL
GR009521,BK009521,J000143,Couple Demo Group 09521,5,COUPLE,True,NORMAL
GR009522,BK009522,J000143,Group Demo Group 09522,1,GROUP,True,NORMAL
GR009523,BK009523,J000143,Group Demo Group 09523,1,GROUP,True,NORMAL
GR009524,BK009524,J000143,Group Demo Group 09524,3,GROUP,True,NORMAL
GR009525,BK009525,J000143,Group Demo Group 09525,2,GROUP,True,NORMAL
GR009526,BK009526,J000143,Family Demo Group 09526,6,FAMILY,True,HIGH
GR009527,BK009527,J000143,Friends Demo Group 09527,2,FRIENDS,True,NORMAL
GR009528,BK009528,J000143,Group Demo Group 09528,1,GROUP,True,NORMAL
GR009529,BK009529,J000143,Couple Demo Group 09529,5,COUPLE,True,NORMAL
GR009530,BK009530,J000143,Friends Demo Group 09530,3,FRIENDS,True,NORMAL
GR009531,BK009531,J000143,Couple Demo Group 09531,3,COUPLE,True,NORMAL
GR009532,BK009532,J000143,Friends Demo Group 09532,5,FRIENDS,True,NORMAL
GR009533,BK009533,J000143,Group Demo Group 09533,1,GROUP,True,NORMAL
GR009534,BK009534,J000143,Family Demo Group 09534,2,FAMILY,True,NORMAL
GR009535,BK009535,J000143,Couple Demo Group 09535,3,COUPLE,True,NORMAL
GR009536,BK009536,J000143,Group Demo Group 09536,1,GROUP,True,NORMAL
GR009537,BK009537,J000143,Friends Demo Group 09537,4,FRIENDS,True,NORMAL
GR009538,BK009538,J000143,Friends Demo Group 09538,3,FRIENDS,True,NORMAL
GR009539,BK009539,J000143,Couple Demo Group 09539,3,COUPLE,True,NORMAL
GR009540,BK009540,J000143,Friends Demo Group 09540,5,FRIENDS,True,NORMAL
GR009541,BK009541,J000143,Group Demo Group 09541,2,GROUP,True,NORMAL
GR009542,BK009542,J000143,Couple Demo Group 09542,4,COUPLE,True,NORMAL
GR009543,BK009543,J000143,Friends Demo Group 09543,2,FRIENDS,True,NORMAL
GR009544,BK009544,J000143,Group Demo Group 09544,3,GROUP,True,NORMAL
GR009545,BK009545,J000143,Group Demo Group 09545,1,GROUP,True,NORMAL
GR009546,BK009546,J000143,Family Demo Group 09546,2,FAMILY,True,NORMAL
GR009547,BK009547,J000143,Friends Demo Group 09547,2,FRIENDS,True,NORMAL
GR009548,BK009548,J000143,Couple Demo Group 09548,2,COUPLE,True,NORMAL
GR009549,BK009549,J000143,Group Demo Group 09549,1,GROUP,True,NORMAL
GR009550,BK009550,J000143,Family Demo Group 09550,6,FAMILY,True,HIGH
GR009551,BK009551,J000143,Friends Demo Group 09551,2,FRIENDS,True,NORMAL
GR009552,BK009552,J000143,Couple Demo Group 09552,2,COUPLE,True,NORMAL
GR009553,BK009553,J000143,Friends Demo Group 09553,4,FRIENDS,True,NORMAL
GR009554,BK009554,J000143,Group Demo Group 09554,1,GROUP,True,NORMAL
GR009555,BK009555,J000143,Friends Demo Group 09555,6,FRIENDS,True,HIGH
GR009556,BK009556,J000143,Group Demo Group 09556,1,GROUP,True,NORMAL
GR009557,BK009557,J000143,Family Demo Group 09557,3,FAMILY,True,NORMAL
GR009558,BK009558,J000143,Group Demo Group 09558,1,GROUP,True,NORMAL
GR009559,BK009559,J000144,Couple Demo Group 09559,3,COUPLE,True,NORMAL
GR009560,BK009560,J000144,Group Demo Group 09560,3,GROUP,True,NORMAL
GR009561,BK009561,J000144,Friends Demo Group 09561,8,FRIENDS,True,HIGH
GR009562,BK009562,J000144,Couple Demo Group 09562,4,COUPLE,True,NORMAL
GR009563,BK009563,J000144,Friends Demo Group 09563,6,FRIENDS,True,HIGH
GR009564,BK009564,J000144,Group Demo Group 09564,1,GROUP,True,NORMAL
GR009565,BK009565,J000144,Friends Demo Group 09565,4,FRIENDS,True,NORMAL
GR009566,BK009566,J000144,Family Demo Group 09566,2,FAMILY,True,NORMAL
GR009567,BK009567,J000144,Group Demo Group 09567,1,GROUP,True,NORMAL
GR009568,BK009568,J000144,Group Demo Group 09568,3,GROUP,True,NORMAL
GR009569,BK009569,J000144,Group Demo Group 09569,1,GROUP,True,NORMAL
GR009570,BK009570,J000144,Group Demo Group 09570,1,GROUP,True,NORMAL
GR009571,BK009571,J000144,Group Demo Group 09571,1,GROUP,True,NORMAL
GR009572,BK009572,J000144,Couple Demo Group 09572,6,COUPLE,True,HIGH
GR009573,BK009573,J000144,Group Demo Group 09573,2,GROUP,True,NORMAL
GR009574,BK009574,J000144,Family Demo Group 09574,2,FAMILY,True,NORMAL
GR009575,BK009575,J000144,Group Demo Group 09575,1,GROUP,True,NORMAL
GR009576,BK009576,J000144,Couple Demo Group 09576,2,COUPLE,True,NORMAL
GR009577,BK009577,J000144,Group Demo Group 09577,2,GROUP,True,NORMAL
GR009578,BK009578,J000144,Friends Demo Group 09578,3,FRIENDS,True,NORMAL
GR009579,BK009579,J000144,Couple Demo Group 09579,3,COUPLE,True,NORMAL
GR009580,BK009580,J000144,Group Demo Group 09580,1,GROUP,True,NORMAL
GR009581,BK009581,J000144,Friends Demo Group 09581,4,FRIENDS,True,NORMAL
GR009582,BK009582,J000144,Couple Demo Group 09582,4,COUPLE,True,NORMAL
GR009583,BK009583,J000144,Couple Demo Group 09583,3,COUPLE,True,NORMAL
GR009584,BK009584,J000144,Group Demo Group 09584,1,GROUP,True,NORMAL
GR009585,BK009585,J000144,Group Demo Group 09585,1,GROUP,True,NORMAL
GR009586,BK009586,J000144,Group Demo Group 09586,1,GROUP,True,NORMAL
GR009587,BK009587,J000144,Friends Demo Group 09587,2,FRIENDS,True,NORMAL
GR009588,BK009588,J000144,Group Demo Group 09588,1,GROUP,True,NORMAL
GR009589,BK009589,J000144,Couple Demo Group 09589,5,COUPLE,True,NORMAL
GR009590,BK009590,J000144,Family Demo Group 09590,6,FAMILY,True,HIGH
GR009591,BK009591,J000144,Group Demo Group 09591,1,GROUP,True,NORMAL
GR009592,BK009592,J000144,Family Demo Group 09592,4,FAMILY,True,NORMAL
GR009593,BK009593,J000144,Family Demo Group 09593,3,FAMILY,True,NORMAL
GR009594,BK009594,J000144,Group Demo Group 09594,5,GROUP,True,NORMAL
GR009595,BK009595,J000144,Group Demo Group 09595,1,GROUP,True,NORMAL
GR009596,BK009596,J000144,Group Demo Group 09596,1,GROUP,True,NORMAL
GR009597,BK009597,J000144,Family Demo Group 09597,3,FAMILY,True,NORMAL
GR009598,BK009598,J000144,Group Demo Group 09598,1,GROUP,True,NORMAL
GR009599,BK009599,J000144,Group Demo Group 09599,4,GROUP,True,NORMAL
GR009600,BK009600,J000144,Family Demo Group 09600,4,FAMILY,True,NORMAL
GR009601,BK009601,J000144,Friends Demo Group 09601,4,FRIENDS,True,NORMAL
GR009602,BK009602,J000144,Group Demo Group 09602,1,GROUP,True,NORMAL
GR009603,BK009603,J000144,Group Demo Group 09603,4,GROUP,True,NORMAL
GR009604,BK009604,J000144,Couple Demo Group 09604,2,COUPLE,True,NORMAL
GR009605,BK009605,J000144,Family Demo Group 09605,3,FAMILY,True,NORMAL
GR009606,BK009606,J000144,Family Demo Group 09606,2,FAMILY,True,NORMAL
GR009607,BK009607,J000144,Friends Demo Group 09607,2,FRIENDS,True,NORMAL
GR009608,BK009608,J000144,Couple Demo Group 09608,2,COUPLE,True,NORMAL
GR009609,BK009609,J000144,Group Demo Group 09609,1,GROUP,True,NORMAL
GR009610,BK009610,J000144,Couple Demo Group 09610,4,COUPLE,True,NORMAL
GR009611,BK009611,J000144,Couple Demo Group 09611,3,COUPLE,True,NORMAL
GR009612,BK009612,J000144,Couple Demo Group 09612,2,COUPLE,True,NORMAL
GR009613,BK009613,J000144,Group Demo Group 09613,1,GROUP,True,NORMAL
GR009614,BK009614,J000144,Group Demo Group 09614,1,GROUP,True,NORMAL
GR009615,BK009615,J000144,Group Demo Group 09615,1,GROUP,True,NORMAL
GR009616,BK009616,J000144,Family Demo Group 09616,4,FAMILY,True,NORMAL
GR009617,BK009617,J000144,Family Demo Group 09617,7,FAMILY,True,HIGH
GR009618,BK009618,J000144,Family Demo Group 09618,2,FAMILY,True,NORMAL
GR009619,BK009619,J000144,Friends Demo Group 09619,2,FRIENDS,True,NORMAL
GR009620,BK009620,J000144,Couple Demo Group 09620,2,COUPLE,True,NORMAL
GR009621,BK009621,J000144,Friends Demo Group 09621,8,FRIENDS,True,HIGH
GR009622,BK009622,J000144,Friends Demo Group 09622,3,FRIENDS,True,NORMAL
GR009623,BK009623,J000144,Group Demo Group 09623,1,GROUP,True,NORMAL
GR009624,BK009624,J000144,Couple Demo Group 09624,2,COUPLE,True,NORMAL
GR009625,BK009625,J000145,Group Demo Group 09625,1,GROUP,True,NORMAL
GR009626,BK009626,J000145,Couple Demo Group 09626,4,COUPLE,True,NORMAL
GR009627,BK009627,J000145,Friends Demo Group 09627,6,FRIENDS,True,HIGH
GR009628,BK009628,J000145,Group Demo Group 09628,1,GROUP,True,NORMAL
GR009629,BK009629,J000145,Group Demo Group 09629,2,GROUP,True,NORMAL
GR009630,BK009630,J000145,Family Demo Group 09630,2,FAMILY,True,NORMAL
GR009631,BK009631,J000145,Friends Demo Group 09631,2,FRIENDS,True,NORMAL
GR009632,BK009632,J000145,Couple Demo Group 09632,2,COUPLE,True,NORMAL
GR009633,BK009633,J000145,Group Demo Group 09633,2,GROUP,True,NORMAL
GR009634,BK009634,J000145,Group Demo Group 09634,1,GROUP,True,NORMAL
GR009635,BK009635,J000145,Couple Demo Group 09635,3,COUPLE,True,NORMAL
GR009636,BK009636,J000145,Couple Demo Group 09636,2,COUPLE,True,NORMAL
GR009637,BK009637,J000145,Group Demo Group 09637,2,GROUP,True,NORMAL
GR009638,BK009638,J000145,Family Demo Group 09638,2,FAMILY,True,NORMAL
GR009639,BK009639,J000145,Couple Demo Group 09639,3,COUPLE,True,NORMAL
GR009640,BK009640,J000145,Group Demo Group 09640,1,GROUP,True,NORMAL
GR009641,BK009641,J000145,Group Demo Group 09641,1,GROUP,True,NORMAL
GR009642,BK009642,J000145,Couple Demo Group 09642,4,COUPLE,True,NORMAL
GR009643,BK009643,J000145,Group Demo Group 09643,1,GROUP,True,NORMAL
GR009644,BK009644,J000145,Couple Demo Group 09644,2,COUPLE,True,NORMAL
GR009645,BK009645,J000145,Friends Demo Group 09645,8,FRIENDS,True,HIGH
GR009646,BK009646,J000145,Family Demo Group 09646,6,FAMILY,True,HIGH
GR009647,BK009647,J000145,Group Demo Group 09647,1,GROUP,True,NORMAL
GR009648,BK009648,J000145,Friends Demo Group 09648,5,FRIENDS,True,NORMAL
GR009649,BK009649,J000145,Group Demo Group 09649,1,GROUP,True,NORMAL
GR009650,BK009650,J000145,Couple Demo Group 09650,4,COUPLE,True,NORMAL
GR009651,BK009651,J000145,Group Demo Group 09651,1,GROUP,True,NORMAL
GR009652,BK009652,J000145,Group Demo Group 09652,1,GROUP,True,NORMAL
GR009653,BK009653,J000145,Family Demo Group 09653,3,FAMILY,True,NORMAL
GR009654,BK009654,J000145,Couple Demo Group 09654,4,COUPLE,True,NORMAL
GR009655,BK009655,J000145,Couple Demo Group 09655,3,COUPLE,True,NORMAL
GR009656,BK009656,J000145,Group Demo Group 09656,1,GROUP,True,NORMAL
GR009657,BK009657,J000145,Couple Demo Group 09657,5,COUPLE,True,NORMAL
GR009658,BK009658,J000145,Friends Demo Group 09658,3,FRIENDS,True,NORMAL
GR009659,BK009659,J000145,Group Demo Group 09659,1,GROUP,True,NORMAL
GR009660,BK009660,J000145,Group Demo Group 09660,3,GROUP,True,NORMAL
GR009661,BK009661,J000145,Group Demo Group 09661,1,GROUP,True,NORMAL
GR009662,BK009662,J000145,Family Demo Group 09662,2,FAMILY,True,NORMAL
GR009663,BK009663,J000145,Couple Demo Group 09663,3,COUPLE,True,NORMAL
GR009664,BK009664,J000145,Couple Demo Group 09664,2,COUPLE,True,NORMAL
GR009665,BK009665,J000145,Group Demo Group 09665,2,GROUP,True,NORMAL
GR009666,BK009666,J000145,Family Demo Group 09666,2,FAMILY,True,NORMAL
GR009667,BK009667,J000145,Group Demo Group 09667,1,GROUP,True,NORMAL
GR009668,BK009668,J000145,Family Demo Group 09668,4,FAMILY,True,NORMAL
GR009669,BK009669,J000145,Friends Demo Group 09669,4,FRIENDS,True,NORMAL
GR009670,BK009670,J000145,Couple Demo Group 09670,4,COUPLE,True,NORMAL
GR009671,BK009671,J000145,Caregiver Demo Group 09671,4,CAREGIVER,True,HIGH
GR009672,BK009672,J000145,Couple Demo Group 09672,6,COUPLE,True,HIGH
GR009673,BK009673,J000145,Group Demo Group 09673,1,GROUP,True,NORMAL
GR009674,BK009674,J000145,Friends Demo Group 09674,3,FRIENDS,True,NORMAL
GR009675,BK009675,J000145,Family Demo Group 09675,5,FAMILY,True,NORMAL
GR009676,BK009676,J000145,Group Demo Group 09676,1,GROUP,True,NORMAL
GR009677,BK009677,J000145,Group Demo Group 09677,2,GROUP,True,NORMAL
GR009678,BK009678,J000145,Couple Demo Group 09678,4,COUPLE,True,NORMAL
GR009679,BK009679,J000145,Friends Demo Group 09679,6,FRIENDS,True,HIGH
GR009680,BK009680,J000145,Group Demo Group 09680,1,GROUP,True,NORMAL
GR009681,BK009681,J000145,Group Demo Group 09681,2,GROUP,True,NORMAL
GR009682,BK009682,J000145,Family Demo Group 09682,2,FAMILY,True,NORMAL
GR009683,BK009683,J000145,Group Demo Group 09683,1,GROUP,True,NORMAL
GR009684,BK009684,J000145,Group Demo Group 09684,1,GROUP,True,NORMAL
GR009685,BK009685,J000145,Group Demo Group 09685,2,GROUP,True,NORMAL
GR009686,BK009686,J000145,Friends Demo Group 09686,3,FRIENDS,True,NORMAL
GR009687,BK009687,J000145,Group Demo Group 09687,1,GROUP,True,NORMAL
GR009688,BK009688,J000145,Family Demo Group 09688,4,FAMILY,True,NORMAL
GR009689,BK009689,J000145,Friends Demo Group 09689,4,FRIENDS,True,NORMAL
GR009690,BK009690,J000145,Caregiver Demo Group 09690,6,CAREGIVER,True,HIGH
GR009691,BK009691,J000146,Group Demo Group 09691,4,GROUP,True,NORMAL
GR009692,BK009692,J000146,Group Demo Group 09692,1,GROUP,True,NORMAL
GR009693,BK009693,J000146,Group Demo Group 09693,2,GROUP,True,NORMAL
GR009694,BK009694,J000146,Couple Demo Group 09694,8,COUPLE,True,HIGH
GR009695,BK009695,J000146,Friends Demo Group 09695,2,FRIENDS,True,NORMAL
GR009696,BK009696,J000146,Family Demo Group 09696,4,FAMILY,True,NORMAL
GR009697,BK009697,J000146,Group Demo Group 09697,1,GROUP,True,NORMAL
GR009698,BK009698,J000146,Family Demo Group 09698,2,FAMILY,True,NORMAL
GR009699,BK009699,J000146,Friends Demo Group 09699,2,FRIENDS,True,NORMAL
GR009700,BK009700,J000146,Group Demo Group 09700,1,GROUP,True,NORMAL
GR009701,BK009701,J000146,Group Demo Group 09701,2,GROUP,True,NORMAL
GR009702,BK009702,J000146,Couple Demo Group 09702,4,COUPLE,True,NORMAL
GR009703,BK009703,J000146,Couple Demo Group 09703,3,COUPLE,True,NORMAL
GR009704,BK009704,J000146,Couple Demo Group 09704,2,COUPLE,True,NORMAL
GR009705,BK009705,J000146,Family Demo Group 09705,3,FAMILY,True,NORMAL
GR009706,BK009706,J000146,Family Demo Group 09706,2,FAMILY,True,NORMAL
GR009707,BK009707,J000146,Group Demo Group 09707,4,GROUP,True,NORMAL
GR009708,BK009708,J000146,Couple Demo Group 09708,2,COUPLE,True,NORMAL
GR009709,BK009709,J000146,Group Demo Group 09709,2,GROUP,True,NORMAL
GR009710,BK009710,J000146,Family Demo Group 09710,6,FAMILY,True,HIGH
GR009711,BK009711,J000146,Group Demo Group 09711,4,GROUP,True,NORMAL
GR009712,BK009712,J000146,Group Demo Group 09712,1,GROUP,True,NORMAL
GR009713,BK009713,J000146,Friends Demo Group 09713,4,FRIENDS,True,NORMAL
GR009714,BK009714,J000146,Family Demo Group 09714,2,FAMILY,True,NORMAL
GR009715,BK009715,J000146,Couple Demo Group 09715,3,COUPLE,True,NORMAL
GR009716,BK009716,J000146,Friends Demo Group 09716,5,FRIENDS,True,NORMAL
GR009717,BK009717,J000146,Friends Demo Group 09717,4,FRIENDS,True,NORMAL
GR009718,BK009718,J000146,Friends Demo Group 09718,3,FRIENDS,True,NORMAL
GR009719,BK009719,J000146,Friends Demo Group 09719,6,FRIENDS,True,HIGH
GR009720,BK009720,J000146,Family Demo Group 09720,4,FAMILY,True,NORMAL
GR009721,BK009721,J000146,Group Demo Group 09721,6,GROUP,True,HIGH
GR009722,BK009722,J000146,Group Demo Group 09722,1,GROUP,True,NORMAL
GR009723,BK009723,J000146,Friends Demo Group 09723,2,FRIENDS,True,NORMAL
GR009724,BK009724,J000146,Family Demo Group 09724,4,FAMILY,True,NORMAL
GR009725,BK009725,J000146,Group Demo Group 09725,1,GROUP,True,NORMAL
GR009726,BK009726,J000146,Group Demo Group 09726,5,GROUP,True,NORMAL
GR009727,BK009727,J000146,Group Demo Group 09727,4,GROUP,True,NORMAL
GR009728,BK009728,J000146,Couple Demo Group 09728,2,COUPLE,True,NORMAL
GR009729,BK009729,J000146,Friends Demo Group 09729,8,FRIENDS,True,HIGH
GR009730,BK009730,J000146,Family Demo Group 09730,6,FAMILY,True,HIGH
GR009731,BK009731,J000146,Friends Demo Group 09731,6,FRIENDS,True,HIGH
GR009732,BK009732,J000146,Couple Demo Group 09732,2,COUPLE,True,NORMAL
GR009733,BK009733,J000146,Family Demo Group 09733,3,FAMILY,True,NORMAL
GR009734,BK009734,J000146,Group Demo Group 09734,1,GROUP,True,NORMAL
GR009735,BK009735,J000146,Group Demo Group 09735,8,GROUP,True,HIGH
GR009736,BK009736,J000146,Couple Demo Group 09736,2,COUPLE,True,NORMAL
GR009737,BK009737,J000146,Family Demo Group 09737,3,FAMILY,True,NORMAL
GR009738,BK009738,J000146,Friends Demo Group 09738,3,FRIENDS,True,NORMAL
GR009739,BK009739,J000146,Group Demo Group 09739,4,GROUP,True,NORMAL
GR009740,BK009740,J000146,Couple Demo Group 09740,6,COUPLE,True,HIGH
GR009741,BK009741,J000146,Family Demo Group 09741,3,FAMILY,True,NORMAL
GR009742,BK009742,J000146,Friends Demo Group 09742,3,FRIENDS,True,NORMAL
GR009743,BK009743,J000146,Friends Demo Group 09743,2,FRIENDS,True,NORMAL
GR009744,BK009744,J000146,Couple Demo Group 09744,2,COUPLE,True,NORMAL
GR009745,BK009745,J000146,Group Demo Group 09745,2,GROUP,True,NORMAL
GR009746,BK009746,J000146,Group Demo Group 09746,1,GROUP,True,NORMAL
GR009747,BK009747,J000146,Couple Demo Group 09747,3,COUPLE,True,NORMAL
GR009748,BK009748,J000146,Group Demo Group 09748,1,GROUP,True,NORMAL
GR009749,BK009749,J000146,Group Demo Group 09749,2,GROUP,True,NORMAL
GR009750,BK009750,J000146,Group Demo Group 09750,1,GROUP,True,NORMAL
GR009751,BK009751,J000146,Group Demo Group 09751,4,GROUP,True,NORMAL
GR009752,BK009752,J000146,Family Demo Group 09752,8,FAMILY,True,HIGH
GR009753,BK009753,J000146,Friends Demo Group 09753,8,FRIENDS,True,HIGH
GR009754,BK009754,J000146,Family Demo Group 09754,2,FAMILY,True,NORMAL
GR009755,BK009755,J000146,Group Demo Group 09755,1,GROUP,True,NORMAL
GR009756,BK009756,J000146,Family Demo Group 09756,4,FAMILY,True,NORMAL
GR009757,BK009757,J000147,Group Demo Group 09757,2,GROUP,True,NORMAL
GR009758,BK009758,J000147,Family Demo Group 09758,6,FAMILY,True,HIGH
GR009759,BK009759,J000147,Couple Demo Group 09759,3,COUPLE,True,NORMAL
GR009760,BK009760,J000147,Family Demo Group 09760,4,FAMILY,True,NORMAL
GR009761,BK009761,J000147,Friends Demo Group 09761,4,FRIENDS,True,NORMAL
GR009762,BK009762,J000147,Family Demo Group 09762,2,FAMILY,True,NORMAL
GR009763,BK009763,J000147,Group Demo Group 09763,4,GROUP,True,NORMAL
GR009764,BK009764,J000147,Group Demo Group 09764,3,GROUP,True,NORMAL
GR009765,BK009765,J000147,Group Demo Group 09765,1,GROUP,True,NORMAL
GR009766,BK009766,J000147,Group Demo Group 09766,1,GROUP,True,NORMAL
GR009767,BK009767,J000147,Group Demo Group 09767,4,GROUP,True,NORMAL
GR009768,BK009768,J000147,Group Demo Group 09768,3,GROUP,True,NORMAL
GR009769,BK009769,J000147,Group Demo Group 09769,1,GROUP,True,NORMAL
GR009770,BK009770,J000147,Family Demo Group 09770,2,FAMILY,True,NORMAL
GR009771,BK009771,J000147,Group Demo Group 09771,8,GROUP,True,HIGH
GR009772,BK009772,J000147,Group Demo Group 09772,1,GROUP,True,NORMAL
GR009773,BK009773,J000147,Group Demo Group 09773,2,GROUP,True,NORMAL
GR009774,BK009774,J000147,Family Demo Group 09774,2,FAMILY,True,NORMAL
GR009775,BK009775,J000147,Family Demo Group 09775,5,FAMILY,True,NORMAL
GR009776,BK009776,J000147,Couple Demo Group 09776,2,COUPLE,True,NORMAL
GR009777,BK009777,J000147,Family Demo Group 09777,3,FAMILY,True,NORMAL
GR009778,BK009778,J000147,Family Demo Group 09778,6,FAMILY,True,HIGH
GR009779,BK009779,J000147,Friends Demo Group 09779,6,FRIENDS,True,HIGH
GR009780,BK009780,J000147,Family Demo Group 09780,4,FAMILY,True,NORMAL
GR009781,BK009781,J000147,Group Demo Group 09781,1,GROUP,True,NORMAL
GR009782,BK009782,J000147,Family Demo Group 09782,2,FAMILY,True,NORMAL
GR009783,BK009783,J000147,Group Demo Group 09783,1,GROUP,True,NORMAL
GR009784,BK009784,J000147,Group Demo Group 09784,3,GROUP,True,NORMAL
GR009785,BK009785,J000147,Group Demo Group 09785,1,GROUP,True,NORMAL
GR009786,BK009786,J000147,Couple Demo Group 09786,4,COUPLE,True,NORMAL
GR009787,BK009787,J000147,Friends Demo Group 09787,2,FRIENDS,True,NORMAL
GR009788,BK009788,J000147,Group Demo Group 09788,3,GROUP,True,NORMAL
GR009789,BK009789,J000147,Group Demo Group 09789,2,GROUP,True,NORMAL
GR009790,BK009790,J000147,Family Demo Group 09790,2,FAMILY,True,NORMAL
GR009791,BK009791,J000147,Couple Demo Group 09791,7,COUPLE,True,HIGH
GR009792,BK009792,J000147,Group Demo Group 09792,1,GROUP,True,NORMAL
GR009793,BK009793,J000147,Family Demo Group 09793,3,FAMILY,True,NORMAL
GR009794,BK009794,J000147,Group Demo Group 09794,1,GROUP,True,NORMAL
GR009795,BK009795,J000147,Friends Demo Group 09795,6,FRIENDS,True,HIGH
GR009796,BK009796,J000147,Group Demo Group 09796,1,GROUP,True,NORMAL
GR009797,BK009797,J000147,Group Demo Group 09797,2,GROUP,True,NORMAL
GR009798,BK009798,J000147,Group Demo Group 09798,1,GROUP,True,NORMAL
GR009799,BK009799,J000147,Group Demo Group 09799,4,GROUP,True,NORMAL
GR009800,BK009800,J000147,Group Demo Group 09800,1,GROUP,True,NORMAL
GR009801,BK009801,J000147,Family Demo Group 09801,7,FAMILY,True,HIGH
GR009802,BK009802,J000147,Friends Demo Group 09802,3,FRIENDS,True,NORMAL
GR009803,BK009803,J000147,Couple Demo Group 09803,3,COUPLE,True,NORMAL
GR009804,BK009804,J000147,Couple Demo Group 09804,2,COUPLE,True,NORMAL
GR009805,BK009805,J000147,Friends Demo Group 09805,4,FRIENDS,True,NORMAL
GR009806,BK009806,J000147,Family Demo Group 09806,2,FAMILY,True,NORMAL
GR009807,BK009807,J000147,Friends Demo Group 09807,2,FRIENDS,True,NORMAL
GR009808,BK009808,J000147,Group Demo Group 09808,1,GROUP,True,NORMAL
GR009809,BK009809,J000147,Group Demo Group 09809,1,GROUP,True,NORMAL
GR009810,BK009810,J000147,Friends Demo Group 09810,3,FRIENDS,True,NORMAL
GR009811,BK009811,J000147,Group Demo Group 09811,1,GROUP,True,NORMAL
GR009812,BK009812,J000147,Family Demo Group 09812,4,FAMILY,True,NORMAL
GR009813,BK009813,J000147,Family Demo Group 09813,3,FAMILY,True,NORMAL
GR009814,BK009814,J000147,Family Demo Group 09814,2,FAMILY,True,NORMAL
GR009815,BK009815,J000147,Group Demo Group 09815,1,GROUP,True,NORMAL
GR009816,BK009816,J000147,Group Demo Group 09816,3,GROUP,True,NORMAL
GR009817,BK009817,J000147,Group Demo Group 09817,1,GROUP,True,NORMAL
GR009818,BK009818,J000147,Group Demo Group 09818,1,GROUP,True,NORMAL
GR009819,BK009819,J000147,Group Demo Group 09819,1,GROUP,True,NORMAL
GR009820,BK009820,J000147,Group Demo Group 09820,1,GROUP,True,NORMAL
GR009821,BK009821,J000147,Friends Demo Group 09821,4,FRIENDS,True,NORMAL
GR009822,BK009822,J000147,Family Demo Group 09822,2,FAMILY,True,NORMAL
GR009823,BK009823,J000148,Friends Demo Group 09823,2,FRIENDS,True,NORMAL
GR009824,BK009824,J000148,Couple Demo Group 09824,2,COUPLE,True,NORMAL
GR009825,BK009825,J000148,Group Demo Group 09825,1,GROUP,True,NORMAL
GR009826,BK009826,J000148,Group Demo Group 09826,1,GROUP,True,NORMAL
GR009827,BK009827,J000148,Couple Demo Group 09827,3,COUPLE,True,NORMAL
GR009828,BK009828,J000148,Couple Demo Group 09828,2,COUPLE,True,NORMAL
GR009829,BK009829,J000148,Group Demo Group 09829,2,GROUP,True,NORMAL
GR009830,BK009830,J000148,Family Demo Group 09830,2,FAMILY,True,NORMAL
GR009831,BK009831,J000148,Friends Demo Group 09831,2,FRIENDS,True,NORMAL
GR009832,BK009832,J000148,Family Demo Group 09832,4,FAMILY,True,NORMAL
GR009833,BK009833,J000148,Family Demo Group 09833,3,FAMILY,True,NORMAL
GR009834,BK009834,J000148,Group Demo Group 09834,1,GROUP,True,NORMAL
GR009835,BK009835,J000148,Group Demo Group 09835,1,GROUP,True,NORMAL
GR009836,BK009836,J000148,Group Demo Group 09836,1,GROUP,True,NORMAL
GR009837,BK009837,J000148,Group Demo Group 09837,2,GROUP,True,NORMAL
GR009838,BK009838,J000148,Friends Demo Group 09838,3,FRIENDS,True,NORMAL
GR009839,BK009839,J000148,Group Demo Group 09839,4,GROUP,True,NORMAL
GR009840,BK009840,J000148,Couple Demo Group 09840,2,COUPLE,True,NORMAL
GR009841,BK009841,J000148,Friends Demo Group 09841,8,FRIENDS,True,HIGH
GR009842,BK009842,J000148,Group Demo Group 09842,1,GROUP,True,NORMAL
GR009843,BK009843,J000148,Couple Demo Group 09843,3,COUPLE,True,NORMAL
GR009844,BK009844,J000148,Couple Demo Group 09844,2,COUPLE,True,NORMAL
GR009845,BK009845,J000148,Group Demo Group 09845,2,GROUP,True,NORMAL
GR009846,BK009846,J000148,Group Demo Group 09846,1,GROUP,True,NORMAL
GR009847,BK009847,J000148,Friends Demo Group 09847,2,FRIENDS,True,NORMAL
GR009848,BK009848,J000148,Couple Demo Group 09848,2,COUPLE,True,NORMAL
GR009849,BK009849,J000148,Group Demo Group 09849,2,GROUP,True,NORMAL
GR009850,BK009850,J000148,Group Demo Group 09850,1,GROUP,True,NORMAL
GR009851,BK009851,J000148,Friends Demo Group 09851,2,FRIENDS,True,NORMAL
GR009852,BK009852,J000148,Couple Demo Group 09852,2,COUPLE,True,NORMAL
GR009853,BK009853,J000148,Group Demo Group 09853,2,GROUP,True,NORMAL
GR009854,BK009854,J000148,Couple Demo Group 09854,8,COUPLE,True,HIGH
GR009855,BK009855,J000148,Group Demo Group 09855,1,GROUP,True,NORMAL
GR009856,BK009856,J000148,Group Demo Group 09856,1,GROUP,True,NORMAL
GR009857,BK009857,J000148,Friends Demo Group 09857,4,FRIENDS,True,NORMAL
GR009858,BK009858,J000148,Group Demo Group 09858,1,GROUP,True,NORMAL
GR009859,BK009859,J000148,Group Demo Group 09859,4,GROUP,True,NORMAL
GR009860,BK009860,J000148,Couple Demo Group 09860,2,COUPLE,True,NORMAL
GR009861,BK009861,J000148,Caregiver Demo Group 09861,7,CAREGIVER,True,HIGH
GR009862,BK009862,J000148,Group Demo Group 09862,1,GROUP,True,NORMAL
GR009863,BK009863,J000148,Couple Demo Group 09863,3,COUPLE,True,NORMAL
GR009864,BK009864,J000148,Group Demo Group 09864,3,GROUP,True,NORMAL
GR009865,BK009865,J000148,Friends Demo Group 09865,4,FRIENDS,True,NORMAL
GR009866,BK009866,J000148,Couple Demo Group 09866,4,COUPLE,True,NORMAL
GR009867,BK009867,J000148,Couple Demo Group 09867,7,COUPLE,True,HIGH
GR009868,BK009868,J000148,Group Demo Group 09868,3,GROUP,True,NORMAL
GR009869,BK009869,J000148,Friends Demo Group 09869,4,FRIENDS,True,NORMAL
GR009870,BK009870,J000148,Family Demo Group 09870,2,FAMILY,True,NORMAL
GR009871,BK009871,J000148,Friends Demo Group 09871,2,FRIENDS,True,NORMAL
GR009872,BK009872,J000148,Couple Demo Group 09872,2,COUPLE,True,NORMAL
GR009873,BK009873,J000148,Group Demo Group 09873,6,GROUP,True,HIGH
GR009874,BK009874,J000148,Couple Demo Group 09874,4,COUPLE,True,NORMAL
GR009875,BK009875,J000148,Group Demo Group 09875,4,GROUP,True,NORMAL
GR009876,BK009876,J000148,Friends Demo Group 09876,5,FRIENDS,True,NORMAL
GR009877,BK009877,J000148,Friends Demo Group 09877,8,FRIENDS,True,HIGH
GR009878,BK009878,J000148,Group Demo Group 09878,1,GROUP,True,NORMAL
GR009879,BK009879,J000148,Friends Demo Group 09879,2,FRIENDS,True,NORMAL
GR009880,BK009880,J000148,Caregiver Demo Group 09880,8,CAREGIVER,True,HIGH
GR009881,BK009881,J000148,Friends Demo Group 09881,4,FRIENDS,True,NORMAL
GR009882,BK009882,J000148,Group Demo Group 09882,1,GROUP,True,NORMAL
GR009883,BK009883,J000148,Group Demo Group 09883,4,GROUP,True,NORMAL
GR009884,BK009884,J000148,Couple Demo Group 09884,6,COUPLE,True,HIGH
GR009885,BK009885,J000148,Friends Demo Group 09885,4,FRIENDS,True,NORMAL
GR009886,BK009886,J000148,Couple Demo Group 09886,4,COUPLE,True,NORMAL
GR009887,BK009887,J000148,Friends Demo Group 09887,2,FRIENDS,True,NORMAL
GR009888,BK009888,J000148,Group Demo Group 09888,3,GROUP,True,NORMAL
GR009889,BK009889,J000149,Friends Demo Group 09889,4,FRIENDS,True,NORMAL
GR009890,BK009890,J000149,Friends Demo Group 09890,3,FRIENDS,True,NORMAL
GR009891,BK009891,J000149,Couple Demo Group 09891,3,COUPLE,True,NORMAL
GR009892,BK009892,J000149,Group Demo Group 09892,1,GROUP,True,NORMAL
GR009893,BK009893,J000149,Group Demo Group 09893,2,GROUP,True,NORMAL
GR009894,BK009894,J000149,Family Demo Group 09894,2,FAMILY,True,NORMAL
GR009895,BK009895,J000149,Group Demo Group 09895,1,GROUP,True,NORMAL
GR009896,BK009896,J000149,Group Demo Group 09896,3,GROUP,True,NORMAL
GR009897,BK009897,J000149,Group Demo Group 09897,2,GROUP,True,NORMAL
GR009898,BK009898,J000149,Couple Demo Group 09898,4,COUPLE,True,NORMAL
GR009899,BK009899,J000149,Caregiver Demo Group 09899,5,CAREGIVER,True,HIGH
GR009900,BK009900,J000149,Family Demo Group 09900,4,FAMILY,True,NORMAL
GR009901,BK009901,J000149,Family Demo Group 09901,3,FAMILY,True,NORMAL
GR009902,BK009902,J000149,Couple Demo Group 09902,4,COUPLE,True,NORMAL
GR009903,BK009903,J000149,Group Demo Group 09903,1,GROUP,True,NORMAL
GR009904,BK009904,J000149,Family Demo Group 09904,4,FAMILY,True,NORMAL
GR009905,BK009905,J000149,Group Demo Group 09905,1,GROUP,True,NORMAL
GR009906,BK009906,J000149,Group Demo Group 09906,1,GROUP,True,NORMAL
GR009907,BK009907,J000149,Friends Demo Group 09907,2,FRIENDS,True,NORMAL
GR009908,BK009908,J000149,Couple Demo Group 09908,2,COUPLE,True,NORMAL
GR009909,BK009909,J000149,Group Demo Group 09909,2,GROUP,True,NORMAL
GR009910,BK009910,J000149,Friends Demo Group 09910,3,FRIENDS,True,NORMAL
GR009911,BK009911,J000149,Friends Demo Group 09911,2,FRIENDS,True,NORMAL
GR009912,BK009912,J000149,Group Demo Group 09912,1,GROUP,True,NORMAL
GR009913,BK009913,J000149,Group Demo Group 09913,6,GROUP,True,HIGH
GR009914,BK009914,J000149,Group Demo Group 09914,1,GROUP,True,NORMAL
GR009915,BK009915,J000149,Couple Demo Group 09915,7,COUPLE,True,HIGH
GR009916,BK009916,J000149,Couple Demo Group 09916,6,COUPLE,True,HIGH
GR009917,BK009917,J000149,Group Demo Group 09917,2,GROUP,True,NORMAL
GR009918,BK009918,J000149,Group Demo Group 09918,1,GROUP,True,NORMAL
GR009919,BK009919,J000149,Group Demo Group 09919,4,GROUP,True,NORMAL
GR009920,BK009920,J000149,Couple Demo Group 09920,6,COUPLE,True,HIGH
GR009921,BK009921,J000149,Group Demo Group 09921,2,GROUP,True,NORMAL
GR009922,BK009922,J000149,Family Demo Group 09922,2,FAMILY,True,NORMAL
GR009923,BK009923,J000149,Friends Demo Group 09923,2,FRIENDS,True,NORMAL
GR009924,BK009924,J000149,Group Demo Group 09924,1,GROUP,True,NORMAL
GR009925,BK009925,J000149,Family Demo Group 09925,3,FAMILY,True,NORMAL
GR009926,BK009926,J000149,Family Demo Group 09926,2,FAMILY,True,NORMAL
GR009927,BK009927,J000149,Friends Demo Group 09927,6,FRIENDS,True,HIGH
GR009928,BK009928,J000149,Friends Demo Group 09928,5,FRIENDS,True,NORMAL
GR009929,BK009929,J000149,Group Demo Group 09929,1,GROUP,True,NORMAL
GR009930,BK009930,J000149,Group Demo Group 09930,5,GROUP,True,NORMAL
GR009931,BK009931,J000149,Family Demo Group 09931,5,FAMILY,True,NORMAL
GR009932,BK009932,J000149,Friends Demo Group 09932,5,FRIENDS,True,NORMAL
GR009933,BK009933,J000149,Group Demo Group 09933,6,GROUP,True,HIGH
GR009934,BK009934,J000149,Group Demo Group 09934,1,GROUP,True,NORMAL
GR009935,BK009935,J000149,Couple Demo Group 09935,3,COUPLE,True,NORMAL
GR009936,BK009936,J000149,Couple Demo Group 09936,2,COUPLE,True,NORMAL
GR009937,BK009937,J000149,Caregiver Demo Group 09937,4,CAREGIVER,True,HIGH
GR009938,BK009938,J000149,Couple Demo Group 09938,4,COUPLE,True,NORMAL
GR009939,BK009939,J000149,Friends Demo Group 09939,2,FRIENDS,True,NORMAL
GR009940,BK009940,J000149,Family Demo Group 09940,4,FAMILY,True,NORMAL
GR009941,BK009941,J000149,Group Demo Group 09941,1,GROUP,True,NORMAL
GR009942,BK009942,J000149,Group Demo Group 09942,1,GROUP,True,NORMAL
GR009943,BK009943,J000149,Family Demo Group 09943,5,FAMILY,True,NORMAL
GR009944,BK009944,J000149,Couple Demo Group 09944,6,COUPLE,True,HIGH
GR009945,BK009945,J000149,Group Demo Group 09945,1,GROUP,True,NORMAL
GR009946,BK009946,J000149,Family Demo Group 09946,2,FAMILY,True,NORMAL
GR009947,BK009947,J000149,Group Demo Group 09947,4,GROUP,True,NORMAL
GR009948,BK009948,J000149,Group Demo Group 09948,1,GROUP,True,NORMAL
GR009949,BK009949,J000149,Family Demo Group 09949,3,FAMILY,True,NORMAL
GR009950,BK009950,J000149,Family Demo Group 09950,2,FAMILY,True,NORMAL
GR009951,BK009951,J000149,Couple Demo Group 09951,3,COUPLE,True,NORMAL
GR009952,BK009952,J000149,Group Demo Group 09952,7,GROUP,True,HIGH
GR009953,BK009953,J000149,Group Demo Group 09953,2,GROUP,True,NORMAL
GR009954,BK009954,J000149,Group Demo Group 09954,5,GROUP,True,NORMAL
GR009955,BK009955,J000150,Group Demo Group 09955,1,GROUP,True,NORMAL
GR009956,BK009956,J000150,Group Demo Group 09956,3,GROUP,True,NORMAL
GR009957,BK009957,J000150,Friends Demo Group 09957,8,FRIENDS,True,HIGH
GR009958,BK009958,J000150,Couple Demo Group 09958,4,COUPLE,True,NORMAL
GR009959,BK009959,J000150,Friends Demo Group 09959,2,FRIENDS,True,NORMAL
GR009960,BK009960,J000150,Couple Demo Group 09960,2,COUPLE,True,NORMAL
GR009961,BK009961,J000150,Group Demo Group 09961,2,GROUP,True,NORMAL
GR009962,BK009962,J000150,Group Demo Group 09962,1,GROUP,True,NORMAL
GR009963,BK009963,J000150,Group Demo Group 09963,4,GROUP,True,NORMAL
GR009964,BK009964,J000150,Group Demo Group 09964,1,GROUP,True,NORMAL
GR009965,BK009965,J000150,Friends Demo Group 09965,4,FRIENDS,True,NORMAL
GR009966,BK009966,J000150,Group Demo Group 09966,1,GROUP,True,NORMAL
GR009967,BK009967,J000150,Couple Demo Group 09967,3,COUPLE,True,NORMAL
GR009968,BK009968,J000150,Couple Demo Group 09968,2,COUPLE,True,NORMAL
GR009969,BK009969,J000150,Group Demo Group 09969,2,GROUP,True,NORMAL
GR009970,BK009970,J000150,Friends Demo Group 09970,3,FRIENDS,True,NORMAL
GR009971,BK009971,J000150,Group Demo Group 09971,4,GROUP,True,NORMAL
GR009972,BK009972,J000150,Group Demo Group 09972,1,GROUP,True,NORMAL
GR009973,BK009973,J000150,Family Demo Group 09973,3,FAMILY,True,NORMAL
GR009974,BK009974,J000150,Group Demo Group 09974,5,GROUP,True,NORMAL
GR009975,BK009975,J000150,Caregiver Demo Group 09975,4,CAREGIVER,True,HIGH
GR009976,BK009976,J000150,Group Demo Group 09976,1,GROUP,True,NORMAL
GR009977,BK009977,J000150,Friends Demo Group 09977,4,FRIENDS,True,NORMAL
GR009978,BK009978,J000150,Group Demo Group 09978,1,GROUP,True,NORMAL
GR009979,BK009979,J000150,Group Demo Group 09979,1,GROUP,True,NORMAL
GR009980,BK009980,J000150,Couple Demo Group 09980,2,COUPLE,True,NORMAL
GR009981,BK009981,J000150,Group Demo Group 09981,2,GROUP,True,NORMAL
GR009982,BK009982,J000150,Family Demo Group 09982,2,FAMILY,True,NORMAL
GR009983,BK009983,J000150,Friends Demo Group 09983,2,FRIENDS,True,NORMAL
GR009984,BK009984,J000150,Couple Demo Group 09984,2,COUPLE,True,NORMAL
GR009985,BK009985,J000150,Friends Demo Group 09985,4,FRIENDS,True,NORMAL
GR009986,BK009986,J000150,Couple Demo Group 09986,4,COUPLE,True,NORMAL
GR009987,BK009987,J000150,Group Demo Group 09987,1,GROUP,True,NORMAL
GR009988,BK009988,J000150,Group Demo Group 09988,3,GROUP,True,NORMAL
GR009989,BK009989,J000150,Group Demo Group 09989,1,GROUP,True,NORMAL
GR009990,BK009990,J000150,Group Demo Group 09990,1,GROUP,True,NORMAL
GR009991,BK009991,J000150,Group Demo Group 09991,1,GROUP,True,NORMAL
GR009992,BK009992,J000150,Couple Demo Group 09992,2,COUPLE,True,NORMAL
GR009993,BK009993,J000150,Group Demo Group 09993,2,GROUP,True,NORMAL
GR009994,BK009994,J000150,Caregiver Demo Group 09994,4,CAREGIVER,True,HIGH
GR009995,BK009995,J000150,Couple Demo Group 09995,3,COUPLE,True,NORMAL
GR009996,BK009996,J000150,Family Demo Group 09996,4,FAMILY,True,NORMAL
GR009997,BK009997,J000150,Family Demo Group 09997,3,FAMILY,True,NORMAL
GR009998,BK009998,J000150,Group Demo Group 09998,5,GROUP,True,NORMAL
GR009999,BK009999,J000150,Group Demo Group 09999,4,GROUP,True,NORMAL
GR010000,BK010000,J000150,Couple Demo Group 10000,2,COUPLE,True,NORMAL
GR010001,BK010001,J000150,Friends Demo Group 10001,4,FRIENDS,True,NORMAL
GR010002,BK010002,J000150,Group Demo Group 10002,1,GROUP,True,NORMAL
GR010003,BK010003,J000150,Friends Demo Group 10003,2,FRIENDS,True,NORMAL
GR010004,BK010004,J000150,Couple Demo Group 10004,2,COUPLE,True,NORMAL
GR010005,BK010005,J000150,Friends Demo Group 10005,4,FRIENDS,True,NORMAL
GR010006,BK010006,J000150,Couple Demo Group 10006,4,COUPLE,True,NORMAL
GR010007,BK010007,J000150,Group Demo Group 10007,1,GROUP,True,NORMAL
GR010008,BK010008,J000150,Group Demo Group 10008,1,GROUP,True,NORMAL
GR010009,BK010009,J000150,Friends Demo Group 10009,4,FRIENDS,True,NORMAL
GR010010,BK010010,J000150,Family Demo Group 10010,2,FAMILY,True,NORMAL
GR010011,BK010011,J000150,Friends Demo Group 10011,2,FRIENDS,True,NORMAL
GR010012,BK010012,J000150,Group Demo Group 10012,3,GROUP,True,NORMAL
GR010013,BK010013,J000150,Group Demo Group 10013,1,GROUP,True,NORMAL
GR010014,BK010014,J000150,Group Demo Group 10014,1,GROUP,True,NORMAL
GR010015,BK010015,J000150,Couple Demo Group 10015,3,COUPLE,True,NORMAL
GR010016,BK010016,J000150,Couple Demo Group 10016,2,COUPLE,True,NORMAL
GR010017,BK010017,J000150,Group Demo Group 10017,1,GROUP,True,NORMAL
GR010018,BK010018,J000150,Group Demo Group 10018,1,GROUP,True,NORMAL
GR010019,BK010019,J000150,Couple Demo Group 10019,3,COUPLE,True,NORMAL
GR010020,BK010020,J000150,Group Demo Group 10020,3,GROUP,True,NORMAL
GR010021,BK010021,J000151,Group Demo Group 10021,2,GROUP,True,NORMAL
GR010022,BK010022,J000151,Family Demo Group 10022,2,FAMILY,True,NORMAL
GR010023,BK010023,J000151,Group Demo Group 10023,4,GROUP,True,NORMAL
GR010024,BK010024,J000151,Family Demo Group 10024,4,FAMILY,True,NORMAL
GR010025,BK010025,J000151,Group Demo Group 10025,1,GROUP,True,NORMAL
GR010026,BK010026,J000151,Couple Demo Group 10026,4,COUPLE,True,NORMAL
GR010027,BK010027,J000151,Couple Demo Group 10027,3,COUPLE,True,NORMAL
GR010028,BK010028,J000151,Friends Demo Group 10028,5,FRIENDS,True,NORMAL
GR010029,BK010029,J000151,Group Demo Group 10029,2,GROUP,True,NORMAL
GR010030,BK010030,J000151,Group Demo Group 10030,1,GROUP,True,NORMAL
GR010031,BK010031,J000151,Friends Demo Group 10031,2,FRIENDS,True,NORMAL
GR010032,BK010032,J000151,Couple Demo Group 10032,2,COUPLE,True,NORMAL
GR010033,BK010033,J000151,Group Demo Group 10033,2,GROUP,True,NORMAL
GR010034,BK010034,J000151,Friends Demo Group 10034,3,FRIENDS,True,NORMAL
GR010035,BK010035,J000151,Group Demo Group 10035,4,GROUP,True,NORMAL
GR010036,BK010036,J000151,Group Demo Group 10036,3,GROUP,True,NORMAL
GR010037,BK010037,J000151,Friends Demo Group 10037,4,FRIENDS,True,NORMAL
GR010038,BK010038,J000151,Family Demo Group 10038,2,FAMILY,True,NORMAL
GR010039,BK010039,J000151,Couple Demo Group 10039,3,COUPLE,True,NORMAL
GR010040,BK010040,J000151,Couple Demo Group 10040,2,COUPLE,True,NORMAL
GR010041,BK010041,J000151,Friends Demo Group 10041,4,FRIENDS,True,NORMAL
GR010042,BK010042,J000151,Friends Demo Group 10042,3,FRIENDS,True,NORMAL
GR010043,BK010043,J000151,Friends Demo Group 10043,6,FRIENDS,True,HIGH
GR010044,BK010044,J000151,Family Demo Group 10044,4,FAMILY,True,NORMAL
GR010045,BK010045,J000151,Group Demo Group 10045,2,GROUP,True,NORMAL
GR010046,BK010046,J000151,Family Demo Group 10046,2,FAMILY,True,NORMAL
GR010047,BK010047,J000151,Group Demo Group 10047,4,GROUP,True,NORMAL
GR010048,BK010048,J000151,Family Demo Group 10048,4,FAMILY,True,NORMAL
GR010049,BK010049,J000151,Friends Demo Group 10049,4,FRIENDS,True,NORMAL
GR010050,BK010050,J000151,Family Demo Group 10050,6,FAMILY,True,HIGH
GR010051,BK010051,J000151,Friends Demo Group 10051,2,FRIENDS,True,NORMAL
GR010052,BK010052,J000151,Couple Demo Group 10052,2,COUPLE,True,NORMAL
GR010053,BK010053,J000151,Group Demo Group 10053,1,GROUP,True,NORMAL
GR010054,BK010054,J000151,Family Demo Group 10054,2,FAMILY,True,NORMAL
GR010055,BK010055,J000151,Friends Demo Group 10055,2,FRIENDS,True,NORMAL
GR010056,BK010056,J000151,Family Demo Group 10056,4,FAMILY,True,NORMAL
GR010057,BK010057,J000151,Group Demo Group 10057,2,GROUP,True,NORMAL
GR010058,BK010058,J000151,Family Demo Group 10058,2,FAMILY,True,NORMAL
GR010059,BK010059,J000151,Friends Demo Group 10059,2,FRIENDS,True,NORMAL
GR010060,BK010060,J000151,Family Demo Group 10060,4,FAMILY,True,NORMAL
GR010061,BK010061,J000151,Group Demo Group 10061,6,GROUP,True,HIGH
GR010062,BK010062,J000151,Group Demo Group 10062,1,GROUP,True,NORMAL
GR010063,BK010063,J000151,Group Demo Group 10063,4,GROUP,True,NORMAL
GR010064,BK010064,J000151,Group Demo Group 10064,1,GROUP,True,NORMAL
GR010065,BK010065,J000151,Group Demo Group 10065,6,GROUP,True,HIGH
GR010066,BK010066,J000151,Group Demo Group 10066,1,GROUP,True,NORMAL
GR010067,BK010067,J000151,Friends Demo Group 10067,2,FRIENDS,True,NORMAL
GR010068,BK010068,J000151,Group Demo Group 10068,3,GROUP,True,NORMAL
GR010069,BK010069,J000151,Group Demo Group 10069,2,GROUP,True,NORMAL
GR010070,BK010070,J000151,Friends Demo Group 10070,3,FRIENDS,True,NORMAL
GR010071,BK010071,J000151,Friends Demo Group 10071,2,FRIENDS,True,NORMAL
GR010072,BK010072,J000151,Couple Demo Group 10072,2,COUPLE,True,NORMAL
GR010073,BK010073,J000151,Friends Demo Group 10073,4,FRIENDS,True,NORMAL
GR010074,BK010074,J000151,Group Demo Group 10074,1,GROUP,True,NORMAL
GR010075,BK010075,J000151,Group Demo Group 10075,1,GROUP,True,NORMAL
GR010076,BK010076,J000151,Couple Demo Group 10076,2,COUPLE,True,NORMAL
GR010077,BK010077,J000151,Group Demo Group 10077,2,GROUP,True,NORMAL
GR010078,BK010078,J000151,Group Demo Group 10078,1,GROUP,True,NORMAL
GR010079,BK010079,J000151,Group Demo Group 10079,4,GROUP,True,NORMAL
GR010080,BK010080,J000151,Couple Demo Group 10080,2,COUPLE,True,NORMAL
GR010081,BK010081,J000151,Group Demo Group 10081,2,GROUP,True,NORMAL
GR010082,BK010082,J000151,Family Demo Group 10082,2,FAMILY,True,NORMAL
GR010083,BK010083,J000151,Couple Demo Group 10083,3,COUPLE,True,NORMAL
GR010084,BK010084,J000151,Family Demo Group 10084,8,FAMILY,True,HIGH
GR010085,BK010085,J000151,Family Demo Group 10085,3,FAMILY,True,NORMAL
GR010086,BK010086,J000151,Friends Demo Group 10086,3,FRIENDS,True,NORMAL
GR010087,BK010087,J000152,Couple Demo Group 10087,3,COUPLE,True,NORMAL
GR010088,BK010088,J000152,Couple Demo Group 10088,6,COUPLE,True,HIGH
GR010089,BK010089,J000152,Caregiver Demo Group 10089,4,CAREGIVER,True,HIGH
GR010090,BK010090,J000152,Group Demo Group 10090,1,GROUP,True,NORMAL
GR010091,BK010091,J000152,Group Demo Group 10091,4,GROUP,True,NORMAL
GR010092,BK010092,J000152,Family Demo Group 10092,8,FAMILY,True,HIGH
GR010093,BK010093,J000152,Family Demo Group 10093,7,FAMILY,True,HIGH
GR010094,BK010094,J000152,Group Demo Group 10094,1,GROUP,True,NORMAL
GR010095,BK010095,J000152,Couple Demo Group 10095,7,COUPLE,True,HIGH
GR010096,BK010096,J000152,Couple Demo Group 10096,2,COUPLE,True,NORMAL
GR010097,BK010097,J000152,Group Demo Group 10097,6,GROUP,True,HIGH
GR010098,BK010098,J000152,Family Demo Group 10098,2,FAMILY,True,NORMAL
GR010099,BK010099,J000152,Couple Demo Group 10099,3,COUPLE,True,NORMAL
GR010100,BK010100,J000152,Couple Demo Group 10100,2,COUPLE,True,NORMAL
GR010101,BK010101,J000152,Friends Demo Group 10101,4,FRIENDS,True,NORMAL
GR010102,BK010102,J000152,Friends Demo Group 10102,7,FRIENDS,True,HIGH
GR010103,BK010103,J000152,Friends Demo Group 10103,6,FRIENDS,True,HIGH
GR010104,BK010104,J000152,Family Demo Group 10104,4,FAMILY,True,NORMAL
GR010105,BK010105,J000152,Group Demo Group 10105,1,GROUP,True,NORMAL
GR010106,BK010106,J000152,Group Demo Group 10106,1,GROUP,True,NORMAL
GR010107,BK010107,J000152,Group Demo Group 10107,4,GROUP,True,NORMAL
GR010108,BK010108,J000152,Couple Demo Group 10108,2,COUPLE,True,NORMAL
GR010109,BK010109,J000152,Group Demo Group 10109,2,GROUP,True,NORMAL
GR010110,BK010110,J000152,Couple Demo Group 10110,4,COUPLE,True,NORMAL
GR010111,BK010111,J000152,Friends Demo Group 10111,2,FRIENDS,True,NORMAL
GR010112,BK010112,J000152,Group Demo Group 10112,7,GROUP,True,HIGH
GR010113,BK010113,J000152,Group Demo Group 10113,1,GROUP,True,NORMAL
GR010114,BK010114,J000152,Family Demo Group 10114,2,FAMILY,True,NORMAL
GR010115,BK010115,J000152,Group Demo Group 10115,4,GROUP,True,NORMAL
GR010116,BK010116,J000152,Group Demo Group 10116,1,GROUP,True,NORMAL
GR010117,BK010117,J000152,Group Demo Group 10117,2,GROUP,True,NORMAL
GR010118,BK010118,J000152,Family Demo Group 10118,2,FAMILY,True,NORMAL
GR010119,BK010119,J000152,Group Demo Group 10119,4,GROUP,True,NORMAL
GR010120,BK010120,J000152,Group Demo Group 10120,1,GROUP,True,NORMAL
GR010121,BK010121,J000152,Friends Demo Group 10121,4,FRIENDS,True,NORMAL
GR010122,BK010122,J000152,Friends Demo Group 10122,7,FRIENDS,True,HIGH
GR010123,BK010123,J000152,Friends Demo Group 10123,2,FRIENDS,True,NORMAL
GR010124,BK010124,J000152,Group Demo Group 10124,3,GROUP,True,NORMAL
GR010125,BK010125,J000152,Family Demo Group 10125,7,FAMILY,True,HIGH
GR010126,BK010126,J000152,Group Demo Group 10126,1,GROUP,True,NORMAL
GR010127,BK010127,J000152,Caregiver Demo Group 10127,4,CAREGIVER,True,HIGH
GR010128,BK010128,J000152,Couple Demo Group 10128,2,COUPLE,True,NORMAL
GR010129,BK010129,J000152,Friends Demo Group 10129,4,FRIENDS,True,NORMAL
GR010130,BK010130,J000152,Family Demo Group 10130,2,FAMILY,True,NORMAL
GR010131,BK010131,J000152,Couple Demo Group 10131,3,COUPLE,True,NORMAL
GR010132,BK010132,J000152,Group Demo Group 10132,3,GROUP,True,NORMAL
GR010133,BK010133,J000152,Group Demo Group 10133,1,GROUP,True,NORMAL
GR010134,BK010134,J000152,Group Demo Group 10134,1,GROUP,True,NORMAL
GR010135,BK010135,J000152,Group Demo Group 10135,1,GROUP,True,NORMAL
GR010136,BK010136,J000152,Couple Demo Group 10136,2,COUPLE,True,NORMAL
GR010137,BK010137,J000152,Group Demo Group 10137,1,GROUP,True,NORMAL
GR010138,BK010138,J000152,Friends Demo Group 10138,3,FRIENDS,True,NORMAL
GR010139,BK010139,J000152,Group Demo Group 10139,4,GROUP,True,NORMAL
GR010140,BK010140,J000152,Couple Demo Group 10140,2,COUPLE,True,NORMAL
GR010141,BK010141,J000152,Friends Demo Group 10141,4,FRIENDS,True,NORMAL
GR010142,BK010142,J000152,Couple Demo Group 10142,4,COUPLE,True,NORMAL
GR010143,BK010143,J000152,Group Demo Group 10143,1,GROUP,True,NORMAL
GR010144,BK010144,J000152,Couple Demo Group 10144,2,COUPLE,True,NORMAL
GR010145,BK010145,J000152,Group Demo Group 10145,2,GROUP,True,NORMAL
GR010146,BK010146,J000152,Caregiver Demo Group 10146,4,CAREGIVER,True,HIGH
GR010147,BK010147,J000152,Group Demo Group 10147,1,GROUP,True,NORMAL
GR010148,BK010148,J000152,Family Demo Group 10148,4,FAMILY,True,NORMAL
GR010149,BK010149,J000152,Group Demo Group 10149,1,GROUP,True,NORMAL
GR010150,BK010150,J000152,Group Demo Group 10150,1,GROUP,True,NORMAL
GR010151,BK010151,J000152,Friends Demo Group 10151,2,FRIENDS,True,NORMAL
GR010152,BK010152,J000152,Group Demo Group 10152,1,GROUP,True,NORMAL
GR010153,BK010153,J000153,Family Demo Group 10153,3,FAMILY,True,NORMAL
GR010154,BK010154,J000153,Group Demo Group 10154,1,GROUP,True,NORMAL
GR010155,BK010155,J000153,Couple Demo Group 10155,7,COUPLE,True,HIGH
GR010156,BK010156,J000153,Group Demo Group 10156,3,GROUP,True,NORMAL
GR010157,BK010157,J000153,Family Demo Group 10157,3,FAMILY,True,NORMAL
GR010158,BK010158,J000153,Group Demo Group 10158,1,GROUP,True,NORMAL
GR010159,BK010159,J000153,Group Demo Group 10159,8,GROUP,True,HIGH
GR010160,BK010160,J000153,Family Demo Group 10160,4,FAMILY,True,NORMAL
GR010161,BK010161,J000153,Family Demo Group 10161,3,FAMILY,True,NORMAL
GR010162,BK010162,J000153,Group Demo Group 10162,5,GROUP,True,NORMAL
GR010163,BK010163,J000153,Friends Demo Group 10163,2,FRIENDS,True,NORMAL
GR010164,BK010164,J000153,Family Demo Group 10164,8,FAMILY,True,HIGH
GR010165,BK010165,J000153,Caregiver Demo Group 10165,7,CAREGIVER,True,HIGH
GR010166,BK010166,J000153,Family Demo Group 10166,2,FAMILY,True,NORMAL
GR010167,BK010167,J000153,Friends Demo Group 10167,2,FRIENDS,True,NORMAL
GR010168,BK010168,J000153,Family Demo Group 10168,4,FAMILY,True,NORMAL
GR010169,BK010169,J000153,Group Demo Group 10169,1,GROUP,True,NORMAL
GR010170,BK010170,J000153,Couple Demo Group 10170,4,COUPLE,True,NORMAL
GR010171,BK010171,J000153,Group Demo Group 10171,1,GROUP,True,NORMAL
GR010172,BK010172,J000153,Group Demo Group 10172,7,GROUP,True,HIGH
GR010173,BK010173,J000153,Group Demo Group 10173,1,GROUP,True,NORMAL
GR010174,BK010174,J000153,Couple Demo Group 10174,8,COUPLE,True,HIGH
GR010175,BK010175,J000153,Couple Demo Group 10175,3,COUPLE,True,NORMAL
GR010176,BK010176,J000153,Group Demo Group 10176,3,GROUP,True,NORMAL
GR010177,BK010177,J000153,Group Demo Group 10177,1,GROUP,True,NORMAL
GR010178,BK010178,J000153,Group Demo Group 10178,1,GROUP,True,NORMAL
GR010179,BK010179,J000153,Family Demo Group 10179,5,FAMILY,True,NORMAL
GR010180,BK010180,J000153,Family Demo Group 10180,4,FAMILY,True,NORMAL
GR010181,BK010181,J000153,Group Demo Group 10181,2,GROUP,True,NORMAL
GR010182,BK010182,J000153,Friends Demo Group 10182,3,FRIENDS,True,NORMAL
GR010183,BK010183,J000153,Group Demo Group 10183,1,GROUP,True,NORMAL
GR010184,BK010184,J000153,Group Demo Group 10184,1,GROUP,True,NORMAL
GR010185,BK010185,J000153,Group Demo Group 10185,1,GROUP,True,NORMAL
GR010186,BK010186,J000153,Couple Demo Group 10186,4,COUPLE,True,NORMAL
GR010187,BK010187,J000153,Friends Demo Group 10187,2,FRIENDS,True,NORMAL
GR010188,BK010188,J000153,Couple Demo Group 10188,6,COUPLE,True,HIGH
GR010189,BK010189,J000153,Friends Demo Group 10189,4,FRIENDS,True,NORMAL
GR010190,BK010190,J000153,Couple Demo Group 10190,4,COUPLE,True,NORMAL
GR010191,BK010191,J000153,Group Demo Group 10191,4,GROUP,True,NORMAL
GR010192,BK010192,J000153,Family Demo Group 10192,4,FAMILY,True,NORMAL
GR010193,BK010193,J000153,Group Demo Group 10193,6,GROUP,True,HIGH
GR010194,BK010194,J000153,Couple Demo Group 10194,8,COUPLE,True,HIGH
GR010195,BK010195,J000153,Group Demo Group 10195,1,GROUP,True,NORMAL
GR010196,BK010196,J000153,Group Demo Group 10196,1,GROUP,True,NORMAL
GR010197,BK010197,J000153,Friends Demo Group 10197,4,FRIENDS,True,NORMAL
GR010198,BK010198,J000153,Friends Demo Group 10198,3,FRIENDS,True,NORMAL
GR010199,BK010199,J000153,Friends Demo Group 10199,6,FRIENDS,True,HIGH
GR010200,BK010200,J000153,Group Demo Group 10200,1,GROUP,True,NORMAL
GR010201,BK010201,J000153,Family Demo Group 10201,7,FAMILY,True,HIGH
GR010202,BK010202,J000153,Group Demo Group 10202,5,GROUP,True,NORMAL
GR010203,BK010203,J000153,Friends Demo Group 10203,2,FRIENDS,True,NORMAL
GR010204,BK010204,J000153,Couple Demo Group 10204,2,COUPLE,True,NORMAL
GR010205,BK010205,J000153,Group Demo Group 10205,2,GROUP,True,NORMAL
GR010206,BK010206,J000153,Group Demo Group 10206,1,GROUP,True,NORMAL
GR010207,BK010207,J000153,Group Demo Group 10207,1,GROUP,True,NORMAL
GR010208,BK010208,J000153,Family Demo Group 10208,4,FAMILY,True,NORMAL
GR010209,BK010209,J000153,Family Demo Group 10209,3,FAMILY,True,NORMAL
GR010210,BK010210,J000153,Group Demo Group 10210,1,GROUP,True,NORMAL
GR010211,BK010211,J000153,Friends Demo Group 10211,2,FRIENDS,True,NORMAL
GR010212,BK010212,J000153,Group Demo Group 10212,1,GROUP,True,NORMAL
GR010213,BK010213,J000153,Group Demo Group 10213,1,GROUP,True,NORMAL
GR010214,BK010214,J000153,Couple Demo Group 10214,4,COUPLE,True,NORMAL
GR010215,BK010215,J000153,Group Demo Group 10215,4,GROUP,True,NORMAL
GR010216,BK010216,J000153,Family Demo Group 10216,4,FAMILY,True,NORMAL
GR010217,BK010217,J000153,Family Demo Group 10217,3,FAMILY,True,NORMAL
GR010218,BK010218,J000153,Family Demo Group 10218,2,FAMILY,True,NORMAL
GR010219,BK010219,J000154,Friends Demo Group 10219,2,FRIENDS,True,NORMAL
GR010220,BK010220,J000154,Couple Demo Group 10220,2,COUPLE,True,NORMAL
GR010221,BK010221,J000154,Friends Demo Group 10221,4,FRIENDS,True,NORMAL
GR010222,BK010222,J000154,Group Demo Group 10222,1,GROUP,True,NORMAL
GR010223,BK010223,J000154,Group Demo Group 10223,1,GROUP,True,NORMAL
GR010224,BK010224,J000154,Group Demo Group 10224,1,GROUP,True,NORMAL
GR010225,BK010225,J000154,Friends Demo Group 10225,4,FRIENDS,True,NORMAL
GR010226,BK010226,J000154,Family Demo Group 10226,6,FAMILY,True,HIGH
GR010227,BK010227,J000154,Group Demo Group 10227,4,GROUP,True,NORMAL
GR010228,BK010228,J000154,Group Demo Group 10228,3,GROUP,True,NORMAL
GR010229,BK010229,J000154,Family Demo Group 10229,3,FAMILY,True,NORMAL
GR010230,BK010230,J000154,Friends Demo Group 10230,3,FRIENDS,True,NORMAL
GR010231,BK010231,J000154,Friends Demo Group 10231,2,FRIENDS,True,NORMAL
GR010232,BK010232,J000154,Family Demo Group 10232,4,FAMILY,True,NORMAL
GR010233,BK010233,J000154,Friends Demo Group 10233,4,FRIENDS,True,NORMAL
GR010234,BK010234,J000154,Couple Demo Group 10234,8,COUPLE,True,HIGH
GR010235,BK010235,J000154,Friends Demo Group 10235,2,FRIENDS,True,NORMAL
GR010236,BK010236,J000154,Group Demo Group 10236,3,GROUP,True,NORMAL
GR010237,BK010237,J000154,Family Demo Group 10237,3,FAMILY,True,NORMAL
GR010238,BK010238,J000154,Group Demo Group 10238,1,GROUP,True,NORMAL
GR010239,BK010239,J000154,Group Demo Group 10239,1,GROUP,True,NORMAL
GR010240,BK010240,J000154,Group Demo Group 10240,3,GROUP,True,NORMAL
GR010241,BK010241,J000154,Group Demo Group 10241,1,GROUP,True,NORMAL
GR010242,BK010242,J000154,Group Demo Group 10242,1,GROUP,True,NORMAL
GR010243,BK010243,J000154,Group Demo Group 10243,1,GROUP,True,NORMAL
GR010244,BK010244,J000154,Couple Demo Group 10244,6,COUPLE,True,HIGH
GR010245,BK010245,J000154,Group Demo Group 10245,1,GROUP,True,NORMAL
GR010246,BK010246,J000154,Friends Demo Group 10246,3,FRIENDS,True,NORMAL
GR010247,BK010247,J000154,Couple Demo Group 10247,3,COUPLE,True,NORMAL
GR010248,BK010248,J000154,Couple Demo Group 10248,6,COUPLE,True,HIGH
GR010249,BK010249,J000154,Group Demo Group 10249,1,GROUP,True,NORMAL
GR010250,BK010250,J000154,Group Demo Group 10250,1,GROUP,True,NORMAL
GR010251,BK010251,J000154,Group Demo Group 10251,4,GROUP,True,NORMAL
GR010252,BK010252,J000154,Family Demo Group 10252,4,FAMILY,True,NORMAL
GR010253,BK010253,J000154,Group Demo Group 10253,2,GROUP,True,NORMAL
GR010254,BK010254,J000154,Group Demo Group 10254,5,GROUP,True,NORMAL
GR010255,BK010255,J000154,Group Demo Group 10255,1,GROUP,True,NORMAL
GR010256,BK010256,J000154,Group Demo Group 10256,1,GROUP,True,NORMAL
GR010257,BK010257,J000154,Couple Demo Group 10257,5,COUPLE,True,NORMAL
GR010258,BK010258,J000154,Friends Demo Group 10258,3,FRIENDS,True,NORMAL
GR010259,BK010259,J000154,Group Demo Group 10259,4,GROUP,True,NORMAL
GR010260,BK010260,J000154,Couple Demo Group 10260,2,COUPLE,True,NORMAL
GR010261,BK010261,J000154,Friends Demo Group 10261,4,FRIENDS,True,NORMAL
GR010262,BK010262,J000154,Friends Demo Group 10262,7,FRIENDS,True,HIGH
GR010263,BK010263,J000154,Couple Demo Group 10263,3,COUPLE,True,NORMAL
GR010264,BK010264,J000154,Couple Demo Group 10264,2,COUPLE,True,NORMAL
GR010265,BK010265,J000154,Friends Demo Group 10265,4,FRIENDS,True,NORMAL
GR010266,BK010266,J000154,Family Demo Group 10266,2,FAMILY,True,NORMAL
GR010267,BK010267,J000154,Group Demo Group 10267,4,GROUP,True,NORMAL
GR010268,BK010268,J000154,Group Demo Group 10268,7,GROUP,True,HIGH
GR010269,BK010269,J000154,Group Demo Group 10269,2,GROUP,True,NORMAL
GR010270,BK010270,J000154,Group Demo Group 10270,1,GROUP,True,NORMAL
GR010271,BK010271,J000154,Friends Demo Group 10271,2,FRIENDS,True,NORMAL
GR010272,BK010272,J000154,Group Demo Group 10272,7,GROUP,True,HIGH
GR010273,BK010273,J000154,Group Demo Group 10273,6,GROUP,True,HIGH
GR010274,BK010274,J000154,Family Demo Group 10274,2,FAMILY,True,NORMAL
GR010275,BK010275,J000154,Family Demo Group 10275,5,FAMILY,True,NORMAL
GR010276,BK010276,J000154,Couple Demo Group 10276,2,COUPLE,True,NORMAL
GR010277,BK010277,J000154,Family Demo Group 10277,3,FAMILY,True,NORMAL
GR010278,BK010278,J000154,Friends Demo Group 10278,3,FRIENDS,True,NORMAL
GR010279,BK010279,J000154,Group Demo Group 10279,1,GROUP,True,NORMAL
GR010280,BK010280,J000154,Group Demo Group 10280,3,GROUP,True,NORMAL
GR010281,BK010281,J000154,Friends Demo Group 10281,4,FRIENDS,True,NORMAL
GR010282,BK010282,J000154,Group Demo Group 10282,5,GROUP,True,NORMAL
GR010283,BK010283,J000154,Family Demo Group 10283,5,FAMILY,True,NORMAL
GR010284,BK010284,J000154,Group Demo Group 10284,1,GROUP,True,NORMAL
GR010285,BK010285,J000155,Family Demo Group 10285,7,FAMILY,True,HIGH
GR010286,BK010286,J000155,Couple Demo Group 10286,4,COUPLE,True,NORMAL
GR010287,BK010287,J000155,Friends Demo Group 10287,2,FRIENDS,True,NORMAL
GR010288,BK010288,J000155,Group Demo Group 10288,3,GROUP,True,NORMAL
GR010289,BK010289,J000155,Group Demo Group 10289,1,GROUP,True,NORMAL
GR010290,BK010290,J000155,Family Demo Group 10290,2,FAMILY,True,NORMAL
GR010291,BK010291,J000155,Couple Demo Group 10291,3,COUPLE,True,NORMAL
GR010292,BK010292,J000155,Couple Demo Group 10292,2,COUPLE,True,NORMAL
GR010293,BK010293,J000155,Group Demo Group 10293,1,GROUP,True,NORMAL
GR010294,BK010294,J000155,Group Demo Group 10294,1,GROUP,True,NORMAL
GR010295,BK010295,J000155,Friends Demo Group 10295,2,FRIENDS,True,NORMAL
GR010296,BK010296,J000155,Family Demo Group 10296,4,FAMILY,True,NORMAL
GR010297,BK010297,J000155,Friends Demo Group 10297,4,FRIENDS,True,NORMAL
GR010298,BK010298,J000155,Caregiver Demo Group 10298,4,CAREGIVER,True,HIGH
GR010299,BK010299,J000155,Group Demo Group 10299,1,GROUP,True,NORMAL
GR010300,BK010300,J000155,Couple Demo Group 10300,2,COUPLE,True,NORMAL
GR010301,BK010301,J000155,Group Demo Group 10301,2,GROUP,True,NORMAL
GR010302,BK010302,J000155,Couple Demo Group 10302,4,COUPLE,True,NORMAL
GR010303,BK010303,J000155,Group Demo Group 10303,1,GROUP,True,NORMAL
GR010304,BK010304,J000155,Group Demo Group 10304,7,GROUP,True,HIGH
GR010305,BK010305,J000155,Group Demo Group 10305,2,GROUP,True,NORMAL
GR010306,BK010306,J000155,Couple Demo Group 10306,4,COUPLE,True,NORMAL
GR010307,BK010307,J000155,Couple Demo Group 10307,7,COUPLE,True,HIGH
GR010308,BK010308,J000155,Group Demo Group 10308,3,GROUP,True,NORMAL
GR010309,BK010309,J000155,Group Demo Group 10309,6,GROUP,True,HIGH
GR010310,BK010310,J000155,Family Demo Group 10310,6,FAMILY,True,HIGH
GR010311,BK010311,J000155,Group Demo Group 10311,1,GROUP,True,NORMAL
GR010312,BK010312,J000155,Group Demo Group 10312,3,GROUP,True,NORMAL
GR010313,BK010313,J000155,Friends Demo Group 10313,4,FRIENDS,True,NORMAL
GR010314,BK010314,J000155,Family Demo Group 10314,6,FAMILY,True,HIGH
GR010315,BK010315,J000155,Group Demo Group 10315,4,GROUP,True,NORMAL
GR010316,BK010316,J000155,Group Demo Group 10316,1,GROUP,True,NORMAL
GR010317,BK010317,J000155,Group Demo Group 10317,1,GROUP,True,NORMAL
GR010318,BK010318,J000155,Family Demo Group 10318,2,FAMILY,True,NORMAL
GR010319,BK010319,J000155,Group Demo Group 10319,4,GROUP,True,NORMAL
GR010320,BK010320,J000155,Group Demo Group 10320,7,GROUP,True,HIGH
GR010321,BK010321,J000155,Group Demo Group 10321,2,GROUP,True,NORMAL
GR010322,BK010322,J000155,Group Demo Group 10322,1,GROUP,True,NORMAL
GR010323,BK010323,J000155,Friends Demo Group 10323,2,FRIENDS,True,NORMAL
GR010324,BK010324,J000155,Couple Demo Group 10324,2,COUPLE,True,NORMAL
GR010325,BK010325,J000155,Friends Demo Group 10325,8,FRIENDS,True,HIGH
GR010326,BK010326,J000155,Family Demo Group 10326,2,FAMILY,True,NORMAL
GR010327,BK010327,J000155,Couple Demo Group 10327,3,COUPLE,True,NORMAL
GR010328,BK010328,J000155,Couple Demo Group 10328,2,COUPLE,True,NORMAL
GR010329,BK010329,J000155,Friends Demo Group 10329,4,FRIENDS,True,NORMAL
GR010330,BK010330,J000155,Group Demo Group 10330,5,GROUP,True,NORMAL
GR010331,BK010331,J000155,Couple Demo Group 10331,3,COUPLE,True,NORMAL
GR010332,BK010332,J000155,Group Demo Group 10332,1,GROUP,True,NORMAL
GR010333,BK010333,J000155,Group Demo Group 10333,2,GROUP,True,NORMAL
GR010334,BK010334,J000155,Friends Demo Group 10334,3,FRIENDS,True,NORMAL
GR010335,BK010335,J000155,Friends Demo Group 10335,2,FRIENDS,True,NORMAL
GR010336,BK010336,J000155,Group Demo Group 10336,3,GROUP,True,NORMAL
GR010337,BK010337,J000155,Friends Demo Group 10337,4,FRIENDS,True,NORMAL
GR010338,BK010338,J000155,Couple Demo Group 10338,4,COUPLE,True,NORMAL
GR010339,BK010339,J000155,Family Demo Group 10339,5,FAMILY,True,NORMAL
GR010340,BK010340,J000155,Group Demo Group 10340,3,GROUP,True,NORMAL
GR010341,BK010341,J000155,Family Demo Group 10341,3,FAMILY,True,NORMAL
GR010342,BK010342,J000155,Group Demo Group 10342,1,GROUP,True,NORMAL
GR010343,BK010343,J000155,Couple Demo Group 10343,3,COUPLE,True,NORMAL
GR010344,BK010344,J000155,Family Demo Group 10344,4,FAMILY,True,NORMAL
GR010345,BK010345,J000155,Group Demo Group 10345,2,GROUP,True,NORMAL
GR010346,BK010346,J000155,Group Demo Group 10346,1,GROUP,True,NORMAL
GR010347,BK010347,J000155,Group Demo Group 10347,1,GROUP,True,NORMAL
GR010348,BK010348,J000155,Couple Demo Group 10348,2,COUPLE,True,NORMAL
GR010349,BK010349,J000155,Group Demo Group 10349,6,GROUP,True,HIGH
GR010350,BK010350,J000155,Group Demo Group 10350,1,GROUP,True,NORMAL
GR010351,BK010351,J000156,Friends Demo Group 10351,6,FRIENDS,True,HIGH
GR010352,BK010352,J000156,Group Demo Group 10352,1,GROUP,True,NORMAL
GR010353,BK010353,J000156,Group Demo Group 10353,2,GROUP,True,NORMAL
GR010354,BK010354,J000156,Group Demo Group 10354,1,GROUP,True,NORMAL
GR010355,BK010355,J000156,Couple Demo Group 10355,3,COUPLE,True,NORMAL
GR010356,BK010356,J000156,Couple Demo Group 10356,2,COUPLE,True,NORMAL
GR010357,BK010357,J000156,Friends Demo Group 10357,4,FRIENDS,True,NORMAL
GR010358,BK010358,J000156,Family Demo Group 10358,2,FAMILY,True,NORMAL
GR010359,BK010359,J000156,Group Demo Group 10359,1,GROUP,True,NORMAL
GR010360,BK010360,J000156,Couple Demo Group 10360,2,COUPLE,True,NORMAL
GR010361,BK010361,J000156,Couple Demo Group 10361,5,COUPLE,True,NORMAL
GR010362,BK010362,J000156,Couple Demo Group 10362,4,COUPLE,True,NORMAL
GR010363,BK010363,J000156,Group Demo Group 10363,1,GROUP,True,NORMAL
GR010364,BK010364,J000156,Group Demo Group 10364,7,GROUP,True,HIGH
GR010365,BK010365,J000156,Group Demo Group 10365,1,GROUP,True,NORMAL
GR010366,BK010366,J000156,Friends Demo Group 10366,7,FRIENDS,True,HIGH
GR010367,BK010367,J000156,Group Demo Group 10367,1,GROUP,True,NORMAL
GR010368,BK010368,J000156,Family Demo Group 10368,4,FAMILY,True,NORMAL
GR010369,BK010369,J000156,Group Demo Group 10369,1,GROUP,True,NORMAL
GR010370,BK010370,J000156,Family Demo Group 10370,2,FAMILY,True,NORMAL
GR010371,BK010371,J000156,Group Demo Group 10371,4,GROUP,True,NORMAL
GR010372,BK010372,J000156,Family Demo Group 10372,4,FAMILY,True,NORMAL
GR010373,BK010373,J000156,Group Demo Group 10373,2,GROUP,True,NORMAL
GR010374,BK010374,J000156,Friends Demo Group 10374,3,FRIENDS,True,NORMAL
GR010375,BK010375,J000156,Family Demo Group 10375,5,FAMILY,True,NORMAL
GR010376,BK010376,J000156,Group Demo Group 10376,1,GROUP,True,NORMAL
GR010377,BK010377,J000156,Family Demo Group 10377,7,FAMILY,True,HIGH
GR010378,BK010378,J000156,Group Demo Group 10378,1,GROUP,True,NORMAL
GR010379,BK010379,J000156,Couple Demo Group 10379,3,COUPLE,True,NORMAL
GR010380,BK010380,J000156,Family Demo Group 10380,4,FAMILY,True,NORMAL
GR010381,BK010381,J000156,Family Demo Group 10381,3,FAMILY,True,NORMAL
GR010382,BK010382,J000156,Family Demo Group 10382,2,FAMILY,True,NORMAL
GR010383,BK010383,J000156,Group Demo Group 10383,4,GROUP,True,NORMAL
GR010384,BK010384,J000156,Family Demo Group 10384,4,FAMILY,True,NORMAL
GR010385,BK010385,J000156,Group Demo Group 10385,2,GROUP,True,NORMAL
GR010386,BK010386,J000156,Family Demo Group 10386,2,FAMILY,True,NORMAL
GR010387,BK010387,J000156,Friends Demo Group 10387,2,FRIENDS,True,NORMAL
GR010388,BK010388,J000156,Family Demo Group 10388,4,FAMILY,True,NORMAL
GR010389,BK010389,J000156,Family Demo Group 10389,7,FAMILY,True,HIGH
GR010390,BK010390,J000156,Family Demo Group 10390,2,FAMILY,True,NORMAL
GR010391,BK010391,J000156,Couple Demo Group 10391,3,COUPLE,True,NORMAL
GR010392,BK010392,J000156,Group Demo Group 10392,3,GROUP,True,NORMAL
GR010393,BK010393,J000156,Caregiver Demo Group 10393,6,CAREGIVER,True,HIGH
GR010394,BK010394,J000156,Couple Demo Group 10394,4,COUPLE,True,NORMAL
GR010395,BK010395,J000156,Group Demo Group 10395,1,GROUP,True,NORMAL
GR010396,BK010396,J000156,Couple Demo Group 10396,2,COUPLE,True,NORMAL
GR010397,BK010397,J000156,Group Demo Group 10397,2,GROUP,True,NORMAL
GR010398,BK010398,J000156,Couple Demo Group 10398,4,COUPLE,True,NORMAL
GR010399,BK010399,J000156,Couple Demo Group 10399,3,COUPLE,True,NORMAL
GR010400,BK010400,J000156,Group Demo Group 10400,1,GROUP,True,NORMAL
GR010401,BK010401,J000156,Group Demo Group 10401,2,GROUP,True,NORMAL
GR010402,BK010402,J000156,Group Demo Group 10402,1,GROUP,True,NORMAL
GR010403,BK010403,J000156,Group Demo Group 10403,1,GROUP,True,NORMAL
GR010404,BK010404,J000156,Group Demo Group 10404,1,GROUP,True,NORMAL
GR010405,BK010405,J000156,Group Demo Group 10405,2,GROUP,True,NORMAL
GR010406,BK010406,J000156,Group Demo Group 10406,1,GROUP,True,NORMAL
GR010407,BK010407,J000156,Friends Demo Group 10407,6,FRIENDS,True,HIGH
GR010408,BK010408,J000156,Family Demo Group 10408,8,FAMILY,True,HIGH
GR010409,BK010409,J000156,Friends Demo Group 10409,4,FRIENDS,True,NORMAL
GR010410,BK010410,J000156,Couple Demo Group 10410,4,COUPLE,True,NORMAL
GR010411,BK010411,J000156,Group Demo Group 10411,1,GROUP,True,NORMAL
GR010412,BK010412,J000156,Group Demo Group 10412,1,GROUP,True,NORMAL
GR010413,BK010413,J000156,Group Demo Group 10413,2,GROUP,True,NORMAL
GR010414,BK010414,J000156,Group Demo Group 10414,1,GROUP,True,NORMAL
GR010415,BK010415,J000156,Couple Demo Group 10415,3,COUPLE,True,NORMAL
GR010416,BK010416,J000156,Couple Demo Group 10416,2,COUPLE,True,NORMAL
GR010417,BK010417,J000157,Group Demo Group 10417,2,GROUP,True,NORMAL
GR010418,BK010418,J000157,Couple Demo Group 10418,4,COUPLE,True,NORMAL
GR010419,BK010419,J000157,Group Demo Group 10419,1,GROUP,True,NORMAL
GR010420,BK010420,J000157,Couple Demo Group 10420,6,COUPLE,True,HIGH
GR010421,BK010421,J000157,Group Demo Group 10421,1,GROUP,True,NORMAL
GR010422,BK010422,J000157,Group Demo Group 10422,1,GROUP,True,NORMAL
GR010423,BK010423,J000157,Friends Demo Group 10423,2,FRIENDS,True,NORMAL
GR010424,BK010424,J000157,Group Demo Group 10424,3,GROUP,True,NORMAL
GR010425,BK010425,J000157,Group Demo Group 10425,1,GROUP,True,NORMAL
GR010426,BK010426,J000157,Group Demo Group 10426,1,GROUP,True,NORMAL
GR010427,BK010427,J000157,Friends Demo Group 10427,2,FRIENDS,True,NORMAL
GR010428,BK010428,J000157,Family Demo Group 10428,4,FAMILY,True,NORMAL
GR010429,BK010429,J000157,Group Demo Group 10429,2,GROUP,True,NORMAL
GR010430,BK010430,J000157,Couple Demo Group 10430,4,COUPLE,True,NORMAL
GR010431,BK010431,J000157,Caregiver Demo Group 10431,4,CAREGIVER,True,HIGH
GR010432,BK010432,J000157,Couple Demo Group 10432,2,COUPLE,True,NORMAL
GR010433,BK010433,J000157,Friends Demo Group 10433,8,FRIENDS,True,HIGH
GR010434,BK010434,J000157,Group Demo Group 10434,1,GROUP,True,NORMAL
GR010435,BK010435,J000157,Friends Demo Group 10435,2,FRIENDS,True,NORMAL
GR010436,BK010436,J000157,Group Demo Group 10436,3,GROUP,True,NORMAL
GR010437,BK010437,J000157,Group Demo Group 10437,1,GROUP,True,NORMAL
GR010438,BK010438,J000157,Family Demo Group 10438,2,FAMILY,True,NORMAL
GR010439,BK010439,J000157,Group Demo Group 10439,4,GROUP,True,NORMAL
GR010440,BK010440,J000157,Family Demo Group 10440,4,FAMILY,True,NORMAL
GR010441,BK010441,J000157,Group Demo Group 10441,2,GROUP,True,NORMAL
GR010442,BK010442,J000157,Family Demo Group 10442,6,FAMILY,True,HIGH
GR010443,BK010443,J000157,Friends Demo Group 10443,2,FRIENDS,True,NORMAL
GR010444,BK010444,J000157,Couple Demo Group 10444,6,COUPLE,True,HIGH
GR010445,BK010445,J000157,Friends Demo Group 10445,4,FRIENDS,True,NORMAL
GR010446,BK010446,J000157,Family Demo Group 10446,2,FAMILY,True,NORMAL
GR010447,BK010447,J000157,Friends Demo Group 10447,2,FRIENDS,True,NORMAL
GR010448,BK010448,J000157,Couple Demo Group 10448,2,COUPLE,True,NORMAL
GR010449,BK010449,J000157,Group Demo Group 10449,1,GROUP,True,NORMAL
GR010450,BK010450,J000157,Caregiver Demo Group 10450,4,CAREGIVER,True,HIGH
GR010451,BK010451,J000157,Group Demo Group 10451,1,GROUP,True,NORMAL
GR010452,BK010452,J000157,Group Demo Group 10452,3,GROUP,True,NORMAL
GR010453,BK010453,J000157,Group Demo Group 10453,1,GROUP,True,NORMAL
GR010454,BK010454,J000157,Couple Demo Group 10454,4,COUPLE,True,NORMAL
GR010455,BK010455,J000157,Group Demo Group 10455,8,GROUP,True,HIGH
GR010456,BK010456,J000157,Group Demo Group 10456,1,GROUP,True,NORMAL
GR010457,BK010457,J000157,Group Demo Group 10457,2,GROUP,True,NORMAL
GR010458,BK010458,J000157,Group Demo Group 10458,1,GROUP,True,NORMAL
GR010459,BK010459,J000157,Couple Demo Group 10459,3,COUPLE,True,NORMAL
GR010460,BK010460,J000157,Family Demo Group 10460,8,FAMILY,True,HIGH
GR010461,BK010461,J000157,Family Demo Group 10461,3,FAMILY,True,NORMAL
GR010462,BK010462,J000157,Couple Demo Group 10462,4,COUPLE,True,NORMAL
GR010463,BK010463,J000157,Group Demo Group 10463,8,GROUP,True,HIGH
GR010464,BK010464,J000157,Couple Demo Group 10464,2,COUPLE,True,NORMAL
GR010465,BK010465,J000157,Group Demo Group 10465,2,GROUP,True,NORMAL
GR010466,BK010466,J000157,Group Demo Group 10466,5,GROUP,True,NORMAL
GR010467,BK010467,J000157,Friends Demo Group 10467,2,FRIENDS,True,NORMAL
GR010468,BK010468,J000157,Family Demo Group 10468,4,FAMILY,True,NORMAL
GR010469,BK010469,J000157,Group Demo Group 10469,2,GROUP,True,NORMAL
GR010470,BK010470,J000157,Couple Demo Group 10470,4,COUPLE,True,NORMAL
GR010471,BK010471,J000157,Family Demo Group 10471,5,FAMILY,True,NORMAL
GR010472,BK010472,J000157,Family Demo Group 10472,4,FAMILY,True,NORMAL
GR010473,BK010473,J000157,Group Demo Group 10473,2,GROUP,True,NORMAL
GR010474,BK010474,J000157,Family Demo Group 10474,2,FAMILY,True,NORMAL
GR010475,BK010475,J000157,Family Demo Group 10475,5,FAMILY,True,NORMAL
GR010476,BK010476,J000157,Family Demo Group 10476,4,FAMILY,True,NORMAL
GR010477,BK010477,J000157,Friends Demo Group 10477,4,FRIENDS,True,NORMAL
GR010478,BK010478,J000157,Group Demo Group 10478,1,GROUP,True,NORMAL
GR010479,BK010479,J000157,Friends Demo Group 10479,6,FRIENDS,True,HIGH
GR010480,BK010480,J000157,Group Demo Group 10480,3,GROUP,True,NORMAL
GR010481,BK010481,J000157,Group Demo Group 10481,1,GROUP,True,NORMAL
GR010482,BK010482,J000157,Family Demo Group 10482,2,FAMILY,True,NORMAL
GR010483,BK010483,J000158,Friends Demo Group 10483,6,FRIENDS,True,HIGH
GR010484,BK010484,J000158,Group Demo Group 10484,3,GROUP,True,NORMAL
GR010485,BK010485,J000158,Family Demo Group 10485,3,FAMILY,True,NORMAL
GR010486,BK010486,J000158,Family Demo Group 10486,2,FAMILY,True,NORMAL
GR010487,BK010487,J000158,Friends Demo Group 10487,6,FRIENDS,True,HIGH
GR010488,BK010488,J000158,Group Demo Group 10488,1,GROUP,True,NORMAL
GR010489,BK010489,J000158,Friends Demo Group 10489,8,FRIENDS,True,HIGH
GR010490,BK010490,J000158,Family Demo Group 10490,2,FAMILY,True,NORMAL
GR010491,BK010491,J000158,Group Demo Group 10491,1,GROUP,True,NORMAL
GR010492,BK010492,J000158,Couple Demo Group 10492,2,COUPLE,True,NORMAL
GR010493,BK010493,J000158,Family Demo Group 10493,3,FAMILY,True,NORMAL
GR010494,BK010494,J000158,Couple Demo Group 10494,4,COUPLE,True,NORMAL
GR010495,BK010495,J000158,Friends Demo Group 10495,2,FRIENDS,True,NORMAL
GR010496,BK010496,J000158,Group Demo Group 10496,1,GROUP,True,NORMAL
GR010497,BK010497,J000158,Friends Demo Group 10497,4,FRIENDS,True,NORMAL
GR010498,BK010498,J000158,Group Demo Group 10498,5,GROUP,True,NORMAL
GR010499,BK010499,J000158,Group Demo Group 10499,4,GROUP,True,NORMAL
GR010500,BK010500,J000158,Family Demo Group 10500,4,FAMILY,True,NORMAL
GR010501,BK010501,J000158,Group Demo Group 10501,1,GROUP,True,NORMAL
GR010502,BK010502,J000158,Couple Demo Group 10502,4,COUPLE,True,NORMAL
GR010503,BK010503,J000158,Friends Demo Group 10503,2,FRIENDS,True,NORMAL
GR010504,BK010504,J000158,Group Demo Group 10504,1,GROUP,True,NORMAL
GR010505,BK010505,J000158,Group Demo Group 10505,2,GROUP,True,NORMAL
GR010506,BK010506,J000158,Group Demo Group 10506,1,GROUP,True,NORMAL
GR010507,BK010507,J000158,Caregiver Demo Group 10507,6,CAREGIVER,True,HIGH
GR010508,BK010508,J000158,Group Demo Group 10508,1,GROUP,True,NORMAL
GR010509,BK010509,J000158,Group Demo Group 10509,6,GROUP,True,HIGH
GR010510,BK010510,J000158,Couple Demo Group 10510,4,COUPLE,True,NORMAL
GR010511,BK010511,J000158,Group Demo Group 10511,1,GROUP,True,NORMAL
GR010512,BK010512,J000158,Group Demo Group 10512,1,GROUP,True,NORMAL
GR010513,BK010513,J000158,Friends Demo Group 10513,4,FRIENDS,True,NORMAL
GR010514,BK010514,J000158,Friends Demo Group 10514,3,FRIENDS,True,NORMAL
GR010515,BK010515,J000158,Group Demo Group 10515,4,GROUP,True,NORMAL
GR010516,BK010516,J000158,Couple Demo Group 10516,2,COUPLE,True,NORMAL
GR010517,BK010517,J000158,Family Demo Group 10517,3,FAMILY,True,NORMAL
GR010518,BK010518,J000158,Family Demo Group 10518,2,FAMILY,True,NORMAL
GR010519,BK010519,J000158,Group Demo Group 10519,1,GROUP,True,NORMAL
GR010520,BK010520,J000158,Group Demo Group 10520,1,GROUP,True,NORMAL
GR010521,BK010521,J000158,Group Demo Group 10521,2,GROUP,True,NORMAL
GR010522,BK010522,J000158,Friends Demo Group 10522,3,FRIENDS,True,NORMAL
GR010523,BK010523,J000158,Group Demo Group 10523,1,GROUP,True,NORMAL
GR010524,BK010524,J000158,Couple Demo Group 10524,2,COUPLE,True,NORMAL
GR010525,BK010525,J000158,Family Demo Group 10525,3,FAMILY,True,NORMAL
GR010526,BK010526,J000158,Group Demo Group 10526,1,GROUP,True,NORMAL
GR010527,BK010527,J000158,Group Demo Group 10527,4,GROUP,True,NORMAL
GR010528,BK010528,J000158,Group Demo Group 10528,3,GROUP,True,NORMAL
GR010529,BK010529,J000158,Group Demo Group 10529,6,GROUP,True,HIGH
GR010530,BK010530,J000158,Group Demo Group 10530,1,GROUP,True,NORMAL
GR010531,BK010531,J000158,Friends Demo Group 10531,2,FRIENDS,True,NORMAL
GR010532,BK010532,J000158,Couple Demo Group 10532,2,COUPLE,True,NORMAL
GR010533,BK010533,J000158,Friends Demo Group 10533,4,FRIENDS,True,NORMAL
GR010534,BK010534,J000158,Group Demo Group 10534,1,GROUP,True,NORMAL
GR010535,BK010535,J000158,Couple Demo Group 10535,3,COUPLE,True,NORMAL
GR010536,BK010536,J000158,Family Demo Group 10536,4,FAMILY,True,NORMAL
GR010537,BK010537,J000158,Group Demo Group 10537,1,GROUP,True,NORMAL
GR010538,BK010538,J000158,Couple Demo Group 10538,8,COUPLE,True,HIGH
GR010539,BK010539,J000158,Couple Demo Group 10539,3,COUPLE,True,NORMAL
GR010540,BK010540,J000158,Group Demo Group 10540,1,GROUP,True,NORMAL
GR010541,BK010541,J000158,Group Demo Group 10541,6,GROUP,True,HIGH
GR010542,BK010542,J000158,Friends Demo Group 10542,3,FRIENDS,True,NORMAL
GR010543,BK010543,J000158,Couple Demo Group 10543,3,COUPLE,True,NORMAL
GR010544,BK010544,J000158,Family Demo Group 10544,4,FAMILY,True,NORMAL
GR010545,BK010545,J000158,Caregiver Demo Group 10545,5,CAREGIVER,True,HIGH
GR010546,BK010546,J000158,Couple Demo Group 10546,4,COUPLE,True,NORMAL
GR010547,BK010547,J000158,Couple Demo Group 10547,3,COUPLE,True,NORMAL
GR010548,BK010548,J000158,Group Demo Group 10548,3,GROUP,True,NORMAL
GR010549,BK010549,J000159,Family Demo Group 10549,3,FAMILY,True,NORMAL
GR010550,BK010550,J000159,Family Demo Group 10550,6,FAMILY,True,HIGH
GR010551,BK010551,J000159,Friends Demo Group 10551,2,FRIENDS,True,NORMAL
GR010552,BK010552,J000159,Family Demo Group 10552,4,FAMILY,True,NORMAL
GR010553,BK010553,J000159,Group Demo Group 10553,1,GROUP,True,NORMAL
GR010554,BK010554,J000159,Couple Demo Group 10554,4,COUPLE,True,NORMAL
GR010555,BK010555,J000159,Group Demo Group 10555,1,GROUP,True,NORMAL
GR010556,BK010556,J000159,Couple Demo Group 10556,2,COUPLE,True,NORMAL
GR010557,BK010557,J000159,Couple Demo Group 10557,5,COUPLE,True,NORMAL
GR010558,BK010558,J000159,Friends Demo Group 10558,3,FRIENDS,True,NORMAL
GR010559,BK010559,J000159,Couple Demo Group 10559,3,COUPLE,True,NORMAL
GR010560,BK010560,J000159,Group Demo Group 10560,1,GROUP,True,NORMAL
GR010561,BK010561,J000159,Group Demo Group 10561,6,GROUP,True,HIGH
GR010562,BK010562,J000159,Family Demo Group 10562,2,FAMILY,True,NORMAL
GR010563,BK010563,J000159,Couple Demo Group 10563,3,COUPLE,True,NORMAL
GR010564,BK010564,J000159,Couple Demo Group 10564,2,COUPLE,True,NORMAL
GR010565,BK010565,J000159,Group Demo Group 10565,2,GROUP,True,NORMAL
GR010566,BK010566,J000159,Couple Demo Group 10566,4,COUPLE,True,NORMAL
GR010567,BK010567,J000159,Friends Demo Group 10567,2,FRIENDS,True,NORMAL
GR010568,BK010568,J000159,Family Demo Group 10568,4,FAMILY,True,NORMAL
GR010569,BK010569,J000159,Couple Demo Group 10569,5,COUPLE,True,NORMAL
GR010570,BK010570,J000159,Family Demo Group 10570,2,FAMILY,True,NORMAL
GR010571,BK010571,J000159,Group Demo Group 10571,4,GROUP,True,NORMAL
GR010572,BK010572,J000159,Group Demo Group 10572,1,GROUP,True,NORMAL
GR010573,BK010573,J000159,Group Demo Group 10573,2,GROUP,True,NORMAL
GR010574,BK010574,J000159,Friends Demo Group 10574,3,FRIENDS,True,NORMAL
GR010575,BK010575,J000159,Friends Demo Group 10575,2,FRIENDS,True,NORMAL
GR010576,BK010576,J000159,Group Demo Group 10576,1,GROUP,True,NORMAL
GR010577,BK010577,J000159,Family Demo Group 10577,7,FAMILY,True,HIGH
GR010578,BK010578,J000159,Group Demo Group 10578,1,GROUP,True,NORMAL
GR010579,BK010579,J000159,Friends Demo Group 10579,2,FRIENDS,True,NORMAL
GR010580,BK010580,J000159,Group Demo Group 10580,1,GROUP,True,NORMAL
GR010581,BK010581,J000159,Friends Demo Group 10581,4,FRIENDS,True,NORMAL
GR010582,BK010582,J000159,Group Demo Group 10582,1,GROUP,True,NORMAL
GR010583,BK010583,J000159,Friends Demo Group 10583,2,FRIENDS,True,NORMAL
GR010584,BK010584,J000159,Couple Demo Group 10584,2,COUPLE,True,NORMAL
GR010585,BK010585,J000159,Friends Demo Group 10585,4,FRIENDS,True,NORMAL
GR010586,BK010586,J000159,Family Demo Group 10586,2,FAMILY,True,NORMAL
GR010587,BK010587,J000159,Group Demo Group 10587,1,GROUP,True,NORMAL
GR010588,BK010588,J000159,Family Demo Group 10588,4,FAMILY,True,NORMAL
GR010589,BK010589,J000159,Family Demo Group 10589,3,FAMILY,True,NORMAL
GR010590,BK010590,J000159,Friends Demo Group 10590,3,FRIENDS,True,NORMAL
GR010591,BK010591,J000159,Friends Demo Group 10591,2,FRIENDS,True,NORMAL
GR010592,BK010592,J000159,Group Demo Group 10592,1,GROUP,True,NORMAL
GR010593,BK010593,J000159,Group Demo Group 10593,6,GROUP,True,HIGH
GR010594,BK010594,J000159,Family Demo Group 10594,2,FAMILY,True,NORMAL
GR010595,BK010595,J000159,Friends Demo Group 10595,2,FRIENDS,True,NORMAL
GR010596,BK010596,J000159,Group Demo Group 10596,1,GROUP,True,NORMAL
GR010597,BK010597,J000159,Friends Demo Group 10597,4,FRIENDS,True,NORMAL
GR010598,BK010598,J000159,Friends Demo Group 10598,7,FRIENDS,True,HIGH
GR010599,BK010599,J000159,Family Demo Group 10599,5,FAMILY,True,NORMAL
GR010600,BK010600,J000159,Group Demo Group 10600,1,GROUP,True,NORMAL
GR010601,BK010601,J000159,Group Demo Group 10601,2,GROUP,True,NORMAL
GR010602,BK010602,J000159,Friends Demo Group 10602,3,FRIENDS,True,NORMAL
GR010603,BK010603,J000159,Friends Demo Group 10603,2,FRIENDS,True,NORMAL
GR010604,BK010604,J000159,Group Demo Group 10604,1,GROUP,True,NORMAL
GR010605,BK010605,J000159,Group Demo Group 10605,1,GROUP,True,NORMAL
GR010606,BK010606,J000159,Couple Demo Group 10606,8,COUPLE,True,HIGH
GR010607,BK010607,J000159,Couple Demo Group 10607,3,COUPLE,True,NORMAL
GR010608,BK010608,J000159,Group Demo Group 10608,1,GROUP,True,NORMAL
GR010609,BK010609,J000159,Friends Demo Group 10609,8,FRIENDS,True,HIGH
GR010610,BK010610,J000159,Group Demo Group 10610,1,GROUP,True,NORMAL
GR010611,BK010611,J000159,Group Demo Group 10611,4,GROUP,True,NORMAL
GR010612,BK010612,J000159,Couple Demo Group 10612,2,COUPLE,True,NORMAL
GR010613,BK010613,J000159,Group Demo Group 10613,1,GROUP,True,NORMAL
GR010614,BK010614,J000159,Friends Demo Group 10614,3,FRIENDS,True,NORMAL
GR010615,BK010615,J000160,Friends Demo Group 10615,2,FRIENDS,True,NORMAL
GR010616,BK010616,J000160,Group Demo Group 10616,1,GROUP,True,NORMAL
GR010617,BK010617,J000160,Couple Demo Group 10617,5,COUPLE,True,NORMAL
GR010618,BK010618,J000160,Friends Demo Group 10618,3,FRIENDS,True,NORMAL
GR010619,BK010619,J000160,Friends Demo Group 10619,2,FRIENDS,True,NORMAL
GR010620,BK010620,J000160,Couple Demo Group 10620,2,COUPLE,True,NORMAL
GR010621,BK010621,J000160,Group Demo Group 10621,2,GROUP,True,NORMAL
GR010622,BK010622,J000160,Group Demo Group 10622,1,GROUP,True,NORMAL
GR010623,BK010623,J000160,Friends Demo Group 10623,2,FRIENDS,True,NORMAL
GR010624,BK010624,J000160,Family Demo Group 10624,4,FAMILY,True,NORMAL
GR010625,BK010625,J000160,Group Demo Group 10625,6,GROUP,True,HIGH
GR010626,BK010626,J000160,Family Demo Group 10626,2,FAMILY,True,NORMAL
GR010627,BK010627,J000160,Group Demo Group 10627,1,GROUP,True,NORMAL
GR010628,BK010628,J000160,Group Demo Group 10628,1,GROUP,True,NORMAL
GR010629,BK010629,J000160,Group Demo Group 10629,1,GROUP,True,NORMAL
GR010630,BK010630,J000160,Friends Demo Group 10630,3,FRIENDS,True,NORMAL
GR010631,BK010631,J000160,Couple Demo Group 10631,3,COUPLE,True,NORMAL
GR010632,BK010632,J000160,Group Demo Group 10632,3,GROUP,True,NORMAL
GR010633,BK010633,J000160,Friends Demo Group 10633,4,FRIENDS,True,NORMAL
GR010634,BK010634,J000160,Family Demo Group 10634,2,FAMILY,True,NORMAL
GR010635,BK010635,J000160,Friends Demo Group 10635,2,FRIENDS,True,NORMAL
GR010636,BK010636,J000160,Family Demo Group 10636,4,FAMILY,True,NORMAL
GR010637,BK010637,J000160,Family Demo Group 10637,3,FAMILY,True,NORMAL
GR010638,BK010638,J000160,Couple Demo Group 10638,4,COUPLE,True,NORMAL
GR010639,BK010639,J000160,Couple Demo Group 10639,3,COUPLE,True,NORMAL
GR010640,BK010640,J000160,Group Demo Group 10640,3,GROUP,True,NORMAL
GR010641,BK010641,J000160,Friends Demo Group 10641,4,FRIENDS,True,NORMAL
GR010642,BK010642,J000160,Family Demo Group 10642,2,FAMILY,True,NORMAL
GR010643,BK010643,J000160,Group Demo Group 10643,1,GROUP,True,NORMAL
GR010644,BK010644,J000160,Group Demo Group 10644,1,GROUP,True,NORMAL
GR010645,BK010645,J000160,Group Demo Group 10645,6,GROUP,True,HIGH
GR010646,BK010646,J000160,Couple Demo Group 10646,4,COUPLE,True,NORMAL
GR010647,BK010647,J000160,Group Demo Group 10647,4,GROUP,True,NORMAL
GR010648,BK010648,J000160,Couple Demo Group 10648,2,COUPLE,True,NORMAL
GR010649,BK010649,J000160,Group Demo Group 10649,1,GROUP,True,NORMAL
GR010650,BK010650,J000160,Family Demo Group 10650,2,FAMILY,True,NORMAL
GR010651,BK010651,J000160,Couple Demo Group 10651,3,COUPLE,True,NORMAL
GR010652,BK010652,J000160,Couple Demo Group 10652,2,COUPLE,True,NORMAL
GR010653,BK010653,J000160,Group Demo Group 10653,1,GROUP,True,NORMAL
GR010654,BK010654,J000160,Couple Demo Group 10654,4,COUPLE,True,NORMAL
GR010655,BK010655,J000160,Group Demo Group 10655,1,GROUP,True,NORMAL
GR010656,BK010656,J000160,Couple Demo Group 10656,2,COUPLE,True,NORMAL
GR010657,BK010657,J000160,Family Demo Group 10657,3,FAMILY,True,NORMAL
GR010658,BK010658,J000160,Family Demo Group 10658,6,FAMILY,True,HIGH
GR010659,BK010659,J000160,Friends Demo Group 10659,2,FRIENDS,True,NORMAL
GR010660,BK010660,J000160,Group Demo Group 10660,3,GROUP,True,NORMAL
GR010661,BK010661,J000160,Group Demo Group 10661,2,GROUP,True,NORMAL
GR010662,BK010662,J000160,Family Demo Group 10662,2,FAMILY,True,NORMAL
GR010663,BK010663,J000160,Group Demo Group 10663,4,GROUP,True,NORMAL
GR010664,BK010664,J000160,Friends Demo Group 10664,5,FRIENDS,True,NORMAL
GR010665,BK010665,J000160,Friends Demo Group 10665,4,FRIENDS,True,NORMAL
GR010666,BK010666,J000160,Friends Demo Group 10666,3,FRIENDS,True,NORMAL
GR010667,BK010667,J000160,Friends Demo Group 10667,2,FRIENDS,True,NORMAL
GR010668,BK010668,J000160,Couple Demo Group 10668,2,COUPLE,True,NORMAL
GR010669,BK010669,J000160,Group Demo Group 10669,1,GROUP,True,NORMAL
GR010670,BK010670,J000160,Couple Demo Group 10670,4,COUPLE,True,NORMAL
GR010671,BK010671,J000160,Friends Demo Group 10671,6,FRIENDS,True,HIGH
GR010672,BK010672,J000160,Group Demo Group 10672,1,GROUP,True,NORMAL
GR010673,BK010673,J000160,Friends Demo Group 10673,4,FRIENDS,True,NORMAL
GR010674,BK010674,J000160,Group Demo Group 10674,1,GROUP,True,NORMAL
GR010675,BK010675,J000160,Friends Demo Group 10675,2,FRIENDS,True,NORMAL
GR010676,BK010676,J000160,Group Demo Group 10676,1,GROUP,True,NORMAL
GR010677,BK010677,J000160,Family Demo Group 10677,7,FAMILY,True,HIGH
GR010678,BK010678,J000160,Family Demo Group 10678,2,FAMILY,True,NORMAL
GR010679,BK010679,J000160,Friends Demo Group 10679,2,FRIENDS,True,NORMAL
GR010680,BK010680,J000160,Couple Demo Group 10680,2,COUPLE,True,NORMAL
GR010681,BK010681,J000161,Group Demo Group 10681,2,GROUP,True,NORMAL
GR010682,BK010682,J000161,Couple Demo Group 10682,8,COUPLE,True,HIGH
GR010683,BK010683,J000161,Group Demo Group 10683,4,GROUP,True,NORMAL
GR010684,BK010684,J000161,Group Demo Group 10684,3,GROUP,True,NORMAL
GR010685,BK010685,J000161,Couple Demo Group 10685,5,COUPLE,True,NORMAL
GR010686,BK010686,J000161,Couple Demo Group 10686,4,COUPLE,True,NORMAL
GR010687,BK010687,J000161,Friends Demo Group 10687,6,FRIENDS,True,HIGH
GR010688,BK010688,J000161,Group Demo Group 10688,1,GROUP,True,NORMAL
GR010689,BK010689,J000161,Group Demo Group 10689,2,GROUP,True,NORMAL
GR010690,BK010690,J000161,Group Demo Group 10690,1,GROUP,True,NORMAL
GR010691,BK010691,J000161,Couple Demo Group 10691,3,COUPLE,True,NORMAL
GR010692,BK010692,J000161,Family Demo Group 10692,4,FAMILY,True,NORMAL
GR010693,BK010693,J000161,Group Demo Group 10693,2,GROUP,True,NORMAL
GR010694,BK010694,J000161,Couple Demo Group 10694,4,COUPLE,True,NORMAL
GR010695,BK010695,J000161,Group Demo Group 10695,1,GROUP,True,NORMAL
GR010696,BK010696,J000161,Family Demo Group 10696,4,FAMILY,True,NORMAL
GR010697,BK010697,J000161,Group Demo Group 10697,2,GROUP,True,NORMAL
GR010698,BK010698,J000161,Family Demo Group 10698,2,FAMILY,True,NORMAL
GR010699,BK010699,J000161,Group Demo Group 10699,1,GROUP,True,NORMAL
GR010700,BK010700,J000161,Group Demo Group 10700,3,GROUP,True,NORMAL
GR010701,BK010701,J000161,Group Demo Group 10701,1,GROUP,True,NORMAL
GR010702,BK010702,J000161,Family Demo Group 10702,2,FAMILY,True,NORMAL
GR010703,BK010703,J000161,Group Demo Group 10703,1,GROUP,True,NORMAL
GR010704,BK010704,J000161,Family Demo Group 10704,8,FAMILY,True,HIGH
GR010705,BK010705,J000161,Group Demo Group 10705,2,GROUP,True,NORMAL
GR010706,BK010706,J000161,Group Demo Group 10706,1,GROUP,True,NORMAL
GR010707,BK010707,J000161,Couple Demo Group 10707,3,COUPLE,True,NORMAL
GR010708,BK010708,J000161,Group Demo Group 10708,1,GROUP,True,NORMAL
GR010709,BK010709,J000161,Group Demo Group 10709,6,GROUP,True,HIGH
GR010710,BK010710,J000161,Group Demo Group 10710,1,GROUP,True,NORMAL
GR010711,BK010711,J000161,Friends Demo Group 10711,2,FRIENDS,True,NORMAL
GR010712,BK010712,J000161,Group Demo Group 10712,1,GROUP,True,NORMAL
GR010713,BK010713,J000161,Group Demo Group 10713,2,GROUP,True,NORMAL
GR010714,BK010714,J000161,Friends Demo Group 10714,3,FRIENDS,True,NORMAL
GR010715,BK010715,J000161,Group Demo Group 10715,1,GROUP,True,NORMAL
GR010716,BK010716,J000161,Caregiver Demo Group 10716,7,CAREGIVER,True,HIGH
GR010717,BK010717,J000161,Family Demo Group 10717,3,FAMILY,True,NORMAL
GR010718,BK010718,J000161,Family Demo Group 10718,2,FAMILY,True,NORMAL
GR010719,BK010719,J000161,Friends Demo Group 10719,2,FRIENDS,True,NORMAL
GR010720,BK010720,J000161,Couple Demo Group 10720,2,COUPLE,True,NORMAL
GR010721,BK010721,J000161,Group Demo Group 10721,1,GROUP,True,NORMAL
GR010722,BK010722,J000161,Family Demo Group 10722,6,FAMILY,True,HIGH
GR010723,BK010723,J000161,Friends Demo Group 10723,2,FRIENDS,True,NORMAL
GR010724,BK010724,J000161,Family Demo Group 10724,4,FAMILY,True,NORMAL
GR010725,BK010725,J000161,Group Demo Group 10725,1,GROUP,True,NORMAL
GR010726,BK010726,J000161,Group Demo Group 10726,1,GROUP,True,NORMAL
GR010727,BK010727,J000161,Friends Demo Group 10727,6,FRIENDS,True,HIGH
GR010728,BK010728,J000161,Group Demo Group 10728,1,GROUP,True,NORMAL
GR010729,BK010729,J000161,Friends Demo Group 10729,4,FRIENDS,True,NORMAL
GR010730,BK010730,J000161,Couple Demo Group 10730,4,COUPLE,True,NORMAL
GR010731,BK010731,J000161,Couple Demo Group 10731,3,COUPLE,True,NORMAL
GR010732,BK010732,J000161,Group Demo Group 10732,1,GROUP,True,NORMAL
GR010733,BK010733,J000161,Group Demo Group 10733,1,GROUP,True,NORMAL
GR010734,BK010734,J000161,Group Demo Group 10734,5,GROUP,True,NORMAL
GR010735,BK010735,J000161,Caregiver Demo Group 10735,7,CAREGIVER,True,HIGH
GR010736,BK010736,J000161,Group Demo Group 10736,3,GROUP,True,NORMAL
GR010737,BK010737,J000161,Group Demo Group 10737,2,GROUP,True,NORMAL
GR010738,BK010738,J000161,Family Demo Group 10738,2,FAMILY,True,NORMAL
GR010739,BK010739,J000161,Friends Demo Group 10739,2,FRIENDS,True,NORMAL
GR010740,BK010740,J000161,Family Demo Group 10740,4,FAMILY,True,NORMAL
GR010741,BK010741,J000161,Friends Demo Group 10741,4,FRIENDS,True,NORMAL
GR010742,BK010742,J000161,Family Demo Group 10742,6,FAMILY,True,HIGH
GR010743,BK010743,J000161,Friends Demo Group 10743,2,FRIENDS,True,NORMAL
GR010744,BK010744,J000161,Family Demo Group 10744,4,FAMILY,True,NORMAL
GR010745,BK010745,J000161,Group Demo Group 10745,1,GROUP,True,NORMAL
GR010746,BK010746,J000161,Couple Demo Group 10746,4,COUPLE,True,NORMAL
GR010747,BK010747,J000162,Group Demo Group 10747,4,GROUP,True,NORMAL
GR010748,BK010748,J000162,Group Demo Group 10748,3,GROUP,True,NORMAL
GR010749,BK010749,J000162,Family Demo Group 10749,3,FAMILY,True,NORMAL
GR010750,BK010750,J000162,Couple Demo Group 10750,4,COUPLE,True,NORMAL
GR010751,BK010751,J000162,Friends Demo Group 10751,2,FRIENDS,True,NORMAL
GR010752,BK010752,J000162,Group Demo Group 10752,7,GROUP,True,HIGH
GR010753,BK010753,J000162,Group Demo Group 10753,1,GROUP,True,NORMAL
GR010754,BK010754,J000162,Group Demo Group 10754,1,GROUP,True,NORMAL
GR010755,BK010755,J000162,Couple Demo Group 10755,3,COUPLE,True,NORMAL
GR010756,BK010756,J000162,Group Demo Group 10756,1,GROUP,True,NORMAL
GR010757,BK010757,J000162,Group Demo Group 10757,2,GROUP,True,NORMAL
GR010758,BK010758,J000162,Couple Demo Group 10758,4,COUPLE,True,NORMAL
GR010759,BK010759,J000162,Friends Demo Group 10759,2,FRIENDS,True,NORMAL
GR010760,BK010760,J000162,Couple Demo Group 10760,6,COUPLE,True,HIGH
GR010761,BK010761,J000162,Family Demo Group 10761,3,FAMILY,True,NORMAL
GR010762,BK010762,J000162,Friends Demo Group 10762,3,FRIENDS,True,NORMAL
GR010763,BK010763,J000162,Couple Demo Group 10763,3,COUPLE,True,NORMAL
GR010764,BK010764,J000162,Friends Demo Group 10764,5,FRIENDS,True,NORMAL
GR010765,BK010765,J000162,Group Demo Group 10765,2,GROUP,True,NORMAL
GR010766,BK010766,J000162,Couple Demo Group 10766,4,COUPLE,True,NORMAL
GR010767,BK010767,J000162,Friends Demo Group 10767,2,FRIENDS,True,NORMAL
GR010768,BK010768,J000162,Family Demo Group 10768,4,FAMILY,True,NORMAL
GR010769,BK010769,J000162,Friends Demo Group 10769,4,FRIENDS,True,NORMAL
GR010770,BK010770,J000162,Group Demo Group 10770,1,GROUP,True,NORMAL
GR010771,BK010771,J000162,Friends Demo Group 10771,2,FRIENDS,True,NORMAL
GR010772,BK010772,J000162,Family Demo Group 10772,4,FAMILY,True,NORMAL
GR010773,BK010773,J000162,Caregiver Demo Group 10773,6,CAREGIVER,True,HIGH
GR010774,BK010774,J000162,Couple Demo Group 10774,4,COUPLE,True,NORMAL
GR010775,BK010775,J000162,Friends Demo Group 10775,2,FRIENDS,True,NORMAL
GR010776,BK010776,J000162,Group Demo Group 10776,1,GROUP,True,NORMAL
GR010777,BK010777,J000162,Friends Demo Group 10777,4,FRIENDS,True,NORMAL
GR010778,BK010778,J000162,Group Demo Group 10778,1,GROUP,True,NORMAL
GR010779,BK010779,J000162,Group Demo Group 10779,4,GROUP,True,NORMAL
GR010780,BK010780,J000162,Family Demo Group 10780,4,FAMILY,True,NORMAL
GR010781,BK010781,J000162,Group Demo Group 10781,1,GROUP,True,NORMAL
GR010782,BK010782,J000162,Friends Demo Group 10782,3,FRIENDS,True,NORMAL
GR010783,BK010783,J000162,Group Demo Group 10783,1,GROUP,True,NORMAL
GR010784,BK010784,J000162,Group Demo Group 10784,3,GROUP,True,NORMAL
GR010785,BK010785,J000162,Group Demo Group 10785,2,GROUP,True,NORMAL
GR010786,BK010786,J000162,Group Demo Group 10786,1,GROUP,True,NORMAL
GR010787,BK010787,J000162,Couple Demo Group 10787,3,COUPLE,True,NORMAL
GR010788,BK010788,J000162,Group Demo Group 10788,3,GROUP,True,NORMAL
GR010789,BK010789,J000162,Group Demo Group 10789,1,GROUP,True,NORMAL
GR010790,BK010790,J000162,Group Demo Group 10790,1,GROUP,True,NORMAL
GR010791,BK010791,J000162,Friends Demo Group 10791,2,FRIENDS,True,NORMAL
GR010792,BK010792,J000162,Group Demo Group 10792,1,GROUP,True,NORMAL
GR010793,BK010793,J000162,Friends Demo Group 10793,4,FRIENDS,True,NORMAL
GR010794,BK010794,J000162,Group Demo Group 10794,1,GROUP,True,NORMAL
GR010795,BK010795,J000162,Friends Demo Group 10795,6,FRIENDS,True,HIGH
GR010796,BK010796,J000162,Friends Demo Group 10796,5,FRIENDS,True,NORMAL
GR010797,BK010797,J000162,Group Demo Group 10797,1,GROUP,True,NORMAL
GR010798,BK010798,J000162,Group Demo Group 10798,1,GROUP,True,NORMAL
GR010799,BK010799,J000162,Group Demo Group 10799,4,GROUP,True,NORMAL
GR010800,BK010800,J000162,Family Demo Group 10800,4,FAMILY,True,NORMAL
GR010801,BK010801,J000162,Group Demo Group 10801,2,GROUP,True,NORMAL
GR010802,BK010802,J000162,Group Demo Group 10802,5,GROUP,True,NORMAL
GR010803,BK010803,J000162,Friends Demo Group 10803,6,FRIENDS,True,HIGH
GR010804,BK010804,J000162,Couple Demo Group 10804,2,COUPLE,True,NORMAL
GR010805,BK010805,J000162,Friends Demo Group 10805,4,FRIENDS,True,NORMAL
GR010806,BK010806,J000162,Friends Demo Group 10806,3,FRIENDS,True,NORMAL
GR010807,BK010807,J000162,Friends Demo Group 10807,2,FRIENDS,True,NORMAL
GR010808,BK010808,J000162,Group Demo Group 10808,1,GROUP,True,NORMAL
GR010809,BK010809,J000162,Group Demo Group 10809,2,GROUP,True,NORMAL
GR010810,BK010810,J000162,Group Demo Group 10810,1,GROUP,True,NORMAL
GR010811,BK010811,J000162,Friends Demo Group 10811,2,FRIENDS,True,NORMAL
GR010812,BK010812,J000162,Couple Demo Group 10812,2,COUPLE,True,NORMAL
GR010813,BK010813,J000163,Family Demo Group 10813,3,FAMILY,True,NORMAL
GR010814,BK010814,J000163,Couple Demo Group 10814,4,COUPLE,True,NORMAL
GR010815,BK010815,J000163,Group Demo Group 10815,1,GROUP,True,NORMAL
GR010816,BK010816,J000163,Family Demo Group 10816,4,FAMILY,True,NORMAL
GR010817,BK010817,J000163,Couple Demo Group 10817,5,COUPLE,True,NORMAL
GR010818,BK010818,J000163,Family Demo Group 10818,2,FAMILY,True,NORMAL
GR010819,BK010819,J000163,Friends Demo Group 10819,6,FRIENDS,True,HIGH
GR010820,BK010820,J000163,Group Demo Group 10820,1,GROUP,True,NORMAL
GR010821,BK010821,J000163,Friends Demo Group 10821,4,FRIENDS,True,NORMAL
GR010822,BK010822,J000163,Couple Demo Group 10822,4,COUPLE,True,NORMAL
GR010823,BK010823,J000163,Group Demo Group 10823,1,GROUP,True,NORMAL
GR010824,BK010824,J000163,Couple Demo Group 10824,2,COUPLE,True,NORMAL
GR010825,BK010825,J000163,Friends Demo Group 10825,4,FRIENDS,True,NORMAL
GR010826,BK010826,J000163,Couple Demo Group 10826,4,COUPLE,True,NORMAL
GR010827,BK010827,J000163,Group Demo Group 10827,1,GROUP,True,NORMAL
GR010828,BK010828,J000163,Family Demo Group 10828,8,FAMILY,True,HIGH
GR010829,BK010829,J000163,Family Demo Group 10829,3,FAMILY,True,NORMAL
GR010830,BK010830,J000163,Family Demo Group 10830,2,FAMILY,True,NORMAL
GR010831,BK010831,J000163,Friends Demo Group 10831,2,FRIENDS,True,NORMAL
GR010832,BK010832,J000163,Couple Demo Group 10832,2,COUPLE,True,NORMAL
GR010833,BK010833,J000163,Group Demo Group 10833,1,GROUP,True,NORMAL
GR010834,BK010834,J000163,Family Demo Group 10834,2,FAMILY,True,NORMAL
GR010835,BK010835,J000163,Friends Demo Group 10835,2,FRIENDS,True,NORMAL
GR010836,BK010836,J000163,Group Demo Group 10836,1,GROUP,True,NORMAL
GR010837,BK010837,J000163,Group Demo Group 10837,2,GROUP,True,NORMAL
GR010838,BK010838,J000163,Friends Demo Group 10838,3,FRIENDS,True,NORMAL
GR010839,BK010839,J000163,Friends Demo Group 10839,6,FRIENDS,True,HIGH
GR010840,BK010840,J000163,Couple Demo Group 10840,2,COUPLE,True,NORMAL
GR010841,BK010841,J000163,Friends Demo Group 10841,4,FRIENDS,True,NORMAL
GR010842,BK010842,J000163,Friends Demo Group 10842,7,FRIENDS,True,HIGH
GR010843,BK010843,J000163,Group Demo Group 10843,4,GROUP,True,NORMAL
GR010844,BK010844,J000163,Family Demo Group 10844,4,FAMILY,True,NORMAL
GR010845,BK010845,J000163,Group Demo Group 10845,2,GROUP,True,NORMAL
GR010846,BK010846,J000163,Group Demo Group 10846,1,GROUP,True,NORMAL
GR010847,BK010847,J000163,Couple Demo Group 10847,3,COUPLE,True,NORMAL
GR010848,BK010848,J000163,Family Demo Group 10848,4,FAMILY,True,NORMAL
GR010849,BK010849,J000163,Caregiver Demo Group 10849,4,CAREGIVER,True,HIGH
GR010850,BK010850,J000163,Couple Demo Group 10850,8,COUPLE,True,HIGH
GR010851,BK010851,J000163,Group Demo Group 10851,1,GROUP,True,NORMAL
GR010852,BK010852,J000163,Couple Demo Group 10852,2,COUPLE,True,NORMAL
GR010853,BK010853,J000163,Group Demo Group 10853,2,GROUP,True,NORMAL
GR010854,BK010854,J000163,Couple Demo Group 10854,4,COUPLE,True,NORMAL
GR010855,BK010855,J000163,Couple Demo Group 10855,3,COUPLE,True,NORMAL
GR010856,BK010856,J000163,Group Demo Group 10856,1,GROUP,True,NORMAL
GR010857,BK010857,J000163,Group Demo Group 10857,1,GROUP,True,NORMAL
GR010858,BK010858,J000163,Friends Demo Group 10858,3,FRIENDS,True,NORMAL
GR010859,BK010859,J000163,Family Demo Group 10859,5,FAMILY,True,NORMAL
GR010860,BK010860,J000163,Couple Demo Group 10860,2,COUPLE,True,NORMAL
GR010861,BK010861,J000163,Group Demo Group 10861,2,GROUP,True,NORMAL
GR010862,BK010862,J000163,Group Demo Group 10862,1,GROUP,True,NORMAL
GR010863,BK010863,J000163,Group Demo Group 10863,1,GROUP,True,NORMAL
GR010864,BK010864,J000163,Couple Demo Group 10864,2,COUPLE,True,NORMAL
GR010865,BK010865,J000163,Couple Demo Group 10865,5,COUPLE,True,NORMAL
GR010866,BK010866,J000163,Family Demo Group 10866,2,FAMILY,True,NORMAL
GR010867,BK010867,J000163,Couple Demo Group 10867,7,COUPLE,True,HIGH
GR010868,BK010868,J000163,Caregiver Demo Group 10868,4,CAREGIVER,True,HIGH
GR010869,BK010869,J000163,Group Demo Group 10869,6,GROUP,True,HIGH
GR010870,BK010870,J000163,Group Demo Group 10870,1,GROUP,True,NORMAL
GR010871,BK010871,J000163,Group Demo Group 10871,4,GROUP,True,NORMAL
GR010872,BK010872,J000163,Couple Demo Group 10872,2,COUPLE,True,NORMAL
GR010873,BK010873,J000163,Group Demo Group 10873,1,GROUP,True,NORMAL
GR010874,BK010874,J000163,Group Demo Group 10874,1,GROUP,True,NORMAL
GR010875,BK010875,J000163,Group Demo Group 10875,4,GROUP,True,NORMAL
GR010876,BK010876,J000163,Couple Demo Group 10876,2,COUPLE,True,NORMAL
GR010877,BK010877,J000163,Group Demo Group 10877,2,GROUP,True,NORMAL
GR010878,BK010878,J000163,Group Demo Group 10878,1,GROUP,True,NORMAL
GR010879,BK010879,J000164,Couple Demo Group 10879,3,COUPLE,True,NORMAL
GR010880,BK010880,J000164,Group Demo Group 10880,1,GROUP,True,NORMAL
GR010881,BK010881,J000164,Group Demo Group 10881,1,GROUP,True,NORMAL
GR010882,BK010882,J000164,Group Demo Group 10882,1,GROUP,True,NORMAL
GR010883,BK010883,J000164,Friends Demo Group 10883,2,FRIENDS,True,NORMAL
GR010884,BK010884,J000164,Group Demo Group 10884,1,GROUP,True,NORMAL
GR010885,BK010885,J000164,Group Demo Group 10885,1,GROUP,True,NORMAL
GR010886,BK010886,J000164,Group Demo Group 10886,1,GROUP,True,NORMAL
GR010887,BK010887,J000164,Friends Demo Group 10887,2,FRIENDS,True,NORMAL
GR010888,BK010888,J000164,Couple Demo Group 10888,2,COUPLE,True,NORMAL
GR010889,BK010889,J000164,Group Demo Group 10889,1,GROUP,True,NORMAL
GR010890,BK010890,J000164,Group Demo Group 10890,1,GROUP,True,NORMAL
GR010891,BK010891,J000164,Group Demo Group 10891,4,GROUP,True,NORMAL
GR010892,BK010892,J000164,Group Demo Group 10892,1,GROUP,True,NORMAL
GR010893,BK010893,J000164,Group Demo Group 10893,1,GROUP,True,NORMAL
GR010894,BK010894,J000164,Friends Demo Group 10894,3,FRIENDS,True,NORMAL
GR010895,BK010895,J000164,Group Demo Group 10895,4,GROUP,True,NORMAL
GR010896,BK010896,J000164,Group Demo Group 10896,1,GROUP,True,NORMAL
GR010897,BK010897,J000164,Friends Demo Group 10897,4,FRIENDS,True,NORMAL
GR010898,BK010898,J000164,Group Demo Group 10898,1,GROUP,True,NORMAL
GR010899,BK010899,J000164,Group Demo Group 10899,1,GROUP,True,NORMAL
GR010900,BK010900,J000164,Group Demo Group 10900,1,GROUP,True,NORMAL
GR010901,BK010901,J000164,Family Demo Group 10901,3,FAMILY,True,NORMAL
GR010902,BK010902,J000164,Group Demo Group 10902,1,GROUP,True,NORMAL
GR010903,BK010903,J000164,Couple Demo Group 10903,3,COUPLE,True,NORMAL
GR010904,BK010904,J000164,Couple Demo Group 10904,2,COUPLE,True,NORMAL
GR010905,BK010905,J000164,Friends Demo Group 10905,4,FRIENDS,True,NORMAL
GR010906,BK010906,J000164,Caregiver Demo Group 10906,4,CAREGIVER,True,HIGH
GR010907,BK010907,J000164,Couple Demo Group 10907,3,COUPLE,True,NORMAL
GR010908,BK010908,J000164,Group Demo Group 10908,1,GROUP,True,NORMAL
GR010909,BK010909,J000164,Group Demo Group 10909,6,GROUP,True,HIGH
GR010910,BK010910,J000164,Group Demo Group 10910,1,GROUP,True,NORMAL
GR010911,BK010911,J000164,Friends Demo Group 10911,6,FRIENDS,True,HIGH
GR010912,BK010912,J000164,Family Demo Group 10912,4,FAMILY,True,NORMAL
GR010913,BK010913,J000164,Friends Demo Group 10913,4,FRIENDS,True,NORMAL
GR010914,BK010914,J000164,Family Demo Group 10914,2,FAMILY,True,NORMAL
GR010915,BK010915,J000164,Friends Demo Group 10915,2,FRIENDS,True,NORMAL
GR010916,BK010916,J000164,Group Demo Group 10916,3,GROUP,True,NORMAL
GR010917,BK010917,J000164,Group Demo Group 10917,1,GROUP,True,NORMAL
GR010918,BK010918,J000164,Family Demo Group 10918,2,FAMILY,True,NORMAL
GR010919,BK010919,J000164,Group Demo Group 10919,4,GROUP,True,NORMAL
GR010920,BK010920,J000164,Group Demo Group 10920,3,GROUP,True,NORMAL
GR010921,BK010921,J000164,Group Demo Group 10921,2,GROUP,True,NORMAL
GR010922,BK010922,J000164,Couple Demo Group 10922,4,COUPLE,True,NORMAL
GR010923,BK010923,J000164,Group Demo Group 10923,4,GROUP,True,NORMAL
GR010924,BK010924,J000164,Couple Demo Group 10924,2,COUPLE,True,NORMAL
GR010925,BK010925,J000164,Family Demo Group 10925,3,FAMILY,True,NORMAL
GR010926,BK010926,J000164,Group Demo Group 10926,1,GROUP,True,NORMAL
GR010927,BK010927,J000164,Friends Demo Group 10927,2,FRIENDS,True,NORMAL
GR010928,BK010928,J000164,Couple Demo Group 10928,2,COUPLE,True,NORMAL
GR010929,BK010929,J000164,Group Demo Group 10929,6,GROUP,True,HIGH
GR010930,BK010930,J000164,Couple Demo Group 10930,4,COUPLE,True,NORMAL
GR010931,BK010931,J000164,Couple Demo Group 10931,3,COUPLE,True,NORMAL
GR010932,BK010932,J000164,Friends Demo Group 10932,5,FRIENDS,True,NORMAL
GR010933,BK010933,J000164,Friends Demo Group 10933,4,FRIENDS,True,NORMAL
GR010934,BK010934,J000164,Couple Demo Group 10934,8,COUPLE,True,HIGH
GR010935,BK010935,J000164,Couple Demo Group 10935,3,COUPLE,True,NORMAL
GR010936,BK010936,J000164,Family Demo Group 10936,4,FAMILY,True,NORMAL
GR010937,BK010937,J000164,Family Demo Group 10937,3,FAMILY,True,NORMAL
GR010938,BK010938,J000164,Group Demo Group 10938,1,GROUP,True,NORMAL
GR010939,BK010939,J000164,Friends Demo Group 10939,2,FRIENDS,True,NORMAL
GR010940,BK010940,J000164,Family Demo Group 10940,4,FAMILY,True,NORMAL
GR010941,BK010941,J000164,Group Demo Group 10941,1,GROUP,True,NORMAL
GR010942,BK010942,J000164,Friends Demo Group 10942,7,FRIENDS,True,HIGH
GR010943,BK010943,J000164,Friends Demo Group 10943,2,FRIENDS,True,NORMAL
GR010944,BK010944,J000164,Caregiver Demo Group 10944,5,CAREGIVER,True,HIGH
GR010945,BK010945,J000165,Family Demo Group 10945,7,FAMILY,True,HIGH
GR010946,BK010946,J000165,Couple Demo Group 10946,4,COUPLE,True,NORMAL
GR010947,BK010947,J000165,Group Demo Group 10947,1,GROUP,True,NORMAL
GR010948,BK010948,J000165,Group Demo Group 10948,3,GROUP,True,NORMAL
GR010949,BK010949,J000165,Friends Demo Group 10949,4,FRIENDS,True,NORMAL
GR010950,BK010950,J000165,Friends Demo Group 10950,3,FRIENDS,True,NORMAL
GR010951,BK010951,J000165,Group Demo Group 10951,1,GROUP,True,NORMAL
GR010952,BK010952,J000165,Group Demo Group 10952,1,GROUP,True,NORMAL
GR010953,BK010953,J000165,Group Demo Group 10953,1,GROUP,True,NORMAL
GR010954,BK010954,J000165,Family Demo Group 10954,2,FAMILY,True,NORMAL
GR010955,BK010955,J000165,Group Demo Group 10955,4,GROUP,True,NORMAL
GR010956,BK010956,J000165,Family Demo Group 10956,4,FAMILY,True,NORMAL
GR010957,BK010957,J000165,Group Demo Group 10957,2,GROUP,True,NORMAL
GR010958,BK010958,J000165,Group Demo Group 10958,1,GROUP,True,NORMAL
GR010959,BK010959,J000165,Group Demo Group 10959,4,GROUP,True,NORMAL
GR010960,BK010960,J000165,Couple Demo Group 10960,2,COUPLE,True,NORMAL
GR010961,BK010961,J000165,Friends Demo Group 10961,8,FRIENDS,True,HIGH
GR010962,BK010962,J000165,Couple Demo Group 10962,8,COUPLE,True,HIGH
GR010963,BK010963,J000165,Group Demo Group 10963,1,GROUP,True,NORMAL
GR010964,BK010964,J000165,Group Demo Group 10964,1,GROUP,True,NORMAL
GR010965,BK010965,J000165,Group Demo Group 10965,1,GROUP,True,NORMAL
GR010966,BK010966,J000165,Friends Demo Group 10966,3,FRIENDS,True,NORMAL
GR010967,BK010967,J000165,Group Demo Group 10967,1,GROUP,True,NORMAL
GR010968,BK010968,J000165,Couple Demo Group 10968,2,COUPLE,True,NORMAL
GR010969,BK010969,J000165,Group Demo Group 10969,1,GROUP,True,NORMAL
GR010970,BK010970,J000165,Family Demo Group 10970,2,FAMILY,True,NORMAL
GR010971,BK010971,J000165,Friends Demo Group 10971,2,FRIENDS,True,NORMAL
GR010972,BK010972,J000165,Couple Demo Group 10972,6,COUPLE,True,HIGH
GR010973,BK010973,J000165,Group Demo Group 10973,1,GROUP,True,NORMAL
GR010974,BK010974,J000165,Friends Demo Group 10974,7,FRIENDS,True,HIGH
GR010975,BK010975,J000165,Friends Demo Group 10975,2,FRIENDS,True,NORMAL
GR010976,BK010976,J000165,Family Demo Group 10976,4,FAMILY,True,NORMAL
GR010977,BK010977,J000165,Group Demo Group 10977,1,GROUP,True,NORMAL
GR010978,BK010978,J000165,Couple Demo Group 10978,4,COUPLE,True,NORMAL
GR010979,BK010979,J000165,Friends Demo Group 10979,6,FRIENDS,True,HIGH
GR010980,BK010980,J000165,Family Demo Group 10980,4,FAMILY,True,NORMAL
GR010981,BK010981,J000165,Family Demo Group 10981,3,FAMILY,True,NORMAL
GR010982,BK010982,J000165,Caregiver Demo Group 10982,5,CAREGIVER,True,HIGH
GR010983,BK010983,J000165,Friends Demo Group 10983,2,FRIENDS,True,NORMAL
GR010984,BK010984,J000165,Family Demo Group 10984,4,FAMILY,True,NORMAL
GR010985,BK010985,J000165,Group Demo Group 10985,2,GROUP,True,NORMAL
GR010986,BK010986,J000165,Family Demo Group 10986,2,FAMILY,True,NORMAL
GR010987,BK010987,J000165,Group Demo Group 10987,1,GROUP,True,NORMAL
GR010988,BK010988,J000165,Group Demo Group 10988,1,GROUP,True,NORMAL
GR010989,BK010989,J000165,Group Demo Group 10989,6,GROUP,True,HIGH
GR010990,BK010990,J000165,Family Demo Group 10990,2,FAMILY,True,NORMAL
GR010991,BK010991,J000165,Couple Demo Group 10991,3,COUPLE,True,NORMAL
GR010992,BK010992,J000165,Group Demo Group 10992,1,GROUP,True,NORMAL
GR010993,BK010993,J000165,Group Demo Group 10993,1,GROUP,True,NORMAL
GR010994,BK010994,J000165,Family Demo Group 10994,2,FAMILY,True,NORMAL
GR010995,BK010995,J000165,Friends Demo Group 10995,6,FRIENDS,True,HIGH
GR010996,BK010996,J000165,Family Demo Group 10996,4,FAMILY,True,NORMAL
GR010997,BK010997,J000165,Friends Demo Group 10997,4,FRIENDS,True,NORMAL
GR010998,BK010998,J000165,Couple Demo Group 10998,4,COUPLE,True,NORMAL
GR010999,BK010999,J000165,Group Demo Group 10999,1,GROUP,True,NORMAL
GR011000,BK011000,J000165,Friends Demo Group 11000,5,FRIENDS,True,NORMAL
GR011001,BK011001,J000165,Group Demo Group 11001,1,GROUP,True,NORMAL
GR011002,BK011002,J000165,Friends Demo Group 11002,3,FRIENDS,True,NORMAL
GR011003,BK011003,J000165,Group Demo Group 11003,4,GROUP,True,NORMAL
GR011004,BK011004,J000165,Group Demo Group 11004,1,GROUP,True,NORMAL
GR011005,BK011005,J000165,Friends Demo Group 11005,4,FRIENDS,True,NORMAL
GR011006,BK011006,J000165,Family Demo Group 11006,2,FAMILY,True,NORMAL
GR011007,BK011007,J000165,Group Demo Group 11007,1,GROUP,True,NORMAL
GR011008,BK011008,J000165,Group Demo Group 11008,3,GROUP,True,NORMAL
GR011009,BK011009,J000165,Family Demo Group 11009,3,FAMILY,True,NORMAL
GR011010,BK011010,J000165,Group Demo Group 11010,1,GROUP,True,NORMAL
GR011011,BK011011,J000166,Group Demo Group 11011,1,GROUP,True,NORMAL
GR011012,BK011012,J000166,Group Demo Group 11012,1,GROUP,True,NORMAL
GR011013,BK011013,J000166,Family Demo Group 11013,3,FAMILY,True,NORMAL
GR011014,BK011014,J000166,Family Demo Group 11014,2,FAMILY,True,NORMAL
GR011015,BK011015,J000166,Group Demo Group 11015,8,GROUP,True,HIGH
GR011016,BK011016,J000166,Couple Demo Group 11016,2,COUPLE,True,NORMAL
GR011017,BK011017,J000166,Group Demo Group 11017,6,GROUP,True,HIGH
GR011018,BK011018,J000166,Friends Demo Group 11018,3,FRIENDS,True,NORMAL
GR011019,BK011019,J000166,Couple Demo Group 11019,3,COUPLE,True,NORMAL
GR011020,BK011020,J000166,Caregiver Demo Group 11020,4,CAREGIVER,True,HIGH
GR011021,BK011021,J000166,Group Demo Group 11021,2,GROUP,True,NORMAL
GR011022,BK011022,J000166,Family Demo Group 11022,2,FAMILY,True,NORMAL
GR011023,BK011023,J000166,Friends Demo Group 11023,2,FRIENDS,True,NORMAL
GR011024,BK011024,J000166,Couple Demo Group 11024,2,COUPLE,True,NORMAL
GR011025,BK011025,J000166,Group Demo Group 11025,1,GROUP,True,NORMAL
GR011026,BK011026,J000166,Couple Demo Group 11026,4,COUPLE,True,NORMAL
GR011027,BK011027,J000166,Couple Demo Group 11027,3,COUPLE,True,NORMAL
GR011028,BK011028,J000166,Family Demo Group 11028,4,FAMILY,True,NORMAL
GR011029,BK011029,J000166,Group Demo Group 11029,2,GROUP,True,NORMAL
GR011030,BK011030,J000166,Family Demo Group 11030,2,FAMILY,True,NORMAL
GR011031,BK011031,J000166,Couple Demo Group 11031,3,COUPLE,True,NORMAL
GR011032,BK011032,J000166,Group Demo Group 11032,3,GROUP,True,NORMAL
GR011033,BK011033,J000166,Group Demo Group 11033,1,GROUP,True,NORMAL
GR011034,BK011034,J000166,Family Demo Group 11034,2,FAMILY,True,NORMAL
GR011035,BK011035,J000166,Friends Demo Group 11035,6,FRIENDS,True,HIGH
GR011036,BK011036,J000166,Group Demo Group 11036,1,GROUP,True,NORMAL
GR011037,BK011037,J000166,Group Demo Group 11037,2,GROUP,True,NORMAL
GR011038,BK011038,J000166,Couple Demo Group 11038,4,COUPLE,True,NORMAL
GR011039,BK011039,J000166,Caregiver Demo Group 11039,6,CAREGIVER,True,HIGH
GR011040,BK011040,J000166,Group Demo Group 11040,1,GROUP,True,NORMAL
GR011041,BK011041,J000166,Group Demo Group 11041,1,GROUP,True,NORMAL
GR011042,BK011042,J000166,Friends Demo Group 11042,3,FRIENDS,True,NORMAL
GR011043,BK011043,J000166,Family Demo Group 11043,5,FAMILY,True,NORMAL
GR011044,BK011044,J000166,Group Demo Group 11044,3,GROUP,True,NORMAL
GR011045,BK011045,J000166,Family Demo Group 11045,7,FAMILY,True,HIGH
GR011046,BK011046,J000166,Family Demo Group 11046,6,FAMILY,True,HIGH
GR011047,BK011047,J000166,Group Demo Group 11047,1,GROUP,True,NORMAL
GR011048,BK011048,J000166,Friends Demo Group 11048,5,FRIENDS,True,NORMAL
GR011049,BK011049,J000166,Friends Demo Group 11049,4,FRIENDS,True,NORMAL
GR011050,BK011050,J000166,Family Demo Group 11050,2,FAMILY,True,NORMAL
GR011051,BK011051,J000166,Group Demo Group 11051,1,GROUP,True,NORMAL
GR011052,BK011052,J000166,Couple Demo Group 11052,2,COUPLE,True,NORMAL
GR011053,BK011053,J000166,Group Demo Group 11053,2,GROUP,True,NORMAL
GR011054,BK011054,J000166,Group Demo Group 11054,1,GROUP,True,NORMAL
GR011055,BK011055,J000166,Family Demo Group 11055,5,FAMILY,True,NORMAL
GR011056,BK011056,J000166,Group Demo Group 11056,1,GROUP,True,NORMAL
GR011057,BK011057,J000166,Friends Demo Group 11057,4,FRIENDS,True,NORMAL
GR011058,BK011058,J000166,Group Demo Group 11058,1,GROUP,True,NORMAL
GR011059,BK011059,J000166,Friends Demo Group 11059,2,FRIENDS,True,NORMAL
GR011060,BK011060,J000166,Couple Demo Group 11060,2,COUPLE,True,NORMAL
GR011061,BK011061,J000166,Family Demo Group 11061,3,FAMILY,True,NORMAL
GR011062,BK011062,J000166,Group Demo Group 11062,1,GROUP,True,NORMAL
GR011063,BK011063,J000166,Group Demo Group 11063,1,GROUP,True,NORMAL
GR011064,BK011064,J000166,Couple Demo Group 11064,2,COUPLE,True,NORMAL
GR011065,BK011065,J000166,Group Demo Group 11065,2,GROUP,True,NORMAL
GR011066,BK011066,J000166,Family Demo Group 11066,2,FAMILY,True,NORMAL
GR011067,BK011067,J000166,Group Demo Group 11067,8,GROUP,True,HIGH
GR011068,BK011068,J000166,Family Demo Group 11068,4,FAMILY,True,NORMAL
GR011069,BK011069,J000166,Family Demo Group 11069,3,FAMILY,True,NORMAL
GR011070,BK011070,J000166,Family Demo Group 11070,2,FAMILY,True,NORMAL
GR011071,BK011071,J000166,Group Demo Group 11071,4,GROUP,True,NORMAL
GR011072,BK011072,J000166,Group Demo Group 11072,1,GROUP,True,NORMAL
GR011073,BK011073,J000166,Group Demo Group 11073,2,GROUP,True,NORMAL
GR011074,BK011074,J000166,Couple Demo Group 11074,4,COUPLE,True,NORMAL
GR011075,BK011075,J000166,Group Demo Group 11075,4,GROUP,True,NORMAL
GR011076,BK011076,J000166,Group Demo Group 11076,1,GROUP,True,NORMAL
GR011077,BK011077,J000167,Caregiver Demo Group 11077,4,CAREGIVER,True,HIGH
GR011078,BK011078,J000167,Family Demo Group 11078,2,FAMILY,True,NORMAL
GR011079,BK011079,J000167,Friends Demo Group 11079,2,FRIENDS,True,NORMAL
GR011080,BK011080,J000167,Couple Demo Group 11080,2,COUPLE,True,NORMAL
GR011081,BK011081,J000167,Family Demo Group 11081,3,FAMILY,True,NORMAL
GR011082,BK011082,J000167,Couple Demo Group 11082,4,COUPLE,True,NORMAL
GR011083,BK011083,J000167,Couple Demo Group 11083,3,COUPLE,True,NORMAL
GR011084,BK011084,J000167,Couple Demo Group 11084,2,COUPLE,True,NORMAL
GR011085,BK011085,J000167,Family Demo Group 11085,3,FAMILY,True,NORMAL
GR011086,BK011086,J000167,Couple Demo Group 11086,4,COUPLE,True,NORMAL
GR011087,BK011087,J000167,Group Demo Group 11087,4,GROUP,True,NORMAL
GR011088,BK011088,J000167,Family Demo Group 11088,4,FAMILY,True,NORMAL
GR011089,BK011089,J000167,Group Demo Group 11089,2,GROUP,True,NORMAL
GR011090,BK011090,J000167,Couple Demo Group 11090,8,COUPLE,True,HIGH
GR011091,BK011091,J000167,Friends Demo Group 11091,6,FRIENDS,True,HIGH
GR011092,BK011092,J000167,Family Demo Group 11092,4,FAMILY,True,NORMAL
GR011093,BK011093,J000167,Friends Demo Group 11093,8,FRIENDS,True,HIGH
GR011094,BK011094,J000167,Couple Demo Group 11094,8,COUPLE,True,HIGH
GR011095,BK011095,J000167,Family Demo Group 11095,5,FAMILY,True,NORMAL
GR011096,BK011096,J000167,Group Demo Group 11096,1,GROUP,True,NORMAL
GR011097,BK011097,J000167,Couple Demo Group 11097,5,COUPLE,True,NORMAL
GR011098,BK011098,J000167,Family Demo Group 11098,2,FAMILY,True,NORMAL
GR011099,BK011099,J000167,Group Demo Group 11099,4,GROUP,True,NORMAL
GR011100,BK011100,J000167,Group Demo Group 11100,1,GROUP,True,NORMAL
GR011101,BK011101,J000167,Family Demo Group 11101,3,FAMILY,True,NORMAL
GR011102,BK011102,J000167,Family Demo Group 11102,2,FAMILY,True,NORMAL
GR011103,BK011103,J000167,Couple Demo Group 11103,3,COUPLE,True,NORMAL
GR011104,BK011104,J000167,Couple Demo Group 11104,2,COUPLE,True,NORMAL
GR011105,BK011105,J000167,Group Demo Group 11105,2,GROUP,True,NORMAL
GR011106,BK011106,J000167,Family Demo Group 11106,6,FAMILY,True,HIGH
GR011107,BK011107,J000167,Friends Demo Group 11107,2,FRIENDS,True,NORMAL
GR011108,BK011108,J000167,Family Demo Group 11108,4,FAMILY,True,NORMAL
GR011109,BK011109,J000167,Friends Demo Group 11109,4,FRIENDS,True,NORMAL
GR011110,BK011110,J000167,Group Demo Group 11110,1,GROUP,True,NORMAL
GR011111,BK011111,J000167,Group Demo Group 11111,1,GROUP,True,NORMAL
GR011112,BK011112,J000167,Group Demo Group 11112,3,GROUP,True,NORMAL
GR011113,BK011113,J000167,Friends Demo Group 11113,4,FRIENDS,True,NORMAL
GR011114,BK011114,J000167,Couple Demo Group 11114,4,COUPLE,True,NORMAL
GR011115,BK011115,J000167,Caregiver Demo Group 11115,4,CAREGIVER,True,HIGH
GR011116,BK011116,J000167,Couple Demo Group 11116,6,COUPLE,True,HIGH
GR011117,BK011117,J000167,Group Demo Group 11117,1,GROUP,True,NORMAL
GR011118,BK011118,J000167,Family Demo Group 11118,2,FAMILY,True,NORMAL
GR011119,BK011119,J000167,Group Demo Group 11119,4,GROUP,True,NORMAL
GR011120,BK011120,J000167,Family Demo Group 11120,4,FAMILY,True,NORMAL
GR011121,BK011121,J000167,Group Demo Group 11121,1,GROUP,True,NORMAL
GR011122,BK011122,J000167,Group Demo Group 11122,1,GROUP,True,NORMAL
GR011123,BK011123,J000167,Friends Demo Group 11123,6,FRIENDS,True,HIGH
GR011124,BK011124,J000167,Family Demo Group 11124,4,FAMILY,True,NORMAL
GR011125,BK011125,J000167,Friends Demo Group 11125,4,FRIENDS,True,NORMAL
GR011126,BK011126,J000167,Family Demo Group 11126,2,FAMILY,True,NORMAL
GR011127,BK011127,J000167,Group Demo Group 11127,1,GROUP,True,NORMAL
GR011128,BK011128,J000167,Family Demo Group 11128,4,FAMILY,True,NORMAL
GR011129,BK011129,J000167,Group Demo Group 11129,1,GROUP,True,NORMAL
GR011130,BK011130,J000167,Couple Demo Group 11130,4,COUPLE,True,NORMAL
GR011131,BK011131,J000167,Group Demo Group 11131,8,GROUP,True,HIGH
GR011132,BK011132,J000167,Group Demo Group 11132,1,GROUP,True,NORMAL
GR011133,BK011133,J000167,Group Demo Group 11133,1,GROUP,True,NORMAL
GR011134,BK011134,J000167,Group Demo Group 11134,1,GROUP,True,NORMAL
GR011135,BK011135,J000167,Group Demo Group 11135,4,GROUP,True,NORMAL
GR011136,BK011136,J000167,Group Demo Group 11136,1,GROUP,True,NORMAL
GR011137,BK011137,J000167,Group Demo Group 11137,1,GROUP,True,NORMAL
GR011138,BK011138,J000167,Family Demo Group 11138,2,FAMILY,True,NORMAL
GR011139,BK011139,J000167,Couple Demo Group 11139,3,COUPLE,True,NORMAL
GR011140,BK011140,J000167,Couple Demo Group 11140,2,COUPLE,True,NORMAL
GR011141,BK011141,J000167,Group Demo Group 11141,1,GROUP,True,NORMAL
GR011142,BK011142,J000167,Family Demo Group 11142,2,FAMILY,True,NORMAL
GR011143,BK011143,J000168,Group Demo Group 11143,1,GROUP,True,NORMAL
GR011144,BK011144,J000168,Group Demo Group 11144,3,GROUP,True,NORMAL
GR011145,BK011145,J000168,Friends Demo Group 11145,4,FRIENDS,True,NORMAL
GR011146,BK011146,J000168,Family Demo Group 11146,6,FAMILY,True,HIGH
GR011147,BK011147,J000168,Couple Demo Group 11147,3,COUPLE,True,NORMAL
GR011148,BK011148,J000168,Family Demo Group 11148,4,FAMILY,True,NORMAL
GR011149,BK011149,J000168,Group Demo Group 11149,1,GROUP,True,NORMAL
GR011150,BK011150,J000168,Couple Demo Group 11150,4,COUPLE,True,NORMAL
GR011151,BK011151,J000168,Friends Demo Group 11151,2,FRIENDS,True,NORMAL
GR011152,BK011152,J000168,Group Demo Group 11152,1,GROUP,True,NORMAL
GR011153,BK011153,J000168,Group Demo Group 11153,2,GROUP,True,NORMAL
GR011154,BK011154,J000168,Group Demo Group 11154,1,GROUP,True,NORMAL
GR011155,BK011155,J000168,Couple Demo Group 11155,7,COUPLE,True,HIGH
GR011156,BK011156,J000168,Group Demo Group 11156,3,GROUP,True,NORMAL
GR011157,BK011157,J000168,Group Demo Group 11157,1,GROUP,True,NORMAL
GR011158,BK011158,J000168,Family Demo Group 11158,2,FAMILY,True,NORMAL
GR011159,BK011159,J000168,Friends Demo Group 11159,6,FRIENDS,True,HIGH
GR011160,BK011160,J000168,Group Demo Group 11160,1,GROUP,True,NORMAL
GR011161,BK011161,J000168,Group Demo Group 11161,1,GROUP,True,NORMAL
GR011162,BK011162,J000168,Group Demo Group 11162,1,GROUP,True,NORMAL
GR011163,BK011163,J000168,Family Demo Group 11163,5,FAMILY,True,NORMAL
GR011164,BK011164,J000168,Friends Demo Group 11164,5,FRIENDS,True,NORMAL
GR011165,BK011165,J000168,Group Demo Group 11165,2,GROUP,True,NORMAL
GR011166,BK011166,J000168,Friends Demo Group 11166,3,FRIENDS,True,NORMAL
GR011167,BK011167,J000168,Group Demo Group 11167,4,GROUP,True,NORMAL
GR011168,BK011168,J000168,Couple Demo Group 11168,6,COUPLE,True,HIGH
GR011169,BK011169,J000168,Group Demo Group 11169,1,GROUP,True,NORMAL
GR011170,BK011170,J000168,Group Demo Group 11170,5,GROUP,True,NORMAL
GR011171,BK011171,J000168,Couple Demo Group 11171,3,COUPLE,True,NORMAL
GR011172,BK011172,J000168,Group Demo Group 11172,1,GROUP,True,NORMAL
GR011173,BK011173,J000168,Friends Demo Group 11173,4,FRIENDS,True,NORMAL
GR011174,BK011174,J000168,Couple Demo Group 11174,4,COUPLE,True,NORMAL
GR011175,BK011175,J000168,Group Demo Group 11175,1,GROUP,True,NORMAL
GR011176,BK011176,J000168,Friends Demo Group 11176,5,FRIENDS,True,NORMAL
GR011177,BK011177,J000168,Group Demo Group 11177,2,GROUP,True,NORMAL
GR011178,BK011178,J000168,Couple Demo Group 11178,4,COUPLE,True,NORMAL
GR011179,BK011179,J000168,Friends Demo Group 11179,2,FRIENDS,True,NORMAL
GR011180,BK011180,J000168,Group Demo Group 11180,1,GROUP,True,NORMAL
GR011181,BK011181,J000168,Friends Demo Group 11181,4,FRIENDS,True,NORMAL
GR011182,BK011182,J000168,Group Demo Group 11182,1,GROUP,True,NORMAL
GR011183,BK011183,J000168,Couple Demo Group 11183,3,COUPLE,True,NORMAL
GR011184,BK011184,J000168,Family Demo Group 11184,4,FAMILY,True,NORMAL
GR011185,BK011185,J000168,Family Demo Group 11185,3,FAMILY,True,NORMAL
GR011186,BK011186,J000168,Group Demo Group 11186,1,GROUP,True,NORMAL
GR011187,BK011187,J000168,Group Demo Group 11187,1,GROUP,True,NORMAL
GR011188,BK011188,J000168,Couple Demo Group 11188,2,COUPLE,True,NORMAL
GR011189,BK011189,J000168,Family Demo Group 11189,3,FAMILY,True,NORMAL
GR011190,BK011190,J000168,Family Demo Group 11190,2,FAMILY,True,NORMAL
GR011191,BK011191,J000168,Group Demo Group 11191,1,GROUP,True,NORMAL
GR011192,BK011192,J000168,Family Demo Group 11192,4,FAMILY,True,NORMAL
GR011193,BK011193,J000168,Group Demo Group 11193,1,GROUP,True,NORMAL
GR011194,BK011194,J000168,Couple Demo Group 11194,4,COUPLE,True,NORMAL
GR011195,BK011195,J000168,Friends Demo Group 11195,2,FRIENDS,True,NORMAL
GR011196,BK011196,J000168,Group Demo Group 11196,3,GROUP,True,NORMAL
GR011197,BK011197,J000168,Friends Demo Group 11197,4,FRIENDS,True,NORMAL
GR011198,BK011198,J000168,Couple Demo Group 11198,4,COUPLE,True,NORMAL
GR011199,BK011199,J000168,Group Demo Group 11199,4,GROUP,True,NORMAL
GR011200,BK011200,J000168,Group Demo Group 11200,3,GROUP,True,NORMAL
GR011201,BK011201,J000168,Friends Demo Group 11201,4,FRIENDS,True,NORMAL
GR011202,BK011202,J000168,Couple Demo Group 11202,4,COUPLE,True,NORMAL
GR011203,BK011203,J000168,Group Demo Group 11203,8,GROUP,True,HIGH
GR011204,BK011204,J000168,Couple Demo Group 11204,2,COUPLE,True,NORMAL
GR011205,BK011205,J000168,Group Demo Group 11205,1,GROUP,True,NORMAL
GR011206,BK011206,J000168,Couple Demo Group 11206,4,COUPLE,True,NORMAL
GR011207,BK011207,J000168,Friends Demo Group 11207,2,FRIENDS,True,NORMAL
GR011208,BK011208,J000168,Friends Demo Group 11208,5,FRIENDS,True,NORMAL
GR011209,BK011209,J000169,Group Demo Group 11209,2,GROUP,True,NORMAL
GR011210,BK011210,J000169,Friends Demo Group 11210,3,FRIENDS,True,NORMAL
GR011211,BK011211,J000169,Group Demo Group 11211,4,GROUP,True,NORMAL
GR011212,BK011212,J000169,Couple Demo Group 11212,2,COUPLE,True,NORMAL
GR011213,BK011213,J000169,Group Demo Group 11213,2,GROUP,True,NORMAL
GR011214,BK011214,J000169,Friends Demo Group 11214,3,FRIENDS,True,NORMAL
GR011215,BK011215,J000169,Friends Demo Group 11215,2,FRIENDS,True,NORMAL
GR011216,BK011216,J000169,Group Demo Group 11216,7,GROUP,True,HIGH
GR011217,BK011217,J000169,Group Demo Group 11217,1,GROUP,True,NORMAL
GR011218,BK011218,J000169,Group Demo Group 11218,5,GROUP,True,NORMAL
GR011219,BK011219,J000169,Group Demo Group 11219,1,GROUP,True,NORMAL
GR011220,BK011220,J000169,Group Demo Group 11220,1,GROUP,True,NORMAL
GR011221,BK011221,J000169,Group Demo Group 11221,2,GROUP,True,NORMAL
GR011222,BK011222,J000169,Friends Demo Group 11222,3,FRIENDS,True,NORMAL
GR011223,BK011223,J000169,Friends Demo Group 11223,2,FRIENDS,True,NORMAL
GR011224,BK011224,J000169,Couple Demo Group 11224,6,COUPLE,True,HIGH
GR011225,BK011225,J000169,Group Demo Group 11225,2,GROUP,True,NORMAL
GR011226,BK011226,J000169,Friends Demo Group 11226,3,FRIENDS,True,NORMAL
GR011227,BK011227,J000169,Friends Demo Group 11227,2,FRIENDS,True,NORMAL
GR011228,BK011228,J000169,Group Demo Group 11228,3,GROUP,True,NORMAL
GR011229,BK011229,J000169,Caregiver Demo Group 11229,4,CAREGIVER,True,HIGH
GR011230,BK011230,J000169,Family Demo Group 11230,2,FAMILY,True,NORMAL
GR011231,BK011231,J000169,Friends Demo Group 11231,2,FRIENDS,True,NORMAL
GR011232,BK011232,J000169,Friends Demo Group 11232,5,FRIENDS,True,NORMAL
GR011233,BK011233,J000169,Couple Demo Group 11233,5,COUPLE,True,NORMAL
GR011234,BK011234,J000169,Family Demo Group 11234,2,FAMILY,True,NORMAL
GR011235,BK011235,J000169,Group Demo Group 11235,1,GROUP,True,NORMAL
GR011236,BK011236,J000169,Family Demo Group 11236,4,FAMILY,True,NORMAL
GR011237,BK011237,J000169,Group Demo Group 11237,2,GROUP,True,NORMAL
GR011238,BK011238,J000169,Family Demo Group 11238,2,FAMILY,True,NORMAL
GR011239,BK011239,J000169,Couple Demo Group 11239,3,COUPLE,True,NORMAL
GR011240,BK011240,J000169,Couple Demo Group 11240,2,COUPLE,True,NORMAL
GR011241,BK011241,J000169,Group Demo Group 11241,2,GROUP,True,NORMAL
GR011242,BK011242,J000169,Friends Demo Group 11242,3,FRIENDS,True,NORMAL
GR011243,BK011243,J000169,Couple Demo Group 11243,3,COUPLE,True,NORMAL
GR011244,BK011244,J000169,Friends Demo Group 11244,5,FRIENDS,True,NORMAL
GR011245,BK011245,J000169,Group Demo Group 11245,2,GROUP,True,NORMAL
GR011246,BK011246,J000169,Friends Demo Group 11246,3,FRIENDS,True,NORMAL
GR011247,BK011247,J000169,Couple Demo Group 11247,3,COUPLE,True,NORMAL
GR011248,BK011248,J000169,Caregiver Demo Group 11248,7,CAREGIVER,True,HIGH
GR011249,BK011249,J000169,Group Demo Group 11249,2,GROUP,True,NORMAL
GR011250,BK011250,J000169,Group Demo Group 11250,1,GROUP,True,NORMAL
GR011251,BK011251,J000169,Group Demo Group 11251,4,GROUP,True,NORMAL
GR011252,BK011252,J000169,Group Demo Group 11252,1,GROUP,True,NORMAL
GR011253,BK011253,J000169,Couple Demo Group 11253,5,COUPLE,True,NORMAL
GR011254,BK011254,J000169,Family Demo Group 11254,2,FAMILY,True,NORMAL
GR011255,BK011255,J000169,Group Demo Group 11255,8,GROUP,True,HIGH
GR011256,BK011256,J000169,Friends Demo Group 11256,5,FRIENDS,True,NORMAL
GR011257,BK011257,J000169,Group Demo Group 11257,1,GROUP,True,NORMAL
GR011258,BK011258,J000169,Couple Demo Group 11258,4,COUPLE,True,NORMAL
GR011259,BK011259,J000169,Group Demo Group 11259,4,GROUP,True,NORMAL
GR011260,BK011260,J000169,Group Demo Group 11260,3,GROUP,True,NORMAL
GR011261,BK011261,J000169,Family Demo Group 11261,3,FAMILY,True,NORMAL
GR011262,BK011262,J000169,Family Demo Group 11262,2,FAMILY,True,NORMAL
GR011263,BK011263,J000169,Group Demo Group 11263,1,GROUP,True,NORMAL
GR011264,BK011264,J000169,Couple Demo Group 11264,2,COUPLE,True,NORMAL
GR011265,BK011265,J000169,Group Demo Group 11265,1,GROUP,True,NORMAL
GR011266,BK011266,J000169,Couple Demo Group 11266,4,COUPLE,True,NORMAL
GR011267,BK011267,J000169,Group Demo Group 11267,1,GROUP,True,NORMAL
GR011268,BK011268,J000169,Group Demo Group 11268,1,GROUP,True,NORMAL
GR011269,BK011269,J000169,Group Demo Group 11269,2,GROUP,True,NORMAL
GR011270,BK011270,J000169,Family Demo Group 11270,2,FAMILY,True,NORMAL
GR011271,BK011271,J000169,Friends Demo Group 11271,2,FRIENDS,True,NORMAL
GR011272,BK011272,J000169,Group Demo Group 11272,1,GROUP,True,NORMAL
GR011273,BK011273,J000169,Family Demo Group 11273,3,FAMILY,True,NORMAL
GR011274,BK011274,J000169,Couple Demo Group 11274,4,COUPLE,True,NORMAL
GR011275,BK011275,J000170,Friends Demo Group 11275,2,FRIENDS,True,NORMAL
GR011276,BK011276,J000170,Group Demo Group 11276,3,GROUP,True,NORMAL
GR011277,BK011277,J000170,Group Demo Group 11277,1,GROUP,True,NORMAL
GR011278,BK011278,J000170,Group Demo Group 11278,5,GROUP,True,NORMAL
GR011279,BK011279,J000170,Group Demo Group 11279,1,GROUP,True,NORMAL
GR011280,BK011280,J000170,Family Demo Group 11280,4,FAMILY,True,NORMAL
GR011281,BK011281,J000170,Group Demo Group 11281,2,GROUP,True,NORMAL
GR011282,BK011282,J000170,Group Demo Group 11282,1,GROUP,True,NORMAL
GR011283,BK011283,J000170,Couple Demo Group 11283,7,COUPLE,True,HIGH
GR011284,BK011284,J000170,Family Demo Group 11284,4,FAMILY,True,NORMAL
GR011285,BK011285,J000170,Group Demo Group 11285,6,GROUP,True,HIGH
GR011286,BK011286,J000170,Family Demo Group 11286,2,FAMILY,True,NORMAL
GR011287,BK011287,J000170,Group Demo Group 11287,4,GROUP,True,NORMAL
GR011288,BK011288,J000170,Friends Demo Group 11288,5,FRIENDS,True,NORMAL
GR011289,BK011289,J000170,Group Demo Group 11289,2,GROUP,True,NORMAL
GR011290,BK011290,J000170,Couple Demo Group 11290,4,COUPLE,True,NORMAL
GR011291,BK011291,J000170,Group Demo Group 11291,4,GROUP,True,NORMAL
GR011292,BK011292,J000170,Group Demo Group 11292,1,GROUP,True,NORMAL
GR011293,BK011293,J000170,Group Demo Group 11293,2,GROUP,True,NORMAL
GR011294,BK011294,J000170,Couple Demo Group 11294,4,COUPLE,True,NORMAL
GR011295,BK011295,J000170,Friends Demo Group 11295,2,FRIENDS,True,NORMAL
GR011296,BK011296,J000170,Family Demo Group 11296,4,FAMILY,True,NORMAL
GR011297,BK011297,J000170,Family Demo Group 11297,7,FAMILY,True,HIGH
GR011298,BK011298,J000170,Group Demo Group 11298,1,GROUP,True,NORMAL
GR011299,BK011299,J000170,Group Demo Group 11299,4,GROUP,True,NORMAL
GR011300,BK011300,J000170,Family Demo Group 11300,4,FAMILY,True,NORMAL
GR011301,BK011301,J000170,Friends Demo Group 11301,4,FRIENDS,True,NORMAL
GR011302,BK011302,J000170,Family Demo Group 11302,6,FAMILY,True,HIGH
GR011303,BK011303,J000170,Group Demo Group 11303,4,GROUP,True,NORMAL
GR011304,BK011304,J000170,Group Demo Group 11304,1,GROUP,True,NORMAL
GR011305,BK011305,J000170,Caregiver Demo Group 11305,8,CAREGIVER,True,HIGH
GR011306,BK011306,J000170,Family Demo Group 11306,2,FAMILY,True,NORMAL
GR011307,BK011307,J000170,Group Demo Group 11307,1,GROUP,True,NORMAL
GR011308,BK011308,J000170,Family Demo Group 11308,4,FAMILY,True,NORMAL
GR011309,BK011309,J000170,Group Demo Group 11309,2,GROUP,True,NORMAL
GR011310,BK011310,J000170,Couple Demo Group 11310,4,COUPLE,True,NORMAL
GR011311,BK011311,J000170,Group Demo Group 11311,1,GROUP,True,NORMAL
GR011312,BK011312,J000170,Group Demo Group 11312,7,GROUP,True,HIGH
GR011313,BK011313,J000170,Friends Demo Group 11313,4,FRIENDS,True,NORMAL
GR011314,BK011314,J000170,Group Demo Group 11314,1,GROUP,True,NORMAL
GR011315,BK011315,J000170,Group Demo Group 11315,1,GROUP,True,NORMAL
GR011316,BK011316,J000170,Family Demo Group 11316,4,FAMILY,True,NORMAL
GR011317,BK011317,J000170,Group Demo Group 11317,2,GROUP,True,NORMAL
GR011318,BK011318,J000170,Group Demo Group 11318,5,GROUP,True,NORMAL
GR011319,BK011319,J000170,Group Demo Group 11319,4,GROUP,True,NORMAL
GR011320,BK011320,J000170,Group Demo Group 11320,3,GROUP,True,NORMAL
GR011321,BK011321,J000170,Group Demo Group 11321,1,GROUP,True,NORMAL
GR011322,BK011322,J000170,Group Demo Group 11322,5,GROUP,True,NORMAL
GR011323,BK011323,J000170,Group Demo Group 11323,4,GROUP,True,NORMAL
GR011324,BK011324,J000170,Caregiver Demo Group 11324,6,CAREGIVER,True,HIGH
GR011325,BK011325,J000170,Family Demo Group 11325,7,FAMILY,True,HIGH
GR011326,BK011326,J000170,Group Demo Group 11326,1,GROUP,True,NORMAL
GR011327,BK011327,J000170,Group Demo Group 11327,1,GROUP,True,NORMAL
GR011328,BK011328,J000170,Friends Demo Group 11328,5,FRIENDS,True,NORMAL
GR011329,BK011329,J000170,Group Demo Group 11329,2,GROUP,True,NORMAL
GR011330,BK011330,J000170,Friends Demo Group 11330,3,FRIENDS,True,NORMAL
GR011331,BK011331,J000170,Couple Demo Group 11331,3,COUPLE,True,NORMAL
GR011332,BK011332,J000170,Group Demo Group 11332,7,GROUP,True,HIGH
GR011333,BK011333,J000170,Friends Demo Group 11333,4,FRIENDS,True,NORMAL
GR011334,BK011334,J000170,Couple Demo Group 11334,4,COUPLE,True,NORMAL
GR011335,BK011335,J000170,Group Demo Group 11335,1,GROUP,True,NORMAL
GR011336,BK011336,J000170,Friends Demo Group 11336,5,FRIENDS,True,NORMAL
GR011337,BK011337,J000170,Group Demo Group 11337,2,GROUP,True,NORMAL
GR011338,BK011338,J000170,Family Demo Group 11338,2,FAMILY,True,NORMAL
GR011339,BK011339,J000170,Group Demo Group 11339,4,GROUP,True,NORMAL
GR011340,BK011340,J000170,Couple Demo Group 11340,2,COUPLE,True,NORMAL
GR011341,BK011341,J000171,Family Demo Group 11341,3,FAMILY,True,NORMAL
GR011342,BK011342,J000171,Family Demo Group 11342,2,FAMILY,True,NORMAL
GR011343,BK011343,J000171,Group Demo Group 11343,1,GROUP,True,NORMAL
GR011344,BK011344,J000171,Group Demo Group 11344,1,GROUP,True,NORMAL
GR011345,BK011345,J000171,Group Demo Group 11345,2,GROUP,True,NORMAL
GR011346,BK011346,J000171,Family Demo Group 11346,2,FAMILY,True,NORMAL
GR011347,BK011347,J000171,Friends Demo Group 11347,2,FRIENDS,True,NORMAL
GR011348,BK011348,J000171,Group Demo Group 11348,3,GROUP,True,NORMAL
GR011349,BK011349,J000171,Group Demo Group 11349,6,GROUP,True,HIGH
GR011350,BK011350,J000171,Family Demo Group 11350,2,FAMILY,True,NORMAL
GR011351,BK011351,J000171,Friends Demo Group 11351,2,FRIENDS,True,NORMAL
GR011352,BK011352,J000171,Family Demo Group 11352,4,FAMILY,True,NORMAL
GR011353,BK011353,J000171,Group Demo Group 11353,2,GROUP,True,NORMAL
GR011354,BK011354,J000171,Family Demo Group 11354,2,FAMILY,True,NORMAL
GR011355,BK011355,J000171,Group Demo Group 11355,4,GROUP,True,NORMAL
GR011356,BK011356,J000171,Couple Demo Group 11356,2,COUPLE,True,NORMAL
GR011357,BK011357,J000171,Group Demo Group 11357,2,GROUP,True,NORMAL
GR011358,BK011358,J000171,Family Demo Group 11358,2,FAMILY,True,NORMAL
GR011359,BK011359,J000171,Friends Demo Group 11359,6,FRIENDS,True,HIGH
GR011360,BK011360,J000171,Family Demo Group 11360,4,FAMILY,True,NORMAL
GR011361,BK011361,J000171,Friends Demo Group 11361,4,FRIENDS,True,NORMAL
GR011362,BK011362,J000171,Group Demo Group 11362,1,GROUP,True,NORMAL
GR011363,BK011363,J000171,Group Demo Group 11363,4,GROUP,True,NORMAL
GR011364,BK011364,J000171,Family Demo Group 11364,4,FAMILY,True,NORMAL
GR011365,BK011365,J000171,Couple Demo Group 11365,5,COUPLE,True,NORMAL
GR011366,BK011366,J000171,Friends Demo Group 11366,3,FRIENDS,True,NORMAL
GR011367,BK011367,J000171,Group Demo Group 11367,1,GROUP,True,NORMAL
GR011368,BK011368,J000171,Group Demo Group 11368,1,GROUP,True,NORMAL
GR011369,BK011369,J000171,Group Demo Group 11369,2,GROUP,True,NORMAL
GR011370,BK011370,J000171,Group Demo Group 11370,1,GROUP,True,NORMAL
GR011371,BK011371,J000171,Couple Demo Group 11371,3,COUPLE,True,NORMAL
GR011372,BK011372,J000171,Group Demo Group 11372,1,GROUP,True,NORMAL
GR011373,BK011373,J000171,Family Demo Group 11373,3,FAMILY,True,NORMAL
GR011374,BK011374,J000171,Family Demo Group 11374,2,FAMILY,True,NORMAL
GR011375,BK011375,J000171,Family Demo Group 11375,5,FAMILY,True,NORMAL
GR011376,BK011376,J000171,Group Demo Group 11376,3,GROUP,True,NORMAL
GR011377,BK011377,J000171,Group Demo Group 11377,2,GROUP,True,NORMAL
GR011378,BK011378,J000171,Family Demo Group 11378,2,FAMILY,True,NORMAL
GR011379,BK011379,J000171,Group Demo Group 11379,1,GROUP,True,NORMAL
GR011380,BK011380,J000171,Group Demo Group 11380,1,GROUP,True,NORMAL
GR011381,BK011381,J000171,Group Demo Group 11381,2,GROUP,True,NORMAL
GR011382,BK011382,J000171,Family Demo Group 11382,2,FAMILY,True,NORMAL
GR011383,BK011383,J000171,Friends Demo Group 11383,2,FRIENDS,True,NORMAL
GR011384,BK011384,J000171,Couple Demo Group 11384,2,COUPLE,True,NORMAL
GR011385,BK011385,J000171,Friends Demo Group 11385,4,FRIENDS,True,NORMAL
GR011386,BK011386,J000171,Group Demo Group 11386,1,GROUP,True,NORMAL
GR011387,BK011387,J000171,Group Demo Group 11387,1,GROUP,True,NORMAL
GR011388,BK011388,J000171,Group Demo Group 11388,1,GROUP,True,NORMAL
GR011389,BK011389,J000171,Group Demo Group 11389,1,GROUP,True,NORMAL
GR011390,BK011390,J000171,Family Demo Group 11390,6,FAMILY,True,HIGH
GR011391,BK011391,J000171,Group Demo Group 11391,4,GROUP,True,NORMAL
GR011392,BK011392,J000171,Couple Demo Group 11392,2,COUPLE,True,NORMAL
GR011393,BK011393,J000171,Family Demo Group 11393,3,FAMILY,True,NORMAL
GR011394,BK011394,J000171,Group Demo Group 11394,1,GROUP,True,NORMAL
GR011395,BK011395,J000171,Group Demo Group 11395,1,GROUP,True,NORMAL
GR011396,BK011396,J000171,Couple Demo Group 11396,6,COUPLE,True,HIGH
GR011397,BK011397,J000171,Group Demo Group 11397,6,GROUP,True,HIGH
GR011398,BK011398,J000171,Couple Demo Group 11398,4,COUPLE,True,NORMAL
GR011399,BK011399,J000171,Group Demo Group 11399,1,GROUP,True,NORMAL
GR011400,BK011400,J000171,Caregiver Demo Group 11400,7,CAREGIVER,True,HIGH
GR011401,BK011401,J000171,Group Demo Group 11401,6,GROUP,True,HIGH
GR011402,BK011402,J000171,Group Demo Group 11402,1,GROUP,True,NORMAL
GR011403,BK011403,J000171,Group Demo Group 11403,4,GROUP,True,NORMAL
GR011404,BK011404,J000171,Friends Demo Group 11404,5,FRIENDS,True,NORMAL
GR011405,BK011405,J000171,Friends Demo Group 11405,8,FRIENDS,True,HIGH
GR011406,BK011406,J000171,Couple Demo Group 11406,4,COUPLE,True,NORMAL
GR011407,BK011407,J000172,Couple Demo Group 11407,3,COUPLE,True,NORMAL
GR011408,BK011408,J000172,Family Demo Group 11408,4,FAMILY,True,NORMAL
GR011409,BK011409,J000172,Friends Demo Group 11409,4,FRIENDS,True,NORMAL
GR011410,BK011410,J000172,Family Demo Group 11410,2,FAMILY,True,NORMAL
GR011411,BK011411,J000172,Group Demo Group 11411,1,GROUP,True,NORMAL
GR011412,BK011412,J000172,Couple Demo Group 11412,2,COUPLE,True,NORMAL
GR011413,BK011413,J000172,Friends Demo Group 11413,4,FRIENDS,True,NORMAL
GR011414,BK011414,J000172,Couple Demo Group 11414,4,COUPLE,True,NORMAL
GR011415,BK011415,J000172,Couple Demo Group 11415,3,COUPLE,True,NORMAL
GR011416,BK011416,J000172,Family Demo Group 11416,4,FAMILY,True,NORMAL
GR011417,BK011417,J000172,Group Demo Group 11417,1,GROUP,True,NORMAL
GR011418,BK011418,J000172,Group Demo Group 11418,1,GROUP,True,NORMAL
GR011419,BK011419,J000172,Group Demo Group 11419,1,GROUP,True,NORMAL
GR011420,BK011420,J000172,Couple Demo Group 11420,2,COUPLE,True,NORMAL
GR011421,BK011421,J000172,Friends Demo Group 11421,4,FRIENDS,True,NORMAL
GR011422,BK011422,J000172,Family Demo Group 11422,6,FAMILY,True,HIGH
GR011423,BK011423,J000172,Friends Demo Group 11423,6,FRIENDS,True,HIGH
GR011424,BK011424,J000172,Group Demo Group 11424,7,GROUP,True,HIGH
GR011425,BK011425,J000172,Group Demo Group 11425,2,GROUP,True,NORMAL
GR011426,BK011426,J000172,Group Demo Group 11426,1,GROUP,True,NORMAL
GR011427,BK011427,J000172,Group Demo Group 11427,1,GROUP,True,NORMAL
GR011428,BK011428,J000172,Couple Demo Group 11428,2,COUPLE,True,NORMAL
GR011429,BK011429,J000172,Group Demo Group 11429,1,GROUP,True,NORMAL
GR011430,BK011430,J000172,Group Demo Group 11430,5,GROUP,True,NORMAL
GR011431,BK011431,J000172,Friends Demo Group 11431,6,FRIENDS,True,HIGH
GR011432,BK011432,J000172,Couple Demo Group 11432,2,COUPLE,True,NORMAL
GR011433,BK011433,J000172,Group Demo Group 11433,2,GROUP,True,NORMAL
GR011434,BK011434,J000172,Couple Demo Group 11434,4,COUPLE,True,NORMAL
GR011435,BK011435,J000172,Group Demo Group 11435,1,GROUP,True,NORMAL
GR011436,BK011436,J000172,Group Demo Group 11436,3,GROUP,True,NORMAL
GR011437,BK011437,J000172,Group Demo Group 11437,1,GROUP,True,NORMAL
GR011438,BK011438,J000172,Family Demo Group 11438,2,FAMILY,True,NORMAL
GR011439,BK011439,J000172,Couple Demo Group 11439,7,COUPLE,True,HIGH
GR011440,BK011440,J000172,Group Demo Group 11440,1,GROUP,True,NORMAL
GR011441,BK011441,J000172,Group Demo Group 11441,6,GROUP,True,HIGH
GR011442,BK011442,J000172,Group Demo Group 11442,5,GROUP,True,NORMAL
GR011443,BK011443,J000172,Group Demo Group 11443,4,GROUP,True,NORMAL
GR011444,BK011444,J000172,Couple Demo Group 11444,6,COUPLE,True,HIGH
GR011445,BK011445,J000172,Friends Demo Group 11445,4,FRIENDS,True,NORMAL
GR011446,BK011446,J000172,Family Demo Group 11446,2,FAMILY,True,NORMAL
GR011447,BK011447,J000172,Group Demo Group 11447,1,GROUP,True,NORMAL
GR011448,BK011448,J000172,Group Demo Group 11448,3,GROUP,True,NORMAL
GR011449,BK011449,J000172,Group Demo Group 11449,2,GROUP,True,NORMAL
GR011450,BK011450,J000172,Family Demo Group 11450,2,FAMILY,True,NORMAL
GR011451,BK011451,J000172,Couple Demo Group 11451,3,COUPLE,True,NORMAL
GR011452,BK011452,J000172,Couple Demo Group 11452,2,COUPLE,True,NORMAL
GR011453,BK011453,J000172,Group Demo Group 11453,2,GROUP,True,NORMAL
GR011454,BK011454,J000172,Family Demo Group 11454,2,FAMILY,True,NORMAL
GR011455,BK011455,J000172,Group Demo Group 11455,1,GROUP,True,NORMAL
GR011456,BK011456,J000172,Couple Demo Group 11456,2,COUPLE,True,NORMAL
GR011457,BK011457,J000172,Group Demo Group 11457,2,GROUP,True,NORMAL
GR011458,BK011458,J000172,Family Demo Group 11458,2,FAMILY,True,NORMAL
GR011459,BK011459,J000172,Group Demo Group 11459,1,GROUP,True,NORMAL
GR011460,BK011460,J000172,Friends Demo Group 11460,5,FRIENDS,True,NORMAL
GR011461,BK011461,J000172,Group Demo Group 11461,2,GROUP,True,NORMAL
GR011462,BK011462,J000172,Couple Demo Group 11462,4,COUPLE,True,NORMAL
GR011463,BK011463,J000172,Couple Demo Group 11463,3,COUPLE,True,NORMAL
GR011464,BK011464,J000172,Group Demo Group 11464,3,GROUP,True,NORMAL
GR011465,BK011465,J000172,Friends Demo Group 11465,4,FRIENDS,True,NORMAL
GR011466,BK011466,J000172,Friends Demo Group 11466,3,FRIENDS,True,NORMAL
GR011467,BK011467,J000172,Family Demo Group 11467,5,FAMILY,True,NORMAL
GR011468,BK011468,J000172,Couple Demo Group 11468,2,COUPLE,True,NORMAL
GR011469,BK011469,J000172,Friends Demo Group 11469,8,FRIENDS,True,HIGH
GR011470,BK011470,J000172,Friends Demo Group 11470,3,FRIENDS,True,NORMAL
GR011471,BK011471,J000172,Friends Demo Group 11471,6,FRIENDS,True,HIGH
GR011472,BK011472,J000172,Group Demo Group 11472,1,GROUP,True,NORMAL
GR011473,BK011473,J000173,Group Demo Group 11473,6,GROUP,True,HIGH
GR011474,BK011474,J000173,Family Demo Group 11474,2,FAMILY,True,NORMAL
GR011475,BK011475,J000173,Family Demo Group 11475,5,FAMILY,True,NORMAL
GR011476,BK011476,J000173,Couple Demo Group 11476,2,COUPLE,True,NORMAL
GR011477,BK011477,J000173,Friends Demo Group 11477,4,FRIENDS,True,NORMAL
GR011478,BK011478,J000173,Friends Demo Group 11478,3,FRIENDS,True,NORMAL
GR011479,BK011479,J000173,Friends Demo Group 11479,2,FRIENDS,True,NORMAL
GR011480,BK011480,J000173,Family Demo Group 11480,4,FAMILY,True,NORMAL
GR011481,BK011481,J000173,Friends Demo Group 11481,4,FRIENDS,True,NORMAL
GR011482,BK011482,J000173,Friends Demo Group 11482,3,FRIENDS,True,NORMAL
GR011483,BK011483,J000173,Friends Demo Group 11483,6,FRIENDS,True,HIGH
GR011484,BK011484,J000173,Couple Demo Group 11484,2,COUPLE,True,NORMAL
GR011485,BK011485,J000173,Group Demo Group 11485,1,GROUP,True,NORMAL
GR011486,BK011486,J000173,Friends Demo Group 11486,3,FRIENDS,True,NORMAL
GR011487,BK011487,J000173,Group Demo Group 11487,1,GROUP,True,NORMAL
GR011488,BK011488,J000173,Couple Demo Group 11488,2,COUPLE,True,NORMAL
GR011489,BK011489,J000173,Group Demo Group 11489,1,GROUP,True,NORMAL
GR011490,BK011490,J000173,Friends Demo Group 11490,3,FRIENDS,True,NORMAL
GR011491,BK011491,J000173,Family Demo Group 11491,5,FAMILY,True,NORMAL
GR011492,BK011492,J000173,Family Demo Group 11492,4,FAMILY,True,NORMAL
GR011493,BK011493,J000173,Family Demo Group 11493,3,FAMILY,True,NORMAL
GR011494,BK011494,J000173,Family Demo Group 11494,2,FAMILY,True,NORMAL
GR011495,BK011495,J000173,Group Demo Group 11495,1,GROUP,True,NORMAL
GR011496,BK011496,J000173,Family Demo Group 11496,4,FAMILY,True,NORMAL
GR011497,BK011497,J000173,Family Demo Group 11497,3,FAMILY,True,NORMAL
GR011498,BK011498,J000173,Family Demo Group 11498,2,FAMILY,True,NORMAL
GR011499,BK011499,J000173,Group Demo Group 11499,1,GROUP,True,NORMAL
GR011500,BK011500,J000173,Group Demo Group 11500,1,GROUP,True,NORMAL
GR011501,BK011501,J000173,Group Demo Group 11501,2,GROUP,True,NORMAL
GR011502,BK011502,J000173,Group Demo Group 11502,1,GROUP,True,NORMAL
GR011503,BK011503,J000173,Friends Demo Group 11503,2,FRIENDS,True,NORMAL
GR011504,BK011504,J000173,Friends Demo Group 11504,5,FRIENDS,True,NORMAL
GR011505,BK011505,J000173,Family Demo Group 11505,3,FAMILY,True,NORMAL
GR011506,BK011506,J000173,Couple Demo Group 11506,4,COUPLE,True,NORMAL
GR011507,BK011507,J000173,Couple Demo Group 11507,7,COUPLE,True,HIGH
GR011508,BK011508,J000173,Couple Demo Group 11508,2,COUPLE,True,NORMAL
GR011509,BK011509,J000173,Group Demo Group 11509,2,GROUP,True,NORMAL
GR011510,BK011510,J000173,Group Demo Group 11510,1,GROUP,True,NORMAL
GR011511,BK011511,J000173,Friends Demo Group 11511,2,FRIENDS,True,NORMAL
GR011512,BK011512,J000173,Group Demo Group 11512,1,GROUP,True,NORMAL
GR011513,BK011513,J000173,Friends Demo Group 11513,4,FRIENDS,True,NORMAL
GR011514,BK011514,J000173,Group Demo Group 11514,1,GROUP,True,NORMAL
GR011515,BK011515,J000173,Friends Demo Group 11515,2,FRIENDS,True,NORMAL
GR011516,BK011516,J000173,Couple Demo Group 11516,2,COUPLE,True,NORMAL
GR011517,BK011517,J000173,Group Demo Group 11517,1,GROUP,True,NORMAL
GR011518,BK011518,J000173,Family Demo Group 11518,6,FAMILY,True,HIGH
GR011519,BK011519,J000173,Group Demo Group 11519,1,GROUP,True,NORMAL
GR011520,BK011520,J000173,Couple Demo Group 11520,6,COUPLE,True,HIGH
GR011521,BK011521,J000173,Group Demo Group 11521,2,GROUP,True,NORMAL
GR011522,BK011522,J000173,Group Demo Group 11522,1,GROUP,True,NORMAL
GR011523,BK011523,J000173,Friends Demo Group 11523,2,FRIENDS,True,NORMAL
GR011524,BK011524,J000173,Couple Demo Group 11524,2,COUPLE,True,NORMAL
GR011525,BK011525,J000173,Group Demo Group 11525,1,GROUP,True,NORMAL
GR011526,BK011526,J000173,Group Demo Group 11526,1,GROUP,True,NORMAL
GR011527,BK011527,J000173,Friends Demo Group 11527,2,FRIENDS,True,NORMAL
GR011528,BK011528,J000173,Family Demo Group 11528,4,FAMILY,True,NORMAL
GR011529,BK011529,J000173,Friends Demo Group 11529,4,FRIENDS,True,NORMAL
GR011530,BK011530,J000173,Couple Demo Group 11530,8,COUPLE,True,HIGH
GR011531,BK011531,J000173,Group Demo Group 11531,1,GROUP,True,NORMAL
GR011532,BK011532,J000173,Couple Demo Group 11532,2,COUPLE,True,NORMAL
GR011533,BK011533,J000173,Family Demo Group 11533,3,FAMILY,True,NORMAL
GR011534,BK011534,J000173,Couple Demo Group 11534,4,COUPLE,True,NORMAL
GR011535,BK011535,J000173,Couple Demo Group 11535,3,COUPLE,True,NORMAL
GR011536,BK011536,J000173,Group Demo Group 11536,1,GROUP,True,NORMAL
GR011537,BK011537,J000173,Friends Demo Group 11537,4,FRIENDS,True,NORMAL
GR011538,BK011538,J000173,Couple Demo Group 11538,4,COUPLE,True,NORMAL
GR011539,BK011539,J000174,Group Demo Group 11539,8,GROUP,True,HIGH
GR011540,BK011540,J000174,Family Demo Group 11540,8,FAMILY,True,HIGH
GR011541,BK011541,J000174,Group Demo Group 11541,2,GROUP,True,NORMAL
GR011542,BK011542,J000174,Family Demo Group 11542,6,FAMILY,True,HIGH
GR011543,BK011543,J000174,Friends Demo Group 11543,2,FRIENDS,True,NORMAL
GR011544,BK011544,J000174,Family Demo Group 11544,4,FAMILY,True,NORMAL
GR011545,BK011545,J000174,Group Demo Group 11545,1,GROUP,True,NORMAL
GR011546,BK011546,J000174,Group Demo Group 11546,5,GROUP,True,NORMAL
GR011547,BK011547,J000174,Group Demo Group 11547,1,GROUP,True,NORMAL
GR011548,BK011548,J000174,Group Demo Group 11548,1,GROUP,True,NORMAL
GR011549,BK011549,J000174,Group Demo Group 11549,2,GROUP,True,NORMAL
GR011550,BK011550,J000174,Family Demo Group 11550,2,FAMILY,True,NORMAL
GR011551,BK011551,J000174,Group Demo Group 11551,4,GROUP,True,NORMAL
GR011552,BK011552,J000174,Group Demo Group 11552,3,GROUP,True,NORMAL
GR011553,BK011553,J000174,Family Demo Group 11553,3,FAMILY,True,NORMAL
GR011554,BK011554,J000174,Family Demo Group 11554,6,FAMILY,True,HIGH
GR011555,BK011555,J000174,Friends Demo Group 11555,2,FRIENDS,True,NORMAL
GR011556,BK011556,J000174,Group Demo Group 11556,1,GROUP,True,NORMAL
GR011557,BK011557,J000174,Group Demo Group 11557,2,GROUP,True,NORMAL
GR011558,BK011558,J000174,Family Demo Group 11558,6,FAMILY,True,HIGH
GR011559,BK011559,J000174,Group Demo Group 11559,1,GROUP,True,NORMAL
GR011560,BK011560,J000174,Group Demo Group 11560,1,GROUP,True,NORMAL
GR011561,BK011561,J000174,Family Demo Group 11561,7,FAMILY,True,HIGH
GR011562,BK011562,J000174,Group Demo Group 11562,1,GROUP,True,NORMAL
GR011563,BK011563,J000174,Friends Demo Group 11563,2,FRIENDS,True,NORMAL
GR011564,BK011564,J000174,Couple Demo Group 11564,2,COUPLE,True,NORMAL
GR011565,BK011565,J000174,Friends Demo Group 11565,4,FRIENDS,True,NORMAL
GR011566,BK011566,J000174,Couple Demo Group 11566,4,COUPLE,True,NORMAL
GR011567,BK011567,J000174,Couple Demo Group 11567,3,COUPLE,True,NORMAL
GR011568,BK011568,J000174,Group Demo Group 11568,3,GROUP,True,NORMAL
GR011569,BK011569,J000174,Group Demo Group 11569,2,GROUP,True,NORMAL
GR011570,BK011570,J000174,Friends Demo Group 11570,7,FRIENDS,True,HIGH
GR011571,BK011571,J000174,Caregiver Demo Group 11571,4,CAREGIVER,True,HIGH
GR011572,BK011572,J000174,Family Demo Group 11572,4,FAMILY,True,NORMAL
GR011573,BK011573,J000174,Friends Demo Group 11573,8,FRIENDS,True,HIGH
GR011574,BK011574,J000174,Couple Demo Group 11574,4,COUPLE,True,NORMAL
GR011575,BK011575,J000174,Friends Demo Group 11575,2,FRIENDS,True,NORMAL
GR011576,BK011576,J000174,Group Demo Group 11576,7,GROUP,True,HIGH
GR011577,BK011577,J000174,Group Demo Group 11577,2,GROUP,True,NORMAL
GR011578,BK011578,J000174,Friends Demo Group 11578,7,FRIENDS,True,HIGH
GR011579,BK011579,J000174,Couple Demo Group 11579,3,COUPLE,True,NORMAL
GR011580,BK011580,J000174,Family Demo Group 11580,4,FAMILY,True,NORMAL
GR011581,BK011581,J000174,Group Demo Group 11581,2,GROUP,True,NORMAL
GR011582,BK011582,J000174,Group Demo Group 11582,1,GROUP,True,NORMAL
GR011583,BK011583,J000174,Group Demo Group 11583,4,GROUP,True,NORMAL
GR011584,BK011584,J000174,Family Demo Group 11584,4,FAMILY,True,NORMAL
GR011585,BK011585,J000174,Group Demo Group 11585,1,GROUP,True,NORMAL
GR011586,BK011586,J000174,Family Demo Group 11586,6,FAMILY,True,HIGH
GR011587,BK011587,J000174,Couple Demo Group 11587,3,COUPLE,True,NORMAL
GR011588,BK011588,J000174,Friends Demo Group 11588,5,FRIENDS,True,NORMAL
GR011589,BK011589,J000174,Group Demo Group 11589,1,GROUP,True,NORMAL
GR011590,BK011590,J000174,Group Demo Group 11590,1,GROUP,True,NORMAL
GR011591,BK011591,J000174,Group Demo Group 11591,4,GROUP,True,NORMAL
GR011592,BK011592,J000174,Couple Demo Group 11592,2,COUPLE,True,NORMAL
GR011593,BK011593,J000174,Group Demo Group 11593,2,GROUP,True,NORMAL
GR011594,BK011594,J000174,Family Demo Group 11594,2,FAMILY,True,NORMAL
GR011595,BK011595,J000174,Friends Demo Group 11595,2,FRIENDS,True,NORMAL
GR011596,BK011596,J000174,Family Demo Group 11596,4,FAMILY,True,NORMAL
GR011597,BK011597,J000174,Friends Demo Group 11597,8,FRIENDS,True,HIGH
GR011598,BK011598,J000174,Group Demo Group 11598,1,GROUP,True,NORMAL
GR011599,BK011599,J000174,Couple Demo Group 11599,3,COUPLE,True,NORMAL
GR011600,BK011600,J000174,Group Demo Group 11600,1,GROUP,True,NORMAL
GR011601,BK011601,J000174,Group Demo Group 11601,1,GROUP,True,NORMAL
GR011602,BK011602,J000174,Couple Demo Group 11602,4,COUPLE,True,NORMAL
GR011603,BK011603,J000174,Friends Demo Group 11603,2,FRIENDS,True,NORMAL
GR011604,BK011604,J000174,Group Demo Group 11604,3,GROUP,True,NORMAL
GR011605,BK011605,J000175,Family Demo Group 11605,3,FAMILY,True,NORMAL
GR011606,BK011606,J000175,Friends Demo Group 11606,3,FRIENDS,True,NORMAL
GR011607,BK011607,J000175,Friends Demo Group 11607,6,FRIENDS,True,HIGH
GR011608,BK011608,J000175,Family Demo Group 11608,4,FAMILY,True,NORMAL
GR011609,BK011609,J000175,Group Demo Group 11609,1,GROUP,True,NORMAL
GR011610,BK011610,J000175,Family Demo Group 11610,2,FAMILY,True,NORMAL
GR011611,BK011611,J000175,Group Demo Group 11611,8,GROUP,True,HIGH
GR011612,BK011612,J000175,Group Demo Group 11612,1,GROUP,True,NORMAL
GR011613,BK011613,J000175,Group Demo Group 11613,1,GROUP,True,NORMAL
GR011614,BK011614,J000175,Family Demo Group 11614,2,FAMILY,True,NORMAL
GR011615,BK011615,J000175,Friends Demo Group 11615,2,FRIENDS,True,NORMAL
GR011616,BK011616,J000175,Friends Demo Group 11616,5,FRIENDS,True,NORMAL
GR011617,BK011617,J000175,Group Demo Group 11617,1,GROUP,True,NORMAL
GR011618,BK011618,J000175,Couple Demo Group 11618,4,COUPLE,True,NORMAL
GR011619,BK011619,J000175,Group Demo Group 11619,1,GROUP,True,NORMAL
GR011620,BK011620,J000175,Family Demo Group 11620,4,FAMILY,True,NORMAL
GR011621,BK011621,J000175,Family Demo Group 11621,7,FAMILY,True,HIGH
GR011622,BK011622,J000175,Family Demo Group 11622,2,FAMILY,True,NORMAL
GR011623,BK011623,J000175,Couple Demo Group 11623,3,COUPLE,True,NORMAL
GR011624,BK011624,J000175,Couple Demo Group 11624,2,COUPLE,True,NORMAL
GR011625,BK011625,J000175,Friends Demo Group 11625,4,FRIENDS,True,NORMAL
GR011626,BK011626,J000175,Friends Demo Group 11626,3,FRIENDS,True,NORMAL
GR011627,BK011627,J000175,Couple Demo Group 11627,3,COUPLE,True,NORMAL
GR011628,BK011628,J000175,Caregiver Demo Group 11628,4,CAREGIVER,True,HIGH
GR011629,BK011629,J000175,Group Demo Group 11629,1,GROUP,True,NORMAL
GR011630,BK011630,J000175,Friends Demo Group 11630,3,FRIENDS,True,NORMAL
GR011631,BK011631,J000175,Group Demo Group 11631,1,GROUP,True,NORMAL
GR011632,BK011632,J000175,Couple Demo Group 11632,2,COUPLE,True,NORMAL
GR011633,BK011633,J000175,Friends Demo Group 11633,4,FRIENDS,True,NORMAL
GR011634,BK011634,J000175,Couple Demo Group 11634,8,COUPLE,True,HIGH
GR011635,BK011635,J000175,Friends Demo Group 11635,2,FRIENDS,True,NORMAL
GR011636,BK011636,J000175,Family Demo Group 11636,4,FAMILY,True,NORMAL
GR011637,BK011637,J000175,Friends Demo Group 11637,4,FRIENDS,True,NORMAL
GR011638,BK011638,J000175,Friends Demo Group 11638,3,FRIENDS,True,NORMAL
GR011639,BK011639,J000175,Group Demo Group 11639,1,GROUP,True,NORMAL
GR011640,BK011640,J000175,Couple Demo Group 11640,2,COUPLE,True,NORMAL
GR011641,BK011641,J000175,Group Demo Group 11641,1,GROUP,True,NORMAL
GR011642,BK011642,J000175,Group Demo Group 11642,1,GROUP,True,NORMAL
GR011643,BK011643,J000175,Group Demo Group 11643,1,GROUP,True,NORMAL
GR011644,BK011644,J000175,Group Demo Group 11644,1,GROUP,True,NORMAL
GR011645,BK011645,J000175,Group Demo Group 11645,1,GROUP,True,NORMAL
GR011646,BK011646,J000175,Group Demo Group 11646,1,GROUP,True,NORMAL
GR011647,BK011647,J000175,Group Demo Group 11647,1,GROUP,True,NORMAL
GR011648,BK011648,J000175,Couple Demo Group 11648,2,COUPLE,True,NORMAL
GR011649,BK011649,J000175,Group Demo Group 11649,1,GROUP,True,NORMAL
GR011650,BK011650,J000175,Friends Demo Group 11650,3,FRIENDS,True,NORMAL
GR011651,BK011651,J000175,Group Demo Group 11651,8,GROUP,True,HIGH
GR011652,BK011652,J000175,Friends Demo Group 11652,5,FRIENDS,True,NORMAL
GR011653,BK011653,J000175,Family Demo Group 11653,3,FAMILY,True,NORMAL
GR011654,BK011654,J000175,Couple Demo Group 11654,4,COUPLE,True,NORMAL
GR011655,BK011655,J000175,Group Demo Group 11655,1,GROUP,True,NORMAL
GR011656,BK011656,J000175,Family Demo Group 11656,8,FAMILY,True,HIGH
GR011657,BK011657,J000175,Family Demo Group 11657,3,FAMILY,True,NORMAL
GR011658,BK011658,J000175,Couple Demo Group 11658,4,COUPLE,True,NORMAL
GR011659,BK011659,J000175,Friends Demo Group 11659,2,FRIENDS,True,NORMAL
GR011660,BK011660,J000175,Group Demo Group 11660,1,GROUP,True,NORMAL
GR011661,BK011661,J000175,Group Demo Group 11661,2,GROUP,True,NORMAL
GR011662,BK011662,J000175,Group Demo Group 11662,1,GROUP,True,NORMAL
GR011663,BK011663,J000175,Couple Demo Group 11663,3,COUPLE,True,NORMAL
GR011664,BK011664,J000175,Group Demo Group 11664,1,GROUP,True,NORMAL
GR011665,BK011665,J000175,Group Demo Group 11665,1,GROUP,True,NORMAL
GR011666,BK011666,J000175,Caregiver Demo Group 11666,4,CAREGIVER,True,HIGH
GR011667,BK011667,J000175,Friends Demo Group 11667,2,FRIENDS,True,NORMAL
GR011668,BK011668,J000175,Group Demo Group 11668,3,GROUP,True,NORMAL
GR011669,BK011669,J000175,Group Demo Group 11669,2,GROUP,True,NORMAL
GR011670,BK011670,J000175,Family Demo Group 11670,2,FAMILY,True,NORMAL
GR011671,BK011671,J000176,Group Demo Group 11671,1,GROUP,True,NORMAL
GR011672,BK011672,J000176,Group Demo Group 11672,1,GROUP,True,NORMAL
GR011673,BK011673,J000176,Group Demo Group 11673,1,GROUP,True,NORMAL
GR011674,BK011674,J000176,Group Demo Group 11674,1,GROUP,True,NORMAL
GR011675,BK011675,J000176,Group Demo Group 11675,4,GROUP,True,NORMAL
GR011676,BK011676,J000176,Family Demo Group 11676,4,FAMILY,True,NORMAL
GR011677,BK011677,J000176,Family Demo Group 11677,3,FAMILY,True,NORMAL
GR011678,BK011678,J000176,Family Demo Group 11678,2,FAMILY,True,NORMAL
GR011679,BK011679,J000176,Friends Demo Group 11679,2,FRIENDS,True,NORMAL
GR011680,BK011680,J000176,Couple Demo Group 11680,2,COUPLE,True,NORMAL
GR011681,BK011681,J000176,Group Demo Group 11681,1,GROUP,True,NORMAL
GR011682,BK011682,J000176,Family Demo Group 11682,2,FAMILY,True,NORMAL
GR011683,BK011683,J000176,Group Demo Group 11683,1,GROUP,True,NORMAL
GR011684,BK011684,J000176,Group Demo Group 11684,1,GROUP,True,NORMAL
GR011685,BK011685,J000176,Group Demo Group 11685,2,GROUP,True,NORMAL
GR011686,BK011686,J000176,Group Demo Group 11686,1,GROUP,True,NORMAL
GR011687,BK011687,J000176,Group Demo Group 11687,4,GROUP,True,NORMAL
GR011688,BK011688,J000176,Couple Demo Group 11688,2,COUPLE,True,NORMAL
GR011689,BK011689,J000176,Group Demo Group 11689,2,GROUP,True,NORMAL
GR011690,BK011690,J000176,Group Demo Group 11690,5,GROUP,True,NORMAL
GR011691,BK011691,J000176,Group Demo Group 11691,1,GROUP,True,NORMAL
GR011692,BK011692,J000176,Group Demo Group 11692,3,GROUP,True,NORMAL
GR011693,BK011693,J000176,Group Demo Group 11693,2,GROUP,True,NORMAL
GR011694,BK011694,J000176,Couple Demo Group 11694,4,COUPLE,True,NORMAL
GR011695,BK011695,J000176,Family Demo Group 11695,5,FAMILY,True,NORMAL
GR011696,BK011696,J000176,Group Demo Group 11696,7,GROUP,True,HIGH
GR011697,BK011697,J000176,Group Demo Group 11697,1,GROUP,True,NORMAL
GR011698,BK011698,J000176,Couple Demo Group 11698,4,COUPLE,True,NORMAL
GR011699,BK011699,J000176,Friends Demo Group 11699,2,FRIENDS,True,NORMAL
GR011700,BK011700,J000176,Couple Demo Group 11700,2,COUPLE,True,NORMAL
GR011701,BK011701,J000176,Couple Demo Group 11701,5,COUPLE,True,NORMAL
GR011702,BK011702,J000176,Group Demo Group 11702,1,GROUP,True,NORMAL
GR011703,BK011703,J000176,Group Demo Group 11703,4,GROUP,True,NORMAL
GR011704,BK011704,J000176,Group Demo Group 11704,3,GROUP,True,NORMAL
GR011705,BK011705,J000176,Group Demo Group 11705,2,GROUP,True,NORMAL
GR011706,BK011706,J000176,Group Demo Group 11706,1,GROUP,True,NORMAL
GR011707,BK011707,J000176,Group Demo Group 11707,4,GROUP,True,NORMAL
GR011708,BK011708,J000176,Couple Demo Group 11708,2,COUPLE,True,NORMAL
GR011709,BK011709,J000176,Group Demo Group 11709,6,GROUP,True,HIGH
GR011710,BK011710,J000176,Family Demo Group 11710,2,FAMILY,True,NORMAL
GR011711,BK011711,J000176,Group Demo Group 11711,1,GROUP,True,NORMAL
GR011712,BK011712,J000176,Couple Demo Group 11712,2,COUPLE,True,NORMAL
GR011713,BK011713,J000176,Group Demo Group 11713,2,GROUP,True,NORMAL
GR011714,BK011714,J000176,Group Demo Group 11714,1,GROUP,True,NORMAL
GR011715,BK011715,J000176,Group Demo Group 11715,4,GROUP,True,NORMAL
GR011716,BK011716,J000176,Family Demo Group 11716,4,FAMILY,True,NORMAL
GR011717,BK011717,J000176,Group Demo Group 11717,2,GROUP,True,NORMAL
GR011718,BK011718,J000176,Friends Demo Group 11718,3,FRIENDS,True,NORMAL
GR011719,BK011719,J000176,Friends Demo Group 11719,2,FRIENDS,True,NORMAL
GR011720,BK011720,J000176,Group Demo Group 11720,1,GROUP,True,NORMAL
GR011721,BK011721,J000176,Friends Demo Group 11721,4,FRIENDS,True,NORMAL
GR011722,BK011722,J000176,Couple Demo Group 11722,4,COUPLE,True,NORMAL
GR011723,BK011723,J000176,Caregiver Demo Group 11723,5,CAREGIVER,True,HIGH
GR011724,BK011724,J000176,Couple Demo Group 11724,2,COUPLE,True,NORMAL
GR011725,BK011725,J000176,Friends Demo Group 11725,4,FRIENDS,True,NORMAL
GR011726,BK011726,J000176,Family Demo Group 11726,2,FAMILY,True,NORMAL
GR011727,BK011727,J000176,Friends Demo Group 11727,6,FRIENDS,True,HIGH
GR011728,BK011728,J000176,Couple Demo Group 11728,2,COUPLE,True,NORMAL
GR011729,BK011729,J000176,Group Demo Group 11729,1,GROUP,True,NORMAL
GR011730,BK011730,J000176,Family Demo Group 11730,6,FAMILY,True,HIGH
GR011731,BK011731,J000176,Friends Demo Group 11731,6,FRIENDS,True,HIGH
GR011732,BK011732,J000176,Group Demo Group 11732,3,GROUP,True,NORMAL
GR011733,BK011733,J000176,Group Demo Group 11733,2,GROUP,True,NORMAL
GR011734,BK011734,J000176,Friends Demo Group 11734,3,FRIENDS,True,NORMAL
GR011735,BK011735,J000176,Couple Demo Group 11735,3,COUPLE,True,NORMAL
GR011736,BK011736,J000176,Group Demo Group 11736,1,GROUP,True,NORMAL
GR011737,BK011737,J000177,Friends Demo Group 11737,4,FRIENDS,True,NORMAL
GR011738,BK011738,J000177,Family Demo Group 11738,2,FAMILY,True,NORMAL
GR011739,BK011739,J000177,Group Demo Group 11739,1,GROUP,True,NORMAL
GR011740,BK011740,J000177,Group Demo Group 11740,3,GROUP,True,NORMAL
GR011741,BK011741,J000177,Couple Demo Group 11741,5,COUPLE,True,NORMAL
GR011742,BK011742,J000177,Family Demo Group 11742,2,FAMILY,True,NORMAL
GR011743,BK011743,J000177,Group Demo Group 11743,1,GROUP,True,NORMAL
GR011744,BK011744,J000177,Group Demo Group 11744,3,GROUP,True,NORMAL
GR011745,BK011745,J000177,Family Demo Group 11745,3,FAMILY,True,NORMAL
GR011746,BK011746,J000177,Couple Demo Group 11746,8,COUPLE,True,HIGH
GR011747,BK011747,J000177,Group Demo Group 11747,4,GROUP,True,NORMAL
GR011748,BK011748,J000177,Group Demo Group 11748,1,GROUP,True,NORMAL
GR011749,BK011749,J000177,Group Demo Group 11749,2,GROUP,True,NORMAL
GR011750,BK011750,J000177,Group Demo Group 11750,1,GROUP,True,NORMAL
GR011751,BK011751,J000177,Group Demo Group 11751,4,GROUP,True,NORMAL
GR011752,BK011752,J000177,Group Demo Group 11752,3,GROUP,True,NORMAL
GR011753,BK011753,J000177,Group Demo Group 11753,1,GROUP,True,NORMAL
GR011754,BK011754,J000177,Group Demo Group 11754,5,GROUP,True,NORMAL
GR011755,BK011755,J000177,Group Demo Group 11755,4,GROUP,True,NORMAL
GR011756,BK011756,J000177,Couple Demo Group 11756,2,COUPLE,True,NORMAL
GR011757,BK011757,J000177,Group Demo Group 11757,2,GROUP,True,NORMAL
GR011758,BK011758,J000177,Couple Demo Group 11758,4,COUPLE,True,NORMAL
GR011759,BK011759,J000177,Friends Demo Group 11759,2,FRIENDS,True,NORMAL
GR011760,BK011760,J000177,Group Demo Group 11760,1,GROUP,True,NORMAL
GR011761,BK011761,J000177,Group Demo Group 11761,1,GROUP,True,NORMAL
GR011762,BK011762,J000177,Family Demo Group 11762,2,FAMILY,True,NORMAL
GR011763,BK011763,J000177,Group Demo Group 11763,4,GROUP,True,NORMAL
GR011764,BK011764,J000177,Family Demo Group 11764,4,FAMILY,True,NORMAL
GR011765,BK011765,J000177,Group Demo Group 11765,2,GROUP,True,NORMAL
GR011766,BK011766,J000177,Friends Demo Group 11766,3,FRIENDS,True,NORMAL
GR011767,BK011767,J000177,Group Demo Group 11767,4,GROUP,True,NORMAL
GR011768,BK011768,J000177,Group Demo Group 11768,3,GROUP,True,NORMAL
GR011769,BK011769,J000177,Group Demo Group 11769,2,GROUP,True,NORMAL
GR011770,BK011770,J000177,Family Demo Group 11770,2,FAMILY,True,NORMAL
GR011771,BK011771,J000177,Group Demo Group 11771,8,GROUP,True,HIGH
GR011772,BK011772,J000177,Group Demo Group 11772,3,GROUP,True,NORMAL
GR011773,BK011773,J000177,Group Demo Group 11773,2,GROUP,True,NORMAL
GR011774,BK011774,J000177,Group Demo Group 11774,1,GROUP,True,NORMAL
GR011775,BK011775,J000177,Group Demo Group 11775,1,GROUP,True,NORMAL
GR011776,BK011776,J000177,Group Demo Group 11776,3,GROUP,True,NORMAL
GR011777,BK011777,J000177,Group Demo Group 11777,1,GROUP,True,NORMAL
GR011778,BK011778,J000177,Family Demo Group 11778,2,FAMILY,True,NORMAL
GR011779,BK011779,J000177,Group Demo Group 11779,4,GROUP,True,NORMAL
GR011780,BK011780,J000177,Caregiver Demo Group 11780,4,CAREGIVER,True,HIGH
GR011781,BK011781,J000177,Group Demo Group 11781,2,GROUP,True,NORMAL
GR011782,BK011782,J000177,Couple Demo Group 11782,4,COUPLE,True,NORMAL
GR011783,BK011783,J000177,Couple Demo Group 11783,3,COUPLE,True,NORMAL
GR011784,BK011784,J000177,Group Demo Group 11784,1,GROUP,True,NORMAL
GR011785,BK011785,J000177,Group Demo Group 11785,1,GROUP,True,NORMAL
GR011786,BK011786,J000177,Group Demo Group 11786,1,GROUP,True,NORMAL
GR011787,BK011787,J000177,Group Demo Group 11787,4,GROUP,True,NORMAL
GR011788,BK011788,J000177,Group Demo Group 11788,1,GROUP,True,NORMAL
GR011789,BK011789,J000177,Group Demo Group 11789,1,GROUP,True,NORMAL
GR011790,BK011790,J000177,Family Demo Group 11790,2,FAMILY,True,NORMAL
GR011791,BK011791,J000177,Group Demo Group 11791,4,GROUP,True,NORMAL
GR011792,BK011792,J000177,Couple Demo Group 11792,6,COUPLE,True,HIGH
GR011793,BK011793,J000177,Friends Demo Group 11793,4,FRIENDS,True,NORMAL
GR011794,BK011794,J000177,Family Demo Group 11794,2,FAMILY,True,NORMAL
GR011795,BK011795,J000177,Group Demo Group 11795,4,GROUP,True,NORMAL
GR011796,BK011796,J000177,Couple Demo Group 11796,2,COUPLE,True,NORMAL
GR011797,BK011797,J000177,Couple Demo Group 11797,5,COUPLE,True,NORMAL
GR011798,BK011798,J000177,Friends Demo Group 11798,3,FRIENDS,True,NORMAL
GR011799,BK011799,J000177,Caregiver Demo Group 11799,4,CAREGIVER,True,HIGH
GR011800,BK011800,J000177,Family Demo Group 11800,4,FAMILY,True,NORMAL
GR011801,BK011801,J000177,Group Demo Group 11801,2,GROUP,True,NORMAL
GR011802,BK011802,J000177,Friends Demo Group 11802,3,FRIENDS,True,NORMAL
GR011803,BK011803,J000178,Group Demo Group 11803,1,GROUP,True,NORMAL
GR011804,BK011804,J000178,Couple Demo Group 11804,2,COUPLE,True,NORMAL
GR011805,BK011805,J000178,Group Demo Group 11805,2,GROUP,True,NORMAL
GR011806,BK011806,J000178,Group Demo Group 11806,1,GROUP,True,NORMAL
GR011807,BK011807,J000178,Group Demo Group 11807,4,GROUP,True,NORMAL
GR011808,BK011808,J000178,Group Demo Group 11808,3,GROUP,True,NORMAL
GR011809,BK011809,J000178,Group Demo Group 11809,1,GROUP,True,NORMAL
GR011810,BK011810,J000178,Family Demo Group 11810,2,FAMILY,True,NORMAL
GR011811,BK011811,J000178,Friends Demo Group 11811,6,FRIENDS,True,HIGH
GR011812,BK011812,J000178,Family Demo Group 11812,4,FAMILY,True,NORMAL
GR011813,BK011813,J000178,Group Demo Group 11813,1,GROUP,True,NORMAL
GR011814,BK011814,J000178,Friends Demo Group 11814,3,FRIENDS,True,NORMAL
GR011815,BK011815,J000178,Friends Demo Group 11815,2,FRIENDS,True,NORMAL
GR011816,BK011816,J000178,Family Demo Group 11816,4,FAMILY,True,NORMAL
GR011817,BK011817,J000178,Friends Demo Group 11817,4,FRIENDS,True,NORMAL
GR011818,BK011818,J000178,Family Demo Group 11818,2,FAMILY,True,NORMAL
GR011819,BK011819,J000178,Friends Demo Group 11819,2,FRIENDS,True,NORMAL
GR011820,BK011820,J000178,Friends Demo Group 11820,5,FRIENDS,True,NORMAL
GR011821,BK011821,J000178,Group Demo Group 11821,6,GROUP,True,HIGH
GR011822,BK011822,J000178,Group Demo Group 11822,1,GROUP,True,NORMAL
GR011823,BK011823,J000178,Friends Demo Group 11823,2,FRIENDS,True,NORMAL
GR011824,BK011824,J000178,Family Demo Group 11824,4,FAMILY,True,NORMAL
GR011825,BK011825,J000178,Family Demo Group 11825,3,FAMILY,True,NORMAL
GR011826,BK011826,J000178,Couple Demo Group 11826,4,COUPLE,True,NORMAL
GR011827,BK011827,J000178,Group Demo Group 11827,1,GROUP,True,NORMAL
GR011828,BK011828,J000178,Group Demo Group 11828,3,GROUP,True,NORMAL
GR011829,BK011829,J000178,Family Demo Group 11829,7,FAMILY,True,HIGH
GR011830,BK011830,J000178,Family Demo Group 11830,2,FAMILY,True,NORMAL
GR011831,BK011831,J000178,Group Demo Group 11831,4,GROUP,True,NORMAL
GR011832,BK011832,J000178,Friends Demo Group 11832,5,FRIENDS,True,NORMAL
GR011833,BK011833,J000178,Group Demo Group 11833,1,GROUP,True,NORMAL
GR011834,BK011834,J000178,Family Demo Group 11834,6,FAMILY,True,HIGH
GR011835,BK011835,J000178,Family Demo Group 11835,5,FAMILY,True,NORMAL
GR011836,BK011836,J000178,Group Demo Group 11836,3,GROUP,True,NORMAL
GR011837,BK011837,J000178,Caregiver Demo Group 11837,5,CAREGIVER,True,HIGH
GR011838,BK011838,J000178,Group Demo Group 11838,1,GROUP,True,NORMAL
GR011839,BK011839,J000178,Group Demo Group 11839,4,GROUP,True,NORMAL
GR011840,BK011840,J000178,Group Demo Group 11840,3,GROUP,True,NORMAL
GR011841,BK011841,J000178,Friends Demo Group 11841,8,FRIENDS,True,HIGH
GR011842,BK011842,J000178,Friends Demo Group 11842,3,FRIENDS,True,NORMAL
GR011843,BK011843,J000178,Group Demo Group 11843,1,GROUP,True,NORMAL
GR011844,BK011844,J000178,Group Demo Group 11844,1,GROUP,True,NORMAL
GR011845,BK011845,J000178,Group Demo Group 11845,1,GROUP,True,NORMAL
GR011846,BK011846,J000178,Group Demo Group 11846,1,GROUP,True,NORMAL
GR011847,BK011847,J000178,Couple Demo Group 11847,7,COUPLE,True,HIGH
GR011848,BK011848,J000178,Group Demo Group 11848,1,GROUP,True,NORMAL
GR011849,BK011849,J000178,Group Demo Group 11849,1,GROUP,True,NORMAL
GR011850,BK011850,J000178,Family Demo Group 11850,2,FAMILY,True,NORMAL
GR011851,BK011851,J000178,Group Demo Group 11851,1,GROUP,True,NORMAL
GR011852,BK011852,J000178,Family Demo Group 11852,4,FAMILY,True,NORMAL
GR011853,BK011853,J000178,Friends Demo Group 11853,4,FRIENDS,True,NORMAL
GR011854,BK011854,J000178,Couple Demo Group 11854,4,COUPLE,True,NORMAL
GR011855,BK011855,J000178,Friends Demo Group 11855,2,FRIENDS,True,NORMAL
GR011856,BK011856,J000178,Couple Demo Group 11856,2,COUPLE,True,NORMAL
GR011857,BK011857,J000178,Group Demo Group 11857,1,GROUP,True,NORMAL
GR011858,BK011858,J000178,Couple Demo Group 11858,8,COUPLE,True,HIGH
GR011859,BK011859,J000178,Group Demo Group 11859,4,GROUP,True,NORMAL
GR011860,BK011860,J000178,Couple Demo Group 11860,2,COUPLE,True,NORMAL
GR011861,BK011861,J000178,Group Demo Group 11861,1,GROUP,True,NORMAL
GR011862,BK011862,J000178,Family Demo Group 11862,2,FAMILY,True,NORMAL
GR011863,BK011863,J000178,Group Demo Group 11863,1,GROUP,True,NORMAL
GR011864,BK011864,J000178,Group Demo Group 11864,1,GROUP,True,NORMAL
GR011865,BK011865,J000178,Friends Demo Group 11865,8,FRIENDS,True,HIGH
GR011866,BK011866,J000178,Friends Demo Group 11866,3,FRIENDS,True,NORMAL
GR011867,BK011867,J000178,Group Demo Group 11867,1,GROUP,True,NORMAL
GR011868,BK011868,J000178,Group Demo Group 11868,7,GROUP,True,HIGH
GR011869,BK011869,J000179,Group Demo Group 11869,1,GROUP,True,NORMAL
GR011870,BK011870,J000179,Group Demo Group 11870,1,GROUP,True,NORMAL
GR011871,BK011871,J000179,Group Demo Group 11871,4,GROUP,True,NORMAL
GR011872,BK011872,J000179,Friends Demo Group 11872,5,FRIENDS,True,NORMAL
GR011873,BK011873,J000179,Group Demo Group 11873,2,GROUP,True,NORMAL
GR011874,BK011874,J000179,Friends Demo Group 11874,7,FRIENDS,True,HIGH
GR011875,BK011875,J000179,Caregiver Demo Group 11875,4,CAREGIVER,True,HIGH
GR011876,BK011876,J000179,Couple Demo Group 11876,6,COUPLE,True,HIGH
GR011877,BK011877,J000179,Group Demo Group 11877,1,GROUP,True,NORMAL
GR011878,BK011878,J000179,Friends Demo Group 11878,3,FRIENDS,True,NORMAL
GR011879,BK011879,J000179,Friends Demo Group 11879,2,FRIENDS,True,NORMAL
GR011880,BK011880,J000179,Couple Demo Group 11880,2,COUPLE,True,NORMAL
GR011881,BK011881,J000179,Family Demo Group 11881,3,FAMILY,True,NORMAL
GR011882,BK011882,J000179,Couple Demo Group 11882,8,COUPLE,True,HIGH
GR011883,BK011883,J000179,Group Demo Group 11883,1,GROUP,True,NORMAL
GR011884,BK011884,J000179,Group Demo Group 11884,3,GROUP,True,NORMAL
GR011885,BK011885,J000179,Family Demo Group 11885,3,FAMILY,True,NORMAL
GR011886,BK011886,J000179,Couple Demo Group 11886,4,COUPLE,True,NORMAL
GR011887,BK011887,J000179,Friends Demo Group 11887,2,FRIENDS,True,NORMAL
GR011888,BK011888,J000179,Family Demo Group 11888,4,FAMILY,True,NORMAL
GR011889,BK011889,J000179,Group Demo Group 11889,6,GROUP,True,HIGH
GR011890,BK011890,J000179,Family Demo Group 11890,2,FAMILY,True,NORMAL
GR011891,BK011891,J000179,Group Demo Group 11891,8,GROUP,True,HIGH
GR011892,BK011892,J000179,Group Demo Group 11892,1,GROUP,True,NORMAL
GR011893,BK011893,J000179,Friends Demo Group 11893,8,FRIENDS,True,HIGH
GR011894,BK011894,J000179,Family Demo Group 11894,2,FAMILY,True,NORMAL
GR011895,BK011895,J000179,Couple Demo Group 11895,3,COUPLE,True,NORMAL
GR011896,BK011896,J000179,Couple Demo Group 11896,2,COUPLE,True,NORMAL
GR011897,BK011897,J000179,Group Demo Group 11897,1,GROUP,True,NORMAL
GR011898,BK011898,J000179,Group Demo Group 11898,1,GROUP,True,NORMAL
GR011899,BK011899,J000179,Group Demo Group 11899,1,GROUP,True,NORMAL
GR011900,BK011900,J000179,Couple Demo Group 11900,6,COUPLE,True,HIGH
GR011901,BK011901,J000179,Group Demo Group 11901,1,GROUP,True,NORMAL
GR011902,BK011902,J000179,Family Demo Group 11902,2,FAMILY,True,NORMAL
GR011903,BK011903,J000179,Group Demo Group 11903,4,GROUP,True,NORMAL
GR011904,BK011904,J000179,Couple Demo Group 11904,6,COUPLE,True,HIGH
GR011905,BK011905,J000179,Group Demo Group 11905,1,GROUP,True,NORMAL
GR011906,BK011906,J000179,Friends Demo Group 11906,3,FRIENDS,True,NORMAL
GR011907,BK011907,J000179,Couple Demo Group 11907,7,COUPLE,True,HIGH
GR011908,BK011908,J000179,Family Demo Group 11908,8,FAMILY,True,HIGH
GR011909,BK011909,J000179,Group Demo Group 11909,1,GROUP,True,NORMAL
GR011910,BK011910,J000179,Group Demo Group 11910,1,GROUP,True,NORMAL
GR011911,BK011911,J000179,Group Demo Group 11911,1,GROUP,True,NORMAL
GR011912,BK011912,J000179,Group Demo Group 11912,1,GROUP,True,NORMAL
GR011913,BK011913,J000179,Group Demo Group 11913,1,GROUP,True,NORMAL
GR011914,BK011914,J000179,Friends Demo Group 11914,3,FRIENDS,True,NORMAL
GR011915,BK011915,J000179,Group Demo Group 11915,1,GROUP,True,NORMAL
GR011916,BK011916,J000179,Group Demo Group 11916,1,GROUP,True,NORMAL
GR011917,BK011917,J000179,Group Demo Group 11917,1,GROUP,True,NORMAL
GR011918,BK011918,J000179,Couple Demo Group 11918,4,COUPLE,True,NORMAL
GR011919,BK011919,J000179,Friends Demo Group 11919,2,FRIENDS,True,NORMAL
GR011920,BK011920,J000179,Couple Demo Group 11920,2,COUPLE,True,NORMAL
GR011921,BK011921,J000179,Group Demo Group 11921,6,GROUP,True,HIGH
GR011922,BK011922,J000179,Family Demo Group 11922,2,FAMILY,True,NORMAL
GR011923,BK011923,J000179,Couple Demo Group 11923,3,COUPLE,True,NORMAL
GR011924,BK011924,J000179,Group Demo Group 11924,3,GROUP,True,NORMAL
GR011925,BK011925,J000179,Group Demo Group 11925,2,GROUP,True,NORMAL
GR011926,BK011926,J000179,Group Demo Group 11926,1,GROUP,True,NORMAL
GR011927,BK011927,J000179,Group Demo Group 11927,4,GROUP,True,NORMAL
GR011928,BK011928,J000179,Family Demo Group 11928,4,FAMILY,True,NORMAL
GR011929,BK011929,J000179,Friends Demo Group 11929,8,FRIENDS,True,HIGH
GR011930,BK011930,J000179,Couple Demo Group 11930,4,COUPLE,True,NORMAL
GR011931,BK011931,J000179,Friends Demo Group 11931,2,FRIENDS,True,NORMAL
GR011932,BK011932,J000179,Couple Demo Group 11932,2,COUPLE,True,NORMAL
GR011933,BK011933,J000179,Friends Demo Group 11933,8,FRIENDS,True,HIGH
GR011934,BK011934,J000179,Group Demo Group 11934,5,GROUP,True,NORMAL
GR011935,BK011935,J000180,Group Demo Group 11935,4,GROUP,True,NORMAL
GR011936,BK011936,J000180,Group Demo Group 11936,1,GROUP,True,NORMAL
GR011937,BK011937,J000180,Group Demo Group 11937,2,GROUP,True,NORMAL
GR011938,BK011938,J000180,Friends Demo Group 11938,3,FRIENDS,True,NORMAL
GR011939,BK011939,J000180,Friends Demo Group 11939,2,FRIENDS,True,NORMAL
GR011940,BK011940,J000180,Friends Demo Group 11940,5,FRIENDS,True,NORMAL
GR011941,BK011941,J000180,Group Demo Group 11941,2,GROUP,True,NORMAL
GR011942,BK011942,J000180,Group Demo Group 11942,5,GROUP,True,NORMAL
GR011943,BK011943,J000180,Group Demo Group 11943,1,GROUP,True,NORMAL
GR011944,BK011944,J000180,Group Demo Group 11944,7,GROUP,True,HIGH
GR011945,BK011945,J000180,Group Demo Group 11945,2,GROUP,True,NORMAL
GR011946,BK011946,J000180,Couple Demo Group 11946,8,COUPLE,True,HIGH
GR011947,BK011947,J000180,Friends Demo Group 11947,2,FRIENDS,True,NORMAL
GR011948,BK011948,J000180,Friends Demo Group 11948,5,FRIENDS,True,NORMAL
GR011949,BK011949,J000180,Friends Demo Group 11949,4,FRIENDS,True,NORMAL
GR011950,BK011950,J000180,Family Demo Group 11950,2,FAMILY,True,NORMAL
GR011951,BK011951,J000180,Group Demo Group 11951,1,GROUP,True,NORMAL
GR011952,BK011952,J000180,Couple Demo Group 11952,2,COUPLE,True,NORMAL
GR011953,BK011953,J000180,Couple Demo Group 11953,5,COUPLE,True,NORMAL
GR011954,BK011954,J000180,Friends Demo Group 11954,7,FRIENDS,True,HIGH
GR011955,BK011955,J000180,Group Demo Group 11955,4,GROUP,True,NORMAL
GR011956,BK011956,J000180,Friends Demo Group 11956,5,FRIENDS,True,NORMAL
GR011957,BK011957,J000180,Family Demo Group 11957,3,FAMILY,True,NORMAL
GR011958,BK011958,J000180,Group Demo Group 11958,1,GROUP,True,NORMAL
GR011959,BK011959,J000180,Friends Demo Group 11959,2,FRIENDS,True,NORMAL
GR011960,BK011960,J000180,Couple Demo Group 11960,2,COUPLE,True,NORMAL
GR011961,BK011961,J000180,Friends Demo Group 11961,8,FRIENDS,True,HIGH
GR011962,BK011962,J000180,Family Demo Group 11962,2,FAMILY,True,NORMAL
GR011963,BK011963,J000180,Friends Demo Group 11963,2,FRIENDS,True,NORMAL
GR011964,BK011964,J000180,Group Demo Group 11964,1,GROUP,True,NORMAL
GR011965,BK011965,J000180,Couple Demo Group 11965,5,COUPLE,True,NORMAL
GR011966,BK011966,J000180,Family Demo Group 11966,2,FAMILY,True,NORMAL
GR011967,BK011967,J000180,Family Demo Group 11967,5,FAMILY,True,NORMAL
GR011968,BK011968,J000180,Family Demo Group 11968,4,FAMILY,True,NORMAL
GR011969,BK011969,J000180,Group Demo Group 11969,2,GROUP,True,NORMAL
GR011970,BK011970,J000180,Caregiver Demo Group 11970,4,CAREGIVER,True,HIGH
GR011971,BK011971,J000180,Group Demo Group 11971,1,GROUP,True,NORMAL
GR011972,BK011972,J000180,Couple Demo Group 11972,2,COUPLE,True,NORMAL
GR011973,BK011973,J000180,Group Demo Group 11973,1,GROUP,True,NORMAL
GR011974,BK011974,J000180,Friends Demo Group 11974,3,FRIENDS,True,NORMAL
GR011975,BK011975,J000180,Group Demo Group 11975,8,GROUP,True,HIGH
GR011976,BK011976,J000180,Family Demo Group 11976,4,FAMILY,True,NORMAL
GR011977,BK011977,J000180,Group Demo Group 11977,2,GROUP,True,NORMAL
GR011978,BK011978,J000180,Couple Demo Group 11978,4,COUPLE,True,NORMAL
GR011979,BK011979,J000180,Group Demo Group 11979,4,GROUP,True,NORMAL
GR011980,BK011980,J000180,Family Demo Group 11980,4,FAMILY,True,NORMAL
GR011981,BK011981,J000180,Family Demo Group 11981,3,FAMILY,True,NORMAL
GR011982,BK011982,J000180,Couple Demo Group 11982,4,COUPLE,True,NORMAL
GR011983,BK011983,J000180,Group Demo Group 11983,4,GROUP,True,NORMAL
GR011984,BK011984,J000180,Family Demo Group 11984,4,FAMILY,True,NORMAL
GR011985,BK011985,J000180,Group Demo Group 11985,1,GROUP,True,NORMAL
GR011986,BK011986,J000180,Couple Demo Group 11986,8,COUPLE,True,HIGH
GR011987,BK011987,J000180,Friends Demo Group 11987,2,FRIENDS,True,NORMAL
GR011988,BK011988,J000180,Couple Demo Group 11988,2,COUPLE,True,NORMAL
GR011989,BK011989,J000180,Group Demo Group 11989,2,GROUP,True,NORMAL
GR011990,BK011990,J000180,Group Demo Group 11990,1,GROUP,True,NORMAL
GR011991,BK011991,J000180,Friends Demo Group 11991,6,FRIENDS,True,HIGH
GR011992,BK011992,J000180,Group Demo Group 11992,7,GROUP,True,HIGH
GR011993,BK011993,J000180,Group Demo Group 11993,1,GROUP,True,NORMAL
GR011994,BK011994,J000180,Couple Demo Group 11994,4,COUPLE,True,NORMAL
GR011995,BK011995,J000180,Friends Demo Group 11995,6,FRIENDS,True,HIGH
GR011996,BK011996,J000180,Group Demo Group 11996,1,GROUP,True,NORMAL
GR011997,BK011997,J000180,Group Demo Group 11997,2,GROUP,True,NORMAL
GR011998,BK011998,J000180,Couple Demo Group 11998,8,COUPLE,True,HIGH
GR011999,BK011999,J000180,Friends Demo Group 11999,2,FRIENDS,True,NORMAL
GR012000,BK012000,J000180,Couple Demo Group 12000,2,COUPLE,True,NORMAL
